plate,ligand_smiles,additive_smiles,base_smiles,aryl_halide_smiles,yield_percent,product_smiles
P2Et,CC(C)C(C=C(C(C)C)C=C1C(C)C)=C1C2=C(P(C3CCCCC3)C4CCCCC4)C=CC=C2,C1(C2=CC=CC=C2)=CC=NO1,CN(C)P(N(C)C)(N(C)C)=NP(N(C)C)(N(C)C)=NCC,ClC1=CC=C(C(F)(F)F)C=C1,10.66,Cc1ccc(Nc2ccc(C(F)(F)F)cc2)cc1
P2Et,CC(C)C(C=C(C(C)C)C=C1C(C)C)=C1C2=C(P(C3CCCCC3)C4CCCCC4)C=CC=C2,C1(C2=CC=CC=C2)=CC=NO1,CN(C)P(N(C)C)(N(C)C)=NP(N(C)C)(N(C)C)=NCC,BrC1=CC=C(C(F)(F)F)C=C1,14.75,Cc1ccc(Nc2ccc(C(F)(F)F)cc2)cc1
P2Et,CC(C)C(C=C(C(C)C)C=C1C(C)C)=C1C2=C(P(C3CCCCC3)C4CCCCC4)C=CC=C2,C1(C2=CC=CC=C2)=CC=NO1,CN(C)P(N(C)C)(N(C)C)=NP(N(C)C)(N(C)C)=NCC,IC1=CC=C(C(F)(F)F)C=C1,18.28,Cc1ccc(Nc2ccc(C(F)(F)F)cc2)cc1
P2Et,CC(C)C(C=C(C(C)C)C=C1C(C)C)=C1C2=C(P(C3CCCCC3)C4CCCCC4)C=CC=C2,C1(C2=CC=CC=C2)=CC=NO1,CN(C)P(N(C)C)(N(C)C)=NP(N(C)C)(N(C)C)=NCC,ClC1=CC=C(OC)C=C1,2.48,COc1ccc(Nc2ccc(C)cc2)cc1
P2Et,CC(C)C(C=C(C(C)C)C=C1C(C)C)=C1C2=C(P(C3CCCCC3)C4CCCCC4)C=CC=C2,C1(C2=CC=CC=C2)=CC=NO1,CN(C)P(N(C)C)(N(C)C)=NP(N(C)C)(N(C)C)=NCC,BrC1=CC=C(OC)C=C1,6.12,COc1ccc(Nc2ccc(C)cc2)cc1
P2Et,CC(C)C(C=C(C(C)C)C=C1C(C)C)=C1C2=C(P(C3CCCCC3)C4CCCCC4)C=CC=C2,C1(C2=CC=CC=C2)=CC=NO1,CN(C)P(N(C)C)(N(C)C)=NP(N(C)C)(N(C)C)=NCC,IC1=CC=C(OC)C=C1,5.45,COc1ccc(Nc2ccc(C)cc2)cc1
P2Et,CC(C)C(C=C(C(C)C)C=C1C(C)C)=C1C2=C(P(C3CCCCC3)C4CCCCC4)C=CC=C2,C1(C2=CC=CC=C2)=CC=NO1,CN(C)P(N(C)C)(N(C)C)=NP(N(C)C)(N(C)C)=NCC,ClC1=CC=C(CC)C=C1,7.8,CCc1ccc(Nc2ccc(C)cc2)cc1
P2Et,CC(C)C(C=C(C(C)C)C=C1C(C)C)=C1C2=C(P(C3CCCCC3)C4CCCCC4)C=CC=C2,C1(C2=CC=CC=C2)=CC=NO1,CN(C)P(N(C)C)(N(C)C)=NP(N(C)C)(N(C)C)=NCC,BrC1=CC=C(CC)C=C1,14.23,CCc1ccc(Nc2ccc(C)cc2)cc1
P2Et,CC(C)C(C=C(C(C)C)C=C1C(C)C)=C1C2=C(P(C3CCCCC3)C4CCCCC4)C=CC=C2,C1(C2=CC=CC=C2)=CC=NO1,CN(C)P(N(C)C)(N(C)C)=NP(N(C)C)(N(C)C)=NCC,IC1=CC=C(CC)C=C1,15.41,CCc1ccc(Nc2ccc(C)cc2)cc1
P2Et,CC(C)C(C=C(C(C)C)C=C1C(C)C)=C1C2=C(P(C3CCCCC3)C4CCCCC4)C=CC=C2,C1(C2=CC=CC=C2)=CC=NO1,CN(C)P(N(C)C)(N(C)C)=NP(N(C)C)(N(C)C)=NCC,ClC1=NC=CC=C1,9.47,Cc1ccc(Nc2ccccn2)cc1
P2Et,CC(C)C(C=C(C(C)C)C=C1C(C)C)=C1C2=C(P(C3CCCCC3)C4CCCCC4)C=CC=C2,C1(C2=CC=CC=C2)=CC=NO1,CN(C)P(N(C)C)(N(C)C)=NP(N(C)C)(N(C)C)=NCC,BrC1=NC=CC=C1,15.24,Cc1ccc(Nc2ccccn2)cc1
P2Et,CC(C)C(C=C(C(C)C)C=C1C(C)C)=C1C2=C(P(C3CCCCC3)C4CCCCC4)C=CC=C2,C1(C2=CC=CC=C2)=CC=NO1,CN(C)P(N(C)C)(N(C)C)=NP(N(C)C)(N(C)C)=NCC,IC1=NC=CC=C1,19.59,Cc1ccc(Nc2ccccn2)cc1
P2Et,CC(C)C(C=C(C(C)C)C=C1C(C)C)=C1C2=C(P(C3CCCCC3)C4CCCCC4)C=CC=C2,C1(C2=CC=CC=C2)=CC=NO1,CN(C)P(N(C)C)(N(C)C)=NP(N(C)C)(N(C)C)=NCC,ClC1=CN=CC=C1,7.79,Cc1ccc(Nc2cccnc2)cc1
P2Et,CC(C)C(C=C(C(C)C)C=C1C(C)C)=C1C2=C(P(C3CCCCC3)C4CCCCC4)C=CC=C2,C1(C2=CC=CC=C2)=CC=NO1,CN(C)P(N(C)C)(N(C)C)=NP(N(C)C)(N(C)C)=NCC,BrC1=CN=CC=C1,9.68,Cc1ccc(Nc2cccnc2)cc1
P2Et,CC(C)C(C=C(C(C)C)C=C1C(C)C)=C1C2=C(P(C3CCCCC3)C4CCCCC4)C=CC=C2,C1(C2=CC=CC=C2)=CC=NO1,CN(C)P(N(C)C)(N(C)C)=NP(N(C)C)(N(C)C)=NCC,IC1=CN=CC=C1,13.18,Cc1ccc(Nc2cccnc2)cc1
BTMG,CC(C)C(C=C(C(C)C)C=C1C(C)C)=C1C2=C(P(C3CCCCC3)C4CCCCC4)C=CC=C2,C1(C2=CC=CC=C2)=CC=NO1,CC(C)(C)/N=C(N(C)C)/N(C)C,ClC1=CC=C(C(F)(F)F)C=C1,14.02,Cc1ccc(Nc2ccc(C(F)(F)F)cc2)cc1
BTMG,CC(C)C(C=C(C(C)C)C=C1C(C)C)=C1C2=C(P(C3CCCCC3)C4CCCCC4)C=CC=C2,C1(C2=CC=CC=C2)=CC=NO1,CC(C)(C)/N=C(N(C)C)/N(C)C,BrC1=CC=C(C(F)(F)F)C=C1,30.59,Cc1ccc(Nc2ccc(C(F)(F)F)cc2)cc1
BTMG,CC(C)C(C=C(C(C)C)C=C1C(C)C)=C1C2=C(P(C3CCCCC3)C4CCCCC4)C=CC=C2,C1(C2=CC=CC=C2)=CC=NO1,CC(C)(C)/N=C(N(C)C)/N(C)C,IC1=CC=C(C(F)(F)F)C=C1,38.16,Cc1ccc(Nc2ccc(C(F)(F)F)cc2)cc1
BTMG,CC(C)C(C=C(C(C)C)C=C1C(C)C)=C1C2=C(P(C3CCCCC3)C4CCCCC4)C=CC=C2,C1(C2=CC=CC=C2)=CC=NO1,CC(C)(C)/N=C(N(C)C)/N(C)C,ClC1=CC=C(OC)C=C1,0.46,COc1ccc(Nc2ccc(C)cc2)cc1
BTMG,CC(C)C(C=C(C(C)C)C=C1C(C)C)=C1C2=C(P(C3CCCCC3)C4CCCCC4)C=CC=C2,C1(C2=CC=CC=C2)=CC=NO1,CC(C)(C)/N=C(N(C)C)/N(C)C,BrC1=CC=C(OC)C=C1,3.87,COc1ccc(Nc2ccc(C)cc2)cc1
BTMG,CC(C)C(C=C(C(C)C)C=C1C(C)C)=C1C2=C(P(C3CCCCC3)C4CCCCC4)C=CC=C2,C1(C2=CC=CC=C2)=CC=NO1,CC(C)(C)/N=C(N(C)C)/N(C)C,IC1=CC=C(OC)C=C1,7.02,COc1ccc(Nc2ccc(C)cc2)cc1
BTMG,CC(C)C(C=C(C(C)C)C=C1C(C)C)=C1C2=C(P(C3CCCCC3)C4CCCCC4)C=CC=C2,C1(C2=CC=CC=C2)=CC=NO1,CC(C)(C)/N=C(N(C)C)/N(C)C,ClC1=CC=C(CC)C=C1,2.85,CCc1ccc(Nc2ccc(C)cc2)cc1
BTMG,CC(C)C(C=C(C(C)C)C=C1C(C)C)=C1C2=C(P(C3CCCCC3)C4CCCCC4)C=CC=C2,C1(C2=CC=CC=C2)=CC=NO1,CC(C)(C)/N=C(N(C)C)/N(C)C,BrC1=CC=C(CC)C=C1,18.87,CCc1ccc(Nc2ccc(C)cc2)cc1
BTMG,CC(C)C(C=C(C(C)C)C=C1C(C)C)=C1C2=C(P(C3CCCCC3)C4CCCCC4)C=CC=C2,C1(C2=CC=CC=C2)=CC=NO1,CC(C)(C)/N=C(N(C)C)/N(C)C,IC1=CC=C(CC)C=C1,25.07,CCc1ccc(Nc2ccc(C)cc2)cc1
BTMG,CC(C)C(C=C(C(C)C)C=C1C(C)C)=C1C2=C(P(C3CCCCC3)C4CCCCC4)C=CC=C2,C1(C2=CC=CC=C2)=CC=NO1,CC(C)(C)/N=C(N(C)C)/N(C)C,ClC1=NC=CC=C1,21.67,Cc1ccc(Nc2ccccn2)cc1
BTMG,CC(C)C(C=C(C(C)C)C=C1C(C)C)=C1C2=C(P(C3CCCCC3)C4CCCCC4)C=CC=C2,C1(C2=CC=CC=C2)=CC=NO1,CC(C)(C)/N=C(N(C)C)/N(C)C,BrC1=NC=CC=C1,48.49,Cc1ccc(Nc2ccccn2)cc1
BTMG,CC(C)C(C=C(C(C)C)C=C1C(C)C)=C1C2=C(P(C3CCCCC3)C4CCCCC4)C=CC=C2,C1(C2=CC=CC=C2)=CC=NO1,CC(C)(C)/N=C(N(C)C)/N(C)C,IC1=NC=CC=C1,58.61,Cc1ccc(Nc2ccccn2)cc1
BTMG,CC(C)C(C=C(C(C)C)C=C1C(C)C)=C1C2=C(P(C3CCCCC3)C4CCCCC4)C=CC=C2,C1(C2=CC=CC=C2)=CC=NO1,CC(C)(C)/N=C(N(C)C)/N(C)C,ClC1=CN=CC=C1,4.17,Cc1ccc(Nc2cccnc2)cc1
BTMG,CC(C)C(C=C(C(C)C)C=C1C(C)C)=C1C2=C(P(C3CCCCC3)C4CCCCC4)C=CC=C2,C1(C2=CC=CC=C2)=CC=NO1,CC(C)(C)/N=C(N(C)C)/N(C)C,BrC1=CN=CC=C1,11.38,Cc1ccc(Nc2cccnc2)cc1
BTMG,CC(C)C(C=C(C(C)C)C=C1C(C)C)=C1C2=C(P(C3CCCCC3)C4CCCCC4)C=CC=C2,C1(C2=CC=CC=C2)=CC=NO1,CC(C)(C)/N=C(N(C)C)/N(C)C,IC1=CN=CC=C1,24.42,Cc1ccc(Nc2cccnc2)cc1
MTBD,CC(C)C(C=C(C(C)C)C=C1C(C)C)=C1C2=C(P(C3CCCCC3)C4CCCCC4)C=CC=C2,C1(C2=CC=CC=C2)=CC=NO1,CN1CCCN2C1=NCCC2,ClC1=CC=C(C(F)(F)F)C=C1,14.97,Cc1ccc(Nc2ccc(C(F)(F)F)cc2)cc1
MTBD,CC(C)C(C=C(C(C)C)C=C1C(C)C)=C1C2=C(P(C3CCCCC3)C4CCCCC4)C=CC=C2,C1(C2=CC=CC=C2)=CC=NO1,CN1CCCN2C1=NCCC2,BrC1=CC=C(C(F)(F)F)C=C1,30.29,Cc1ccc(Nc2ccc(C(F)(F)F)cc2)cc1
MTBD,CC(C)C(C=C(C(C)C)C=C1C(C)C)=C1C2=C(P(C3CCCCC3)C4CCCCC4)C=CC=C2,C1(C2=CC=CC=C2)=CC=NO1,CN1CCCN2C1=NCCC2,IC1=CC=C(C(F)(F)F)C=C1,39.58,Cc1ccc(Nc2ccc(C(F)(F)F)cc2)cc1
MTBD,CC(C)C(C=C(C(C)C)C=C1C(C)C)=C1C2=C(P(C3CCCCC3)C4CCCCC4)C=CC=C2,C1(C2=CC=CC=C2)=CC=NO1,CN1CCCN2C1=NCCC2,ClC1=CC=C(OC)C=C1,0.34,COc1ccc(Nc2ccc(C)cc2)cc1
MTBD,CC(C)C(C=C(C(C)C)C=C1C(C)C)=C1C2=C(P(C3CCCCC3)C4CCCCC4)C=CC=C2,C1(C2=CC=CC=C2)=CC=NO1,CN1CCCN2C1=NCCC2,BrC1=CC=C(OC)C=C1,3.12,COc1ccc(Nc2ccc(C)cc2)cc1
MTBD,CC(C)C(C=C(C(C)C)C=C1C(C)C)=C1C2=C(P(C3CCCCC3)C4CCCCC4)C=CC=C2,C1(C2=CC=CC=C2)=CC=NO1,CN1CCCN2C1=NCCC2,IC1=CC=C(OC)C=C1,5.14,COc1ccc(Nc2ccc(C)cc2)cc1
MTBD,CC(C)C(C=C(C(C)C)C=C1C(C)C)=C1C2=C(P(C3CCCCC3)C4CCCCC4)C=CC=C2,C1(C2=CC=CC=C2)=CC=NO1,CN1CCCN2C1=NCCC2,ClC1=CC=C(CC)C=C1,3.92,CCc1ccc(Nc2ccc(C)cc2)cc1
MTBD,CC(C)C(C=C(C(C)C)C=C1C(C)C)=C1C2=C(P(C3CCCCC3)C4CCCCC4)C=CC=C2,C1(C2=CC=CC=C2)=CC=NO1,CN1CCCN2C1=NCCC2,BrC1=CC=C(CC)C=C1,15.4,CCc1ccc(Nc2ccc(C)cc2)cc1
MTBD,CC(C)C(C=C(C(C)C)C=C1C(C)C)=C1C2=C(P(C3CCCCC3)C4CCCCC4)C=CC=C2,C1(C2=CC=CC=C2)=CC=NO1,CN1CCCN2C1=NCCC2,IC1=CC=C(CC)C=C1,22.45,CCc1ccc(Nc2ccc(C)cc2)cc1
MTBD,CC(C)C(C=C(C(C)C)C=C1C(C)C)=C1C2=C(P(C3CCCCC3)C4CCCCC4)C=CC=C2,C1(C2=CC=CC=C2)=CC=NO1,CN1CCCN2C1=NCCC2,ClC1=NC=CC=C1,23.69,Cc1ccc(Nc2ccccn2)cc1
MTBD,CC(C)C(C=C(C(C)C)C=C1C(C)C)=C1C2=C(P(C3CCCCC3)C4CCCCC4)C=CC=C2,C1(C2=CC=CC=C2)=CC=NO1,CN1CCCN2C1=NCCC2,BrC1=NC=CC=C1,42.69,Cc1ccc(Nc2ccccn2)cc1
MTBD,CC(C)C(C=C(C(C)C)C=C1C(C)C)=C1C2=C(P(C3CCCCC3)C4CCCCC4)C=CC=C2,C1(C2=CC=CC=C2)=CC=NO1,CN1CCCN2C1=NCCC2,IC1=NC=CC=C1,54.83,Cc1ccc(Nc2ccccn2)cc1
MTBD,CC(C)C(C=C(C(C)C)C=C1C(C)C)=C1C2=C(P(C3CCCCC3)C4CCCCC4)C=CC=C2,C1(C2=CC=CC=C2)=CC=NO1,CN1CCCN2C1=NCCC2,ClC1=CN=CC=C1,6.35,Cc1ccc(Nc2cccnc2)cc1
MTBD,CC(C)C(C=C(C(C)C)C=C1C(C)C)=C1C2=C(P(C3CCCCC3)C4CCCCC4)C=CC=C2,C1(C2=CC=CC=C2)=CC=NO1,CN1CCCN2C1=NCCC2,BrC1=CN=CC=C1,14.16,Cc1ccc(Nc2cccnc2)cc1
MTBD,CC(C)C(C=C(C(C)C)C=C1C(C)C)=C1C2=C(P(C3CCCCC3)C4CCCCC4)C=CC=C2,C1(C2=CC=CC=C2)=CC=NO1,CN1CCCN2C1=NCCC2,IC1=CN=CC=C1,17.38,Cc1ccc(Nc2cccnc2)cc1
P2Et,CC(C)C(C=C(C(C)C)C=C1C(C)C)=C1C2=C(P(C3CCCCC3)C4CCCCC4)C=CC=C2,CC1=NOC(C(OCC)=O)=C1,CN(C)P(N(C)C)(N(C)C)=NP(N(C)C)(N(C)C)=NCC,ClC1=CC=C(C(F)(F)F)C=C1,3.61,Cc1ccc(Nc2ccc(C(F)(F)F)cc2)cc1
P2Et,CC(C)C(C=C(C(C)C)C=C1C(C)C)=C1C2=C(P(C3CCCCC3)C4CCCCC4)C=CC=C2,CC1=NOC(C(OCC)=O)=C1,CN(C)P(N(C)C)(N(C)C)=NP(N(C)C)(N(C)C)=NCC,BrC1=CC=C(C(F)(F)F)C=C1,35.08,Cc1ccc(Nc2ccc(C(F)(F)F)cc2)cc1
P2Et,CC(C)C(C=C(C(C)C)C=C1C(C)C)=C1C2=C(P(C3CCCCC3)C4CCCCC4)C=CC=C2,CC1=NOC(C(OCC)=O)=C1,CN(C)P(N(C)C)(N(C)C)=NP(N(C)C)(N(C)C)=NCC,IC1=CC=C(C(F)(F)F)C=C1,43.32,Cc1ccc(Nc2ccc(C(F)(F)F)cc2)cc1
P2Et,CC(C)C(C=C(C(C)C)C=C1C(C)C)=C1C2=C(P(C3CCCCC3)C4CCCCC4)C=CC=C2,CC1=NOC(C(OCC)=O)=C1,CN(C)P(N(C)C)(N(C)C)=NP(N(C)C)(N(C)C)=NCC,ClC1=CC=C(OC)C=C1,0.0,COc1ccc(Nc2ccc(C)cc2)cc1
P2Et,CC(C)C(C=C(C(C)C)C=C1C(C)C)=C1C2=C(P(C3CCCCC3)C4CCCCC4)C=CC=C2,CC1=NOC(C(OCC)=O)=C1,CN(C)P(N(C)C)(N(C)C)=NP(N(C)C)(N(C)C)=NCC,BrC1=CC=C(OC)C=C1,29.3,COc1ccc(Nc2ccc(C)cc2)cc1
P2Et,CC(C)C(C=C(C(C)C)C=C1C(C)C)=C1C2=C(P(C3CCCCC3)C4CCCCC4)C=CC=C2,CC1=NOC(C(OCC)=O)=C1,CN(C)P(N(C)C)(N(C)C)=NP(N(C)C)(N(C)C)=NCC,IC1=CC=C(OC)C=C1,37.57,COc1ccc(Nc2ccc(C)cc2)cc1
P2Et,CC(C)C(C=C(C(C)C)C=C1C(C)C)=C1C2=C(P(C3CCCCC3)C4CCCCC4)C=CC=C2,CC1=NOC(C(OCC)=O)=C1,CN(C)P(N(C)C)(N(C)C)=NP(N(C)C)(N(C)C)=NCC,ClC1=CC=C(CC)C=C1,0.96,CCc1ccc(Nc2ccc(C)cc2)cc1
P2Et,CC(C)C(C=C(C(C)C)C=C1C(C)C)=C1C2=C(P(C3CCCCC3)C4CCCCC4)C=CC=C2,CC1=NOC(C(OCC)=O)=C1,CN(C)P(N(C)C)(N(C)C)=NP(N(C)C)(N(C)C)=NCC,BrC1=CC=C(CC)C=C1,59.02,CCc1ccc(Nc2ccc(C)cc2)cc1
P2Et,CC(C)C(C=C(C(C)C)C=C1C(C)C)=C1C2=C(P(C3CCCCC3)C4CCCCC4)C=CC=C2,CC1=NOC(C(OCC)=O)=C1,CN(C)P(N(C)C)(N(C)C)=NP(N(C)C)(N(C)C)=NCC,IC1=CC=C(CC)C=C1,70.97,CCc1ccc(Nc2ccc(C)cc2)cc1
P2Et,CC(C)C(C=C(C(C)C)C=C1C(C)C)=C1C2=C(P(C3CCCCC3)C4CCCCC4)C=CC=C2,CC1=NOC(C(OCC)=O)=C1,CN(C)P(N(C)C)(N(C)C)=NP(N(C)C)(N(C)C)=NCC,ClC1=NC=CC=C1,35.14,Cc1ccc(Nc2ccccn2)cc1
P2Et,CC(C)C(C=C(C(C)C)C=C1C(C)C)=C1C2=C(P(C3CCCCC3)C4CCCCC4)C=CC=C2,CC1=NOC(C(OCC)=O)=C1,CN(C)P(N(C)C)(N(C)C)=NP(N(C)C)(N(C)C)=NCC,BrC1=NC=CC=C1,37.65,Cc1ccc(Nc2ccccn2)cc1
P2Et,CC(C)C(C=C(C(C)C)C=C1C(C)C)=C1C2=C(P(C3CCCCC3)C4CCCCC4)C=CC=C2,CC1=NOC(C(OCC)=O)=C1,CN(C)P(N(C)C)(N(C)C)=NP(N(C)C)(N(C)C)=NCC,IC1=NC=CC=C1,51.1,Cc1ccc(Nc2ccccn2)cc1
P2Et,CC(C)C(C=C(C(C)C)C=C1C(C)C)=C1C2=C(P(C3CCCCC3)C4CCCCC4)C=CC=C2,CC1=NOC(C(OCC)=O)=C1,CN(C)P(N(C)C)(N(C)C)=NP(N(C)C)(N(C)C)=NCC,ClC1=CN=CC=C1,3.96,Cc1ccc(Nc2cccnc2)cc1
P2Et,CC(C)C(C=C(C(C)C)C=C1C(C)C)=C1C2=C(P(C3CCCCC3)C4CCCCC4)C=CC=C2,CC1=NOC(C(OCC)=O)=C1,CN(C)P(N(C)C)(N(C)C)=NP(N(C)C)(N(C)C)=NCC,BrC1=CN=CC=C1,31.93,Cc1ccc(Nc2cccnc2)cc1
P2Et,CC(C)C(C=C(C(C)C)C=C1C(C)C)=C1C2=C(P(C3CCCCC3)C4CCCCC4)C=CC=C2,CC1=NOC(C(OCC)=O)=C1,CN(C)P(N(C)C)(N(C)C)=NP(N(C)C)(N(C)C)=NCC,IC1=CN=CC=C1,48.71,Cc1ccc(Nc2cccnc2)cc1
BTMG,CC(C)C(C=C(C(C)C)C=C1C(C)C)=C1C2=C(P(C3CCCCC3)C4CCCCC4)C=CC=C2,CC1=NOC(C(OCC)=O)=C1,CC(C)(C)/N=C(N(C)C)/N(C)C,ClC1=CC=C(C(F)(F)F)C=C1,5.01,Cc1ccc(Nc2ccc(C(F)(F)F)cc2)cc1
BTMG,CC(C)C(C=C(C(C)C)C=C1C(C)C)=C1C2=C(P(C3CCCCC3)C4CCCCC4)C=CC=C2,CC1=NOC(C(OCC)=O)=C1,CC(C)(C)/N=C(N(C)C)/N(C)C,BrC1=CC=C(C(F)(F)F)C=C1,35.09,Cc1ccc(Nc2ccc(C(F)(F)F)cc2)cc1
BTMG,CC(C)C(C=C(C(C)C)C=C1C(C)C)=C1C2=C(P(C3CCCCC3)C4CCCCC4)C=CC=C2,CC1=NOC(C(OCC)=O)=C1,CC(C)(C)/N=C(N(C)C)/N(C)C,IC1=CC=C(C(F)(F)F)C=C1,41.25,Cc1ccc(Nc2ccc(C(F)(F)F)cc2)cc1
BTMG,CC(C)C(C=C(C(C)C)C=C1C(C)C)=C1C2=C(P(C3CCCCC3)C4CCCCC4)C=CC=C2,CC1=NOC(C(OCC)=O)=C1,CC(C)(C)/N=C(N(C)C)/N(C)C,ClC1=CC=C(OC)C=C1,0.0,COc1ccc(Nc2ccc(C)cc2)cc1
BTMG,CC(C)C(C=C(C(C)C)C=C1C(C)C)=C1C2=C(P(C3CCCCC3)C4CCCCC4)C=CC=C2,CC1=NOC(C(OCC)=O)=C1,CC(C)(C)/N=C(N(C)C)/N(C)C,BrC1=CC=C(OC)C=C1,13.98,COc1ccc(Nc2ccc(C)cc2)cc1
BTMG,CC(C)C(C=C(C(C)C)C=C1C(C)C)=C1C2=C(P(C3CCCCC3)C4CCCCC4)C=CC=C2,CC1=NOC(C(OCC)=O)=C1,CC(C)(C)/N=C(N(C)C)/N(C)C,IC1=CC=C(OC)C=C1,18.9,COc1ccc(Nc2ccc(C)cc2)cc1
BTMG,CC(C)C(C=C(C(C)C)C=C1C(C)C)=C1C2=C(P(C3CCCCC3)C4CCCCC4)C=CC=C2,CC1=NOC(C(OCC)=O)=C1,CC(C)(C)/N=C(N(C)C)/N(C)C,ClC1=CC=C(CC)C=C1,0.71,CCc1ccc(Nc2ccc(C)cc2)cc1
BTMG,CC(C)C(C=C(C(C)C)C=C1C(C)C)=C1C2=C(P(C3CCCCC3)C4CCCCC4)C=CC=C2,CC1=NOC(C(OCC)=O)=C1,CC(C)(C)/N=C(N(C)C)/N(C)C,BrC1=CC=C(CC)C=C1,32.63,CCc1ccc(Nc2ccc(C)cc2)cc1
BTMG,CC(C)C(C=C(C(C)C)C=C1C(C)C)=C1C2=C(P(C3CCCCC3)C4CCCCC4)C=CC=C2,CC1=NOC(C(OCC)=O)=C1,CC(C)(C)/N=C(N(C)C)/N(C)C,IC1=CC=C(CC)C=C1,31.82,CCc1ccc(Nc2ccc(C)cc2)cc1
BTMG,CC(C)C(C=C(C(C)C)C=C1C(C)C)=C1C2=C(P(C3CCCCC3)C4CCCCC4)C=CC=C2,CC1=NOC(C(OCC)=O)=C1,CC(C)(C)/N=C(N(C)C)/N(C)C,ClC1=NC=CC=C1,30.43,Cc1ccc(Nc2ccccn2)cc1
BTMG,CC(C)C(C=C(C(C)C)C=C1C(C)C)=C1C2=C(P(C3CCCCC3)C4CCCCC4)C=CC=C2,CC1=NOC(C(OCC)=O)=C1,CC(C)(C)/N=C(N(C)C)/N(C)C,BrC1=NC=CC=C1,53.64,Cc1ccc(Nc2ccccn2)cc1
BTMG,CC(C)C(C=C(C(C)C)C=C1C(C)C)=C1C2=C(P(C3CCCCC3)C4CCCCC4)C=CC=C2,CC1=NOC(C(OCC)=O)=C1,CC(C)(C)/N=C(N(C)C)/N(C)C,IC1=NC=CC=C1,59.48,Cc1ccc(Nc2ccccn2)cc1
BTMG,CC(C)C(C=C(C(C)C)C=C1C(C)C)=C1C2=C(P(C3CCCCC3)C4CCCCC4)C=CC=C2,CC1=NOC(C(OCC)=O)=C1,CC(C)(C)/N=C(N(C)C)/N(C)C,ClC1=CN=CC=C1,2.01,Cc1ccc(Nc2cccnc2)cc1
BTMG,CC(C)C(C=C(C(C)C)C=C1C(C)C)=C1C2=C(P(C3CCCCC3)C4CCCCC4)C=CC=C2,CC1=NOC(C(OCC)=O)=C1,CC(C)(C)/N=C(N(C)C)/N(C)C,BrC1=CN=CC=C1,26.51,Cc1ccc(Nc2cccnc2)cc1
BTMG,CC(C)C(C=C(C(C)C)C=C1C(C)C)=C1C2=C(P(C3CCCCC3)C4CCCCC4)C=CC=C2,CC1=NOC(C(OCC)=O)=C1,CC(C)(C)/N=C(N(C)C)/N(C)C,IC1=CN=CC=C1,36.85,Cc1ccc(Nc2cccnc2)cc1
MTBD,CC(C)C(C=C(C(C)C)C=C1C(C)C)=C1C2=C(P(C3CCCCC3)C4CCCCC4)C=CC=C2,CC1=NOC(C(OCC)=O)=C1,CN1CCCN2C1=NCCC2,ClC1=CC=C(C(F)(F)F)C=C1,4.82,Cc1ccc(Nc2ccc(C(F)(F)F)cc2)cc1
MTBD,CC(C)C(C=C(C(C)C)C=C1C(C)C)=C1C2=C(P(C3CCCCC3)C4CCCCC4)C=CC=C2,CC1=NOC(C(OCC)=O)=C1,CN1CCCN2C1=NCCC2,BrC1=CC=C(C(F)(F)F)C=C1,34.81,Cc1ccc(Nc2ccc(C(F)(F)F)cc2)cc1
MTBD,CC(C)C(C=C(C(C)C)C=C1C(C)C)=C1C2=C(P(C3CCCCC3)C4CCCCC4)C=CC=C2,CC1=NOC(C(OCC)=O)=C1,CN1CCCN2C1=NCCC2,IC1=CC=C(C(F)(F)F)C=C1,46.63,Cc1ccc(Nc2ccc(C(F)(F)F)cc2)cc1
MTBD,CC(C)C(C=C(C(C)C)C=C1C(C)C)=C1C2=C(P(C3CCCCC3)C4CCCCC4)C=CC=C2,CC1=NOC(C(OCC)=O)=C1,CN1CCCN2C1=NCCC2,ClC1=CC=C(OC)C=C1,0.0,COc1ccc(Nc2ccc(C)cc2)cc1
MTBD,CC(C)C(C=C(C(C)C)C=C1C(C)C)=C1C2=C(P(C3CCCCC3)C4CCCCC4)C=CC=C2,CC1=NOC(C(OCC)=O)=C1,CN1CCCN2C1=NCCC2,BrC1=CC=C(OC)C=C1,11.74,COc1ccc(Nc2ccc(C)cc2)cc1
MTBD,CC(C)C(C=C(C(C)C)C=C1C(C)C)=C1C2=C(P(C3CCCCC3)C4CCCCC4)C=CC=C2,CC1=NOC(C(OCC)=O)=C1,CN1CCCN2C1=NCCC2,IC1=CC=C(OC)C=C1,26.65,COc1ccc(Nc2ccc(C)cc2)cc1
MTBD,CC(C)C(C=C(C(C)C)C=C1C(C)C)=C1C2=C(P(C3CCCCC3)C4CCCCC4)C=CC=C2,CC1=NOC(C(OCC)=O)=C1,CN1CCCN2C1=NCCC2,ClC1=CC=C(CC)C=C1,0.55,CCc1ccc(Nc2ccc(C)cc2)cc1
MTBD,CC(C)C(C=C(C(C)C)C=C1C(C)C)=C1C2=C(P(C3CCCCC3)C4CCCCC4)C=CC=C2,CC1=NOC(C(OCC)=O)=C1,CN1CCCN2C1=NCCC2,BrC1=CC=C(CC)C=C1,35.87,CCc1ccc(Nc2ccc(C)cc2)cc1
MTBD,CC(C)C(C=C(C(C)C)C=C1C(C)C)=C1C2=C(P(C3CCCCC3)C4CCCCC4)C=CC=C2,CC1=NOC(C(OCC)=O)=C1,CN1CCCN2C1=NCCC2,IC1=CC=C(CC)C=C1,68.84,CCc1ccc(Nc2ccc(C)cc2)cc1
MTBD,CC(C)C(C=C(C(C)C)C=C1C(C)C)=C1C2=C(P(C3CCCCC3)C4CCCCC4)C=CC=C2,CC1=NOC(C(OCC)=O)=C1,CN1CCCN2C1=NCCC2,ClC1=NC=CC=C1,33.88,Cc1ccc(Nc2ccccn2)cc1
MTBD,CC(C)C(C=C(C(C)C)C=C1C(C)C)=C1C2=C(P(C3CCCCC3)C4CCCCC4)C=CC=C2,CC1=NOC(C(OCC)=O)=C1,CN1CCCN2C1=NCCC2,BrC1=NC=CC=C1,63.07,Cc1ccc(Nc2ccccn2)cc1
MTBD,CC(C)C(C=C(C(C)C)C=C1C(C)C)=C1C2=C(P(C3CCCCC3)C4CCCCC4)C=CC=C2,CC1=NOC(C(OCC)=O)=C1,CN1CCCN2C1=NCCC2,IC1=NC=CC=C1,70.63,Cc1ccc(Nc2ccccn2)cc1
MTBD,CC(C)C(C=C(C(C)C)C=C1C(C)C)=C1C2=C(P(C3CCCCC3)C4CCCCC4)C=CC=C2,CC1=NOC(C(OCC)=O)=C1,CN1CCCN2C1=NCCC2,ClC1=CN=CC=C1,2.48,Cc1ccc(Nc2cccnc2)cc1
MTBD,CC(C)C(C=C(C(C)C)C=C1C(C)C)=C1C2=C(P(C3CCCCC3)C4CCCCC4)C=CC=C2,CC1=NOC(C(OCC)=O)=C1,CN1CCCN2C1=NCCC2,BrC1=CN=CC=C1,31.68,Cc1ccc(Nc2cccnc2)cc1
MTBD,CC(C)C(C=C(C(C)C)C=C1C(C)C)=C1C2=C(P(C3CCCCC3)C4CCCCC4)C=CC=C2,CC1=NOC(C(OCC)=O)=C1,CN1CCCN2C1=NCCC2,IC1=CN=CC=C1,46.01,Cc1ccc(Nc2cccnc2)cc1
P2Et,CC(C)C(C=C(C(C)C)C=C1C(C)C)=C1C2=C(P(C3CCCCC3)C4CCCCC4)C=CC=C2,CC1=CC(C(OCC)=O)=NO1,CN(C)P(N(C)C)(N(C)C)=NP(N(C)C)(N(C)C)=NCC,ClC1=CC=C(C(F)(F)F)C=C1,22.17,Cc1ccc(Nc2ccc(C(F)(F)F)cc2)cc1
P2Et,CC(C)C(C=C(C(C)C)C=C1C(C)C)=C1C2=C(P(C3CCCCC3)C4CCCCC4)C=CC=C2,CC1=CC(C(OCC)=O)=NO1,CN(C)P(N(C)C)(N(C)C)=NP(N(C)C)(N(C)C)=NCC,BrC1=CC=C(C(F)(F)F)C=C1,23.21,Cc1ccc(Nc2ccc(C(F)(F)F)cc2)cc1
P2Et,CC(C)C(C=C(C(C)C)C=C1C(C)C)=C1C2=C(P(C3CCCCC3)C4CCCCC4)C=CC=C2,CC1=CC(C(OCC)=O)=NO1,CN(C)P(N(C)C)(N(C)C)=NP(N(C)C)(N(C)C)=NCC,IC1=CC=C(C(F)(F)F)C=C1,34.75,Cc1ccc(Nc2ccc(C(F)(F)F)cc2)cc1
P2Et,CC(C)C(C=C(C(C)C)C=C1C(C)C)=C1C2=C(P(C3CCCCC3)C4CCCCC4)C=CC=C2,CC1=CC(C(OCC)=O)=NO1,CN(C)P(N(C)C)(N(C)C)=NP(N(C)C)(N(C)C)=NCC,ClC1=CC=C(OC)C=C1,0.95,COc1ccc(Nc2ccc(C)cc2)cc1
P2Et,CC(C)C(C=C(C(C)C)C=C1C(C)C)=C1C2=C(P(C3CCCCC3)C4CCCCC4)C=CC=C2,CC1=CC(C(OCC)=O)=NO1,CN(C)P(N(C)C)(N(C)C)=NP(N(C)C)(N(C)C)=NCC,BrC1=CC=C(OC)C=C1,16.65,COc1ccc(Nc2ccc(C)cc2)cc1
P2Et,CC(C)C(C=C(C(C)C)C=C1C(C)C)=C1C2=C(P(C3CCCCC3)C4CCCCC4)C=CC=C2,CC1=CC(C(OCC)=O)=NO1,CN(C)P(N(C)C)(N(C)C)=NP(N(C)C)(N(C)C)=NCC,IC1=CC=C(OC)C=C1,20.0,COc1ccc(Nc2ccc(C)cc2)cc1
P2Et,CC(C)C(C=C(C(C)C)C=C1C(C)C)=C1C2=C(P(C3CCCCC3)C4CCCCC4)C=CC=C2,CC1=CC(C(OCC)=O)=NO1,CN(C)P(N(C)C)(N(C)C)=NP(N(C)C)(N(C)C)=NCC,ClC1=CC=C(CC)C=C1,4.99,CCc1ccc(Nc2ccc(C)cc2)cc1
P2Et,CC(C)C(C=C(C(C)C)C=C1C(C)C)=C1C2=C(P(C3CCCCC3)C4CCCCC4)C=CC=C2,CC1=CC(C(OCC)=O)=NO1,CN(C)P(N(C)C)(N(C)C)=NP(N(C)C)(N(C)C)=NCC,BrC1=CC=C(CC)C=C1,54.0,CCc1ccc(Nc2ccc(C)cc2)cc1
P2Et,CC(C)C(C=C(C(C)C)C=C1C(C)C)=C1C2=C(P(C3CCCCC3)C4CCCCC4)C=CC=C2,CC1=CC(C(OCC)=O)=NO1,CN(C)P(N(C)C)(N(C)C)=NP(N(C)C)(N(C)C)=NCC,IC1=CC=C(CC)C=C1,57.38,CCc1ccc(Nc2ccc(C)cc2)cc1
P2Et,CC(C)C(C=C(C(C)C)C=C1C(C)C)=C1C2=C(P(C3CCCCC3)C4CCCCC4)C=CC=C2,CC1=CC(C(OCC)=O)=NO1,CN(C)P(N(C)C)(N(C)C)=NP(N(C)C)(N(C)C)=NCC,ClC1=NC=CC=C1,22.61,Cc1ccc(Nc2ccccn2)cc1
P2Et,CC(C)C(C=C(C(C)C)C=C1C(C)C)=C1C2=C(P(C3CCCCC3)C4CCCCC4)C=CC=C2,CC1=CC(C(OCC)=O)=NO1,CN(C)P(N(C)C)(N(C)C)=NP(N(C)C)(N(C)C)=NCC,BrC1=NC=CC=C1,28.75,Cc1ccc(Nc2ccccn2)cc1
P2Et,CC(C)C(C=C(C(C)C)C=C1C(C)C)=C1C2=C(P(C3CCCCC3)C4CCCCC4)C=CC=C2,CC1=CC(C(OCC)=O)=NO1,CN(C)P(N(C)C)(N(C)C)=NP(N(C)C)(N(C)C)=NCC,IC1=NC=CC=C1,26.99,Cc1ccc(Nc2ccccn2)cc1
P2Et,CC(C)C(C=C(C(C)C)C=C1C(C)C)=C1C2=C(P(C3CCCCC3)C4CCCCC4)C=CC=C2,CC1=CC(C(OCC)=O)=NO1,CN(C)P(N(C)C)(N(C)C)=NP(N(C)C)(N(C)C)=NCC,ClC1=CN=CC=C1,20.86,Cc1ccc(Nc2cccnc2)cc1
P2Et,CC(C)C(C=C(C(C)C)C=C1C(C)C)=C1C2=C(P(C3CCCCC3)C4CCCCC4)C=CC=C2,CC1=CC(C(OCC)=O)=NO1,CN(C)P(N(C)C)(N(C)C)=NP(N(C)C)(N(C)C)=NCC,BrC1=CN=CC=C1,20.73,Cc1ccc(Nc2cccnc2)cc1
P2Et,CC(C)C(C=C(C(C)C)C=C1C(C)C)=C1C2=C(P(C3CCCCC3)C4CCCCC4)C=CC=C2,CC1=CC(C(OCC)=O)=NO1,CN(C)P(N(C)C)(N(C)C)=NP(N(C)C)(N(C)C)=NCC,IC1=CN=CC=C1,30.87,Cc1ccc(Nc2cccnc2)cc1
BTMG,CC(C)C(C=C(C(C)C)C=C1C(C)C)=C1C2=C(P(C3CCCCC3)C4CCCCC4)C=CC=C2,CC1=CC(C(OCC)=O)=NO1,CC(C)(C)/N=C(N(C)C)/N(C)C,ClC1=CC=C(C(F)(F)F)C=C1,20.36,Cc1ccc(Nc2ccc(C(F)(F)F)cc2)cc1
BTMG,CC(C)C(C=C(C(C)C)C=C1C(C)C)=C1C2=C(P(C3CCCCC3)C4CCCCC4)C=CC=C2,CC1=CC(C(OCC)=O)=NO1,CC(C)(C)/N=C(N(C)C)/N(C)C,BrC1=CC=C(C(F)(F)F)C=C1,38.92,Cc1ccc(Nc2ccc(C(F)(F)F)cc2)cc1
BTMG,CC(C)C(C=C(C(C)C)C=C1C(C)C)=C1C2=C(P(C3CCCCC3)C4CCCCC4)C=CC=C2,CC1=CC(C(OCC)=O)=NO1,CC(C)(C)/N=C(N(C)C)/N(C)C,IC1=CC=C(C(F)(F)F)C=C1,41.7,Cc1ccc(Nc2ccc(C(F)(F)F)cc2)cc1
BTMG,CC(C)C(C=C(C(C)C)C=C1C(C)C)=C1C2=C(P(C3CCCCC3)C4CCCCC4)C=CC=C2,CC1=CC(C(OCC)=O)=NO1,CC(C)(C)/N=C(N(C)C)/N(C)C,ClC1=CC=C(OC)C=C1,0.94,COc1ccc(Nc2ccc(C)cc2)cc1
BTMG,CC(C)C(C=C(C(C)C)C=C1C(C)C)=C1C2=C(P(C3CCCCC3)C4CCCCC4)C=CC=C2,CC1=CC(C(OCC)=O)=NO1,CC(C)(C)/N=C(N(C)C)/N(C)C,BrC1=CC=C(OC)C=C1,14.9,COc1ccc(Nc2ccc(C)cc2)cc1
BTMG,CC(C)C(C=C(C(C)C)C=C1C(C)C)=C1C2=C(P(C3CCCCC3)C4CCCCC4)C=CC=C2,CC1=CC(C(OCC)=O)=NO1,CC(C)(C)/N=C(N(C)C)/N(C)C,IC1=CC=C(OC)C=C1,19.6,COc1ccc(Nc2ccc(C)cc2)cc1
BTMG,CC(C)C(C=C(C(C)C)C=C1C(C)C)=C1C2=C(P(C3CCCCC3)C4CCCCC4)C=CC=C2,CC1=CC(C(OCC)=O)=NO1,CC(C)(C)/N=C(N(C)C)/N(C)C,ClC1=CC=C(CC)C=C1,4.18,CCc1ccc(Nc2ccc(C)cc2)cc1
BTMG,CC(C)C(C=C(C(C)C)C=C1C(C)C)=C1C2=C(P(C3CCCCC3)C4CCCCC4)C=CC=C2,CC1=CC(C(OCC)=O)=NO1,CC(C)(C)/N=C(N(C)C)/N(C)C,BrC1=CC=C(CC)C=C1,39.01,CCc1ccc(Nc2ccc(C)cc2)cc1
BTMG,CC(C)C(C=C(C(C)C)C=C1C(C)C)=C1C2=C(P(C3CCCCC3)C4CCCCC4)C=CC=C2,CC1=CC(C(OCC)=O)=NO1,CC(C)(C)/N=C(N(C)C)/N(C)C,IC1=CC=C(CC)C=C1,37.17,CCc1ccc(Nc2ccc(C)cc2)cc1
BTMG,CC(C)C(C=C(C(C)C)C=C1C(C)C)=C1C2=C(P(C3CCCCC3)C4CCCCC4)C=CC=C2,CC1=CC(C(OCC)=O)=NO1,CC(C)(C)/N=C(N(C)C)/N(C)C,ClC1=NC=CC=C1,31.62,Cc1ccc(Nc2ccccn2)cc1
BTMG,CC(C)C(C=C(C(C)C)C=C1C(C)C)=C1C2=C(P(C3CCCCC3)C4CCCCC4)C=CC=C2,CC1=CC(C(OCC)=O)=NO1,CC(C)(C)/N=C(N(C)C)/N(C)C,BrC1=NC=CC=C1,51.22,Cc1ccc(Nc2ccccn2)cc1
BTMG,CC(C)C(C=C(C(C)C)C=C1C(C)C)=C1C2=C(P(C3CCCCC3)C4CCCCC4)C=CC=C2,CC1=CC(C(OCC)=O)=NO1,CC(C)(C)/N=C(N(C)C)/N(C)C,IC1=NC=CC=C1,57.55,Cc1ccc(Nc2ccccn2)cc1
BTMG,CC(C)C(C=C(C(C)C)C=C1C(C)C)=C1C2=C(P(C3CCCCC3)C4CCCCC4)C=CC=C2,CC1=CC(C(OCC)=O)=NO1,CC(C)(C)/N=C(N(C)C)/N(C)C,ClC1=CN=CC=C1,16.17,Cc1ccc(Nc2cccnc2)cc1
BTMG,CC(C)C(C=C(C(C)C)C=C1C(C)C)=C1C2=C(P(C3CCCCC3)C4CCCCC4)C=CC=C2,CC1=CC(C(OCC)=O)=NO1,CC(C)(C)/N=C(N(C)C)/N(C)C,BrC1=CN=CC=C1,26.59,Cc1ccc(Nc2cccnc2)cc1
BTMG,CC(C)C(C=C(C(C)C)C=C1C(C)C)=C1C2=C(P(C3CCCCC3)C4CCCCC4)C=CC=C2,CC1=CC(C(OCC)=O)=NO1,CC(C)(C)/N=C(N(C)C)/N(C)C,IC1=CN=CC=C1,40.41,Cc1ccc(Nc2cccnc2)cc1
MTBD,CC(C)C(C=C(C(C)C)C=C1C(C)C)=C1C2=C(P(C3CCCCC3)C4CCCCC4)C=CC=C2,CC1=CC(C(OCC)=O)=NO1,CN1CCCN2C1=NCCC2,ClC1=CC=C(C(F)(F)F)C=C1,16.97,Cc1ccc(Nc2ccc(C(F)(F)F)cc2)cc1
MTBD,CC(C)C(C=C(C(C)C)C=C1C(C)C)=C1C2=C(P(C3CCCCC3)C4CCCCC4)C=CC=C2,CC1=CC(C(OCC)=O)=NO1,CN1CCCN2C1=NCCC2,BrC1=CC=C(C(F)(F)F)C=C1,34.38,Cc1ccc(Nc2ccc(C(F)(F)F)cc2)cc1
MTBD,CC(C)C(C=C(C(C)C)C=C1C(C)C)=C1C2=C(P(C3CCCCC3)C4CCCCC4)C=CC=C2,CC1=CC(C(OCC)=O)=NO1,CN1CCCN2C1=NCCC2,IC1=CC=C(C(F)(F)F)C=C1,43.58,Cc1ccc(Nc2ccc(C(F)(F)F)cc2)cc1
MTBD,CC(C)C(C=C(C(C)C)C=C1C(C)C)=C1C2=C(P(C3CCCCC3)C4CCCCC4)C=CC=C2,CC1=CC(C(OCC)=O)=NO1,CN1CCCN2C1=NCCC2,ClC1=CC=C(OC)C=C1,0.83,COc1ccc(Nc2ccc(C)cc2)cc1
MTBD,CC(C)C(C=C(C(C)C)C=C1C(C)C)=C1C2=C(P(C3CCCCC3)C4CCCCC4)C=CC=C2,CC1=CC(C(OCC)=O)=NO1,CN1CCCN2C1=NCCC2,BrC1=CC=C(OC)C=C1,13.34,COc1ccc(Nc2ccc(C)cc2)cc1
MTBD,CC(C)C(C=C(C(C)C)C=C1C(C)C)=C1C2=C(P(C3CCCCC3)C4CCCCC4)C=CC=C2,CC1=CC(C(OCC)=O)=NO1,CN1CCCN2C1=NCCC2,IC1=CC=C(OC)C=C1,26.96,COc1ccc(Nc2ccc(C)cc2)cc1
MTBD,CC(C)C(C=C(C(C)C)C=C1C(C)C)=C1C2=C(P(C3CCCCC3)C4CCCCC4)C=CC=C2,CC1=CC(C(OCC)=O)=NO1,CN1CCCN2C1=NCCC2,ClC1=CC=C(CC)C=C1,4.21,CCc1ccc(Nc2ccc(C)cc2)cc1
MTBD,CC(C)C(C=C(C(C)C)C=C1C(C)C)=C1C2=C(P(C3CCCCC3)C4CCCCC4)C=CC=C2,CC1=CC(C(OCC)=O)=NO1,CN1CCCN2C1=NCCC2,BrC1=CC=C(CC)C=C1,39.8,CCc1ccc(Nc2ccc(C)cc2)cc1
MTBD,CC(C)C(C=C(C(C)C)C=C1C(C)C)=C1C2=C(P(C3CCCCC3)C4CCCCC4)C=CC=C2,CC1=CC(C(OCC)=O)=NO1,CN1CCCN2C1=NCCC2,IC1=CC=C(CC)C=C1,66.76,CCc1ccc(Nc2ccc(C)cc2)cc1
MTBD,CC(C)C(C=C(C(C)C)C=C1C(C)C)=C1C2=C(P(C3CCCCC3)C4CCCCC4)C=CC=C2,CC1=CC(C(OCC)=O)=NO1,CN1CCCN2C1=NCCC2,ClC1=NC=CC=C1,38.14,Cc1ccc(Nc2ccccn2)cc1
MTBD,CC(C)C(C=C(C(C)C)C=C1C(C)C)=C1C2=C(P(C3CCCCC3)C4CCCCC4)C=CC=C2,CC1=CC(C(OCC)=O)=NO1,CN1CCCN2C1=NCCC2,BrC1=NC=CC=C1,56.52,Cc1ccc(Nc2ccccn2)cc1
MTBD,CC(C)C(C=C(C(C)C)C=C1C(C)C)=C1C2=C(P(C3CCCCC3)C4CCCCC4)C=CC=C2,CC1=CC(C(OCC)=O)=NO1,CN1CCCN2C1=NCCC2,IC1=NC=CC=C1,67.97,Cc1ccc(Nc2ccccn2)cc1
MTBD,CC(C)C(C=C(C(C)C)C=C1C(C)C)=C1C2=C(P(C3CCCCC3)C4CCCCC4)C=CC=C2,CC1=CC(C(OCC)=O)=NO1,CN1CCCN2C1=NCCC2,ClC1=CN=CC=C1,13.29,Cc1ccc(Nc2cccnc2)cc1
MTBD,CC(C)C(C=C(C(C)C)C=C1C(C)C)=C1C2=C(P(C3CCCCC3)C4CCCCC4)C=CC=C2,CC1=CC(C(OCC)=O)=NO1,CN1CCCN2C1=NCCC2,BrC1=CN=CC=C1,32.52,Cc1ccc(Nc2cccnc2)cc1
MTBD,CC(C)C(C=C(C(C)C)C=C1C(C)C)=C1C2=C(P(C3CCCCC3)C4CCCCC4)C=CC=C2,CC1=CC(C(OCC)=O)=NO1,CN1CCCN2C1=NCCC2,IC1=CN=CC=C1,47.33,Cc1ccc(Nc2cccnc2)cc1
P2Et,CC(C)C(C=C(C(C)C)C=C1C(C)C)=C1C2=C(P(C(C)(C)C)C(C)(C)C)C=CC=C2,C1(C2=CC=CC=C2)=CC=NO1,CN(C)P(N(C)C)(N(C)C)=NP(N(C)C)(N(C)C)=NCC,ClC1=CC=C(C(F)(F)F)C=C1,15.42,Cc1ccc(Nc2ccc(C(F)(F)F)cc2)cc1
P2Et,CC(C)C(C=C(C(C)C)C=C1C(C)C)=C1C2=C(P(C(C)(C)C)C(C)(C)C)C=CC=C2,C1(C2=CC=CC=C2)=CC=NO1,CN(C)P(N(C)C)(N(C)C)=NP(N(C)C)(N(C)C)=NCC,BrC1=CC=C(C(F)(F)F)C=C1,18.97,Cc1ccc(Nc2ccc(C(F)(F)F)cc2)cc1
P2Et,CC(C)C(C=C(C(C)C)C=C1C(C)C)=C1C2=C(P(C(C)(C)C)C(C)(C)C)C=CC=C2,C1(C2=CC=CC=C2)=CC=NO1,CN(C)P(N(C)C)(N(C)C)=NP(N(C)C)(N(C)C)=NCC,IC1=CC=C(C(F)(F)F)C=C1,16.82,Cc1ccc(Nc2ccc(C(F)(F)F)cc2)cc1
P2Et,CC(C)C(C=C(C(C)C)C=C1C(C)C)=C1C2=C(P(C(C)(C)C)C(C)(C)C)C=CC=C2,C1(C2=CC=CC=C2)=CC=NO1,CN(C)P(N(C)C)(N(C)C)=NP(N(C)C)(N(C)C)=NCC,ClC1=CC=C(OC)C=C1,2.66,COc1ccc(Nc2ccc(C)cc2)cc1
P2Et,CC(C)C(C=C(C(C)C)C=C1C(C)C)=C1C2=C(P(C(C)(C)C)C(C)(C)C)C=CC=C2,C1(C2=CC=CC=C2)=CC=NO1,CN(C)P(N(C)C)(N(C)C)=NP(N(C)C)(N(C)C)=NCC,BrC1=CC=C(OC)C=C1,16.05,COc1ccc(Nc2ccc(C)cc2)cc1
P2Et,CC(C)C(C=C(C(C)C)C=C1C(C)C)=C1C2=C(P(C(C)(C)C)C(C)(C)C)C=CC=C2,C1(C2=CC=CC=C2)=CC=NO1,CN(C)P(N(C)C)(N(C)C)=NP(N(C)C)(N(C)C)=NCC,IC1=CC=C(OC)C=C1,21.98,COc1ccc(Nc2ccc(C)cc2)cc1
P2Et,CC(C)C(C=C(C(C)C)C=C1C(C)C)=C1C2=C(P(C(C)(C)C)C(C)(C)C)C=CC=C2,C1(C2=CC=CC=C2)=CC=NO1,CN(C)P(N(C)C)(N(C)C)=NP(N(C)C)(N(C)C)=NCC,ClC1=CC=C(CC)C=C1,7.64,CCc1ccc(Nc2ccc(C)cc2)cc1
P2Et,CC(C)C(C=C(C(C)C)C=C1C(C)C)=C1C2=C(P(C(C)(C)C)C(C)(C)C)C=CC=C2,C1(C2=CC=CC=C2)=CC=NO1,CN(C)P(N(C)C)(N(C)C)=NP(N(C)C)(N(C)C)=NCC,BrC1=CC=C(CC)C=C1,28.39,CCc1ccc(Nc2ccc(C)cc2)cc1
P2Et,CC(C)C(C=C(C(C)C)C=C1C(C)C)=C1C2=C(P(C(C)(C)C)C(C)(C)C)C=CC=C2,C1(C2=CC=CC=C2)=CC=NO1,CN(C)P(N(C)C)(N(C)C)=NP(N(C)C)(N(C)C)=NCC,IC1=CC=C(CC)C=C1,26.67,CCc1ccc(Nc2ccc(C)cc2)cc1
P2Et,CC(C)C(C=C(C(C)C)C=C1C(C)C)=C1C2=C(P(C(C)(C)C)C(C)(C)C)C=CC=C2,C1(C2=CC=CC=C2)=CC=NO1,CN(C)P(N(C)C)(N(C)C)=NP(N(C)C)(N(C)C)=NCC,ClC1=NC=CC=C1,29.98,Cc1ccc(Nc2ccccn2)cc1
P2Et,CC(C)C(C=C(C(C)C)C=C1C(C)C)=C1C2=C(P(C(C)(C)C)C(C)(C)C)C=CC=C2,C1(C2=CC=CC=C2)=CC=NO1,CN(C)P(N(C)C)(N(C)C)=NP(N(C)C)(N(C)C)=NCC,BrC1=NC=CC=C1,36.31,Cc1ccc(Nc2ccccn2)cc1
P2Et,CC(C)C(C=C(C(C)C)C=C1C(C)C)=C1C2=C(P(C(C)(C)C)C(C)(C)C)C=CC=C2,C1(C2=CC=CC=C2)=CC=NO1,CN(C)P(N(C)C)(N(C)C)=NP(N(C)C)(N(C)C)=NCC,IC1=NC=CC=C1,36.59,Cc1ccc(Nc2ccccn2)cc1
P2Et,CC(C)C(C=C(C(C)C)C=C1C(C)C)=C1C2=C(P(C(C)(C)C)C(C)(C)C)C=CC=C2,C1(C2=CC=CC=C2)=CC=NO1,CN(C)P(N(C)C)(N(C)C)=NP(N(C)C)(N(C)C)=NCC,ClC1=CN=CC=C1,10.54,Cc1ccc(Nc2cccnc2)cc1
P2Et,CC(C)C(C=C(C(C)C)C=C1C(C)C)=C1C2=C(P(C(C)(C)C)C(C)(C)C)C=CC=C2,C1(C2=CC=CC=C2)=CC=NO1,CN(C)P(N(C)C)(N(C)C)=NP(N(C)C)(N(C)C)=NCC,BrC1=CN=CC=C1,26.26,Cc1ccc(Nc2cccnc2)cc1
P2Et,CC(C)C(C=C(C(C)C)C=C1C(C)C)=C1C2=C(P(C(C)(C)C)C(C)(C)C)C=CC=C2,C1(C2=CC=CC=C2)=CC=NO1,CN(C)P(N(C)C)(N(C)C)=NP(N(C)C)(N(C)C)=NCC,IC1=CN=CC=C1,28.59,Cc1ccc(Nc2cccnc2)cc1
BTMG,CC(C)C(C=C(C(C)C)C=C1C(C)C)=C1C2=C(P(C(C)(C)C)C(C)(C)C)C=CC=C2,C1(C2=CC=CC=C2)=CC=NO1,CC(C)(C)/N=C(N(C)C)/N(C)C,ClC1=CC=C(C(F)(F)F)C=C1,16.88,Cc1ccc(Nc2ccc(C(F)(F)F)cc2)cc1
BTMG,CC(C)C(C=C(C(C)C)C=C1C(C)C)=C1C2=C(P(C(C)(C)C)C(C)(C)C)C=CC=C2,C1(C2=CC=CC=C2)=CC=NO1,CC(C)(C)/N=C(N(C)C)/N(C)C,BrC1=CC=C(C(F)(F)F)C=C1,41.3,Cc1ccc(Nc2ccc(C(F)(F)F)cc2)cc1
BTMG,CC(C)C(C=C(C(C)C)C=C1C(C)C)=C1C2=C(P(C(C)(C)C)C(C)(C)C)C=CC=C2,C1(C2=CC=CC=C2)=CC=NO1,CC(C)(C)/N=C(N(C)C)/N(C)C,IC1=CC=C(C(F)(F)F)C=C1,43.73,Cc1ccc(Nc2ccc(C(F)(F)F)cc2)cc1
BTMG,CC(C)C(C=C(C(C)C)C=C1C(C)C)=C1C2=C(P(C(C)(C)C)C(C)(C)C)C=CC=C2,C1(C2=CC=CC=C2)=CC=NO1,CC(C)(C)/N=C(N(C)C)/N(C)C,ClC1=CC=C(OC)C=C1,0.66,COc1ccc(Nc2ccc(C)cc2)cc1
BTMG,CC(C)C(C=C(C(C)C)C=C1C(C)C)=C1C2=C(P(C(C)(C)C)C(C)(C)C)C=CC=C2,C1(C2=CC=CC=C2)=CC=NO1,CC(C)(C)/N=C(N(C)C)/N(C)C,BrC1=CC=C(OC)C=C1,33.63,COc1ccc(Nc2ccc(C)cc2)cc1
BTMG,CC(C)C(C=C(C(C)C)C=C1C(C)C)=C1C2=C(P(C(C)(C)C)C(C)(C)C)C=CC=C2,C1(C2=CC=CC=C2)=CC=NO1,CC(C)(C)/N=C(N(C)C)/N(C)C,IC1=CC=C(OC)C=C1,41.49,COc1ccc(Nc2ccc(C)cc2)cc1
BTMG,CC(C)C(C=C(C(C)C)C=C1C(C)C)=C1C2=C(P(C(C)(C)C)C(C)(C)C)C=CC=C2,C1(C2=CC=CC=C2)=CC=NO1,CC(C)(C)/N=C(N(C)C)/N(C)C,ClC1=CC=C(CC)C=C1,2.6,CCc1ccc(Nc2ccc(C)cc2)cc1
BTMG,CC(C)C(C=C(C(C)C)C=C1C(C)C)=C1C2=C(P(C(C)(C)C)C(C)(C)C)C=CC=C2,C1(C2=CC=CC=C2)=CC=NO1,CC(C)(C)/N=C(N(C)C)/N(C)C,BrC1=CC=C(CC)C=C1,66.02,CCc1ccc(Nc2ccc(C)cc2)cc1
BTMG,CC(C)C(C=C(C(C)C)C=C1C(C)C)=C1C2=C(P(C(C)(C)C)C(C)(C)C)C=CC=C2,C1(C2=CC=CC=C2)=CC=NO1,CC(C)(C)/N=C(N(C)C)/N(C)C,IC1=CC=C(CC)C=C1,72.39,CCc1ccc(Nc2ccc(C)cc2)cc1
BTMG,CC(C)C(C=C(C(C)C)C=C1C(C)C)=C1C2=C(P(C(C)(C)C)C(C)(C)C)C=CC=C2,C1(C2=CC=CC=C2)=CC=NO1,CC(C)(C)/N=C(N(C)C)/N(C)C,ClC1=NC=CC=C1,68.85,Cc1ccc(Nc2ccccn2)cc1
BTMG,CC(C)C(C=C(C(C)C)C=C1C(C)C)=C1C2=C(P(C(C)(C)C)C(C)(C)C)C=CC=C2,C1(C2=CC=CC=C2)=CC=NO1,CC(C)(C)/N=C(N(C)C)/N(C)C,BrC1=NC=CC=C1,82.18,Cc1ccc(Nc2ccccn2)cc1
BTMG,CC(C)C(C=C(C(C)C)C=C1C(C)C)=C1C2=C(P(C(C)(C)C)C(C)(C)C)C=CC=C2,C1(C2=CC=CC=C2)=CC=NO1,CC(C)(C)/N=C(N(C)C)/N(C)C,IC1=NC=CC=C1,80.59,Cc1ccc(Nc2ccccn2)cc1
BTMG,CC(C)C(C=C(C(C)C)C=C1C(C)C)=C1C2=C(P(C(C)(C)C)C(C)(C)C)C=CC=C2,C1(C2=CC=CC=C2)=CC=NO1,CC(C)(C)/N=C(N(C)C)/N(C)C,ClC1=CN=CC=C1,15.19,Cc1ccc(Nc2cccnc2)cc1
BTMG,CC(C)C(C=C(C(C)C)C=C1C(C)C)=C1C2=C(P(C(C)(C)C)C(C)(C)C)C=CC=C2,C1(C2=CC=CC=C2)=CC=NO1,CC(C)(C)/N=C(N(C)C)/N(C)C,BrC1=CN=CC=C1,83.87,Cc1ccc(Nc2cccnc2)cc1
BTMG,CC(C)C(C=C(C(C)C)C=C1C(C)C)=C1C2=C(P(C(C)(C)C)C(C)(C)C)C=CC=C2,C1(C2=CC=CC=C2)=CC=NO1,CC(C)(C)/N=C(N(C)C)/N(C)C,IC1=CN=CC=C1,86.0,Cc1ccc(Nc2cccnc2)cc1
MTBD,CC(C)C(C=C(C(C)C)C=C1C(C)C)=C1C2=C(P(C(C)(C)C)C(C)(C)C)C=CC=C2,C1(C2=CC=CC=C2)=CC=NO1,CN1CCCN2C1=NCCC2,ClC1=CC=C(C(F)(F)F)C=C1,30.01,Cc1ccc(Nc2ccc(C(F)(F)F)cc2)cc1
MTBD,CC(C)C(C=C(C(C)C)C=C1C(C)C)=C1C2=C(P(C(C)(C)C)C(C)(C)C)C=CC=C2,C1(C2=CC=CC=C2)=CC=NO1,CN1CCCN2C1=NCCC2,BrC1=CC=C(C(F)(F)F)C=C1,51.4,Cc1ccc(Nc2ccc(C(F)(F)F)cc2)cc1
MTBD,CC(C)C(C=C(C(C)C)C=C1C(C)C)=C1C2=C(P(C(C)(C)C)C(C)(C)C)C=CC=C2,C1(C2=CC=CC=C2)=CC=NO1,CN1CCCN2C1=NCCC2,IC1=CC=C(C(F)(F)F)C=C1,50.14,Cc1ccc(Nc2ccc(C(F)(F)F)cc2)cc1
MTBD,CC(C)C(C=C(C(C)C)C=C1C(C)C)=C1C2=C(P(C(C)(C)C)C(C)(C)C)C=CC=C2,C1(C2=CC=CC=C2)=CC=NO1,CN1CCCN2C1=NCCC2,ClC1=CC=C(OC)C=C1,2.94,COc1ccc(Nc2ccc(C)cc2)cc1
MTBD,CC(C)C(C=C(C(C)C)C=C1C(C)C)=C1C2=C(P(C(C)(C)C)C(C)(C)C)C=CC=C2,C1(C2=CC=CC=C2)=CC=NO1,CN1CCCN2C1=NCCC2,BrC1=CC=C(OC)C=C1,34.96,COc1ccc(Nc2ccc(C)cc2)cc1
MTBD,CC(C)C(C=C(C(C)C)C=C1C(C)C)=C1C2=C(P(C(C)(C)C)C(C)(C)C)C=CC=C2,C1(C2=CC=CC=C2)=CC=NO1,CN1CCCN2C1=NCCC2,IC1=CC=C(OC)C=C1,51.01,COc1ccc(Nc2ccc(C)cc2)cc1
MTBD,CC(C)C(C=C(C(C)C)C=C1C(C)C)=C1C2=C(P(C(C)(C)C)C(C)(C)C)C=CC=C2,C1(C2=CC=CC=C2)=CC=NO1,CN1CCCN2C1=NCCC2,ClC1=CC=C(CC)C=C1,15.32,CCc1ccc(Nc2ccc(C)cc2)cc1
MTBD,CC(C)C(C=C(C(C)C)C=C1C(C)C)=C1C2=C(P(C(C)(C)C)C(C)(C)C)C=CC=C2,C1(C2=CC=CC=C2)=CC=NO1,CN1CCCN2C1=NCCC2,BrC1=CC=C(CC)C=C1,81.57,CCc1ccc(Nc2ccc(C)cc2)cc1
MTBD,CC(C)C(C=C(C(C)C)C=C1C(C)C)=C1C2=C(P(C(C)(C)C)C(C)(C)C)C=CC=C2,C1(C2=CC=CC=C2)=CC=NO1,CN1CCCN2C1=NCCC2,IC1=CC=C(CC)C=C1,77.57,CCc1ccc(Nc2ccc(C)cc2)cc1
MTBD,CC(C)C(C=C(C(C)C)C=C1C(C)C)=C1C2=C(P(C(C)(C)C)C(C)(C)C)C=CC=C2,C1(C2=CC=CC=C2)=CC=NO1,CN1CCCN2C1=NCCC2,ClC1=NC=CC=C1,86.69,Cc1ccc(Nc2ccccn2)cc1
MTBD,CC(C)C(C=C(C(C)C)C=C1C(C)C)=C1C2=C(P(C(C)(C)C)C(C)(C)C)C=CC=C2,C1(C2=CC=CC=C2)=CC=NO1,CN1CCCN2C1=NCCC2,BrC1=NC=CC=C1,92.91,Cc1ccc(Nc2ccccn2)cc1
MTBD,CC(C)C(C=C(C(C)C)C=C1C(C)C)=C1C2=C(P(C(C)(C)C)C(C)(C)C)C=CC=C2,C1(C2=CC=CC=C2)=CC=NO1,CN1CCCN2C1=NCCC2,IC1=NC=CC=C1,97.57,Cc1ccc(Nc2ccccn2)cc1
MTBD,CC(C)C(C=C(C(C)C)C=C1C(C)C)=C1C2=C(P(C(C)(C)C)C(C)(C)C)C=CC=C2,C1(C2=CC=CC=C2)=CC=NO1,CN1CCCN2C1=NCCC2,ClC1=CN=CC=C1,35.56,Cc1ccc(Nc2cccnc2)cc1
MTBD,CC(C)C(C=C(C(C)C)C=C1C(C)C)=C1C2=C(P(C(C)(C)C)C(C)(C)C)C=CC=C2,C1(C2=CC=CC=C2)=CC=NO1,CN1CCCN2C1=NCCC2,BrC1=CN=CC=C1,98.73,Cc1ccc(Nc2cccnc2)cc1
MTBD,CC(C)C(C=C(C(C)C)C=C1C(C)C)=C1C2=C(P(C(C)(C)C)C(C)(C)C)C=CC=C2,C1(C2=CC=CC=C2)=CC=NO1,CN1CCCN2C1=NCCC2,IC1=CN=CC=C1,98.29,Cc1ccc(Nc2cccnc2)cc1
P2Et,CC(C)C(C=C(C(C)C)C=C1C(C)C)=C1C2=C(P(C(C)(C)C)C(C)(C)C)C=CC=C2,CC1=NOC(C(OCC)=O)=C1,CN(C)P(N(C)C)(N(C)C)=NP(N(C)C)(N(C)C)=NCC,ClC1=CC=C(C(F)(F)F)C=C1,5.98,Cc1ccc(Nc2ccc(C(F)(F)F)cc2)cc1
P2Et,CC(C)C(C=C(C(C)C)C=C1C(C)C)=C1C2=C(P(C(C)(C)C)C(C)(C)C)C=CC=C2,CC1=NOC(C(OCC)=O)=C1,CN(C)P(N(C)C)(N(C)C)=NP(N(C)C)(N(C)C)=NCC,BrC1=CC=C(C(F)(F)F)C=C1,50.58,Cc1ccc(Nc2ccc(C(F)(F)F)cc2)cc1
P2Et,CC(C)C(C=C(C(C)C)C=C1C(C)C)=C1C2=C(P(C(C)(C)C)C(C)(C)C)C=CC=C2,CC1=NOC(C(OCC)=O)=C1,CN(C)P(N(C)C)(N(C)C)=NP(N(C)C)(N(C)C)=NCC,IC1=CC=C(C(F)(F)F)C=C1,45.08,Cc1ccc(Nc2ccc(C(F)(F)F)cc2)cc1
P2Et,CC(C)C(C=C(C(C)C)C=C1C(C)C)=C1C2=C(P(C(C)(C)C)C(C)(C)C)C=CC=C2,CC1=NOC(C(OCC)=O)=C1,CN(C)P(N(C)C)(N(C)C)=NP(N(C)C)(N(C)C)=NCC,ClC1=CC=C(OC)C=C1,0.0,COc1ccc(Nc2ccc(C)cc2)cc1
P2Et,CC(C)C(C=C(C(C)C)C=C1C(C)C)=C1C2=C(P(C(C)(C)C)C(C)(C)C)C=CC=C2,CC1=NOC(C(OCC)=O)=C1,CN(C)P(N(C)C)(N(C)C)=NP(N(C)C)(N(C)C)=NCC,BrC1=CC=C(OC)C=C1,42.12,COc1ccc(Nc2ccc(C)cc2)cc1
P2Et,CC(C)C(C=C(C(C)C)C=C1C(C)C)=C1C2=C(P(C(C)(C)C)C(C)(C)C)C=CC=C2,CC1=NOC(C(OCC)=O)=C1,CN(C)P(N(C)C)(N(C)C)=NP(N(C)C)(N(C)C)=NCC,IC1=CC=C(OC)C=C1,49.11,COc1ccc(Nc2ccc(C)cc2)cc1
P2Et,CC(C)C(C=C(C(C)C)C=C1C(C)C)=C1C2=C(P(C(C)(C)C)C(C)(C)C)C=CC=C2,CC1=NOC(C(OCC)=O)=C1,CN(C)P(N(C)C)(N(C)C)=NP(N(C)C)(N(C)C)=NCC,ClC1=CC=C(CC)C=C1,0.71,CCc1ccc(Nc2ccc(C)cc2)cc1
P2Et,CC(C)C(C=C(C(C)C)C=C1C(C)C)=C1C2=C(P(C(C)(C)C)C(C)(C)C)C=CC=C2,CC1=NOC(C(OCC)=O)=C1,CN(C)P(N(C)C)(N(C)C)=NP(N(C)C)(N(C)C)=NCC,BrC1=CC=C(CC)C=C1,70.86,CCc1ccc(Nc2ccc(C)cc2)cc1
P2Et,CC(C)C(C=C(C(C)C)C=C1C(C)C)=C1C2=C(P(C(C)(C)C)C(C)(C)C)C=CC=C2,CC1=NOC(C(OCC)=O)=C1,CN(C)P(N(C)C)(N(C)C)=NP(N(C)C)(N(C)C)=NCC,IC1=CC=C(CC)C=C1,66.45,CCc1ccc(Nc2ccc(C)cc2)cc1
P2Et,CC(C)C(C=C(C(C)C)C=C1C(C)C)=C1C2=C(P(C(C)(C)C)C(C)(C)C)C=CC=C2,CC1=NOC(C(OCC)=O)=C1,CN(C)P(N(C)C)(N(C)C)=NP(N(C)C)(N(C)C)=NCC,ClC1=NC=CC=C1,65.94,Cc1ccc(Nc2ccccn2)cc1
P2Et,CC(C)C(C=C(C(C)C)C=C1C(C)C)=C1C2=C(P(C(C)(C)C)C(C)(C)C)C=CC=C2,CC1=NOC(C(OCC)=O)=C1,CN(C)P(N(C)C)(N(C)C)=NP(N(C)C)(N(C)C)=NCC,BrC1=NC=CC=C1,66.07,Cc1ccc(Nc2ccccn2)cc1
P2Et,CC(C)C(C=C(C(C)C)C=C1C(C)C)=C1C2=C(P(C(C)(C)C)C(C)(C)C)C=CC=C2,CC1=NOC(C(OCC)=O)=C1,CN(C)P(N(C)C)(N(C)C)=NP(N(C)C)(N(C)C)=NCC,IC1=NC=CC=C1,66.21,Cc1ccc(Nc2ccccn2)cc1
P2Et,CC(C)C(C=C(C(C)C)C=C1C(C)C)=C1C2=C(P(C(C)(C)C)C(C)(C)C)C=CC=C2,CC1=NOC(C(OCC)=O)=C1,CN(C)P(N(C)C)(N(C)C)=NP(N(C)C)(N(C)C)=NCC,ClC1=CN=CC=C1,6.11,Cc1ccc(Nc2cccnc2)cc1
P2Et,CC(C)C(C=C(C(C)C)C=C1C(C)C)=C1C2=C(P(C(C)(C)C)C(C)(C)C)C=CC=C2,CC1=NOC(C(OCC)=O)=C1,CN(C)P(N(C)C)(N(C)C)=NP(N(C)C)(N(C)C)=NCC,BrC1=CN=CC=C1,67.82,Cc1ccc(Nc2cccnc2)cc1
P2Et,CC(C)C(C=C(C(C)C)C=C1C(C)C)=C1C2=C(P(C(C)(C)C)C(C)(C)C)C=CC=C2,CC1=NOC(C(OCC)=O)=C1,CN(C)P(N(C)C)(N(C)C)=NP(N(C)C)(N(C)C)=NCC,IC1=CN=CC=C1,72.63,Cc1ccc(Nc2cccnc2)cc1
BTMG,CC(C)C(C=C(C(C)C)C=C1C(C)C)=C1C2=C(P(C(C)(C)C)C(C)(C)C)C=CC=C2,CC1=NOC(C(OCC)=O)=C1,CC(C)(C)/N=C(N(C)C)/N(C)C,ClC1=CC=C(C(F)(F)F)C=C1,7.84,Cc1ccc(Nc2ccc(C(F)(F)F)cc2)cc1
BTMG,CC(C)C(C=C(C(C)C)C=C1C(C)C)=C1C2=C(P(C(C)(C)C)C(C)(C)C)C=CC=C2,CC1=NOC(C(OCC)=O)=C1,CC(C)(C)/N=C(N(C)C)/N(C)C,BrC1=CC=C(C(F)(F)F)C=C1,46.75,Cc1ccc(Nc2ccc(C(F)(F)F)cc2)cc1
BTMG,CC(C)C(C=C(C(C)C)C=C1C(C)C)=C1C2=C(P(C(C)(C)C)C(C)(C)C)C=CC=C2,CC1=NOC(C(OCC)=O)=C1,CC(C)(C)/N=C(N(C)C)/N(C)C,IC1=CC=C(C(F)(F)F)C=C1,46.26,Cc1ccc(Nc2ccc(C(F)(F)F)cc2)cc1
BTMG,CC(C)C(C=C(C(C)C)C=C1C(C)C)=C1C2=C(P(C(C)(C)C)C(C)(C)C)C=CC=C2,CC1=NOC(C(OCC)=O)=C1,CC(C)(C)/N=C(N(C)C)/N(C)C,ClC1=CC=C(OC)C=C1,0.0,COc1ccc(Nc2ccc(C)cc2)cc1
BTMG,CC(C)C(C=C(C(C)C)C=C1C(C)C)=C1C2=C(P(C(C)(C)C)C(C)(C)C)C=CC=C2,CC1=NOC(C(OCC)=O)=C1,CC(C)(C)/N=C(N(C)C)/N(C)C,BrC1=CC=C(OC)C=C1,37.03,COc1ccc(Nc2ccc(C)cc2)cc1
BTMG,CC(C)C(C=C(C(C)C)C=C1C(C)C)=C1C2=C(P(C(C)(C)C)C(C)(C)C)C=CC=C2,CC1=NOC(C(OCC)=O)=C1,CC(C)(C)/N=C(N(C)C)/N(C)C,IC1=CC=C(OC)C=C1,43.7,COc1ccc(Nc2ccc(C)cc2)cc1
BTMG,CC(C)C(C=C(C(C)C)C=C1C(C)C)=C1C2=C(P(C(C)(C)C)C(C)(C)C)C=CC=C2,CC1=NOC(C(OCC)=O)=C1,CC(C)(C)/N=C(N(C)C)/N(C)C,ClC1=CC=C(CC)C=C1,0.6,CCc1ccc(Nc2ccc(C)cc2)cc1
BTMG,CC(C)C(C=C(C(C)C)C=C1C(C)C)=C1C2=C(P(C(C)(C)C)C(C)(C)C)C=CC=C2,CC1=NOC(C(OCC)=O)=C1,CC(C)(C)/N=C(N(C)C)/N(C)C,BrC1=CC=C(CC)C=C1,70.55,CCc1ccc(Nc2ccc(C)cc2)cc1
BTMG,CC(C)C(C=C(C(C)C)C=C1C(C)C)=C1C2=C(P(C(C)(C)C)C(C)(C)C)C=CC=C2,CC1=NOC(C(OCC)=O)=C1,CC(C)(C)/N=C(N(C)C)/N(C)C,IC1=CC=C(CC)C=C1,80.9,CCc1ccc(Nc2ccc(C)cc2)cc1
BTMG,CC(C)C(C=C(C(C)C)C=C1C(C)C)=C1C2=C(P(C(C)(C)C)C(C)(C)C)C=CC=C2,CC1=NOC(C(OCC)=O)=C1,CC(C)(C)/N=C(N(C)C)/N(C)C,ClC1=NC=CC=C1,70.21,Cc1ccc(Nc2ccccn2)cc1
BTMG,CC(C)C(C=C(C(C)C)C=C1C(C)C)=C1C2=C(P(C(C)(C)C)C(C)(C)C)C=CC=C2,CC1=NOC(C(OCC)=O)=C1,CC(C)(C)/N=C(N(C)C)/N(C)C,BrC1=NC=CC=C1,83.09,Cc1ccc(Nc2ccccn2)cc1
BTMG,CC(C)C(C=C(C(C)C)C=C1C(C)C)=C1C2=C(P(C(C)(C)C)C(C)(C)C)C=CC=C2,CC1=NOC(C(OCC)=O)=C1,CC(C)(C)/N=C(N(C)C)/N(C)C,IC1=NC=CC=C1,85.14,Cc1ccc(Nc2ccccn2)cc1
BTMG,CC(C)C(C=C(C(C)C)C=C1C(C)C)=C1C2=C(P(C(C)(C)C)C(C)(C)C)C=CC=C2,CC1=NOC(C(OCC)=O)=C1,CC(C)(C)/N=C(N(C)C)/N(C)C,ClC1=CN=CC=C1,3.15,Cc1ccc(Nc2cccnc2)cc1
BTMG,CC(C)C(C=C(C(C)C)C=C1C(C)C)=C1C2=C(P(C(C)(C)C)C(C)(C)C)C=CC=C2,CC1=NOC(C(OCC)=O)=C1,CC(C)(C)/N=C(N(C)C)/N(C)C,BrC1=CN=CC=C1,78.08,Cc1ccc(Nc2cccnc2)cc1
BTMG,CC(C)C(C=C(C(C)C)C=C1C(C)C)=C1C2=C(P(C(C)(C)C)C(C)(C)C)C=CC=C2,CC1=NOC(C(OCC)=O)=C1,CC(C)(C)/N=C(N(C)C)/N(C)C,IC1=CN=CC=C1,82.14,Cc1ccc(Nc2cccnc2)cc1
MTBD,CC(C)C(C=C(C(C)C)C=C1C(C)C)=C1C2=C(P(C(C)(C)C)C(C)(C)C)C=CC=C2,CC1=NOC(C(OCC)=O)=C1,CN1CCCN2C1=NCCC2,ClC1=CC=C(C(F)(F)F)C=C1,7.78,Cc1ccc(Nc2ccc(C(F)(F)F)cc2)cc1
MTBD,CC(C)C(C=C(C(C)C)C=C1C(C)C)=C1C2=C(P(C(C)(C)C)C(C)(C)C)C=CC=C2,CC1=NOC(C(OCC)=O)=C1,CN1CCCN2C1=NCCC2,BrC1=CC=C(C(F)(F)F)C=C1,53.6,Cc1ccc(Nc2ccc(C(F)(F)F)cc2)cc1
MTBD,CC(C)C(C=C(C(C)C)C=C1C(C)C)=C1C2=C(P(C(C)(C)C)C(C)(C)C)C=CC=C2,CC1=NOC(C(OCC)=O)=C1,CN1CCCN2C1=NCCC2,IC1=CC=C(C(F)(F)F)C=C1,51.76,Cc1ccc(Nc2ccc(C(F)(F)F)cc2)cc1
MTBD,CC(C)C(C=C(C(C)C)C=C1C(C)C)=C1C2=C(P(C(C)(C)C)C(C)(C)C)C=CC=C2,CC1=NOC(C(OCC)=O)=C1,CN1CCCN2C1=NCCC2,ClC1=CC=C(OC)C=C1,0.0,COc1ccc(Nc2ccc(C)cc2)cc1
MTBD,CC(C)C(C=C(C(C)C)C=C1C(C)C)=C1C2=C(P(C(C)(C)C)C(C)(C)C)C=CC=C2,CC1=NOC(C(OCC)=O)=C1,CN1CCCN2C1=NCCC2,BrC1=CC=C(OC)C=C1,49.61,COc1ccc(Nc2ccc(C)cc2)cc1
MTBD,CC(C)C(C=C(C(C)C)C=C1C(C)C)=C1C2=C(P(C(C)(C)C)C(C)(C)C)C=CC=C2,CC1=NOC(C(OCC)=O)=C1,CN1CCCN2C1=NCCC2,IC1=CC=C(OC)C=C1,53.68,COc1ccc(Nc2ccc(C)cc2)cc1
MTBD,CC(C)C(C=C(C(C)C)C=C1C(C)C)=C1C2=C(P(C(C)(C)C)C(C)(C)C)C=CC=C2,CC1=NOC(C(OCC)=O)=C1,CN1CCCN2C1=NCCC2,ClC1=CC=C(CC)C=C1,0.65,CCc1ccc(Nc2ccc(C)cc2)cc1
MTBD,CC(C)C(C=C(C(C)C)C=C1C(C)C)=C1C2=C(P(C(C)(C)C)C(C)(C)C)C=CC=C2,CC1=NOC(C(OCC)=O)=C1,CN1CCCN2C1=NCCC2,BrC1=CC=C(CC)C=C1,86.6,CCc1ccc(Nc2ccc(C)cc2)cc1
MTBD,CC(C)C(C=C(C(C)C)C=C1C(C)C)=C1C2=C(P(C(C)(C)C)C(C)(C)C)C=CC=C2,CC1=NOC(C(OCC)=O)=C1,CN1CCCN2C1=NCCC2,IC1=CC=C(CC)C=C1,84.9,CCc1ccc(Nc2ccc(C)cc2)cc1
MTBD,CC(C)C(C=C(C(C)C)C=C1C(C)C)=C1C2=C(P(C(C)(C)C)C(C)(C)C)C=CC=C2,CC1=NOC(C(OCC)=O)=C1,CN1CCCN2C1=NCCC2,ClC1=NC=CC=C1,91.39,Cc1ccc(Nc2ccccn2)cc1
MTBD,CC(C)C(C=C(C(C)C)C=C1C(C)C)=C1C2=C(P(C(C)(C)C)C(C)(C)C)C=CC=C2,CC1=NOC(C(OCC)=O)=C1,CN1CCCN2C1=NCCC2,BrC1=NC=CC=C1,97.29,Cc1ccc(Nc2ccccn2)cc1
MTBD,CC(C)C(C=C(C(C)C)C=C1C(C)C)=C1C2=C(P(C(C)(C)C)C(C)(C)C)C=CC=C2,CC1=NOC(C(OCC)=O)=C1,CN1CCCN2C1=NCCC2,IC1=NC=CC=C1,99.62,Cc1ccc(Nc2ccccn2)cc1
MTBD,CC(C)C(C=C(C(C)C)C=C1C(C)C)=C1C2=C(P(C(C)(C)C)C(C)(C)C)C=CC=C2,CC1=NOC(C(OCC)=O)=C1,CN1CCCN2C1=NCCC2,ClC1=CN=CC=C1,4.17,Cc1ccc(Nc2cccnc2)cc1
MTBD,CC(C)C(C=C(C(C)C)C=C1C(C)C)=C1C2=C(P(C(C)(C)C)C(C)(C)C)C=CC=C2,CC1=NOC(C(OCC)=O)=C1,CN1CCCN2C1=NCCC2,BrC1=CN=CC=C1,92.57,Cc1ccc(Nc2cccnc2)cc1
MTBD,CC(C)C(C=C(C(C)C)C=C1C(C)C)=C1C2=C(P(C(C)(C)C)C(C)(C)C)C=CC=C2,CC1=NOC(C(OCC)=O)=C1,CN1CCCN2C1=NCCC2,IC1=CN=CC=C1,94.69,Cc1ccc(Nc2cccnc2)cc1
P2Et,CC(C)C(C=C(C(C)C)C=C1C(C)C)=C1C2=C(P(C(C)(C)C)C(C)(C)C)C=CC=C2,CC1=CC(C(OCC)=O)=NO1,CN(C)P(N(C)C)(N(C)C)=NP(N(C)C)(N(C)C)=NCC,ClC1=CC=C(C(F)(F)F)C=C1,45.05,Cc1ccc(Nc2ccc(C(F)(F)F)cc2)cc1
P2Et,CC(C)C(C=C(C(C)C)C=C1C(C)C)=C1C2=C(P(C(C)(C)C)C(C)(C)C)C=CC=C2,CC1=CC(C(OCC)=O)=NO1,CN(C)P(N(C)C)(N(C)C)=NP(N(C)C)(N(C)C)=NCC,BrC1=CC=C(C(F)(F)F)C=C1,45.78,Cc1ccc(Nc2ccc(C(F)(F)F)cc2)cc1
P2Et,CC(C)C(C=C(C(C)C)C=C1C(C)C)=C1C2=C(P(C(C)(C)C)C(C)(C)C)C=CC=C2,CC1=CC(C(OCC)=O)=NO1,CN(C)P(N(C)C)(N(C)C)=NP(N(C)C)(N(C)C)=NCC,IC1=CC=C(C(F)(F)F)C=C1,44.65,Cc1ccc(Nc2ccc(C(F)(F)F)cc2)cc1
P2Et,CC(C)C(C=C(C(C)C)C=C1C(C)C)=C1C2=C(P(C(C)(C)C)C(C)(C)C)C=CC=C2,CC1=CC(C(OCC)=O)=NO1,CN(C)P(N(C)C)(N(C)C)=NP(N(C)C)(N(C)C)=NCC,ClC1=CC=C(OC)C=C1,0.92,COc1ccc(Nc2ccc(C)cc2)cc1
P2Et,CC(C)C(C=C(C(C)C)C=C1C(C)C)=C1C2=C(P(C(C)(C)C)C(C)(C)C)C=CC=C2,CC1=CC(C(OCC)=O)=NO1,CN(C)P(N(C)C)(N(C)C)=NP(N(C)C)(N(C)C)=NCC,BrC1=CC=C(OC)C=C1,44.56,COc1ccc(Nc2ccc(C)cc2)cc1
P2Et,CC(C)C(C=C(C(C)C)C=C1C(C)C)=C1C2=C(P(C(C)(C)C)C(C)(C)C)C=CC=C2,CC1=CC(C(OCC)=O)=NO1,CN(C)P(N(C)C)(N(C)C)=NP(N(C)C)(N(C)C)=NCC,IC1=CC=C(OC)C=C1,43.36,COc1ccc(Nc2ccc(C)cc2)cc1
P2Et,CC(C)C(C=C(C(C)C)C=C1C(C)C)=C1C2=C(P(C(C)(C)C)C(C)(C)C)C=CC=C2,CC1=CC(C(OCC)=O)=NO1,CN(C)P(N(C)C)(N(C)C)=NP(N(C)C)(N(C)C)=NCC,ClC1=CC=C(CC)C=C1,3.42,CCc1ccc(Nc2ccc(C)cc2)cc1
P2Et,CC(C)C(C=C(C(C)C)C=C1C(C)C)=C1C2=C(P(C(C)(C)C)C(C)(C)C)C=CC=C2,CC1=CC(C(OCC)=O)=NO1,CN(C)P(N(C)C)(N(C)C)=NP(N(C)C)(N(C)C)=NCC,BrC1=CC=C(CC)C=C1,72.85,CCc1ccc(Nc2ccc(C)cc2)cc1
P2Et,CC(C)C(C=C(C(C)C)C=C1C(C)C)=C1C2=C(P(C(C)(C)C)C(C)(C)C)C=CC=C2,CC1=CC(C(OCC)=O)=NO1,CN(C)P(N(C)C)(N(C)C)=NP(N(C)C)(N(C)C)=NCC,IC1=CC=C(CC)C=C1,65.31,CCc1ccc(Nc2ccc(C)cc2)cc1
P2Et,CC(C)C(C=C(C(C)C)C=C1C(C)C)=C1C2=C(P(C(C)(C)C)C(C)(C)C)C=CC=C2,CC1=CC(C(OCC)=O)=NO1,CN(C)P(N(C)C)(N(C)C)=NP(N(C)C)(N(C)C)=NCC,ClC1=NC=CC=C1,56.83,Cc1ccc(Nc2ccccn2)cc1
P2Et,CC(C)C(C=C(C(C)C)C=C1C(C)C)=C1C2=C(P(C(C)(C)C)C(C)(C)C)C=CC=C2,CC1=CC(C(OCC)=O)=NO1,CN(C)P(N(C)C)(N(C)C)=NP(N(C)C)(N(C)C)=NCC,BrC1=NC=CC=C1,76.34,Cc1ccc(Nc2ccccn2)cc1
P2Et,CC(C)C(C=C(C(C)C)C=C1C(C)C)=C1C2=C(P(C(C)(C)C)C(C)(C)C)C=CC=C2,CC1=CC(C(OCC)=O)=NO1,CN(C)P(N(C)C)(N(C)C)=NP(N(C)C)(N(C)C)=NCC,IC1=NC=CC=C1,73.22,Cc1ccc(Nc2ccccn2)cc1
P2Et,CC(C)C(C=C(C(C)C)C=C1C(C)C)=C1C2=C(P(C(C)(C)C)C(C)(C)C)C=CC=C2,CC1=CC(C(OCC)=O)=NO1,CN(C)P(N(C)C)(N(C)C)=NP(N(C)C)(N(C)C)=NCC,ClC1=CN=CC=C1,36.48,Cc1ccc(Nc2cccnc2)cc1
P2Et,CC(C)C(C=C(C(C)C)C=C1C(C)C)=C1C2=C(P(C(C)(C)C)C(C)(C)C)C=CC=C2,CC1=CC(C(OCC)=O)=NO1,CN(C)P(N(C)C)(N(C)C)=NP(N(C)C)(N(C)C)=NCC,BrC1=CN=CC=C1,68.56,Cc1ccc(Nc2cccnc2)cc1
P2Et,CC(C)C(C=C(C(C)C)C=C1C(C)C)=C1C2=C(P(C(C)(C)C)C(C)(C)C)C=CC=C2,CC1=CC(C(OCC)=O)=NO1,CN(C)P(N(C)C)(N(C)C)=NP(N(C)C)(N(C)C)=NCC,IC1=CN=CC=C1,69.09,Cc1ccc(Nc2cccnc2)cc1
BTMG,CC(C)C(C=C(C(C)C)C=C1C(C)C)=C1C2=C(P(C(C)(C)C)C(C)(C)C)C=CC=C2,CC1=CC(C(OCC)=O)=NO1,CC(C)(C)/N=C(N(C)C)/N(C)C,ClC1=CC=C(C(F)(F)F)C=C1,31.88,Cc1ccc(Nc2ccc(C(F)(F)F)cc2)cc1
BTMG,CC(C)C(C=C(C(C)C)C=C1C(C)C)=C1C2=C(P(C(C)(C)C)C(C)(C)C)C=CC=C2,CC1=CC(C(OCC)=O)=NO1,CC(C)(C)/N=C(N(C)C)/N(C)C,BrC1=CC=C(C(F)(F)F)C=C1,44.82,Cc1ccc(Nc2ccc(C(F)(F)F)cc2)cc1
BTMG,CC(C)C(C=C(C(C)C)C=C1C(C)C)=C1C2=C(P(C(C)(C)C)C(C)(C)C)C=CC=C2,CC1=CC(C(OCC)=O)=NO1,CC(C)(C)/N=C(N(C)C)/N(C)C,IC1=CC=C(C(F)(F)F)C=C1,46.65,Cc1ccc(Nc2ccc(C(F)(F)F)cc2)cc1
BTMG,CC(C)C(C=C(C(C)C)C=C1C(C)C)=C1C2=C(P(C(C)(C)C)C(C)(C)C)C=CC=C2,CC1=CC(C(OCC)=O)=NO1,CC(C)(C)/N=C(N(C)C)/N(C)C,ClC1=CC=C(OC)C=C1,0.67,COc1ccc(Nc2ccc(C)cc2)cc1
BTMG,CC(C)C(C=C(C(C)C)C=C1C(C)C)=C1C2=C(P(C(C)(C)C)C(C)(C)C)C=CC=C2,CC1=CC(C(OCC)=O)=NO1,CC(C)(C)/N=C(N(C)C)/N(C)C,BrC1=CC=C(OC)C=C1,39.53,COc1ccc(Nc2ccc(C)cc2)cc1
BTMG,CC(C)C(C=C(C(C)C)C=C1C(C)C)=C1C2=C(P(C(C)(C)C)C(C)(C)C)C=CC=C2,CC1=CC(C(OCC)=O)=NO1,CC(C)(C)/N=C(N(C)C)/N(C)C,IC1=CC=C(OC)C=C1,43.87,COc1ccc(Nc2ccc(C)cc2)cc1
BTMG,CC(C)C(C=C(C(C)C)C=C1C(C)C)=C1C2=C(P(C(C)(C)C)C(C)(C)C)C=CC=C2,CC1=CC(C(OCC)=O)=NO1,CC(C)(C)/N=C(N(C)C)/N(C)C,ClC1=CC=C(CC)C=C1,2.75,CCc1ccc(Nc2ccc(C)cc2)cc1
BTMG,CC(C)C(C=C(C(C)C)C=C1C(C)C)=C1C2=C(P(C(C)(C)C)C(C)(C)C)C=CC=C2,CC1=CC(C(OCC)=O)=NO1,CC(C)(C)/N=C(N(C)C)/N(C)C,BrC1=CC=C(CC)C=C1,72.64,CCc1ccc(Nc2ccc(C)cc2)cc1
BTMG,CC(C)C(C=C(C(C)C)C=C1C(C)C)=C1C2=C(P(C(C)(C)C)C(C)(C)C)C=CC=C2,CC1=CC(C(OCC)=O)=NO1,CC(C)(C)/N=C(N(C)C)/N(C)C,IC1=CC=C(CC)C=C1,82.33,CCc1ccc(Nc2ccc(C)cc2)cc1
BTMG,CC(C)C(C=C(C(C)C)C=C1C(C)C)=C1C2=C(P(C(C)(C)C)C(C)(C)C)C=CC=C2,CC1=CC(C(OCC)=O)=NO1,CC(C)(C)/N=C(N(C)C)/N(C)C,ClC1=NC=CC=C1,73.64,Cc1ccc(Nc2ccccn2)cc1
BTMG,CC(C)C(C=C(C(C)C)C=C1C(C)C)=C1C2=C(P(C(C)(C)C)C(C)(C)C)C=CC=C2,CC1=CC(C(OCC)=O)=NO1,CC(C)(C)/N=C(N(C)C)/N(C)C,BrC1=NC=CC=C1,87.9,Cc1ccc(Nc2ccccn2)cc1
BTMG,CC(C)C(C=C(C(C)C)C=C1C(C)C)=C1C2=C(P(C(C)(C)C)C(C)(C)C)C=CC=C2,CC1=CC(C(OCC)=O)=NO1,CC(C)(C)/N=C(N(C)C)/N(C)C,IC1=NC=CC=C1,86.22,Cc1ccc(Nc2ccccn2)cc1
BTMG,CC(C)C(C=C(C(C)C)C=C1C(C)C)=C1C2=C(P(C(C)(C)C)C(C)(C)C)C=CC=C2,CC1=CC(C(OCC)=O)=NO1,CC(C)(C)/N=C(N(C)C)/N(C)C,ClC1=CN=CC=C1,34.21,Cc1ccc(Nc2cccnc2)cc1
BTMG,CC(C)C(C=C(C(C)C)C=C1C(C)C)=C1C2=C(P(C(C)(C)C)C(C)(C)C)C=CC=C2,CC1=CC(C(OCC)=O)=NO1,CC(C)(C)/N=C(N(C)C)/N(C)C,BrC1=CN=CC=C1,77.33,Cc1ccc(Nc2cccnc2)cc1
BTMG,CC(C)C(C=C(C(C)C)C=C1C(C)C)=C1C2=C(P(C(C)(C)C)C(C)(C)C)C=CC=C2,CC1=CC(C(OCC)=O)=NO1,CC(C)(C)/N=C(N(C)C)/N(C)C,IC1=CN=CC=C1,80.6,Cc1ccc(Nc2cccnc2)cc1
MTBD,CC(C)C(C=C(C(C)C)C=C1C(C)C)=C1C2=C(P(C(C)(C)C)C(C)(C)C)C=CC=C2,CC1=CC(C(OCC)=O)=NO1,CN1CCCN2C1=NCCC2,ClC1=CC=C(C(F)(F)F)C=C1,42.28,Cc1ccc(Nc2ccc(C(F)(F)F)cc2)cc1
MTBD,CC(C)C(C=C(C(C)C)C=C1C(C)C)=C1C2=C(P(C(C)(C)C)C(C)(C)C)C=CC=C2,CC1=CC(C(OCC)=O)=NO1,CN1CCCN2C1=NCCC2,BrC1=CC=C(C(F)(F)F)C=C1,50.29,Cc1ccc(Nc2ccc(C(F)(F)F)cc2)cc1
MTBD,CC(C)C(C=C(C(C)C)C=C1C(C)C)=C1C2=C(P(C(C)(C)C)C(C)(C)C)C=CC=C2,CC1=CC(C(OCC)=O)=NO1,CN1CCCN2C1=NCCC2,IC1=CC=C(C(F)(F)F)C=C1,49.58,Cc1ccc(Nc2ccc(C(F)(F)F)cc2)cc1
MTBD,CC(C)C(C=C(C(C)C)C=C1C(C)C)=C1C2=C(P(C(C)(C)C)C(C)(C)C)C=CC=C2,CC1=CC(C(OCC)=O)=NO1,CN1CCCN2C1=NCCC2,ClC1=CC=C(OC)C=C1,1.19,COc1ccc(Nc2ccc(C)cc2)cc1
MTBD,CC(C)C(C=C(C(C)C)C=C1C(C)C)=C1C2=C(P(C(C)(C)C)C(C)(C)C)C=CC=C2,CC1=CC(C(OCC)=O)=NO1,CN1CCCN2C1=NCCC2,BrC1=CC=C(OC)C=C1,48.46,COc1ccc(Nc2ccc(C)cc2)cc1
MTBD,CC(C)C(C=C(C(C)C)C=C1C(C)C)=C1C2=C(P(C(C)(C)C)C(C)(C)C)C=CC=C2,CC1=CC(C(OCC)=O)=NO1,CN1CCCN2C1=NCCC2,IC1=CC=C(OC)C=C1,49.93,COc1ccc(Nc2ccc(C)cc2)cc1
MTBD,CC(C)C(C=C(C(C)C)C=C1C(C)C)=C1C2=C(P(C(C)(C)C)C(C)(C)C)C=CC=C2,CC1=CC(C(OCC)=O)=NO1,CN1CCCN2C1=NCCC2,ClC1=CC=C(CC)C=C1,4.58,CCc1ccc(Nc2ccc(C)cc2)cc1
MTBD,CC(C)C(C=C(C(C)C)C=C1C(C)C)=C1C2=C(P(C(C)(C)C)C(C)(C)C)C=CC=C2,CC1=CC(C(OCC)=O)=NO1,CN1CCCN2C1=NCCC2,BrC1=CC=C(CC)C=C1,78.8,CCc1ccc(Nc2ccc(C)cc2)cc1
MTBD,CC(C)C(C=C(C(C)C)C=C1C(C)C)=C1C2=C(P(C(C)(C)C)C(C)(C)C)C=CC=C2,CC1=CC(C(OCC)=O)=NO1,CN1CCCN2C1=NCCC2,IC1=CC=C(CC)C=C1,79.44,CCc1ccc(Nc2ccc(C)cc2)cc1
MTBD,CC(C)C(C=C(C(C)C)C=C1C(C)C)=C1C2=C(P(C(C)(C)C)C(C)(C)C)C=CC=C2,CC1=CC(C(OCC)=O)=NO1,CN1CCCN2C1=NCCC2,ClC1=NC=CC=C1,84.86,Cc1ccc(Nc2ccccn2)cc1
MTBD,CC(C)C(C=C(C(C)C)C=C1C(C)C)=C1C2=C(P(C(C)(C)C)C(C)(C)C)C=CC=C2,CC1=CC(C(OCC)=O)=NO1,CN1CCCN2C1=NCCC2,BrC1=NC=CC=C1,93.31,Cc1ccc(Nc2ccccn2)cc1
MTBD,CC(C)C(C=C(C(C)C)C=C1C(C)C)=C1C2=C(P(C(C)(C)C)C(C)(C)C)C=CC=C2,CC1=CC(C(OCC)=O)=NO1,CN1CCCN2C1=NCCC2,IC1=NC=CC=C1,93.87,Cc1ccc(Nc2ccccn2)cc1
MTBD,CC(C)C(C=C(C(C)C)C=C1C(C)C)=C1C2=C(P(C(C)(C)C)C(C)(C)C)C=CC=C2,CC1=CC(C(OCC)=O)=NO1,CN1CCCN2C1=NCCC2,ClC1=CN=CC=C1,44.03,Cc1ccc(Nc2cccnc2)cc1
MTBD,CC(C)C(C=C(C(C)C)C=C1C(C)C)=C1C2=C(P(C(C)(C)C)C(C)(C)C)C=CC=C2,CC1=CC(C(OCC)=O)=NO1,CN1CCCN2C1=NCCC2,BrC1=CN=CC=C1,89.48,Cc1ccc(Nc2cccnc2)cc1
MTBD,CC(C)C(C=C(C(C)C)C=C1C(C)C)=C1C2=C(P(C(C)(C)C)C(C)(C)C)C=CC=C2,CC1=CC(C(OCC)=O)=NO1,CN1CCCN2C1=NCCC2,IC1=CN=CC=C1,91.49,Cc1ccc(Nc2cccnc2)cc1
P2Et,CC(C)C(C=C(C(C)C)C=C1C(C)C)=C1C2=C(P(C(C)(C)C)C(C)(C)C)C(OC)=CC=C2OC,C1(C2=CC=CC=C2)=CC=NO1,CN(C)P(N(C)C)(N(C)C)=NP(N(C)C)(N(C)C)=NCC,ClC1=CC=C(C(F)(F)F)C=C1,7.37,Cc1ccc(Nc2ccc(C(F)(F)F)cc2)cc1
P2Et,CC(C)C(C=C(C(C)C)C=C1C(C)C)=C1C2=C(P(C(C)(C)C)C(C)(C)C)C(OC)=CC=C2OC,C1(C2=CC=CC=C2)=CC=NO1,CN(C)P(N(C)C)(N(C)C)=NP(N(C)C)(N(C)C)=NCC,BrC1=CC=C(C(F)(F)F)C=C1,9.71,Cc1ccc(Nc2ccc(C(F)(F)F)cc2)cc1
P2Et,CC(C)C(C=C(C(C)C)C=C1C(C)C)=C1C2=C(P(C(C)(C)C)C(C)(C)C)C(OC)=CC=C2OC,C1(C2=CC=CC=C2)=CC=NO1,CN(C)P(N(C)C)(N(C)C)=NP(N(C)C)(N(C)C)=NCC,IC1=CC=C(C(F)(F)F)C=C1,9.55,Cc1ccc(Nc2ccc(C(F)(F)F)cc2)cc1
P2Et,CC(C)C(C=C(C(C)C)C=C1C(C)C)=C1C2=C(P(C(C)(C)C)C(C)(C)C)C(OC)=CC=C2OC,C1(C2=CC=CC=C2)=CC=NO1,CN(C)P(N(C)C)(N(C)C)=NP(N(C)C)(N(C)C)=NCC,ClC1=CC=C(OC)C=C1,1.02,COc1ccc(Nc2ccc(C)cc2)cc1
P2Et,CC(C)C(C=C(C(C)C)C=C1C(C)C)=C1C2=C(P(C(C)(C)C)C(C)(C)C)C(OC)=CC=C2OC,C1(C2=CC=CC=C2)=CC=NO1,CN(C)P(N(C)C)(N(C)C)=NP(N(C)C)(N(C)C)=NCC,BrC1=CC=C(OC)C=C1,12.59,COc1ccc(Nc2ccc(C)cc2)cc1
P2Et,CC(C)C(C=C(C(C)C)C=C1C(C)C)=C1C2=C(P(C(C)(C)C)C(C)(C)C)C(OC)=CC=C2OC,C1(C2=CC=CC=C2)=CC=NO1,CN(C)P(N(C)C)(N(C)C)=NP(N(C)C)(N(C)C)=NCC,IC1=CC=C(OC)C=C1,14.01,COc1ccc(Nc2ccc(C)cc2)cc1
P2Et,CC(C)C(C=C(C(C)C)C=C1C(C)C)=C1C2=C(P(C(C)(C)C)C(C)(C)C)C(OC)=CC=C2OC,C1(C2=CC=CC=C2)=CC=NO1,CN(C)P(N(C)C)(N(C)C)=NP(N(C)C)(N(C)C)=NCC,ClC1=CC=C(CC)C=C1,4.34,CCc1ccc(Nc2ccc(C)cc2)cc1
P2Et,CC(C)C(C=C(C(C)C)C=C1C(C)C)=C1C2=C(P(C(C)(C)C)C(C)(C)C)C(OC)=CC=C2OC,C1(C2=CC=CC=C2)=CC=NO1,CN(C)P(N(C)C)(N(C)C)=NP(N(C)C)(N(C)C)=NCC,BrC1=CC=C(CC)C=C1,19.47,CCc1ccc(Nc2ccc(C)cc2)cc1
P2Et,CC(C)C(C=C(C(C)C)C=C1C(C)C)=C1C2=C(P(C(C)(C)C)C(C)(C)C)C(OC)=CC=C2OC,C1(C2=CC=CC=C2)=CC=NO1,CN(C)P(N(C)C)(N(C)C)=NP(N(C)C)(N(C)C)=NCC,IC1=CC=C(CC)C=C1,23.3,CCc1ccc(Nc2ccc(C)cc2)cc1
P2Et,CC(C)C(C=C(C(C)C)C=C1C(C)C)=C1C2=C(P(C(C)(C)C)C(C)(C)C)C(OC)=CC=C2OC,C1(C2=CC=CC=C2)=CC=NO1,CN(C)P(N(C)C)(N(C)C)=NP(N(C)C)(N(C)C)=NCC,ClC1=NC=CC=C1,24.9,Cc1ccc(Nc2ccccn2)cc1
P2Et,CC(C)C(C=C(C(C)C)C=C1C(C)C)=C1C2=C(P(C(C)(C)C)C(C)(C)C)C(OC)=CC=C2OC,C1(C2=CC=CC=C2)=CC=NO1,CN(C)P(N(C)C)(N(C)C)=NP(N(C)C)(N(C)C)=NCC,BrC1=NC=CC=C1,28.48,Cc1ccc(Nc2ccccn2)cc1
P2Et,CC(C)C(C=C(C(C)C)C=C1C(C)C)=C1C2=C(P(C(C)(C)C)C(C)(C)C)C(OC)=CC=C2OC,C1(C2=CC=CC=C2)=CC=NO1,CN(C)P(N(C)C)(N(C)C)=NP(N(C)C)(N(C)C)=NCC,IC1=NC=CC=C1,33.33,Cc1ccc(Nc2ccccn2)cc1
P2Et,CC(C)C(C=C(C(C)C)C=C1C(C)C)=C1C2=C(P(C(C)(C)C)C(C)(C)C)C(OC)=CC=C2OC,C1(C2=CC=CC=C2)=CC=NO1,CN(C)P(N(C)C)(N(C)C)=NP(N(C)C)(N(C)C)=NCC,ClC1=CN=CC=C1,6.75,Cc1ccc(Nc2cccnc2)cc1
P2Et,CC(C)C(C=C(C(C)C)C=C1C(C)C)=C1C2=C(P(C(C)(C)C)C(C)(C)C)C(OC)=CC=C2OC,C1(C2=CC=CC=C2)=CC=NO1,CN(C)P(N(C)C)(N(C)C)=NP(N(C)C)(N(C)C)=NCC,BrC1=CN=CC=C1,15.06,Cc1ccc(Nc2cccnc2)cc1
P2Et,CC(C)C(C=C(C(C)C)C=C1C(C)C)=C1C2=C(P(C(C)(C)C)C(C)(C)C)C(OC)=CC=C2OC,C1(C2=CC=CC=C2)=CC=NO1,CN(C)P(N(C)C)(N(C)C)=NP(N(C)C)(N(C)C)=NCC,IC1=CN=CC=C1,15.13,Cc1ccc(Nc2cccnc2)cc1
BTMG,CC(C)C(C=C(C(C)C)C=C1C(C)C)=C1C2=C(P(C(C)(C)C)C(C)(C)C)C(OC)=CC=C2OC,C1(C2=CC=CC=C2)=CC=NO1,CC(C)(C)/N=C(N(C)C)/N(C)C,ClC1=CC=C(C(F)(F)F)C=C1,3.89,Cc1ccc(Nc2ccc(C(F)(F)F)cc2)cc1
BTMG,CC(C)C(C=C(C(C)C)C=C1C(C)C)=C1C2=C(P(C(C)(C)C)C(C)(C)C)C(OC)=CC=C2OC,C1(C2=CC=CC=C2)=CC=NO1,CC(C)(C)/N=C(N(C)C)/N(C)C,BrC1=CC=C(C(F)(F)F)C=C1,25.83,Cc1ccc(Nc2ccc(C(F)(F)F)cc2)cc1
BTMG,CC(C)C(C=C(C(C)C)C=C1C(C)C)=C1C2=C(P(C(C)(C)C)C(C)(C)C)C(OC)=CC=C2OC,C1(C2=CC=CC=C2)=CC=NO1,CC(C)(C)/N=C(N(C)C)/N(C)C,IC1=CC=C(C(F)(F)F)C=C1,44.59,Cc1ccc(Nc2ccc(C(F)(F)F)cc2)cc1
BTMG,CC(C)C(C=C(C(C)C)C=C1C(C)C)=C1C2=C(P(C(C)(C)C)C(C)(C)C)C(OC)=CC=C2OC,C1(C2=CC=CC=C2)=CC=NO1,CC(C)(C)/N=C(N(C)C)/N(C)C,ClC1=CC=C(OC)C=C1,0.0,COc1ccc(Nc2ccc(C)cc2)cc1
BTMG,CC(C)C(C=C(C(C)C)C=C1C(C)C)=C1C2=C(P(C(C)(C)C)C(C)(C)C)C(OC)=CC=C2OC,C1(C2=CC=CC=C2)=CC=NO1,CC(C)(C)/N=C(N(C)C)/N(C)C,BrC1=CC=C(OC)C=C1,15.17,COc1ccc(Nc2ccc(C)cc2)cc1
BTMG,CC(C)C(C=C(C(C)C)C=C1C(C)C)=C1C2=C(P(C(C)(C)C)C(C)(C)C)C(OC)=CC=C2OC,C1(C2=CC=CC=C2)=CC=NO1,CC(C)(C)/N=C(N(C)C)/N(C)C,IC1=CC=C(OC)C=C1,40.37,COc1ccc(Nc2ccc(C)cc2)cc1
BTMG,CC(C)C(C=C(C(C)C)C=C1C(C)C)=C1C2=C(P(C(C)(C)C)C(C)(C)C)C(OC)=CC=C2OC,C1(C2=CC=CC=C2)=CC=NO1,CC(C)(C)/N=C(N(C)C)/N(C)C,ClC1=CC=C(CC)C=C1,0.0,CCc1ccc(Nc2ccc(C)cc2)cc1
BTMG,CC(C)C(C=C(C(C)C)C=C1C(C)C)=C1C2=C(P(C(C)(C)C)C(C)(C)C)C(OC)=CC=C2OC,C1(C2=CC=CC=C2)=CC=NO1,CC(C)(C)/N=C(N(C)C)/N(C)C,BrC1=CC=C(CC)C=C1,27.8,CCc1ccc(Nc2ccc(C)cc2)cc1
BTMG,CC(C)C(C=C(C(C)C)C=C1C(C)C)=C1C2=C(P(C(C)(C)C)C(C)(C)C)C(OC)=CC=C2OC,C1(C2=CC=CC=C2)=CC=NO1,CC(C)(C)/N=C(N(C)C)/N(C)C,IC1=CC=C(CC)C=C1,72.31,CCc1ccc(Nc2ccc(C)cc2)cc1
BTMG,CC(C)C(C=C(C(C)C)C=C1C(C)C)=C1C2=C(P(C(C)(C)C)C(C)(C)C)C(OC)=CC=C2OC,C1(C2=CC=CC=C2)=CC=NO1,CC(C)(C)/N=C(N(C)C)/N(C)C,ClC1=NC=CC=C1,32.0,Cc1ccc(Nc2ccccn2)cc1
BTMG,CC(C)C(C=C(C(C)C)C=C1C(C)C)=C1C2=C(P(C(C)(C)C)C(C)(C)C)C(OC)=CC=C2OC,C1(C2=CC=CC=C2)=CC=NO1,CC(C)(C)/N=C(N(C)C)/N(C)C,BrC1=NC=CC=C1,51.81,Cc1ccc(Nc2ccccn2)cc1
BTMG,CC(C)C(C=C(C(C)C)C=C1C(C)C)=C1C2=C(P(C(C)(C)C)C(C)(C)C)C(OC)=CC=C2OC,C1(C2=CC=CC=C2)=CC=NO1,CC(C)(C)/N=C(N(C)C)/N(C)C,IC1=NC=CC=C1,83.36,Cc1ccc(Nc2ccccn2)cc1
BTMG,CC(C)C(C=C(C(C)C)C=C1C(C)C)=C1C2=C(P(C(C)(C)C)C(C)(C)C)C(OC)=CC=C2OC,C1(C2=CC=CC=C2)=CC=NO1,CC(C)(C)/N=C(N(C)C)/N(C)C,ClC1=CN=CC=C1,2.64,Cc1ccc(Nc2cccnc2)cc1
BTMG,CC(C)C(C=C(C(C)C)C=C1C(C)C)=C1C2=C(P(C(C)(C)C)C(C)(C)C)C(OC)=CC=C2OC,C1(C2=CC=CC=C2)=CC=NO1,CC(C)(C)/N=C(N(C)C)/N(C)C,BrC1=CN=CC=C1,57.98,Cc1ccc(Nc2cccnc2)cc1
BTMG,CC(C)C(C=C(C(C)C)C=C1C(C)C)=C1C2=C(P(C(C)(C)C)C(C)(C)C)C(OC)=CC=C2OC,C1(C2=CC=CC=C2)=CC=NO1,CC(C)(C)/N=C(N(C)C)/N(C)C,IC1=CN=CC=C1,80.29,Cc1ccc(Nc2cccnc2)cc1
MTBD,CC(C)C(C=C(C(C)C)C=C1C(C)C)=C1C2=C(P(C(C)(C)C)C(C)(C)C)C(OC)=CC=C2OC,C1(C2=CC=CC=C2)=CC=NO1,CN1CCCN2C1=NCCC2,ClC1=CC=C(C(F)(F)F)C=C1,9.56,Cc1ccc(Nc2ccc(C(F)(F)F)cc2)cc1
MTBD,CC(C)C(C=C(C(C)C)C=C1C(C)C)=C1C2=C(P(C(C)(C)C)C(C)(C)C)C(OC)=CC=C2OC,C1(C2=CC=CC=C2)=CC=NO1,CN1CCCN2C1=NCCC2,BrC1=CC=C(C(F)(F)F)C=C1,37.21,Cc1ccc(Nc2ccc(C(F)(F)F)cc2)cc1
MTBD,CC(C)C(C=C(C(C)C)C=C1C(C)C)=C1C2=C(P(C(C)(C)C)C(C)(C)C)C(OC)=CC=C2OC,C1(C2=CC=CC=C2)=CC=NO1,CN1CCCN2C1=NCCC2,IC1=CC=C(C(F)(F)F)C=C1,47.1,Cc1ccc(Nc2ccc(C(F)(F)F)cc2)cc1
MTBD,CC(C)C(C=C(C(C)C)C=C1C(C)C)=C1C2=C(P(C(C)(C)C)C(C)(C)C)C(OC)=CC=C2OC,C1(C2=CC=CC=C2)=CC=NO1,CN1CCCN2C1=NCCC2,ClC1=CC=C(OC)C=C1,1.1,COc1ccc(Nc2ccc(C)cc2)cc1
MTBD,CC(C)C(C=C(C(C)C)C=C1C(C)C)=C1C2=C(P(C(C)(C)C)C(C)(C)C)C(OC)=CC=C2OC,C1(C2=CC=CC=C2)=CC=NO1,CN1CCCN2C1=NCCC2,BrC1=CC=C(OC)C=C1,35.7,COc1ccc(Nc2ccc(C)cc2)cc1
MTBD,CC(C)C(C=C(C(C)C)C=C1C(C)C)=C1C2=C(P(C(C)(C)C)C(C)(C)C)C(OC)=CC=C2OC,C1(C2=CC=CC=C2)=CC=NO1,CN1CCCN2C1=NCCC2,IC1=CC=C(OC)C=C1,54.89,COc1ccc(Nc2ccc(C)cc2)cc1
MTBD,CC(C)C(C=C(C(C)C)C=C1C(C)C)=C1C2=C(P(C(C)(C)C)C(C)(C)C)C(OC)=CC=C2OC,C1(C2=CC=CC=C2)=CC=NO1,CN1CCCN2C1=NCCC2,ClC1=CC=C(CC)C=C1,0.0,CCc1ccc(Nc2ccc(C)cc2)cc1
MTBD,CC(C)C(C=C(C(C)C)C=C1C(C)C)=C1C2=C(P(C(C)(C)C)C(C)(C)C)C(OC)=CC=C2OC,C1(C2=CC=CC=C2)=CC=NO1,CN1CCCN2C1=NCCC2,BrC1=CC=C(CC)C=C1,57.45,CCc1ccc(Nc2ccc(C)cc2)cc1
MTBD,CC(C)C(C=C(C(C)C)C=C1C(C)C)=C1C2=C(P(C(C)(C)C)C(C)(C)C)C(OC)=CC=C2OC,C1(C2=CC=CC=C2)=CC=NO1,CN1CCCN2C1=NCCC2,IC1=CC=C(CC)C=C1,77.03,CCc1ccc(Nc2ccc(C)cc2)cc1
MTBD,CC(C)C(C=C(C(C)C)C=C1C(C)C)=C1C2=C(P(C(C)(C)C)C(C)(C)C)C(OC)=CC=C2OC,C1(C2=CC=CC=C2)=CC=NO1,CN1CCCN2C1=NCCC2,ClC1=NC=CC=C1,69.4,Cc1ccc(Nc2ccccn2)cc1
MTBD,CC(C)C(C=C(C(C)C)C=C1C(C)C)=C1C2=C(P(C(C)(C)C)C(C)(C)C)C(OC)=CC=C2OC,C1(C2=CC=CC=C2)=CC=NO1,CN1CCCN2C1=NCCC2,BrC1=NC=CC=C1,85.44,Cc1ccc(Nc2ccccn2)cc1
MTBD,CC(C)C(C=C(C(C)C)C=C1C(C)C)=C1C2=C(P(C(C)(C)C)C(C)(C)C)C(OC)=CC=C2OC,C1(C2=CC=CC=C2)=CC=NO1,CN1CCCN2C1=NCCC2,IC1=NC=CC=C1,92.0,Cc1ccc(Nc2ccccn2)cc1
MTBD,CC(C)C(C=C(C(C)C)C=C1C(C)C)=C1C2=C(P(C(C)(C)C)C(C)(C)C)C(OC)=CC=C2OC,C1(C2=CC=CC=C2)=CC=NO1,CN1CCCN2C1=NCCC2,ClC1=CN=CC=C1,21.86,Cc1ccc(Nc2cccnc2)cc1
MTBD,CC(C)C(C=C(C(C)C)C=C1C(C)C)=C1C2=C(P(C(C)(C)C)C(C)(C)C)C(OC)=CC=C2OC,C1(C2=CC=CC=C2)=CC=NO1,CN1CCCN2C1=NCCC2,BrC1=CN=CC=C1,83.65,Cc1ccc(Nc2cccnc2)cc1
MTBD,CC(C)C(C=C(C(C)C)C=C1C(C)C)=C1C2=C(P(C(C)(C)C)C(C)(C)C)C(OC)=CC=C2OC,C1(C2=CC=CC=C2)=CC=NO1,CN1CCCN2C1=NCCC2,IC1=CN=CC=C1,92.96,Cc1ccc(Nc2cccnc2)cc1
P2Et,CC(C)C(C=C(C(C)C)C=C1C(C)C)=C1C2=C(P(C(C)(C)C)C(C)(C)C)C(OC)=CC=C2OC,CC1=NOC(C(OCC)=O)=C1,CN(C)P(N(C)C)(N(C)C)=NP(N(C)C)(N(C)C)=NCC,ClC1=CC=C(C(F)(F)F)C=C1,1.3,Cc1ccc(Nc2ccc(C(F)(F)F)cc2)cc1
P2Et,CC(C)C(C=C(C(C)C)C=C1C(C)C)=C1C2=C(P(C(C)(C)C)C(C)(C)C)C(OC)=CC=C2OC,CC1=NOC(C(OCC)=O)=C1,CN(C)P(N(C)C)(N(C)C)=NP(N(C)C)(N(C)C)=NCC,BrC1=CC=C(C(F)(F)F)C=C1,28.35,Cc1ccc(Nc2ccc(C(F)(F)F)cc2)cc1
P2Et,CC(C)C(C=C(C(C)C)C=C1C(C)C)=C1C2=C(P(C(C)(C)C)C(C)(C)C)C(OC)=CC=C2OC,CC1=NOC(C(OCC)=O)=C1,CN(C)P(N(C)C)(N(C)C)=NP(N(C)C)(N(C)C)=NCC,IC1=CC=C(C(F)(F)F)C=C1,40.18,Cc1ccc(Nc2ccc(C(F)(F)F)cc2)cc1
P2Et,CC(C)C(C=C(C(C)C)C=C1C(C)C)=C1C2=C(P(C(C)(C)C)C(C)(C)C)C(OC)=CC=C2OC,CC1=NOC(C(OCC)=O)=C1,CN(C)P(N(C)C)(N(C)C)=NP(N(C)C)(N(C)C)=NCC,ClC1=CC=C(OC)C=C1,0.0,COc1ccc(Nc2ccc(C)cc2)cc1
P2Et,CC(C)C(C=C(C(C)C)C=C1C(C)C)=C1C2=C(P(C(C)(C)C)C(C)(C)C)C(OC)=CC=C2OC,CC1=NOC(C(OCC)=O)=C1,CN(C)P(N(C)C)(N(C)C)=NP(N(C)C)(N(C)C)=NCC,BrC1=CC=C(OC)C=C1,40.45,COc1ccc(Nc2ccc(C)cc2)cc1
P2Et,CC(C)C(C=C(C(C)C)C=C1C(C)C)=C1C2=C(P(C(C)(C)C)C(C)(C)C)C(OC)=CC=C2OC,CC1=NOC(C(OCC)=O)=C1,CN(C)P(N(C)C)(N(C)C)=NP(N(C)C)(N(C)C)=NCC,IC1=CC=C(OC)C=C1,42.27,COc1ccc(Nc2ccc(C)cc2)cc1
P2Et,CC(C)C(C=C(C(C)C)C=C1C(C)C)=C1C2=C(P(C(C)(C)C)C(C)(C)C)C(OC)=CC=C2OC,CC1=NOC(C(OCC)=O)=C1,CN(C)P(N(C)C)(N(C)C)=NP(N(C)C)(N(C)C)=NCC,ClC1=CC=C(CC)C=C1,0.91,CCc1ccc(Nc2ccc(C)cc2)cc1
P2Et,CC(C)C(C=C(C(C)C)C=C1C(C)C)=C1C2=C(P(C(C)(C)C)C(C)(C)C)C(OC)=CC=C2OC,CC1=NOC(C(OCC)=O)=C1,CN(C)P(N(C)C)(N(C)C)=NP(N(C)C)(N(C)C)=NCC,BrC1=CC=C(CC)C=C1,62.16,CCc1ccc(Nc2ccc(C)cc2)cc1
P2Et,CC(C)C(C=C(C(C)C)C=C1C(C)C)=C1C2=C(P(C(C)(C)C)C(C)(C)C)C(OC)=CC=C2OC,CC1=NOC(C(OCC)=O)=C1,CN(C)P(N(C)C)(N(C)C)=NP(N(C)C)(N(C)C)=NCC,IC1=CC=C(CC)C=C1,66.89,CCc1ccc(Nc2ccc(C)cc2)cc1
P2Et,CC(C)C(C=C(C(C)C)C=C1C(C)C)=C1C2=C(P(C(C)(C)C)C(C)(C)C)C(OC)=CC=C2OC,CC1=NOC(C(OCC)=O)=C1,CN(C)P(N(C)C)(N(C)C)=NP(N(C)C)(N(C)C)=NCC,ClC1=NC=CC=C1,76.83,Cc1ccc(Nc2ccccn2)cc1
P2Et,CC(C)C(C=C(C(C)C)C=C1C(C)C)=C1C2=C(P(C(C)(C)C)C(C)(C)C)C(OC)=CC=C2OC,CC1=NOC(C(OCC)=O)=C1,CN(C)P(N(C)C)(N(C)C)=NP(N(C)C)(N(C)C)=NCC,BrC1=NC=CC=C1,91.65,Cc1ccc(Nc2ccccn2)cc1
P2Et,CC(C)C(C=C(C(C)C)C=C1C(C)C)=C1C2=C(P(C(C)(C)C)C(C)(C)C)C(OC)=CC=C2OC,CC1=NOC(C(OCC)=O)=C1,CN(C)P(N(C)C)(N(C)C)=NP(N(C)C)(N(C)C)=NCC,IC1=NC=CC=C1,66.37,Cc1ccc(Nc2ccccn2)cc1
P2Et,CC(C)C(C=C(C(C)C)C=C1C(C)C)=C1C2=C(P(C(C)(C)C)C(C)(C)C)C(OC)=CC=C2OC,CC1=NOC(C(OCC)=O)=C1,CN(C)P(N(C)C)(N(C)C)=NP(N(C)C)(N(C)C)=NCC,ClC1=CN=CC=C1,2.53,Cc1ccc(Nc2cccnc2)cc1
P2Et,CC(C)C(C=C(C(C)C)C=C1C(C)C)=C1C2=C(P(C(C)(C)C)C(C)(C)C)C(OC)=CC=C2OC,CC1=NOC(C(OCC)=O)=C1,CN(C)P(N(C)C)(N(C)C)=NP(N(C)C)(N(C)C)=NCC,BrC1=CN=CC=C1,47.17,Cc1ccc(Nc2cccnc2)cc1
P2Et,CC(C)C(C=C(C(C)C)C=C1C(C)C)=C1C2=C(P(C(C)(C)C)C(C)(C)C)C(OC)=CC=C2OC,CC1=NOC(C(OCC)=O)=C1,CN(C)P(N(C)C)(N(C)C)=NP(N(C)C)(N(C)C)=NCC,IC1=CN=CC=C1,52.44,Cc1ccc(Nc2cccnc2)cc1
BTMG,CC(C)C(C=C(C(C)C)C=C1C(C)C)=C1C2=C(P(C(C)(C)C)C(C)(C)C)C(OC)=CC=C2OC,CC1=NOC(C(OCC)=O)=C1,CC(C)(C)/N=C(N(C)C)/N(C)C,ClC1=CC=C(C(F)(F)F)C=C1,3.54,Cc1ccc(Nc2ccc(C(F)(F)F)cc2)cc1
BTMG,CC(C)C(C=C(C(C)C)C=C1C(C)C)=C1C2=C(P(C(C)(C)C)C(C)(C)C)C(OC)=CC=C2OC,CC1=NOC(C(OCC)=O)=C1,CC(C)(C)/N=C(N(C)C)/N(C)C,BrC1=CC=C(C(F)(F)F)C=C1,39.2,Cc1ccc(Nc2ccc(C(F)(F)F)cc2)cc1
BTMG,CC(C)C(C=C(C(C)C)C=C1C(C)C)=C1C2=C(P(C(C)(C)C)C(C)(C)C)C(OC)=CC=C2OC,CC1=NOC(C(OCC)=O)=C1,CC(C)(C)/N=C(N(C)C)/N(C)C,IC1=CC=C(C(F)(F)F)C=C1,45.88,Cc1ccc(Nc2ccc(C(F)(F)F)cc2)cc1
BTMG,CC(C)C(C=C(C(C)C)C=C1C(C)C)=C1C2=C(P(C(C)(C)C)C(C)(C)C)C(OC)=CC=C2OC,CC1=NOC(C(OCC)=O)=C1,CC(C)(C)/N=C(N(C)C)/N(C)C,ClC1=CC=C(OC)C=C1,0.0,COc1ccc(Nc2ccc(C)cc2)cc1
BTMG,CC(C)C(C=C(C(C)C)C=C1C(C)C)=C1C2=C(P(C(C)(C)C)C(C)(C)C)C(OC)=CC=C2OC,CC1=NOC(C(OCC)=O)=C1,CC(C)(C)/N=C(N(C)C)/N(C)C,BrC1=CC=C(OC)C=C1,24.03,COc1ccc(Nc2ccc(C)cc2)cc1
BTMG,CC(C)C(C=C(C(C)C)C=C1C(C)C)=C1C2=C(P(C(C)(C)C)C(C)(C)C)C(OC)=CC=C2OC,CC1=NOC(C(OCC)=O)=C1,CC(C)(C)/N=C(N(C)C)/N(C)C,IC1=CC=C(OC)C=C1,39.39,COc1ccc(Nc2ccc(C)cc2)cc1
BTMG,CC(C)C(C=C(C(C)C)C=C1C(C)C)=C1C2=C(P(C(C)(C)C)C(C)(C)C)C(OC)=CC=C2OC,CC1=NOC(C(OCC)=O)=C1,CC(C)(C)/N=C(N(C)C)/N(C)C,ClC1=CC=C(CC)C=C1,0.0,CCc1ccc(Nc2ccc(C)cc2)cc1
BTMG,CC(C)C(C=C(C(C)C)C=C1C(C)C)=C1C2=C(P(C(C)(C)C)C(C)(C)C)C(OC)=CC=C2OC,CC1=NOC(C(OCC)=O)=C1,CC(C)(C)/N=C(N(C)C)/N(C)C,BrC1=CC=C(CC)C=C1,50.05,CCc1ccc(Nc2ccc(C)cc2)cc1
BTMG,CC(C)C(C=C(C(C)C)C=C1C(C)C)=C1C2=C(P(C(C)(C)C)C(C)(C)C)C(OC)=CC=C2OC,CC1=NOC(C(OCC)=O)=C1,CC(C)(C)/N=C(N(C)C)/N(C)C,IC1=CC=C(CC)C=C1,74.62,CCc1ccc(Nc2ccc(C)cc2)cc1
BTMG,CC(C)C(C=C(C(C)C)C=C1C(C)C)=C1C2=C(P(C(C)(C)C)C(C)(C)C)C(OC)=CC=C2OC,CC1=NOC(C(OCC)=O)=C1,CC(C)(C)/N=C(N(C)C)/N(C)C,ClC1=NC=CC=C1,54.58,Cc1ccc(Nc2ccccn2)cc1
BTMG,CC(C)C(C=C(C(C)C)C=C1C(C)C)=C1C2=C(P(C(C)(C)C)C(C)(C)C)C(OC)=CC=C2OC,CC1=NOC(C(OCC)=O)=C1,CC(C)(C)/N=C(N(C)C)/N(C)C,BrC1=NC=CC=C1,74.82,Cc1ccc(Nc2ccccn2)cc1
BTMG,CC(C)C(C=C(C(C)C)C=C1C(C)C)=C1C2=C(P(C(C)(C)C)C(C)(C)C)C(OC)=CC=C2OC,CC1=NOC(C(OCC)=O)=C1,CC(C)(C)/N=C(N(C)C)/N(C)C,IC1=NC=CC=C1,84.2,Cc1ccc(Nc2ccccn2)cc1
BTMG,CC(C)C(C=C(C(C)C)C=C1C(C)C)=C1C2=C(P(C(C)(C)C)C(C)(C)C)C(OC)=CC=C2OC,CC1=NOC(C(OCC)=O)=C1,CC(C)(C)/N=C(N(C)C)/N(C)C,ClC1=CN=CC=C1,2.23,Cc1ccc(Nc2cccnc2)cc1
BTMG,CC(C)C(C=C(C(C)C)C=C1C(C)C)=C1C2=C(P(C(C)(C)C)C(C)(C)C)C(OC)=CC=C2OC,CC1=NOC(C(OCC)=O)=C1,CC(C)(C)/N=C(N(C)C)/N(C)C,BrC1=CN=CC=C1,71.61,Cc1ccc(Nc2cccnc2)cc1
BTMG,CC(C)C(C=C(C(C)C)C=C1C(C)C)=C1C2=C(P(C(C)(C)C)C(C)(C)C)C(OC)=CC=C2OC,CC1=NOC(C(OCC)=O)=C1,CC(C)(C)/N=C(N(C)C)/N(C)C,IC1=CN=CC=C1,72.77,Cc1ccc(Nc2cccnc2)cc1
MTBD,CC(C)C(C=C(C(C)C)C=C1C(C)C)=C1C2=C(P(C(C)(C)C)C(C)(C)C)C(OC)=CC=C2OC,CC1=NOC(C(OCC)=O)=C1,CN1CCCN2C1=NCCC2,ClC1=CC=C(C(F)(F)F)C=C1,4.28,Cc1ccc(Nc2ccc(C(F)(F)F)cc2)cc1
MTBD,CC(C)C(C=C(C(C)C)C=C1C(C)C)=C1C2=C(P(C(C)(C)C)C(C)(C)C)C(OC)=CC=C2OC,CC1=NOC(C(OCC)=O)=C1,CN1CCCN2C1=NCCC2,BrC1=CC=C(C(F)(F)F)C=C1,40.44,Cc1ccc(Nc2ccc(C(F)(F)F)cc2)cc1
MTBD,CC(C)C(C=C(C(C)C)C=C1C(C)C)=C1C2=C(P(C(C)(C)C)C(C)(C)C)C(OC)=CC=C2OC,CC1=NOC(C(OCC)=O)=C1,CN1CCCN2C1=NCCC2,IC1=CC=C(C(F)(F)F)C=C1,46.66,Cc1ccc(Nc2ccc(C(F)(F)F)cc2)cc1
MTBD,CC(C)C(C=C(C(C)C)C=C1C(C)C)=C1C2=C(P(C(C)(C)C)C(C)(C)C)C(OC)=CC=C2OC,CC1=NOC(C(OCC)=O)=C1,CN1CCCN2C1=NCCC2,ClC1=CC=C(OC)C=C1,0.0,COc1ccc(Nc2ccc(C)cc2)cc1
MTBD,CC(C)C(C=C(C(C)C)C=C1C(C)C)=C1C2=C(P(C(C)(C)C)C(C)(C)C)C(OC)=CC=C2OC,CC1=NOC(C(OCC)=O)=C1,CN1CCCN2C1=NCCC2,BrC1=CC=C(OC)C=C1,46.65,COc1ccc(Nc2ccc(C)cc2)cc1
MTBD,CC(C)C(C=C(C(C)C)C=C1C(C)C)=C1C2=C(P(C(C)(C)C)C(C)(C)C)C(OC)=CC=C2OC,CC1=NOC(C(OCC)=O)=C1,CN1CCCN2C1=NCCC2,IC1=CC=C(OC)C=C1,45.97,COc1ccc(Nc2ccc(C)cc2)cc1
MTBD,CC(C)C(C=C(C(C)C)C=C1C(C)C)=C1C2=C(P(C(C)(C)C)C(C)(C)C)C(OC)=CC=C2OC,CC1=NOC(C(OCC)=O)=C1,CN1CCCN2C1=NCCC2,ClC1=CC=C(CC)C=C1,0.0,CCc1ccc(Nc2ccc(C)cc2)cc1
MTBD,CC(C)C(C=C(C(C)C)C=C1C(C)C)=C1C2=C(P(C(C)(C)C)C(C)(C)C)C(OC)=CC=C2OC,CC1=NOC(C(OCC)=O)=C1,CN1CCCN2C1=NCCC2,BrC1=CC=C(CC)C=C1,72.38,CCc1ccc(Nc2ccc(C)cc2)cc1
MTBD,CC(C)C(C=C(C(C)C)C=C1C(C)C)=C1C2=C(P(C(C)(C)C)C(C)(C)C)C(OC)=CC=C2OC,CC1=NOC(C(OCC)=O)=C1,CN1CCCN2C1=NCCC2,IC1=CC=C(CC)C=C1,82.71,CCc1ccc(Nc2ccc(C)cc2)cc1
MTBD,CC(C)C(C=C(C(C)C)C=C1C(C)C)=C1C2=C(P(C(C)(C)C)C(C)(C)C)C(OC)=CC=C2OC,CC1=NOC(C(OCC)=O)=C1,CN1CCCN2C1=NCCC2,ClC1=NC=CC=C1,77.87,Cc1ccc(Nc2ccccn2)cc1
MTBD,CC(C)C(C=C(C(C)C)C=C1C(C)C)=C1C2=C(P(C(C)(C)C)C(C)(C)C)C(OC)=CC=C2OC,CC1=NOC(C(OCC)=O)=C1,CN1CCCN2C1=NCCC2,BrC1=NC=CC=C1,96.59,Cc1ccc(Nc2ccccn2)cc1
MTBD,CC(C)C(C=C(C(C)C)C=C1C(C)C)=C1C2=C(P(C(C)(C)C)C(C)(C)C)C(OC)=CC=C2OC,CC1=NOC(C(OCC)=O)=C1,CN1CCCN2C1=NCCC2,IC1=NC=CC=C1,97.95,Cc1ccc(Nc2ccccn2)cc1
MTBD,CC(C)C(C=C(C(C)C)C=C1C(C)C)=C1C2=C(P(C(C)(C)C)C(C)(C)C)C(OC)=CC=C2OC,CC1=NOC(C(OCC)=O)=C1,CN1CCCN2C1=NCCC2,ClC1=CN=CC=C1,3.5,Cc1ccc(Nc2cccnc2)cc1
MTBD,CC(C)C(C=C(C(C)C)C=C1C(C)C)=C1C2=C(P(C(C)(C)C)C(C)(C)C)C(OC)=CC=C2OC,CC1=NOC(C(OCC)=O)=C1,CN1CCCN2C1=NCCC2,BrC1=CN=CC=C1,89.32,Cc1ccc(Nc2cccnc2)cc1
MTBD,CC(C)C(C=C(C(C)C)C=C1C(C)C)=C1C2=C(P(C(C)(C)C)C(C)(C)C)C(OC)=CC=C2OC,CC1=NOC(C(OCC)=O)=C1,CN1CCCN2C1=NCCC2,IC1=CN=CC=C1,89.22,Cc1ccc(Nc2cccnc2)cc1
P2Et,CC(C)C(C=C(C(C)C)C=C1C(C)C)=C1C2=C(P(C(C)(C)C)C(C)(C)C)C(OC)=CC=C2OC,CC1=CC(C(OCC)=O)=NO1,CN(C)P(N(C)C)(N(C)C)=NP(N(C)C)(N(C)C)=NCC,ClC1=CC=C(C(F)(F)F)C=C1,9.91,Cc1ccc(Nc2ccc(C(F)(F)F)cc2)cc1
P2Et,CC(C)C(C=C(C(C)C)C=C1C(C)C)=C1C2=C(P(C(C)(C)C)C(C)(C)C)C(OC)=CC=C2OC,CC1=CC(C(OCC)=O)=NO1,CN(C)P(N(C)C)(N(C)C)=NP(N(C)C)(N(C)C)=NCC,BrC1=CC=C(C(F)(F)F)C=C1,33.1,Cc1ccc(Nc2ccc(C(F)(F)F)cc2)cc1
P2Et,CC(C)C(C=C(C(C)C)C=C1C(C)C)=C1C2=C(P(C(C)(C)C)C(C)(C)C)C(OC)=CC=C2OC,CC1=CC(C(OCC)=O)=NO1,CN(C)P(N(C)C)(N(C)C)=NP(N(C)C)(N(C)C)=NCC,IC1=CC=C(C(F)(F)F)C=C1,39.92,Cc1ccc(Nc2ccc(C(F)(F)F)cc2)cc1
P2Et,CC(C)C(C=C(C(C)C)C=C1C(C)C)=C1C2=C(P(C(C)(C)C)C(C)(C)C)C(OC)=CC=C2OC,CC1=CC(C(OCC)=O)=NO1,CN(C)P(N(C)C)(N(C)C)=NP(N(C)C)(N(C)C)=NCC,ClC1=CC=C(OC)C=C1,0.3,COc1ccc(Nc2ccc(C)cc2)cc1
P2Et,CC(C)C(C=C(C(C)C)C=C1C(C)C)=C1C2=C(P(C(C)(C)C)C(C)(C)C)C(OC)=CC=C2OC,CC1=CC(C(OCC)=O)=NO1,CN(C)P(N(C)C)(N(C)C)=NP(N(C)C)(N(C)C)=NCC,BrC1=CC=C(OC)C=C1,43.42,COc1ccc(Nc2ccc(C)cc2)cc1
P2Et,CC(C)C(C=C(C(C)C)C=C1C(C)C)=C1C2=C(P(C(C)(C)C)C(C)(C)C)C(OC)=CC=C2OC,CC1=CC(C(OCC)=O)=NO1,CN(C)P(N(C)C)(N(C)C)=NP(N(C)C)(N(C)C)=NCC,IC1=CC=C(OC)C=C1,45.28,COc1ccc(Nc2ccc(C)cc2)cc1
P2Et,CC(C)C(C=C(C(C)C)C=C1C(C)C)=C1C2=C(P(C(C)(C)C)C(C)(C)C)C(OC)=CC=C2OC,CC1=CC(C(OCC)=O)=NO1,CN(C)P(N(C)C)(N(C)C)=NP(N(C)C)(N(C)C)=NCC,ClC1=CC=C(CC)C=C1,0.86,CCc1ccc(Nc2ccc(C)cc2)cc1
P2Et,CC(C)C(C=C(C(C)C)C=C1C(C)C)=C1C2=C(P(C(C)(C)C)C(C)(C)C)C(OC)=CC=C2OC,CC1=CC(C(OCC)=O)=NO1,CN(C)P(N(C)C)(N(C)C)=NP(N(C)C)(N(C)C)=NCC,BrC1=CC=C(CC)C=C1,68.85,CCc1ccc(Nc2ccc(C)cc2)cc1
P2Et,CC(C)C(C=C(C(C)C)C=C1C(C)C)=C1C2=C(P(C(C)(C)C)C(C)(C)C)C(OC)=CC=C2OC,CC1=CC(C(OCC)=O)=NO1,CN(C)P(N(C)C)(N(C)C)=NP(N(C)C)(N(C)C)=NCC,IC1=CC=C(CC)C=C1,64.61,CCc1ccc(Nc2ccc(C)cc2)cc1
P2Et,CC(C)C(C=C(C(C)C)C=C1C(C)C)=C1C2=C(P(C(C)(C)C)C(C)(C)C)C(OC)=CC=C2OC,CC1=CC(C(OCC)=O)=NO1,CN(C)P(N(C)C)(N(C)C)=NP(N(C)C)(N(C)C)=NCC,ClC1=NC=CC=C1,63.85,Cc1ccc(Nc2ccccn2)cc1
P2Et,CC(C)C(C=C(C(C)C)C=C1C(C)C)=C1C2=C(P(C(C)(C)C)C(C)(C)C)C(OC)=CC=C2OC,CC1=CC(C(OCC)=O)=NO1,CN(C)P(N(C)C)(N(C)C)=NP(N(C)C)(N(C)C)=NCC,BrC1=NC=CC=C1,76.34,Cc1ccc(Nc2ccccn2)cc1
P2Et,CC(C)C(C=C(C(C)C)C=C1C(C)C)=C1C2=C(P(C(C)(C)C)C(C)(C)C)C(OC)=CC=C2OC,CC1=CC(C(OCC)=O)=NO1,CN(C)P(N(C)C)(N(C)C)=NP(N(C)C)(N(C)C)=NCC,IC1=NC=CC=C1,73.14,Cc1ccc(Nc2ccccn2)cc1
P2Et,CC(C)C(C=C(C(C)C)C=C1C(C)C)=C1C2=C(P(C(C)(C)C)C(C)(C)C)C(OC)=CC=C2OC,CC1=CC(C(OCC)=O)=NO1,CN(C)P(N(C)C)(N(C)C)=NP(N(C)C)(N(C)C)=NCC,ClC1=CN=CC=C1,4.5,Cc1ccc(Nc2cccnc2)cc1
P2Et,CC(C)C(C=C(C(C)C)C=C1C(C)C)=C1C2=C(P(C(C)(C)C)C(C)(C)C)C(OC)=CC=C2OC,CC1=CC(C(OCC)=O)=NO1,CN(C)P(N(C)C)(N(C)C)=NP(N(C)C)(N(C)C)=NCC,BrC1=CN=CC=C1,40.88,Cc1ccc(Nc2cccnc2)cc1
P2Et,CC(C)C(C=C(C(C)C)C=C1C(C)C)=C1C2=C(P(C(C)(C)C)C(C)(C)C)C(OC)=CC=C2OC,CC1=CC(C(OCC)=O)=NO1,CN(C)P(N(C)C)(N(C)C)=NP(N(C)C)(N(C)C)=NCC,IC1=CN=CC=C1,40.32,Cc1ccc(Nc2cccnc2)cc1
BTMG,CC(C)C(C=C(C(C)C)C=C1C(C)C)=C1C2=C(P(C(C)(C)C)C(C)(C)C)C(OC)=CC=C2OC,CC1=CC(C(OCC)=O)=NO1,CC(C)(C)/N=C(N(C)C)/N(C)C,ClC1=CC=C(C(F)(F)F)C=C1,24.27,Cc1ccc(Nc2ccc(C(F)(F)F)cc2)cc1
BTMG,CC(C)C(C=C(C(C)C)C=C1C(C)C)=C1C2=C(P(C(C)(C)C)C(C)(C)C)C(OC)=CC=C2OC,CC1=CC(C(OCC)=O)=NO1,CC(C)(C)/N=C(N(C)C)/N(C)C,BrC1=CC=C(C(F)(F)F)C=C1,42.64,Cc1ccc(Nc2ccc(C(F)(F)F)cc2)cc1
BTMG,CC(C)C(C=C(C(C)C)C=C1C(C)C)=C1C2=C(P(C(C)(C)C)C(C)(C)C)C(OC)=CC=C2OC,CC1=CC(C(OCC)=O)=NO1,CC(C)(C)/N=C(N(C)C)/N(C)C,IC1=CC=C(C(F)(F)F)C=C1,47.6,Cc1ccc(Nc2ccc(C(F)(F)F)cc2)cc1
BTMG,CC(C)C(C=C(C(C)C)C=C1C(C)C)=C1C2=C(P(C(C)(C)C)C(C)(C)C)C(OC)=CC=C2OC,CC1=CC(C(OCC)=O)=NO1,CC(C)(C)/N=C(N(C)C)/N(C)C,ClC1=CC=C(OC)C=C1,0.35,COc1ccc(Nc2ccc(C)cc2)cc1
BTMG,CC(C)C(C=C(C(C)C)C=C1C(C)C)=C1C2=C(P(C(C)(C)C)C(C)(C)C)C(OC)=CC=C2OC,CC1=CC(C(OCC)=O)=NO1,CC(C)(C)/N=C(N(C)C)/N(C)C,BrC1=CC=C(OC)C=C1,40.98,COc1ccc(Nc2ccc(C)cc2)cc1
BTMG,CC(C)C(C=C(C(C)C)C=C1C(C)C)=C1C2=C(P(C(C)(C)C)C(C)(C)C)C(OC)=CC=C2OC,CC1=CC(C(OCC)=O)=NO1,CC(C)(C)/N=C(N(C)C)/N(C)C,IC1=CC=C(OC)C=C1,43.26,COc1ccc(Nc2ccc(C)cc2)cc1
BTMG,CC(C)C(C=C(C(C)C)C=C1C(C)C)=C1C2=C(P(C(C)(C)C)C(C)(C)C)C(OC)=CC=C2OC,CC1=CC(C(OCC)=O)=NO1,CC(C)(C)/N=C(N(C)C)/N(C)C,ClC1=CC=C(CC)C=C1,1.5,CCc1ccc(Nc2ccc(C)cc2)cc1
BTMG,CC(C)C(C=C(C(C)C)C=C1C(C)C)=C1C2=C(P(C(C)(C)C)C(C)(C)C)C(OC)=CC=C2OC,CC1=CC(C(OCC)=O)=NO1,CC(C)(C)/N=C(N(C)C)/N(C)C,BrC1=CC=C(CC)C=C1,68.07,CCc1ccc(Nc2ccc(C)cc2)cc1
BTMG,CC(C)C(C=C(C(C)C)C=C1C(C)C)=C1C2=C(P(C(C)(C)C)C(C)(C)C)C(OC)=CC=C2OC,CC1=CC(C(OCC)=O)=NO1,CC(C)(C)/N=C(N(C)C)/N(C)C,IC1=CC=C(CC)C=C1,74.75,CCc1ccc(Nc2ccc(C)cc2)cc1
BTMG,CC(C)C(C=C(C(C)C)C=C1C(C)C)=C1C2=C(P(C(C)(C)C)C(C)(C)C)C(OC)=CC=C2OC,CC1=CC(C(OCC)=O)=NO1,CC(C)(C)/N=C(N(C)C)/N(C)C,ClC1=NC=CC=C1,70.28,Cc1ccc(Nc2ccccn2)cc1
BTMG,CC(C)C(C=C(C(C)C)C=C1C(C)C)=C1C2=C(P(C(C)(C)C)C(C)(C)C)C(OC)=CC=C2OC,CC1=CC(C(OCC)=O)=NO1,CC(C)(C)/N=C(N(C)C)/N(C)C,BrC1=NC=CC=C1,80.53,Cc1ccc(Nc2ccccn2)cc1
BTMG,CC(C)C(C=C(C(C)C)C=C1C(C)C)=C1C2=C(P(C(C)(C)C)C(C)(C)C)C(OC)=CC=C2OC,CC1=CC(C(OCC)=O)=NO1,CC(C)(C)/N=C(N(C)C)/N(C)C,IC1=NC=CC=C1,85.27,Cc1ccc(Nc2ccccn2)cc1
BTMG,CC(C)C(C=C(C(C)C)C=C1C(C)C)=C1C2=C(P(C(C)(C)C)C(C)(C)C)C(OC)=CC=C2OC,CC1=CC(C(OCC)=O)=NO1,CC(C)(C)/N=C(N(C)C)/N(C)C,ClC1=CN=CC=C1,21.95,Cc1ccc(Nc2cccnc2)cc1
BTMG,CC(C)C(C=C(C(C)C)C=C1C(C)C)=C1C2=C(P(C(C)(C)C)C(C)(C)C)C(OC)=CC=C2OC,CC1=CC(C(OCC)=O)=NO1,CC(C)(C)/N=C(N(C)C)/N(C)C,BrC1=CN=CC=C1,72.59,Cc1ccc(Nc2cccnc2)cc1
BTMG,CC(C)C(C=C(C(C)C)C=C1C(C)C)=C1C2=C(P(C(C)(C)C)C(C)(C)C)C(OC)=CC=C2OC,CC1=CC(C(OCC)=O)=NO1,CC(C)(C)/N=C(N(C)C)/N(C)C,IC1=CN=CC=C1,77.03,Cc1ccc(Nc2cccnc2)cc1
MTBD,CC(C)C(C=C(C(C)C)C=C1C(C)C)=C1C2=C(P(C(C)(C)C)C(C)(C)C)C(OC)=CC=C2OC,CC1=CC(C(OCC)=O)=NO1,CN1CCCN2C1=NCCC2,ClC1=CC=C(C(F)(F)F)C=C1,23.09,Cc1ccc(Nc2ccc(C(F)(F)F)cc2)cc1
MTBD,CC(C)C(C=C(C(C)C)C=C1C(C)C)=C1C2=C(P(C(C)(C)C)C(C)(C)C)C(OC)=CC=C2OC,CC1=CC(C(OCC)=O)=NO1,CN1CCCN2C1=NCCC2,BrC1=CC=C(C(F)(F)F)C=C1,47.56,Cc1ccc(Nc2ccc(C(F)(F)F)cc2)cc1
MTBD,CC(C)C(C=C(C(C)C)C=C1C(C)C)=C1C2=C(P(C(C)(C)C)C(C)(C)C)C(OC)=CC=C2OC,CC1=CC(C(OCC)=O)=NO1,CN1CCCN2C1=NCCC2,IC1=CC=C(C(F)(F)F)C=C1,46.76,Cc1ccc(Nc2ccc(C(F)(F)F)cc2)cc1
MTBD,CC(C)C(C=C(C(C)C)C=C1C(C)C)=C1C2=C(P(C(C)(C)C)C(C)(C)C)C(OC)=CC=C2OC,CC1=CC(C(OCC)=O)=NO1,CN1CCCN2C1=NCCC2,ClC1=CC=C(OC)C=C1,0.61,COc1ccc(Nc2ccc(C)cc2)cc1
MTBD,CC(C)C(C=C(C(C)C)C=C1C(C)C)=C1C2=C(P(C(C)(C)C)C(C)(C)C)C(OC)=CC=C2OC,CC1=CC(C(OCC)=O)=NO1,CN1CCCN2C1=NCCC2,BrC1=CC=C(OC)C=C1,47.15,COc1ccc(Nc2ccc(C)cc2)cc1
MTBD,CC(C)C(C=C(C(C)C)C=C1C(C)C)=C1C2=C(P(C(C)(C)C)C(C)(C)C)C(OC)=CC=C2OC,CC1=CC(C(OCC)=O)=NO1,CN1CCCN2C1=NCCC2,IC1=CC=C(OC)C=C1,45.98,COc1ccc(Nc2ccc(C)cc2)cc1
MTBD,CC(C)C(C=C(C(C)C)C=C1C(C)C)=C1C2=C(P(C(C)(C)C)C(C)(C)C)C(OC)=CC=C2OC,CC1=CC(C(OCC)=O)=NO1,CN1CCCN2C1=NCCC2,ClC1=CC=C(CC)C=C1,0.0,CCc1ccc(Nc2ccc(C)cc2)cc1
MTBD,CC(C)C(C=C(C(C)C)C=C1C(C)C)=C1C2=C(P(C(C)(C)C)C(C)(C)C)C(OC)=CC=C2OC,CC1=CC(C(OCC)=O)=NO1,CN1CCCN2C1=NCCC2,BrC1=CC=C(CC)C=C1,79.74,CCc1ccc(Nc2ccc(C)cc2)cc1
MTBD,CC(C)C(C=C(C(C)C)C=C1C(C)C)=C1C2=C(P(C(C)(C)C)C(C)(C)C)C(OC)=CC=C2OC,CC1=CC(C(OCC)=O)=NO1,CN1CCCN2C1=NCCC2,IC1=CC=C(CC)C=C1,80.79,CCc1ccc(Nc2ccc(C)cc2)cc1
MTBD,CC(C)C(C=C(C(C)C)C=C1C(C)C)=C1C2=C(P(C(C)(C)C)C(C)(C)C)C(OC)=CC=C2OC,CC1=CC(C(OCC)=O)=NO1,CN1CCCN2C1=NCCC2,ClC1=NC=CC=C1,84.69,Cc1ccc(Nc2ccccn2)cc1
MTBD,CC(C)C(C=C(C(C)C)C=C1C(C)C)=C1C2=C(P(C(C)(C)C)C(C)(C)C)C(OC)=CC=C2OC,CC1=CC(C(OCC)=O)=NO1,CN1CCCN2C1=NCCC2,BrC1=NC=CC=C1,91.06,Cc1ccc(Nc2ccccn2)cc1
MTBD,CC(C)C(C=C(C(C)C)C=C1C(C)C)=C1C2=C(P(C(C)(C)C)C(C)(C)C)C(OC)=CC=C2OC,CC1=CC(C(OCC)=O)=NO1,CN1CCCN2C1=NCCC2,IC1=NC=CC=C1,98.18,Cc1ccc(Nc2ccccn2)cc1
MTBD,CC(C)C(C=C(C(C)C)C=C1C(C)C)=C1C2=C(P(C(C)(C)C)C(C)(C)C)C(OC)=CC=C2OC,CC1=CC(C(OCC)=O)=NO1,CN1CCCN2C1=NCCC2,ClC1=CN=CC=C1,23.84,Cc1ccc(Nc2cccnc2)cc1
MTBD,CC(C)C(C=C(C(C)C)C=C1C(C)C)=C1C2=C(P(C(C)(C)C)C(C)(C)C)C(OC)=CC=C2OC,CC1=CC(C(OCC)=O)=NO1,CN1CCCN2C1=NCCC2,BrC1=CN=CC=C1,86.41,Cc1ccc(Nc2cccnc2)cc1
MTBD,CC(C)C(C=C(C(C)C)C=C1C(C)C)=C1C2=C(P(C(C)(C)C)C(C)(C)C)C(OC)=CC=C2OC,CC1=CC(C(OCC)=O)=NO1,CN1CCCN2C1=NCCC2,IC1=CN=CC=C1,87.55,Cc1ccc(Nc2cccnc2)cc1
P2Et,CC(C)C(C=C(C(C)C)C=C1C(C)C)=C1C2=C(P([C@@]3(C[C@@H]4C5)C[C@H](C4)C[C@H]5C3)[C@]6(C7)C[C@@H](C[C@@H]7C8)C[C@@H]8C6)C(OC)=CC=C2OC,C1(C2=CC=CC=C2)=CC=NO1,CN(C)P(N(C)C)(N(C)C)=NP(N(C)C)(N(C)C)=NCC,ClC1=CC=C(C(F)(F)F)C=C1,6.58,Cc1ccc(Nc2ccc(C(F)(F)F)cc2)cc1
P2Et,CC(C)C(C=C(C(C)C)C=C1C(C)C)=C1C2=C(P([C@@]3(C[C@@H]4C5)C[C@H](C4)C[C@H]5C3)[C@]6(C7)C[C@@H](C[C@@H]7C8)C[C@@H]8C6)C(OC)=CC=C2OC,C1(C2=CC=CC=C2)=CC=NO1,CN(C)P(N(C)C)(N(C)C)=NP(N(C)C)(N(C)C)=NCC,BrC1=CC=C(C(F)(F)F)C=C1,8.74,Cc1ccc(Nc2ccc(C(F)(F)F)cc2)cc1
P2Et,CC(C)C(C=C(C(C)C)C=C1C(C)C)=C1C2=C(P([C@@]3(C[C@@H]4C5)C[C@H](C4)C[C@H]5C3)[C@]6(C7)C[C@@H](C[C@@H]7C8)C[C@@H]8C6)C(OC)=CC=C2OC,C1(C2=CC=CC=C2)=CC=NO1,CN(C)P(N(C)C)(N(C)C)=NP(N(C)C)(N(C)C)=NCC,IC1=CC=C(C(F)(F)F)C=C1,9.94,Cc1ccc(Nc2ccc(C(F)(F)F)cc2)cc1
P2Et,CC(C)C(C=C(C(C)C)C=C1C(C)C)=C1C2=C(P([C@@]3(C[C@@H]4C5)C[C@H](C4)C[C@H]5C3)[C@]6(C7)C[C@@H](C[C@@H]7C8)C[C@@H]8C6)C(OC)=CC=C2OC,C1(C2=CC=CC=C2)=CC=NO1,CN(C)P(N(C)C)(N(C)C)=NP(N(C)C)(N(C)C)=NCC,ClC1=CC=C(OC)C=C1,1.71,COc1ccc(Nc2ccc(C)cc2)cc1
P2Et,CC(C)C(C=C(C(C)C)C=C1C(C)C)=C1C2=C(P([C@@]3(C[C@@H]4C5)C[C@H](C4)C[C@H]5C3)[C@]6(C7)C[C@@H](C[C@@H]7C8)C[C@@H]8C6)C(OC)=CC=C2OC,C1(C2=CC=CC=C2)=CC=NO1,CN(C)P(N(C)C)(N(C)C)=NP(N(C)C)(N(C)C)=NCC,BrC1=CC=C(OC)C=C1,12.3,COc1ccc(Nc2ccc(C)cc2)cc1
P2Et,CC(C)C(C=C(C(C)C)C=C1C(C)C)=C1C2=C(P([C@@]3(C[C@@H]4C5)C[C@H](C4)C[C@H]5C3)[C@]6(C7)C[C@@H](C[C@@H]7C8)C[C@@H]8C6)C(OC)=CC=C2OC,C1(C2=CC=CC=C2)=CC=NO1,CN(C)P(N(C)C)(N(C)C)=NP(N(C)C)(N(C)C)=NCC,IC1=CC=C(OC)C=C1,16.86,COc1ccc(Nc2ccc(C)cc2)cc1
P2Et,CC(C)C(C=C(C(C)C)C=C1C(C)C)=C1C2=C(P([C@@]3(C[C@@H]4C5)C[C@H](C4)C[C@H]5C3)[C@]6(C7)C[C@@H](C[C@@H]7C8)C[C@@H]8C6)C(OC)=CC=C2OC,C1(C2=CC=CC=C2)=CC=NO1,CN(C)P(N(C)C)(N(C)C)=NP(N(C)C)(N(C)C)=NCC,ClC1=CC=C(CC)C=C1,3.6,CCc1ccc(Nc2ccc(C)cc2)cc1
P2Et,CC(C)C(C=C(C(C)C)C=C1C(C)C)=C1C2=C(P([C@@]3(C[C@@H]4C5)C[C@H](C4)C[C@H]5C3)[C@]6(C7)C[C@@H](C[C@@H]7C8)C[C@@H]8C6)C(OC)=CC=C2OC,C1(C2=CC=CC=C2)=CC=NO1,CN(C)P(N(C)C)(N(C)C)=NP(N(C)C)(N(C)C)=NCC,BrC1=CC=C(CC)C=C1,19.9,CCc1ccc(Nc2ccc(C)cc2)cc1
P2Et,CC(C)C(C=C(C(C)C)C=C1C(C)C)=C1C2=C(P([C@@]3(C[C@@H]4C5)C[C@H](C4)C[C@H]5C3)[C@]6(C7)C[C@@H](C[C@@H]7C8)C[C@@H]8C6)C(OC)=CC=C2OC,C1(C2=CC=CC=C2)=CC=NO1,CN(C)P(N(C)C)(N(C)C)=NP(N(C)C)(N(C)C)=NCC,IC1=CC=C(CC)C=C1,25.25,CCc1ccc(Nc2ccc(C)cc2)cc1
P2Et,CC(C)C(C=C(C(C)C)C=C1C(C)C)=C1C2=C(P([C@@]3(C[C@@H]4C5)C[C@H](C4)C[C@H]5C3)[C@]6(C7)C[C@@H](C[C@@H]7C8)C[C@@H]8C6)C(OC)=CC=C2OC,C1(C2=CC=CC=C2)=CC=NO1,CN(C)P(N(C)C)(N(C)C)=NP(N(C)C)(N(C)C)=NCC,ClC1=NC=CC=C1,16.16,Cc1ccc(Nc2ccccn2)cc1
P2Et,CC(C)C(C=C(C(C)C)C=C1C(C)C)=C1C2=C(P([C@@]3(C[C@@H]4C5)C[C@H](C4)C[C@H]5C3)[C@]6(C7)C[C@@H](C[C@@H]7C8)C[C@@H]8C6)C(OC)=CC=C2OC,C1(C2=CC=CC=C2)=CC=NO1,CN(C)P(N(C)C)(N(C)C)=NP(N(C)C)(N(C)C)=NCC,BrC1=NC=CC=C1,20.64,Cc1ccc(Nc2ccccn2)cc1
P2Et,CC(C)C(C=C(C(C)C)C=C1C(C)C)=C1C2=C(P([C@@]3(C[C@@H]4C5)C[C@H](C4)C[C@H]5C3)[C@]6(C7)C[C@@H](C[C@@H]7C8)C[C@@H]8C6)C(OC)=CC=C2OC,C1(C2=CC=CC=C2)=CC=NO1,CN(C)P(N(C)C)(N(C)C)=NP(N(C)C)(N(C)C)=NCC,IC1=NC=CC=C1,24.16,Cc1ccc(Nc2ccccn2)cc1
P2Et,CC(C)C(C=C(C(C)C)C=C1C(C)C)=C1C2=C(P([C@@]3(C[C@@H]4C5)C[C@H](C4)C[C@H]5C3)[C@]6(C7)C[C@@H](C[C@@H]7C8)C[C@@H]8C6)C(OC)=CC=C2OC,C1(C2=CC=CC=C2)=CC=NO1,CN(C)P(N(C)C)(N(C)C)=NP(N(C)C)(N(C)C)=NCC,ClC1=CN=CC=C1,7.94,Cc1ccc(Nc2cccnc2)cc1
P2Et,CC(C)C(C=C(C(C)C)C=C1C(C)C)=C1C2=C(P([C@@]3(C[C@@H]4C5)C[C@H](C4)C[C@H]5C3)[C@]6(C7)C[C@@H](C[C@@H]7C8)C[C@@H]8C6)C(OC)=CC=C2OC,C1(C2=CC=CC=C2)=CC=NO1,CN(C)P(N(C)C)(N(C)C)=NP(N(C)C)(N(C)C)=NCC,BrC1=CN=CC=C1,13.65,Cc1ccc(Nc2cccnc2)cc1
P2Et,CC(C)C(C=C(C(C)C)C=C1C(C)C)=C1C2=C(P([C@@]3(C[C@@H]4C5)C[C@H](C4)C[C@H]5C3)[C@]6(C7)C[C@@H](C[C@@H]7C8)C[C@@H]8C6)C(OC)=CC=C2OC,C1(C2=CC=CC=C2)=CC=NO1,CN(C)P(N(C)C)(N(C)C)=NP(N(C)C)(N(C)C)=NCC,IC1=CN=CC=C1,14.37,Cc1ccc(Nc2cccnc2)cc1
BTMG,CC(C)C(C=C(C(C)C)C=C1C(C)C)=C1C2=C(P([C@@]3(C[C@@H]4C5)C[C@H](C4)C[C@H]5C3)[C@]6(C7)C[C@@H](C[C@@H]7C8)C[C@@H]8C6)C(OC)=CC=C2OC,C1(C2=CC=CC=C2)=CC=NO1,CC(C)(C)/N=C(N(C)C)/N(C)C,ClC1=CC=C(C(F)(F)F)C=C1,3.96,Cc1ccc(Nc2ccc(C(F)(F)F)cc2)cc1
BTMG,CC(C)C(C=C(C(C)C)C=C1C(C)C)=C1C2=C(P([C@@]3(C[C@@H]4C5)C[C@H](C4)C[C@H]5C3)[C@]6(C7)C[C@@H](C[C@@H]7C8)C[C@@H]8C6)C(OC)=CC=C2OC,C1(C2=CC=CC=C2)=CC=NO1,CC(C)(C)/N=C(N(C)C)/N(C)C,BrC1=CC=C(C(F)(F)F)C=C1,22.52,Cc1ccc(Nc2ccc(C(F)(F)F)cc2)cc1
BTMG,CC(C)C(C=C(C(C)C)C=C1C(C)C)=C1C2=C(P([C@@]3(C[C@@H]4C5)C[C@H](C4)C[C@H]5C3)[C@]6(C7)C[C@@H](C[C@@H]7C8)C[C@@H]8C6)C(OC)=CC=C2OC,C1(C2=CC=CC=C2)=CC=NO1,CC(C)(C)/N=C(N(C)C)/N(C)C,IC1=CC=C(C(F)(F)F)C=C1,39.75,Cc1ccc(Nc2ccc(C(F)(F)F)cc2)cc1
BTMG,CC(C)C(C=C(C(C)C)C=C1C(C)C)=C1C2=C(P([C@@]3(C[C@@H]4C5)C[C@H](C4)C[C@H]5C3)[C@]6(C7)C[C@@H](C[C@@H]7C8)C[C@@H]8C6)C(OC)=CC=C2OC,C1(C2=CC=CC=C2)=CC=NO1,CC(C)(C)/N=C(N(C)C)/N(C)C,ClC1=CC=C(OC)C=C1,0.0,COc1ccc(Nc2ccc(C)cc2)cc1
BTMG,CC(C)C(C=C(C(C)C)C=C1C(C)C)=C1C2=C(P([C@@]3(C[C@@H]4C5)C[C@H](C4)C[C@H]5C3)[C@]6(C7)C[C@@H](C[C@@H]7C8)C[C@@H]8C6)C(OC)=CC=C2OC,C1(C2=CC=CC=C2)=CC=NO1,CC(C)(C)/N=C(N(C)C)/N(C)C,BrC1=CC=C(OC)C=C1,15.82,COc1ccc(Nc2ccc(C)cc2)cc1
BTMG,CC(C)C(C=C(C(C)C)C=C1C(C)C)=C1C2=C(P([C@@]3(C[C@@H]4C5)C[C@H](C4)C[C@H]5C3)[C@]6(C7)C[C@@H](C[C@@H]7C8)C[C@@H]8C6)C(OC)=CC=C2OC,C1(C2=CC=CC=C2)=CC=NO1,CC(C)(C)/N=C(N(C)C)/N(C)C,IC1=CC=C(OC)C=C1,40.14,COc1ccc(Nc2ccc(C)cc2)cc1
BTMG,CC(C)C(C=C(C(C)C)C=C1C(C)C)=C1C2=C(P([C@@]3(C[C@@H]4C5)C[C@H](C4)C[C@H]5C3)[C@]6(C7)C[C@@H](C[C@@H]7C8)C[C@@H]8C6)C(OC)=CC=C2OC,C1(C2=CC=CC=C2)=CC=NO1,CC(C)(C)/N=C(N(C)C)/N(C)C,ClC1=CC=C(CC)C=C1,0.58,CCc1ccc(Nc2ccc(C)cc2)cc1
BTMG,CC(C)C(C=C(C(C)C)C=C1C(C)C)=C1C2=C(P([C@@]3(C[C@@H]4C5)C[C@H](C4)C[C@H]5C3)[C@]6(C7)C[C@@H](C[C@@H]7C8)C[C@@H]8C6)C(OC)=CC=C2OC,C1(C2=CC=CC=C2)=CC=NO1,CC(C)(C)/N=C(N(C)C)/N(C)C,BrC1=CC=C(CC)C=C1,29.3,CCc1ccc(Nc2ccc(C)cc2)cc1
BTMG,CC(C)C(C=C(C(C)C)C=C1C(C)C)=C1C2=C(P([C@@]3(C[C@@H]4C5)C[C@H](C4)C[C@H]5C3)[C@]6(C7)C[C@@H](C[C@@H]7C8)C[C@@H]8C6)C(OC)=CC=C2OC,C1(C2=CC=CC=C2)=CC=NO1,CC(C)(C)/N=C(N(C)C)/N(C)C,IC1=CC=C(CC)C=C1,73.74,CCc1ccc(Nc2ccc(C)cc2)cc1
BTMG,CC(C)C(C=C(C(C)C)C=C1C(C)C)=C1C2=C(P([C@@]3(C[C@@H]4C5)C[C@H](C4)C[C@H]5C3)[C@]6(C7)C[C@@H](C[C@@H]7C8)C[C@@H]8C6)C(OC)=CC=C2OC,C1(C2=CC=CC=C2)=CC=NO1,CC(C)(C)/N=C(N(C)C)/N(C)C,ClC1=NC=CC=C1,24.61,Cc1ccc(Nc2ccccn2)cc1
BTMG,CC(C)C(C=C(C(C)C)C=C1C(C)C)=C1C2=C(P([C@@]3(C[C@@H]4C5)C[C@H](C4)C[C@H]5C3)[C@]6(C7)C[C@@H](C[C@@H]7C8)C[C@@H]8C6)C(OC)=CC=C2OC,C1(C2=CC=CC=C2)=CC=NO1,CC(C)(C)/N=C(N(C)C)/N(C)C,BrC1=NC=CC=C1,39.09,Cc1ccc(Nc2ccccn2)cc1
BTMG,CC(C)C(C=C(C(C)C)C=C1C(C)C)=C1C2=C(P([C@@]3(C[C@@H]4C5)C[C@H](C4)C[C@H]5C3)[C@]6(C7)C[C@@H](C[C@@H]7C8)C[C@@H]8C6)C(OC)=CC=C2OC,C1(C2=CC=CC=C2)=CC=NO1,CC(C)(C)/N=C(N(C)C)/N(C)C,IC1=NC=CC=C1,65.39,Cc1ccc(Nc2ccccn2)cc1
BTMG,CC(C)C(C=C(C(C)C)C=C1C(C)C)=C1C2=C(P([C@@]3(C[C@@H]4C5)C[C@H](C4)C[C@H]5C3)[C@]6(C7)C[C@@H](C[C@@H]7C8)C[C@@H]8C6)C(OC)=CC=C2OC,C1(C2=CC=CC=C2)=CC=NO1,CC(C)(C)/N=C(N(C)C)/N(C)C,ClC1=CN=CC=C1,2.34,Cc1ccc(Nc2cccnc2)cc1
BTMG,CC(C)C(C=C(C(C)C)C=C1C(C)C)=C1C2=C(P([C@@]3(C[C@@H]4C5)C[C@H](C4)C[C@H]5C3)[C@]6(C7)C[C@@H](C[C@@H]7C8)C[C@@H]8C6)C(OC)=CC=C2OC,C1(C2=CC=CC=C2)=CC=NO1,CC(C)(C)/N=C(N(C)C)/N(C)C,BrC1=CN=CC=C1,48.31,Cc1ccc(Nc2cccnc2)cc1
BTMG,CC(C)C(C=C(C(C)C)C=C1C(C)C)=C1C2=C(P([C@@]3(C[C@@H]4C5)C[C@H](C4)C[C@H]5C3)[C@]6(C7)C[C@@H](C[C@@H]7C8)C[C@@H]8C6)C(OC)=CC=C2OC,C1(C2=CC=CC=C2)=CC=NO1,CC(C)(C)/N=C(N(C)C)/N(C)C,IC1=CN=CC=C1,72.94,Cc1ccc(Nc2cccnc2)cc1
MTBD,CC(C)C(C=C(C(C)C)C=C1C(C)C)=C1C2=C(P([C@@]3(C[C@@H]4C5)C[C@H](C4)C[C@H]5C3)[C@]6(C7)C[C@@H](C[C@@H]7C8)C[C@@H]8C6)C(OC)=CC=C2OC,C1(C2=CC=CC=C2)=CC=NO1,CN1CCCN2C1=NCCC2,ClC1=CC=C(C(F)(F)F)C=C1,10.0,Cc1ccc(Nc2ccc(C(F)(F)F)cc2)cc1
MTBD,CC(C)C(C=C(C(C)C)C=C1C(C)C)=C1C2=C(P([C@@]3(C[C@@H]4C5)C[C@H](C4)C[C@H]5C3)[C@]6(C7)C[C@@H](C[C@@H]7C8)C[C@@H]8C6)C(OC)=CC=C2OC,C1(C2=CC=CC=C2)=CC=NO1,CN1CCCN2C1=NCCC2,BrC1=CC=C(C(F)(F)F)C=C1,37.52,Cc1ccc(Nc2ccc(C(F)(F)F)cc2)cc1
MTBD,CC(C)C(C=C(C(C)C)C=C1C(C)C)=C1C2=C(P([C@@]3(C[C@@H]4C5)C[C@H](C4)C[C@H]5C3)[C@]6(C7)C[C@@H](C[C@@H]7C8)C[C@@H]8C6)C(OC)=CC=C2OC,C1(C2=CC=CC=C2)=CC=NO1,CN1CCCN2C1=NCCC2,IC1=CC=C(C(F)(F)F)C=C1,52.59,Cc1ccc(Nc2ccc(C(F)(F)F)cc2)cc1
MTBD,CC(C)C(C=C(C(C)C)C=C1C(C)C)=C1C2=C(P([C@@]3(C[C@@H]4C5)C[C@H](C4)C[C@H]5C3)[C@]6(C7)C[C@@H](C[C@@H]7C8)C[C@@H]8C6)C(OC)=CC=C2OC,C1(C2=CC=CC=C2)=CC=NO1,CN1CCCN2C1=NCCC2,ClC1=CC=C(OC)C=C1,0.86,COc1ccc(Nc2ccc(C)cc2)cc1
MTBD,CC(C)C(C=C(C(C)C)C=C1C(C)C)=C1C2=C(P([C@@]3(C[C@@H]4C5)C[C@H](C4)C[C@H]5C3)[C@]6(C7)C[C@@H](C[C@@H]7C8)C[C@@H]8C6)C(OC)=CC=C2OC,C1(C2=CC=CC=C2)=CC=NO1,CN1CCCN2C1=NCCC2,BrC1=CC=C(OC)C=C1,34.29,COc1ccc(Nc2ccc(C)cc2)cc1
MTBD,CC(C)C(C=C(C(C)C)C=C1C(C)C)=C1C2=C(P([C@@]3(C[C@@H]4C5)C[C@H](C4)C[C@H]5C3)[C@]6(C7)C[C@@H](C[C@@H]7C8)C[C@@H]8C6)C(OC)=CC=C2OC,C1(C2=CC=CC=C2)=CC=NO1,CN1CCCN2C1=NCCC2,IC1=CC=C(OC)C=C1,53.15,COc1ccc(Nc2ccc(C)cc2)cc1
MTBD,CC(C)C(C=C(C(C)C)C=C1C(C)C)=C1C2=C(P([C@@]3(C[C@@H]4C5)C[C@H](C4)C[C@H]5C3)[C@]6(C7)C[C@@H](C[C@@H]7C8)C[C@@H]8C6)C(OC)=CC=C2OC,C1(C2=CC=CC=C2)=CC=NO1,CN1CCCN2C1=NCCC2,ClC1=CC=C(CC)C=C1,2.17,CCc1ccc(Nc2ccc(C)cc2)cc1
MTBD,CC(C)C(C=C(C(C)C)C=C1C(C)C)=C1C2=C(P([C@@]3(C[C@@H]4C5)C[C@H](C4)C[C@H]5C3)[C@]6(C7)C[C@@H](C[C@@H]7C8)C[C@@H]8C6)C(OC)=CC=C2OC,C1(C2=CC=CC=C2)=CC=NO1,CN1CCCN2C1=NCCC2,BrC1=CC=C(CC)C=C1,59.97,CCc1ccc(Nc2ccc(C)cc2)cc1
MTBD,CC(C)C(C=C(C(C)C)C=C1C(C)C)=C1C2=C(P([C@@]3(C[C@@H]4C5)C[C@H](C4)C[C@H]5C3)[C@]6(C7)C[C@@H](C[C@@H]7C8)C[C@@H]8C6)C(OC)=CC=C2OC,C1(C2=CC=CC=C2)=CC=NO1,CN1CCCN2C1=NCCC2,IC1=CC=C(CC)C=C1,80.98,CCc1ccc(Nc2ccc(C)cc2)cc1
MTBD,CC(C)C(C=C(C(C)C)C=C1C(C)C)=C1C2=C(P([C@@]3(C[C@@H]4C5)C[C@H](C4)C[C@H]5C3)[C@]6(C7)C[C@@H](C[C@@H]7C8)C[C@@H]8C6)C(OC)=CC=C2OC,C1(C2=CC=CC=C2)=CC=NO1,CN1CCCN2C1=NCCC2,ClC1=NC=CC=C1,68.01,Cc1ccc(Nc2ccccn2)cc1
MTBD,CC(C)C(C=C(C(C)C)C=C1C(C)C)=C1C2=C(P([C@@]3(C[C@@H]4C5)C[C@H](C4)C[C@H]5C3)[C@]6(C7)C[C@@H](C[C@@H]7C8)C[C@@H]8C6)C(OC)=CC=C2OC,C1(C2=CC=CC=C2)=CC=NO1,CN1CCCN2C1=NCCC2,BrC1=NC=CC=C1,84.91,Cc1ccc(Nc2ccccn2)cc1
MTBD,CC(C)C(C=C(C(C)C)C=C1C(C)C)=C1C2=C(P([C@@]3(C[C@@H]4C5)C[C@H](C4)C[C@H]5C3)[C@]6(C7)C[C@@H](C[C@@H]7C8)C[C@@H]8C6)C(OC)=CC=C2OC,C1(C2=CC=CC=C2)=CC=NO1,CN1CCCN2C1=NCCC2,IC1=NC=CC=C1,95.07,Cc1ccc(Nc2ccccn2)cc1
MTBD,CC(C)C(C=C(C(C)C)C=C1C(C)C)=C1C2=C(P([C@@]3(C[C@@H]4C5)C[C@H](C4)C[C@H]5C3)[C@]6(C7)C[C@@H](C[C@@H]7C8)C[C@@H]8C6)C(OC)=CC=C2OC,C1(C2=CC=CC=C2)=CC=NO1,CN1CCCN2C1=NCCC2,ClC1=CN=CC=C1,15.22,Cc1ccc(Nc2cccnc2)cc1
MTBD,CC(C)C(C=C(C(C)C)C=C1C(C)C)=C1C2=C(P([C@@]3(C[C@@H]4C5)C[C@H](C4)C[C@H]5C3)[C@]6(C7)C[C@@H](C[C@@H]7C8)C[C@@H]8C6)C(OC)=CC=C2OC,C1(C2=CC=CC=C2)=CC=NO1,CN1CCCN2C1=NCCC2,BrC1=CN=CC=C1,86.42,Cc1ccc(Nc2cccnc2)cc1
MTBD,CC(C)C(C=C(C(C)C)C=C1C(C)C)=C1C2=C(P([C@@]3(C[C@@H]4C5)C[C@H](C4)C[C@H]5C3)[C@]6(C7)C[C@@H](C[C@@H]7C8)C[C@@H]8C6)C(OC)=CC=C2OC,C1(C2=CC=CC=C2)=CC=NO1,CN1CCCN2C1=NCCC2,IC1=CN=CC=C1,92.13,Cc1ccc(Nc2cccnc2)cc1
P2Et,CC(C)C(C=C(C(C)C)C=C1C(C)C)=C1C2=C(P([C@@]3(C[C@@H]4C5)C[C@H](C4)C[C@H]5C3)[C@]6(C7)C[C@@H](C[C@@H]7C8)C[C@@H]8C6)C(OC)=CC=C2OC,CC1=NOC(C(OCC)=O)=C1,CN(C)P(N(C)C)(N(C)C)=NP(N(C)C)(N(C)C)=NCC,ClC1=CC=C(C(F)(F)F)C=C1,2.04,Cc1ccc(Nc2ccc(C(F)(F)F)cc2)cc1
P2Et,CC(C)C(C=C(C(C)C)C=C1C(C)C)=C1C2=C(P([C@@]3(C[C@@H]4C5)C[C@H](C4)C[C@H]5C3)[C@]6(C7)C[C@@H](C[C@@H]7C8)C[C@@H]8C6)C(OC)=CC=C2OC,CC1=NOC(C(OCC)=O)=C1,CN(C)P(N(C)C)(N(C)C)=NP(N(C)C)(N(C)C)=NCC,BrC1=CC=C(C(F)(F)F)C=C1,28.76,Cc1ccc(Nc2ccc(C(F)(F)F)cc2)cc1
P2Et,CC(C)C(C=C(C(C)C)C=C1C(C)C)=C1C2=C(P([C@@]3(C[C@@H]4C5)C[C@H](C4)C[C@H]5C3)[C@]6(C7)C[C@@H](C[C@@H]7C8)C[C@@H]8C6)C(OC)=CC=C2OC,CC1=NOC(C(OCC)=O)=C1,CN(C)P(N(C)C)(N(C)C)=NP(N(C)C)(N(C)C)=NCC,IC1=CC=C(C(F)(F)F)C=C1,44.56,Cc1ccc(Nc2ccc(C(F)(F)F)cc2)cc1
P2Et,CC(C)C(C=C(C(C)C)C=C1C(C)C)=C1C2=C(P([C@@]3(C[C@@H]4C5)C[C@H](C4)C[C@H]5C3)[C@]6(C7)C[C@@H](C[C@@H]7C8)C[C@@H]8C6)C(OC)=CC=C2OC,CC1=NOC(C(OCC)=O)=C1,CN(C)P(N(C)C)(N(C)C)=NP(N(C)C)(N(C)C)=NCC,ClC1=CC=C(OC)C=C1,0.38,COc1ccc(Nc2ccc(C)cc2)cc1
P2Et,CC(C)C(C=C(C(C)C)C=C1C(C)C)=C1C2=C(P([C@@]3(C[C@@H]4C5)C[C@H](C4)C[C@H]5C3)[C@]6(C7)C[C@@H](C[C@@H]7C8)C[C@@H]8C6)C(OC)=CC=C2OC,CC1=NOC(C(OCC)=O)=C1,CN(C)P(N(C)C)(N(C)C)=NP(N(C)C)(N(C)C)=NCC,BrC1=CC=C(OC)C=C1,44.69,COc1ccc(Nc2ccc(C)cc2)cc1
P2Et,CC(C)C(C=C(C(C)C)C=C1C(C)C)=C1C2=C(P([C@@]3(C[C@@H]4C5)C[C@H](C4)C[C@H]5C3)[C@]6(C7)C[C@@H](C[C@@H]7C8)C[C@@H]8C6)C(OC)=CC=C2OC,CC1=NOC(C(OCC)=O)=C1,CN(C)P(N(C)C)(N(C)C)=NP(N(C)C)(N(C)C)=NCC,IC1=CC=C(OC)C=C1,52.79,COc1ccc(Nc2ccc(C)cc2)cc1
P2Et,CC(C)C(C=C(C(C)C)C=C1C(C)C)=C1C2=C(P([C@@]3(C[C@@H]4C5)C[C@H](C4)C[C@H]5C3)[C@]6(C7)C[C@@H](C[C@@H]7C8)C[C@@H]8C6)C(OC)=CC=C2OC,CC1=NOC(C(OCC)=O)=C1,CN(C)P(N(C)C)(N(C)C)=NP(N(C)C)(N(C)C)=NCC,ClC1=CC=C(CC)C=C1,1.11,CCc1ccc(Nc2ccc(C)cc2)cc1
P2Et,CC(C)C(C=C(C(C)C)C=C1C(C)C)=C1C2=C(P([C@@]3(C[C@@H]4C5)C[C@H](C4)C[C@H]5C3)[C@]6(C7)C[C@@H](C[C@@H]7C8)C[C@@H]8C6)C(OC)=CC=C2OC,CC1=NOC(C(OCC)=O)=C1,CN(C)P(N(C)C)(N(C)C)=NP(N(C)C)(N(C)C)=NCC,BrC1=CC=C(CC)C=C1,67.02,CCc1ccc(Nc2ccc(C)cc2)cc1
P2Et,CC(C)C(C=C(C(C)C)C=C1C(C)C)=C1C2=C(P([C@@]3(C[C@@H]4C5)C[C@H](C4)C[C@H]5C3)[C@]6(C7)C[C@@H](C[C@@H]7C8)C[C@@H]8C6)C(OC)=CC=C2OC,CC1=NOC(C(OCC)=O)=C1,CN(C)P(N(C)C)(N(C)C)=NP(N(C)C)(N(C)C)=NCC,IC1=CC=C(CC)C=C1,72.47,CCc1ccc(Nc2ccc(C)cc2)cc1
P2Et,CC(C)C(C=C(C(C)C)C=C1C(C)C)=C1C2=C(P([C@@]3(C[C@@H]4C5)C[C@H](C4)C[C@H]5C3)[C@]6(C7)C[C@@H](C[C@@H]7C8)C[C@@H]8C6)C(OC)=CC=C2OC,CC1=NOC(C(OCC)=O)=C1,CN(C)P(N(C)C)(N(C)C)=NP(N(C)C)(N(C)C)=NCC,ClC1=NC=CC=C1,55.09,Cc1ccc(Nc2ccccn2)cc1
P2Et,CC(C)C(C=C(C(C)C)C=C1C(C)C)=C1C2=C(P([C@@]3(C[C@@H]4C5)C[C@H](C4)C[C@H]5C3)[C@]6(C7)C[C@@H](C[C@@H]7C8)C[C@@H]8C6)C(OC)=CC=C2OC,CC1=NOC(C(OCC)=O)=C1,CN(C)P(N(C)C)(N(C)C)=NP(N(C)C)(N(C)C)=NCC,BrC1=NC=CC=C1,63.26,Cc1ccc(Nc2ccccn2)cc1
P2Et,CC(C)C(C=C(C(C)C)C=C1C(C)C)=C1C2=C(P([C@@]3(C[C@@H]4C5)C[C@H](C4)C[C@H]5C3)[C@]6(C7)C[C@@H](C[C@@H]7C8)C[C@@H]8C6)C(OC)=CC=C2OC,CC1=NOC(C(OCC)=O)=C1,CN(C)P(N(C)C)(N(C)C)=NP(N(C)C)(N(C)C)=NCC,IC1=NC=CC=C1,66.28,Cc1ccc(Nc2ccccn2)cc1
P2Et,CC(C)C(C=C(C(C)C)C=C1C(C)C)=C1C2=C(P([C@@]3(C[C@@H]4C5)C[C@H](C4)C[C@H]5C3)[C@]6(C7)C[C@@H](C[C@@H]7C8)C[C@@H]8C6)C(OC)=CC=C2OC,CC1=NOC(C(OCC)=O)=C1,CN(C)P(N(C)C)(N(C)C)=NP(N(C)C)(N(C)C)=NCC,ClC1=CN=CC=C1,6.14,Cc1ccc(Nc2cccnc2)cc1
P2Et,CC(C)C(C=C(C(C)C)C=C1C(C)C)=C1C2=C(P([C@@]3(C[C@@H]4C5)C[C@H](C4)C[C@H]5C3)[C@]6(C7)C[C@@H](C[C@@H]7C8)C[C@@H]8C6)C(OC)=CC=C2OC,CC1=NOC(C(OCC)=O)=C1,CN(C)P(N(C)C)(N(C)C)=NP(N(C)C)(N(C)C)=NCC,BrC1=CN=CC=C1,54.56,Cc1ccc(Nc2cccnc2)cc1
P2Et,CC(C)C(C=C(C(C)C)C=C1C(C)C)=C1C2=C(P([C@@]3(C[C@@H]4C5)C[C@H](C4)C[C@H]5C3)[C@]6(C7)C[C@@H](C[C@@H]7C8)C[C@@H]8C6)C(OC)=CC=C2OC,CC1=NOC(C(OCC)=O)=C1,CN(C)P(N(C)C)(N(C)C)=NP(N(C)C)(N(C)C)=NCC,IC1=CN=CC=C1,63.22,Cc1ccc(Nc2cccnc2)cc1
BTMG,CC(C)C(C=C(C(C)C)C=C1C(C)C)=C1C2=C(P([C@@]3(C[C@@H]4C5)C[C@H](C4)C[C@H]5C3)[C@]6(C7)C[C@@H](C[C@@H]7C8)C[C@@H]8C6)C(OC)=CC=C2OC,CC1=NOC(C(OCC)=O)=C1,CC(C)(C)/N=C(N(C)C)/N(C)C,ClC1=CC=C(C(F)(F)F)C=C1,2.26,Cc1ccc(Nc2ccc(C(F)(F)F)cc2)cc1
BTMG,CC(C)C(C=C(C(C)C)C=C1C(C)C)=C1C2=C(P([C@@]3(C[C@@H]4C5)C[C@H](C4)C[C@H]5C3)[C@]6(C7)C[C@@H](C[C@@H]7C8)C[C@@H]8C6)C(OC)=CC=C2OC,CC1=NOC(C(OCC)=O)=C1,CC(C)(C)/N=C(N(C)C)/N(C)C,BrC1=CC=C(C(F)(F)F)C=C1,32.39,Cc1ccc(Nc2ccc(C(F)(F)F)cc2)cc1
BTMG,CC(C)C(C=C(C(C)C)C=C1C(C)C)=C1C2=C(P([C@@]3(C[C@@H]4C5)C[C@H](C4)C[C@H]5C3)[C@]6(C7)C[C@@H](C[C@@H]7C8)C[C@@H]8C6)C(OC)=CC=C2OC,CC1=NOC(C(OCC)=O)=C1,CC(C)(C)/N=C(N(C)C)/N(C)C,IC1=CC=C(C(F)(F)F)C=C1,44.44,Cc1ccc(Nc2ccc(C(F)(F)F)cc2)cc1
BTMG,CC(C)C(C=C(C(C)C)C=C1C(C)C)=C1C2=C(P([C@@]3(C[C@@H]4C5)C[C@H](C4)C[C@H]5C3)[C@]6(C7)C[C@@H](C[C@@H]7C8)C[C@@H]8C6)C(OC)=CC=C2OC,CC1=NOC(C(OCC)=O)=C1,CC(C)(C)/N=C(N(C)C)/N(C)C,ClC1=CC=C(OC)C=C1,0.0,COc1ccc(Nc2ccc(C)cc2)cc1
BTMG,CC(C)C(C=C(C(C)C)C=C1C(C)C)=C1C2=C(P([C@@]3(C[C@@H]4C5)C[C@H](C4)C[C@H]5C3)[C@]6(C7)C[C@@H](C[C@@H]7C8)C[C@@H]8C6)C(OC)=CC=C2OC,CC1=NOC(C(OCC)=O)=C1,CC(C)(C)/N=C(N(C)C)/N(C)C,BrC1=CC=C(OC)C=C1,21.71,COc1ccc(Nc2ccc(C)cc2)cc1
BTMG,CC(C)C(C=C(C(C)C)C=C1C(C)C)=C1C2=C(P([C@@]3(C[C@@H]4C5)C[C@H](C4)C[C@H]5C3)[C@]6(C7)C[C@@H](C[C@@H]7C8)C[C@@H]8C6)C(OC)=CC=C2OC,CC1=NOC(C(OCC)=O)=C1,CC(C)(C)/N=C(N(C)C)/N(C)C,IC1=CC=C(OC)C=C1,43.86,COc1ccc(Nc2ccc(C)cc2)cc1
BTMG,CC(C)C(C=C(C(C)C)C=C1C(C)C)=C1C2=C(P([C@@]3(C[C@@H]4C5)C[C@H](C4)C[C@H]5C3)[C@]6(C7)C[C@@H](C[C@@H]7C8)C[C@@H]8C6)C(OC)=CC=C2OC,CC1=NOC(C(OCC)=O)=C1,CC(C)(C)/N=C(N(C)C)/N(C)C,ClC1=CC=C(CC)C=C1,0.0,CCc1ccc(Nc2ccc(C)cc2)cc1
BTMG,CC(C)C(C=C(C(C)C)C=C1C(C)C)=C1C2=C(P([C@@]3(C[C@@H]4C5)C[C@H](C4)C[C@H]5C3)[C@]6(C7)C[C@@H](C[C@@H]7C8)C[C@@H]8C6)C(OC)=CC=C2OC,CC1=NOC(C(OCC)=O)=C1,CC(C)(C)/N=C(N(C)C)/N(C)C,BrC1=CC=C(CC)C=C1,39.83,CCc1ccc(Nc2ccc(C)cc2)cc1
BTMG,CC(C)C(C=C(C(C)C)C=C1C(C)C)=C1C2=C(P([C@@]3(C[C@@H]4C5)C[C@H](C4)C[C@H]5C3)[C@]6(C7)C[C@@H](C[C@@H]7C8)C[C@@H]8C6)C(OC)=CC=C2OC,CC1=NOC(C(OCC)=O)=C1,CC(C)(C)/N=C(N(C)C)/N(C)C,IC1=CC=C(CC)C=C1,78.71,CCc1ccc(Nc2ccc(C)cc2)cc1
BTMG,CC(C)C(C=C(C(C)C)C=C1C(C)C)=C1C2=C(P([C@@]3(C[C@@H]4C5)C[C@H](C4)C[C@H]5C3)[C@]6(C7)C[C@@H](C[C@@H]7C8)C[C@@H]8C6)C(OC)=CC=C2OC,CC1=NOC(C(OCC)=O)=C1,CC(C)(C)/N=C(N(C)C)/N(C)C,ClC1=NC=CC=C1,34.68,Cc1ccc(Nc2ccccn2)cc1
BTMG,CC(C)C(C=C(C(C)C)C=C1C(C)C)=C1C2=C(P([C@@]3(C[C@@H]4C5)C[C@H](C4)C[C@H]5C3)[C@]6(C7)C[C@@H](C[C@@H]7C8)C[C@@H]8C6)C(OC)=CC=C2OC,CC1=NOC(C(OCC)=O)=C1,CC(C)(C)/N=C(N(C)C)/N(C)C,BrC1=NC=CC=C1,51.68,Cc1ccc(Nc2ccccn2)cc1
BTMG,CC(C)C(C=C(C(C)C)C=C1C(C)C)=C1C2=C(P([C@@]3(C[C@@H]4C5)C[C@H](C4)C[C@H]5C3)[C@]6(C7)C[C@@H](C[C@@H]7C8)C[C@@H]8C6)C(OC)=CC=C2OC,CC1=NOC(C(OCC)=O)=C1,CC(C)(C)/N=C(N(C)C)/N(C)C,IC1=NC=CC=C1,69.95,Cc1ccc(Nc2ccccn2)cc1
BTMG,CC(C)C(C=C(C(C)C)C=C1C(C)C)=C1C2=C(P([C@@]3(C[C@@H]4C5)C[C@H](C4)C[C@H]5C3)[C@]6(C7)C[C@@H](C[C@@H]7C8)C[C@@H]8C6)C(OC)=CC=C2OC,CC1=NOC(C(OCC)=O)=C1,CC(C)(C)/N=C(N(C)C)/N(C)C,ClC1=CN=CC=C1,1.52,Cc1ccc(Nc2cccnc2)cc1
BTMG,CC(C)C(C=C(C(C)C)C=C1C(C)C)=C1C2=C(P([C@@]3(C[C@@H]4C5)C[C@H](C4)C[C@H]5C3)[C@]6(C7)C[C@@H](C[C@@H]7C8)C[C@@H]8C6)C(OC)=CC=C2OC,CC1=NOC(C(OCC)=O)=C1,CC(C)(C)/N=C(N(C)C)/N(C)C,BrC1=CN=CC=C1,65.78,Cc1ccc(Nc2cccnc2)cc1
BTMG,CC(C)C(C=C(C(C)C)C=C1C(C)C)=C1C2=C(P([C@@]3(C[C@@H]4C5)C[C@H](C4)C[C@H]5C3)[C@]6(C7)C[C@@H](C[C@@H]7C8)C[C@@H]8C6)C(OC)=CC=C2OC,CC1=NOC(C(OCC)=O)=C1,CC(C)(C)/N=C(N(C)C)/N(C)C,IC1=CN=CC=C1,79.37,Cc1ccc(Nc2cccnc2)cc1
MTBD,CC(C)C(C=C(C(C)C)C=C1C(C)C)=C1C2=C(P([C@@]3(C[C@@H]4C5)C[C@H](C4)C[C@H]5C3)[C@]6(C7)C[C@@H](C[C@@H]7C8)C[C@@H]8C6)C(OC)=CC=C2OC,CC1=NOC(C(OCC)=O)=C1,CN1CCCN2C1=NCCC2,ClC1=CC=C(C(F)(F)F)C=C1,2.51,Cc1ccc(Nc2ccc(C(F)(F)F)cc2)cc1
MTBD,CC(C)C(C=C(C(C)C)C=C1C(C)C)=C1C2=C(P([C@@]3(C[C@@H]4C5)C[C@H](C4)C[C@H]5C3)[C@]6(C7)C[C@@H](C[C@@H]7C8)C[C@@H]8C6)C(OC)=CC=C2OC,CC1=NOC(C(OCC)=O)=C1,CN1CCCN2C1=NCCC2,BrC1=CC=C(C(F)(F)F)C=C1,36.62,Cc1ccc(Nc2ccc(C(F)(F)F)cc2)cc1
MTBD,CC(C)C(C=C(C(C)C)C=C1C(C)C)=C1C2=C(P([C@@]3(C[C@@H]4C5)C[C@H](C4)C[C@H]5C3)[C@]6(C7)C[C@@H](C[C@@H]7C8)C[C@@H]8C6)C(OC)=CC=C2OC,CC1=NOC(C(OCC)=O)=C1,CN1CCCN2C1=NCCC2,IC1=CC=C(C(F)(F)F)C=C1,52.67,Cc1ccc(Nc2ccc(C(F)(F)F)cc2)cc1
MTBD,CC(C)C(C=C(C(C)C)C=C1C(C)C)=C1C2=C(P([C@@]3(C[C@@H]4C5)C[C@H](C4)C[C@H]5C3)[C@]6(C7)C[C@@H](C[C@@H]7C8)C[C@@H]8C6)C(OC)=CC=C2OC,CC1=NOC(C(OCC)=O)=C1,CN1CCCN2C1=NCCC2,ClC1=CC=C(OC)C=C1,0.0,COc1ccc(Nc2ccc(C)cc2)cc1
MTBD,CC(C)C(C=C(C(C)C)C=C1C(C)C)=C1C2=C(P([C@@]3(C[C@@H]4C5)C[C@H](C4)C[C@H]5C3)[C@]6(C7)C[C@@H](C[C@@H]7C8)C[C@@H]8C6)C(OC)=CC=C2OC,CC1=NOC(C(OCC)=O)=C1,CN1CCCN2C1=NCCC2,BrC1=CC=C(OC)C=C1,33.0,COc1ccc(Nc2ccc(C)cc2)cc1
MTBD,CC(C)C(C=C(C(C)C)C=C1C(C)C)=C1C2=C(P([C@@]3(C[C@@H]4C5)C[C@H](C4)C[C@H]5C3)[C@]6(C7)C[C@@H](C[C@@H]7C8)C[C@@H]8C6)C(OC)=CC=C2OC,CC1=NOC(C(OCC)=O)=C1,CN1CCCN2C1=NCCC2,IC1=CC=C(OC)C=C1,57.54,COc1ccc(Nc2ccc(C)cc2)cc1
MTBD,CC(C)C(C=C(C(C)C)C=C1C(C)C)=C1C2=C(P([C@@]3(C[C@@H]4C5)C[C@H](C4)C[C@H]5C3)[C@]6(C7)C[C@@H](C[C@@H]7C8)C[C@@H]8C6)C(OC)=CC=C2OC,CC1=NOC(C(OCC)=O)=C1,CN1CCCN2C1=NCCC2,ClC1=CC=C(CC)C=C1,0.54,CCc1ccc(Nc2ccc(C)cc2)cc1
MTBD,CC(C)C(C=C(C(C)C)C=C1C(C)C)=C1C2=C(P([C@@]3(C[C@@H]4C5)C[C@H](C4)C[C@H]5C3)[C@]6(C7)C[C@@H](C[C@@H]7C8)C[C@@H]8C6)C(OC)=CC=C2OC,CC1=NOC(C(OCC)=O)=C1,CN1CCCN2C1=NCCC2,BrC1=CC=C(CC)C=C1,57.85,CCc1ccc(Nc2ccc(C)cc2)cc1
MTBD,CC(C)C(C=C(C(C)C)C=C1C(C)C)=C1C2=C(P([C@@]3(C[C@@H]4C5)C[C@H](C4)C[C@H]5C3)[C@]6(C7)C[C@@H](C[C@@H]7C8)C[C@@H]8C6)C(OC)=CC=C2OC,CC1=NOC(C(OCC)=O)=C1,CN1CCCN2C1=NCCC2,IC1=CC=C(CC)C=C1,85.89,CCc1ccc(Nc2ccc(C)cc2)cc1
MTBD,CC(C)C(C=C(C(C)C)C=C1C(C)C)=C1C2=C(P([C@@]3(C[C@@H]4C5)C[C@H](C4)C[C@H]5C3)[C@]6(C7)C[C@@H](C[C@@H]7C8)C[C@@H]8C6)C(OC)=CC=C2OC,CC1=NOC(C(OCC)=O)=C1,CN1CCCN2C1=NCCC2,ClC1=NC=CC=C1,67.67,Cc1ccc(Nc2ccccn2)cc1
MTBD,CC(C)C(C=C(C(C)C)C=C1C(C)C)=C1C2=C(P([C@@]3(C[C@@H]4C5)C[C@H](C4)C[C@H]5C3)[C@]6(C7)C[C@@H](C[C@@H]7C8)C[C@@H]8C6)C(OC)=CC=C2OC,CC1=NOC(C(OCC)=O)=C1,CN1CCCN2C1=NCCC2,BrC1=NC=CC=C1,95.56,Cc1ccc(Nc2ccccn2)cc1
MTBD,CC(C)C(C=C(C(C)C)C=C1C(C)C)=C1C2=C(P([C@@]3(C[C@@H]4C5)C[C@H](C4)C[C@H]5C3)[C@]6(C7)C[C@@H](C[C@@H]7C8)C[C@@H]8C6)C(OC)=CC=C2OC,CC1=NOC(C(OCC)=O)=C1,CN1CCCN2C1=NCCC2,IC1=NC=CC=C1,99.03,Cc1ccc(Nc2ccccn2)cc1
MTBD,CC(C)C(C=C(C(C)C)C=C1C(C)C)=C1C2=C(P([C@@]3(C[C@@H]4C5)C[C@H](C4)C[C@H]5C3)[C@]6(C7)C[C@@H](C[C@@H]7C8)C[C@@H]8C6)C(OC)=CC=C2OC,CC1=NOC(C(OCC)=O)=C1,CN1CCCN2C1=NCCC2,ClC1=CN=CC=C1,2.31,Cc1ccc(Nc2cccnc2)cc1
MTBD,CC(C)C(C=C(C(C)C)C=C1C(C)C)=C1C2=C(P([C@@]3(C[C@@H]4C5)C[C@H](C4)C[C@H]5C3)[C@]6(C7)C[C@@H](C[C@@H]7C8)C[C@@H]8C6)C(OC)=CC=C2OC,CC1=NOC(C(OCC)=O)=C1,CN1CCCN2C1=NCCC2,BrC1=CN=CC=C1,86.54,Cc1ccc(Nc2cccnc2)cc1
MTBD,CC(C)C(C=C(C(C)C)C=C1C(C)C)=C1C2=C(P([C@@]3(C[C@@H]4C5)C[C@H](C4)C[C@H]5C3)[C@]6(C7)C[C@@H](C[C@@H]7C8)C[C@@H]8C6)C(OC)=CC=C2OC,CC1=NOC(C(OCC)=O)=C1,CN1CCCN2C1=NCCC2,IC1=CN=CC=C1,94.5,Cc1ccc(Nc2cccnc2)cc1
P2Et,CC(C)C(C=C(C(C)C)C=C1C(C)C)=C1C2=C(P([C@@]3(C[C@@H]4C5)C[C@H](C4)C[C@H]5C3)[C@]6(C7)C[C@@H](C[C@@H]7C8)C[C@@H]8C6)C(OC)=CC=C2OC,CC1=CC(C(OCC)=O)=NO1,CN(C)P(N(C)C)(N(C)C)=NP(N(C)C)(N(C)C)=NCC,ClC1=CC=C(C(F)(F)F)C=C1,7.76,Cc1ccc(Nc2ccc(C(F)(F)F)cc2)cc1
P2Et,CC(C)C(C=C(C(C)C)C=C1C(C)C)=C1C2=C(P([C@@]3(C[C@@H]4C5)C[C@H](C4)C[C@H]5C3)[C@]6(C7)C[C@@H](C[C@@H]7C8)C[C@@H]8C6)C(OC)=CC=C2OC,CC1=CC(C(OCC)=O)=NO1,CN(C)P(N(C)C)(N(C)C)=NP(N(C)C)(N(C)C)=NCC,BrC1=CC=C(C(F)(F)F)C=C1,31.46,Cc1ccc(Nc2ccc(C(F)(F)F)cc2)cc1
P2Et,CC(C)C(C=C(C(C)C)C=C1C(C)C)=C1C2=C(P([C@@]3(C[C@@H]4C5)C[C@H](C4)C[C@H]5C3)[C@]6(C7)C[C@@H](C[C@@H]7C8)C[C@@H]8C6)C(OC)=CC=C2OC,CC1=CC(C(OCC)=O)=NO1,CN(C)P(N(C)C)(N(C)C)=NP(N(C)C)(N(C)C)=NCC,IC1=CC=C(C(F)(F)F)C=C1,39.8,Cc1ccc(Nc2ccc(C(F)(F)F)cc2)cc1
P2Et,CC(C)C(C=C(C(C)C)C=C1C(C)C)=C1C2=C(P([C@@]3(C[C@@H]4C5)C[C@H](C4)C[C@H]5C3)[C@]6(C7)C[C@@H](C[C@@H]7C8)C[C@@H]8C6)C(OC)=CC=C2OC,CC1=CC(C(OCC)=O)=NO1,CN(C)P(N(C)C)(N(C)C)=NP(N(C)C)(N(C)C)=NCC,ClC1=CC=C(OC)C=C1,0.23,COc1ccc(Nc2ccc(C)cc2)cc1
P2Et,CC(C)C(C=C(C(C)C)C=C1C(C)C)=C1C2=C(P([C@@]3(C[C@@H]4C5)C[C@H](C4)C[C@H]5C3)[C@]6(C7)C[C@@H](C[C@@H]7C8)C[C@@H]8C6)C(OC)=CC=C2OC,CC1=CC(C(OCC)=O)=NO1,CN(C)P(N(C)C)(N(C)C)=NP(N(C)C)(N(C)C)=NCC,BrC1=CC=C(OC)C=C1,47.71,COc1ccc(Nc2ccc(C)cc2)cc1
P2Et,CC(C)C(C=C(C(C)C)C=C1C(C)C)=C1C2=C(P([C@@]3(C[C@@H]4C5)C[C@H](C4)C[C@H]5C3)[C@]6(C7)C[C@@H](C[C@@H]7C8)C[C@@H]8C6)C(OC)=CC=C2OC,CC1=CC(C(OCC)=O)=NO1,CN(C)P(N(C)C)(N(C)C)=NP(N(C)C)(N(C)C)=NCC,IC1=CC=C(OC)C=C1,54.77,COc1ccc(Nc2ccc(C)cc2)cc1
P2Et,CC(C)C(C=C(C(C)C)C=C1C(C)C)=C1C2=C(P([C@@]3(C[C@@H]4C5)C[C@H](C4)C[C@H]5C3)[C@]6(C7)C[C@@H](C[C@@H]7C8)C[C@@H]8C6)C(OC)=CC=C2OC,CC1=CC(C(OCC)=O)=NO1,CN(C)P(N(C)C)(N(C)C)=NP(N(C)C)(N(C)C)=NCC,ClC1=CC=C(CC)C=C1,0.74,CCc1ccc(Nc2ccc(C)cc2)cc1
P2Et,CC(C)C(C=C(C(C)C)C=C1C(C)C)=C1C2=C(P([C@@]3(C[C@@H]4C5)C[C@H](C4)C[C@H]5C3)[C@]6(C7)C[C@@H](C[C@@H]7C8)C[C@@H]8C6)C(OC)=CC=C2OC,CC1=CC(C(OCC)=O)=NO1,CN(C)P(N(C)C)(N(C)C)=NP(N(C)C)(N(C)C)=NCC,BrC1=CC=C(CC)C=C1,74.14,CCc1ccc(Nc2ccc(C)cc2)cc1
P2Et,CC(C)C(C=C(C(C)C)C=C1C(C)C)=C1C2=C(P([C@@]3(C[C@@H]4C5)C[C@H](C4)C[C@H]5C3)[C@]6(C7)C[C@@H](C[C@@H]7C8)C[C@@H]8C6)C(OC)=CC=C2OC,CC1=CC(C(OCC)=O)=NO1,CN(C)P(N(C)C)(N(C)C)=NP(N(C)C)(N(C)C)=NCC,IC1=CC=C(CC)C=C1,71.27,CCc1ccc(Nc2ccc(C)cc2)cc1
P2Et,CC(C)C(C=C(C(C)C)C=C1C(C)C)=C1C2=C(P([C@@]3(C[C@@H]4C5)C[C@H](C4)C[C@H]5C3)[C@]6(C7)C[C@@H](C[C@@H]7C8)C[C@@H]8C6)C(OC)=CC=C2OC,CC1=CC(C(OCC)=O)=NO1,CN(C)P(N(C)C)(N(C)C)=NP(N(C)C)(N(C)C)=NCC,ClC1=NC=CC=C1,64.03,Cc1ccc(Nc2ccccn2)cc1
P2Et,CC(C)C(C=C(C(C)C)C=C1C(C)C)=C1C2=C(P([C@@]3(C[C@@H]4C5)C[C@H](C4)C[C@H]5C3)[C@]6(C7)C[C@@H](C[C@@H]7C8)C[C@@H]8C6)C(OC)=CC=C2OC,CC1=CC(C(OCC)=O)=NO1,CN(C)P(N(C)C)(N(C)C)=NP(N(C)C)(N(C)C)=NCC,BrC1=NC=CC=C1,74.64,Cc1ccc(Nc2ccccn2)cc1
P2Et,CC(C)C(C=C(C(C)C)C=C1C(C)C)=C1C2=C(P([C@@]3(C[C@@H]4C5)C[C@H](C4)C[C@H]5C3)[C@]6(C7)C[C@@H](C[C@@H]7C8)C[C@@H]8C6)C(OC)=CC=C2OC,CC1=CC(C(OCC)=O)=NO1,CN(C)P(N(C)C)(N(C)C)=NP(N(C)C)(N(C)C)=NCC,IC1=NC=CC=C1,76.16,Cc1ccc(Nc2ccccn2)cc1
P2Et,CC(C)C(C=C(C(C)C)C=C1C(C)C)=C1C2=C(P([C@@]3(C[C@@H]4C5)C[C@H](C4)C[C@H]5C3)[C@]6(C7)C[C@@H](C[C@@H]7C8)C[C@@H]8C6)C(OC)=CC=C2OC,CC1=CC(C(OCC)=O)=NO1,CN(C)P(N(C)C)(N(C)C)=NP(N(C)C)(N(C)C)=NCC,ClC1=CN=CC=C1,5.91,Cc1ccc(Nc2cccnc2)cc1
P2Et,CC(C)C(C=C(C(C)C)C=C1C(C)C)=C1C2=C(P([C@@]3(C[C@@H]4C5)C[C@H](C4)C[C@H]5C3)[C@]6(C7)C[C@@H](C[C@@H]7C8)C[C@@H]8C6)C(OC)=CC=C2OC,CC1=CC(C(OCC)=O)=NO1,CN(C)P(N(C)C)(N(C)C)=NP(N(C)C)(N(C)C)=NCC,BrC1=CN=CC=C1,52.87,Cc1ccc(Nc2cccnc2)cc1
P2Et,CC(C)C(C=C(C(C)C)C=C1C(C)C)=C1C2=C(P([C@@]3(C[C@@H]4C5)C[C@H](C4)C[C@H]5C3)[C@]6(C7)C[C@@H](C[C@@H]7C8)C[C@@H]8C6)C(OC)=CC=C2OC,CC1=CC(C(OCC)=O)=NO1,CN(C)P(N(C)C)(N(C)C)=NP(N(C)C)(N(C)C)=NCC,IC1=CN=CC=C1,56.03,Cc1ccc(Nc2cccnc2)cc1
BTMG,CC(C)C(C=C(C(C)C)C=C1C(C)C)=C1C2=C(P([C@@]3(C[C@@H]4C5)C[C@H](C4)C[C@H]5C3)[C@]6(C7)C[C@@H](C[C@@H]7C8)C[C@@H]8C6)C(OC)=CC=C2OC,CC1=CC(C(OCC)=O)=NO1,CC(C)(C)/N=C(N(C)C)/N(C)C,ClC1=CC=C(C(F)(F)F)C=C1,12.72,Cc1ccc(Nc2ccc(C(F)(F)F)cc2)cc1
BTMG,CC(C)C(C=C(C(C)C)C=C1C(C)C)=C1C2=C(P([C@@]3(C[C@@H]4C5)C[C@H](C4)C[C@H]5C3)[C@]6(C7)C[C@@H](C[C@@H]7C8)C[C@@H]8C6)C(OC)=CC=C2OC,CC1=CC(C(OCC)=O)=NO1,CC(C)(C)/N=C(N(C)C)/N(C)C,BrC1=CC=C(C(F)(F)F)C=C1,41.68,Cc1ccc(Nc2ccc(C(F)(F)F)cc2)cc1
BTMG,CC(C)C(C=C(C(C)C)C=C1C(C)C)=C1C2=C(P([C@@]3(C[C@@H]4C5)C[C@H](C4)C[C@H]5C3)[C@]6(C7)C[C@@H](C[C@@H]7C8)C[C@@H]8C6)C(OC)=CC=C2OC,CC1=CC(C(OCC)=O)=NO1,CC(C)(C)/N=C(N(C)C)/N(C)C,IC1=CC=C(C(F)(F)F)C=C1,43.87,Cc1ccc(Nc2ccc(C(F)(F)F)cc2)cc1
BTMG,CC(C)C(C=C(C(C)C)C=C1C(C)C)=C1C2=C(P([C@@]3(C[C@@H]4C5)C[C@H](C4)C[C@H]5C3)[C@]6(C7)C[C@@H](C[C@@H]7C8)C[C@@H]8C6)C(OC)=CC=C2OC,CC1=CC(C(OCC)=O)=NO1,CC(C)(C)/N=C(N(C)C)/N(C)C,ClC1=CC=C(OC)C=C1,0.32,COc1ccc(Nc2ccc(C)cc2)cc1
BTMG,CC(C)C(C=C(C(C)C)C=C1C(C)C)=C1C2=C(P([C@@]3(C[C@@H]4C5)C[C@H](C4)C[C@H]5C3)[C@]6(C7)C[C@@H](C[C@@H]7C8)C[C@@H]8C6)C(OC)=CC=C2OC,CC1=CC(C(OCC)=O)=NO1,CC(C)(C)/N=C(N(C)C)/N(C)C,BrC1=CC=C(OC)C=C1,40.29,COc1ccc(Nc2ccc(C)cc2)cc1
BTMG,CC(C)C(C=C(C(C)C)C=C1C(C)C)=C1C2=C(P([C@@]3(C[C@@H]4C5)C[C@H](C4)C[C@H]5C3)[C@]6(C7)C[C@@H](C[C@@H]7C8)C[C@@H]8C6)C(OC)=CC=C2OC,CC1=CC(C(OCC)=O)=NO1,CC(C)(C)/N=C(N(C)C)/N(C)C,IC1=CC=C(OC)C=C1,45.4,COc1ccc(Nc2ccc(C)cc2)cc1
BTMG,CC(C)C(C=C(C(C)C)C=C1C(C)C)=C1C2=C(P([C@@]3(C[C@@H]4C5)C[C@H](C4)C[C@H]5C3)[C@]6(C7)C[C@@H](C[C@@H]7C8)C[C@@H]8C6)C(OC)=CC=C2OC,CC1=CC(C(OCC)=O)=NO1,CC(C)(C)/N=C(N(C)C)/N(C)C,ClC1=CC=C(CC)C=C1,0.78,CCc1ccc(Nc2ccc(C)cc2)cc1
BTMG,CC(C)C(C=C(C(C)C)C=C1C(C)C)=C1C2=C(P([C@@]3(C[C@@H]4C5)C[C@H](C4)C[C@H]5C3)[C@]6(C7)C[C@@H](C[C@@H]7C8)C[C@@H]8C6)C(OC)=CC=C2OC,CC1=CC(C(OCC)=O)=NO1,CC(C)(C)/N=C(N(C)C)/N(C)C,BrC1=CC=C(CC)C=C1,65.05,CCc1ccc(Nc2ccc(C)cc2)cc1
BTMG,CC(C)C(C=C(C(C)C)C=C1C(C)C)=C1C2=C(P([C@@]3(C[C@@H]4C5)C[C@H](C4)C[C@H]5C3)[C@]6(C7)C[C@@H](C[C@@H]7C8)C[C@@H]8C6)C(OC)=CC=C2OC,CC1=CC(C(OCC)=O)=NO1,CC(C)(C)/N=C(N(C)C)/N(C)C,IC1=CC=C(CC)C=C1,78.62,CCc1ccc(Nc2ccc(C)cc2)cc1
BTMG,CC(C)C(C=C(C(C)C)C=C1C(C)C)=C1C2=C(P([C@@]3(C[C@@H]4C5)C[C@H](C4)C[C@H]5C3)[C@]6(C7)C[C@@H](C[C@@H]7C8)C[C@@H]8C6)C(OC)=CC=C2OC,CC1=CC(C(OCC)=O)=NO1,CC(C)(C)/N=C(N(C)C)/N(C)C,ClC1=NC=CC=C1,45.31,Cc1ccc(Nc2ccccn2)cc1
BTMG,CC(C)C(C=C(C(C)C)C=C1C(C)C)=C1C2=C(P([C@@]3(C[C@@H]4C5)C[C@H](C4)C[C@H]5C3)[C@]6(C7)C[C@@H](C[C@@H]7C8)C[C@@H]8C6)C(OC)=CC=C2OC,CC1=CC(C(OCC)=O)=NO1,CC(C)(C)/N=C(N(C)C)/N(C)C,BrC1=NC=CC=C1,56.65,Cc1ccc(Nc2ccccn2)cc1
BTMG,CC(C)C(C=C(C(C)C)C=C1C(C)C)=C1C2=C(P([C@@]3(C[C@@H]4C5)C[C@H](C4)C[C@H]5C3)[C@]6(C7)C[C@@H](C[C@@H]7C8)C[C@@H]8C6)C(OC)=CC=C2OC,CC1=CC(C(OCC)=O)=NO1,CC(C)(C)/N=C(N(C)C)/N(C)C,IC1=NC=CC=C1,68.61,Cc1ccc(Nc2ccccn2)cc1
BTMG,CC(C)C(C=C(C(C)C)C=C1C(C)C)=C1C2=C(P([C@@]3(C[C@@H]4C5)C[C@H](C4)C[C@H]5C3)[C@]6(C7)C[C@@H](C[C@@H]7C8)C[C@@H]8C6)C(OC)=CC=C2OC,CC1=CC(C(OCC)=O)=NO1,CC(C)(C)/N=C(N(C)C)/N(C)C,ClC1=CN=CC=C1,12.49,Cc1ccc(Nc2cccnc2)cc1
BTMG,CC(C)C(C=C(C(C)C)C=C1C(C)C)=C1C2=C(P([C@@]3(C[C@@H]4C5)C[C@H](C4)C[C@H]5C3)[C@]6(C7)C[C@@H](C[C@@H]7C8)C[C@@H]8C6)C(OC)=CC=C2OC,CC1=CC(C(OCC)=O)=NO1,CC(C)(C)/N=C(N(C)C)/N(C)C,BrC1=CN=CC=C1,69.82,Cc1ccc(Nc2cccnc2)cc1
BTMG,CC(C)C(C=C(C(C)C)C=C1C(C)C)=C1C2=C(P([C@@]3(C[C@@H]4C5)C[C@H](C4)C[C@H]5C3)[C@]6(C7)C[C@@H](C[C@@H]7C8)C[C@@H]8C6)C(OC)=CC=C2OC,CC1=CC(C(OCC)=O)=NO1,CC(C)(C)/N=C(N(C)C)/N(C)C,IC1=CN=CC=C1,75.3,Cc1ccc(Nc2cccnc2)cc1
MTBD,CC(C)C(C=C(C(C)C)C=C1C(C)C)=C1C2=C(P([C@@]3(C[C@@H]4C5)C[C@H](C4)C[C@H]5C3)[C@]6(C7)C[C@@H](C[C@@H]7C8)C[C@@H]8C6)C(OC)=CC=C2OC,CC1=CC(C(OCC)=O)=NO1,CN1CCCN2C1=NCCC2,ClC1=CC=C(C(F)(F)F)C=C1,14.49,Cc1ccc(Nc2ccc(C(F)(F)F)cc2)cc1
MTBD,CC(C)C(C=C(C(C)C)C=C1C(C)C)=C1C2=C(P([C@@]3(C[C@@H]4C5)C[C@H](C4)C[C@H]5C3)[C@]6(C7)C[C@@H](C[C@@H]7C8)C[C@@H]8C6)C(OC)=CC=C2OC,CC1=CC(C(OCC)=O)=NO1,CN1CCCN2C1=NCCC2,BrC1=CC=C(C(F)(F)F)C=C1,52.14,Cc1ccc(Nc2ccc(C(F)(F)F)cc2)cc1
MTBD,CC(C)C(C=C(C(C)C)C=C1C(C)C)=C1C2=C(P([C@@]3(C[C@@H]4C5)C[C@H](C4)C[C@H]5C3)[C@]6(C7)C[C@@H](C[C@@H]7C8)C[C@@H]8C6)C(OC)=CC=C2OC,CC1=CC(C(OCC)=O)=NO1,CN1CCCN2C1=NCCC2,IC1=CC=C(C(F)(F)F)C=C1,48.87,Cc1ccc(Nc2ccc(C(F)(F)F)cc2)cc1
MTBD,CC(C)C(C=C(C(C)C)C=C1C(C)C)=C1C2=C(P([C@@]3(C[C@@H]4C5)C[C@H](C4)C[C@H]5C3)[C@]6(C7)C[C@@H](C[C@@H]7C8)C[C@@H]8C6)C(OC)=CC=C2OC,CC1=CC(C(OCC)=O)=NO1,CN1CCCN2C1=NCCC2,ClC1=CC=C(OC)C=C1,0.36,COc1ccc(Nc2ccc(C)cc2)cc1
MTBD,CC(C)C(C=C(C(C)C)C=C1C(C)C)=C1C2=C(P([C@@]3(C[C@@H]4C5)C[C@H](C4)C[C@H]5C3)[C@]6(C7)C[C@@H](C[C@@H]7C8)C[C@@H]8C6)C(OC)=CC=C2OC,CC1=CC(C(OCC)=O)=NO1,CN1CCCN2C1=NCCC2,BrC1=CC=C(OC)C=C1,55.18,COc1ccc(Nc2ccc(C)cc2)cc1
MTBD,CC(C)C(C=C(C(C)C)C=C1C(C)C)=C1C2=C(P([C@@]3(C[C@@H]4C5)C[C@H](C4)C[C@H]5C3)[C@]6(C7)C[C@@H](C[C@@H]7C8)C[C@@H]8C6)C(OC)=CC=C2OC,CC1=CC(C(OCC)=O)=NO1,CN1CCCN2C1=NCCC2,IC1=CC=C(OC)C=C1,55.01,COc1ccc(Nc2ccc(C)cc2)cc1
MTBD,CC(C)C(C=C(C(C)C)C=C1C(C)C)=C1C2=C(P([C@@]3(C[C@@H]4C5)C[C@H](C4)C[C@H]5C3)[C@]6(C7)C[C@@H](C[C@@H]7C8)C[C@@H]8C6)C(OC)=CC=C2OC,CC1=CC(C(OCC)=O)=NO1,CN1CCCN2C1=NCCC2,ClC1=CC=C(CC)C=C1,1.09,CCc1ccc(Nc2ccc(C)cc2)cc1
MTBD,CC(C)C(C=C(C(C)C)C=C1C(C)C)=C1C2=C(P([C@@]3(C[C@@H]4C5)C[C@H](C4)C[C@H]5C3)[C@]6(C7)C[C@@H](C[C@@H]7C8)C[C@@H]8C6)C(OC)=CC=C2OC,CC1=CC(C(OCC)=O)=NO1,CN1CCCN2C1=NCCC2,BrC1=CC=C(CC)C=C1,81.23,CCc1ccc(Nc2ccc(C)cc2)cc1
MTBD,CC(C)C(C=C(C(C)C)C=C1C(C)C)=C1C2=C(P([C@@]3(C[C@@H]4C5)C[C@H](C4)C[C@H]5C3)[C@]6(C7)C[C@@H](C[C@@H]7C8)C[C@@H]8C6)C(OC)=CC=C2OC,CC1=CC(C(OCC)=O)=NO1,CN1CCCN2C1=NCCC2,IC1=CC=C(CC)C=C1,80.71,CCc1ccc(Nc2ccc(C)cc2)cc1
MTBD,CC(C)C(C=C(C(C)C)C=C1C(C)C)=C1C2=C(P([C@@]3(C[C@@H]4C5)C[C@H](C4)C[C@H]5C3)[C@]6(C7)C[C@@H](C[C@@H]7C8)C[C@@H]8C6)C(OC)=CC=C2OC,CC1=CC(C(OCC)=O)=NO1,CN1CCCN2C1=NCCC2,ClC1=NC=CC=C1,86.2,Cc1ccc(Nc2ccccn2)cc1
MTBD,CC(C)C(C=C(C(C)C)C=C1C(C)C)=C1C2=C(P([C@@]3(C[C@@H]4C5)C[C@H](C4)C[C@H]5C3)[C@]6(C7)C[C@@H](C[C@@H]7C8)C[C@@H]8C6)C(OC)=CC=C2OC,CC1=CC(C(OCC)=O)=NO1,CN1CCCN2C1=NCCC2,BrC1=NC=CC=C1,84.18,Cc1ccc(Nc2ccccn2)cc1
MTBD,CC(C)C(C=C(C(C)C)C=C1C(C)C)=C1C2=C(P([C@@]3(C[C@@H]4C5)C[C@H](C4)C[C@H]5C3)[C@]6(C7)C[C@@H](C[C@@H]7C8)C[C@@H]8C6)C(OC)=CC=C2OC,CC1=CC(C(OCC)=O)=NO1,CN1CCCN2C1=NCCC2,IC1=NC=CC=C1,95.68,Cc1ccc(Nc2ccccn2)cc1
MTBD,CC(C)C(C=C(C(C)C)C=C1C(C)C)=C1C2=C(P([C@@]3(C[C@@H]4C5)C[C@H](C4)C[C@H]5C3)[C@]6(C7)C[C@@H](C[C@@H]7C8)C[C@@H]8C6)C(OC)=CC=C2OC,CC1=CC(C(OCC)=O)=NO1,CN1CCCN2C1=NCCC2,ClC1=CN=CC=C1,14.5,Cc1ccc(Nc2cccnc2)cc1
MTBD,CC(C)C(C=C(C(C)C)C=C1C(C)C)=C1C2=C(P([C@@]3(C[C@@H]4C5)C[C@H](C4)C[C@H]5C3)[C@]6(C7)C[C@@H](C[C@@H]7C8)C[C@@H]8C6)C(OC)=CC=C2OC,CC1=CC(C(OCC)=O)=NO1,CN1CCCN2C1=NCCC2,BrC1=CN=CC=C1,91.53,Cc1ccc(Nc2cccnc2)cc1
MTBD,CC(C)C(C=C(C(C)C)C=C1C(C)C)=C1C2=C(P([C@@]3(C[C@@H]4C5)C[C@H](C4)C[C@H]5C3)[C@]6(C7)C[C@@H](C[C@@H]7C8)C[C@@H]8C6)C(OC)=CC=C2OC,CC1=CC(C(OCC)=O)=NO1,CN1CCCN2C1=NCCC2,IC1=CN=CC=C1,92.66,Cc1ccc(Nc2cccnc2)cc1
P2Et,CC(C)C(C=C(C(C)C)C=C1C(C)C)=C1C2=C(P(C3CCCCC3)C4CCCCC4)C=CC=C2,C1(C2=CC=CC=C2)=CON=C1,CN(C)P(N(C)C)(N(C)C)=NP(N(C)C)(N(C)C)=NCC,ClC1=CC=C(C(F)(F)F)C=C1,12.65,Cc1ccc(Nc2ccc(C(F)(F)F)cc2)cc1
P2Et,CC(C)C(C=C(C(C)C)C=C1C(C)C)=C1C2=C(P(C3CCCCC3)C4CCCCC4)C=CC=C2,C1(C2=CC=CC=C2)=CON=C1,CN(C)P(N(C)C)(N(C)C)=NP(N(C)C)(N(C)C)=NCC,BrC1=CC=C(C(F)(F)F)C=C1,13.84,Cc1ccc(Nc2ccc(C(F)(F)F)cc2)cc1
P2Et,CC(C)C(C=C(C(C)C)C=C1C(C)C)=C1C2=C(P(C3CCCCC3)C4CCCCC4)C=CC=C2,C1(C2=CC=CC=C2)=CON=C1,CN(C)P(N(C)C)(N(C)C)=NP(N(C)C)(N(C)C)=NCC,IC1=CC=C(C(F)(F)F)C=C1,15.03,Cc1ccc(Nc2ccc(C(F)(F)F)cc2)cc1
P2Et,CC(C)C(C=C(C(C)C)C=C1C(C)C)=C1C2=C(P(C3CCCCC3)C4CCCCC4)C=CC=C2,C1(C2=CC=CC=C2)=CON=C1,CN(C)P(N(C)C)(N(C)C)=NP(N(C)C)(N(C)C)=NCC,ClC1=CC=C(OC)C=C1,1.86,COc1ccc(Nc2ccc(C)cc2)cc1
P2Et,CC(C)C(C=C(C(C)C)C=C1C(C)C)=C1C2=C(P(C3CCCCC3)C4CCCCC4)C=CC=C2,C1(C2=CC=CC=C2)=CON=C1,CN(C)P(N(C)C)(N(C)C)=NP(N(C)C)(N(C)C)=NCC,BrC1=CC=C(OC)C=C1,4.34,COc1ccc(Nc2ccc(C)cc2)cc1
P2Et,CC(C)C(C=C(C(C)C)C=C1C(C)C)=C1C2=C(P(C3CCCCC3)C4CCCCC4)C=CC=C2,C1(C2=CC=CC=C2)=CON=C1,CN(C)P(N(C)C)(N(C)C)=NP(N(C)C)(N(C)C)=NCC,IC1=CC=C(OC)C=C1,5.97,COc1ccc(Nc2ccc(C)cc2)cc1
P2Et,CC(C)C(C=C(C(C)C)C=C1C(C)C)=C1C2=C(P(C3CCCCC3)C4CCCCC4)C=CC=C2,C1(C2=CC=CC=C2)=CON=C1,CN(C)P(N(C)C)(N(C)C)=NP(N(C)C)(N(C)C)=NCC,ClC1=CC=C(CC)C=C1,8.32,CCc1ccc(Nc2ccc(C)cc2)cc1
P2Et,CC(C)C(C=C(C(C)C)C=C1C(C)C)=C1C2=C(P(C3CCCCC3)C4CCCCC4)C=CC=C2,C1(C2=CC=CC=C2)=CON=C1,CN(C)P(N(C)C)(N(C)C)=NP(N(C)C)(N(C)C)=NCC,BrC1=CC=C(CC)C=C1,13.25,CCc1ccc(Nc2ccc(C)cc2)cc1
P2Et,CC(C)C(C=C(C(C)C)C=C1C(C)C)=C1C2=C(P(C3CCCCC3)C4CCCCC4)C=CC=C2,C1(C2=CC=CC=C2)=CON=C1,CN(C)P(N(C)C)(N(C)C)=NP(N(C)C)(N(C)C)=NCC,IC1=CC=C(CC)C=C1,15.01,CCc1ccc(Nc2ccc(C)cc2)cc1
P2Et,CC(C)C(C=C(C(C)C)C=C1C(C)C)=C1C2=C(P(C3CCCCC3)C4CCCCC4)C=CC=C2,C1(C2=CC=CC=C2)=CON=C1,CN(C)P(N(C)C)(N(C)C)=NP(N(C)C)(N(C)C)=NCC,ClC1=NC=CC=C1,12.99,Cc1ccc(Nc2ccccn2)cc1
P2Et,CC(C)C(C=C(C(C)C)C=C1C(C)C)=C1C2=C(P(C3CCCCC3)C4CCCCC4)C=CC=C2,C1(C2=CC=CC=C2)=CON=C1,CN(C)P(N(C)C)(N(C)C)=NP(N(C)C)(N(C)C)=NCC,BrC1=NC=CC=C1,17.09,Cc1ccc(Nc2ccccn2)cc1
P2Et,CC(C)C(C=C(C(C)C)C=C1C(C)C)=C1C2=C(P(C3CCCCC3)C4CCCCC4)C=CC=C2,C1(C2=CC=CC=C2)=CON=C1,CN(C)P(N(C)C)(N(C)C)=NP(N(C)C)(N(C)C)=NCC,IC1=NC=CC=C1,19.42,Cc1ccc(Nc2ccccn2)cc1
P2Et,CC(C)C(C=C(C(C)C)C=C1C(C)C)=C1C2=C(P(C3CCCCC3)C4CCCCC4)C=CC=C2,C1(C2=CC=CC=C2)=CON=C1,CN(C)P(N(C)C)(N(C)C)=NP(N(C)C)(N(C)C)=NCC,ClC1=CN=CC=C1,61.69,Cc1ccc(Nc2cccnc2)cc1
P2Et,CC(C)C(C=C(C(C)C)C=C1C(C)C)=C1C2=C(P(C3CCCCC3)C4CCCCC4)C=CC=C2,C1(C2=CC=CC=C2)=CON=C1,CN(C)P(N(C)C)(N(C)C)=NP(N(C)C)(N(C)C)=NCC,BrC1=CN=CC=C1,64.53,Cc1ccc(Nc2cccnc2)cc1
P2Et,CC(C)C(C=C(C(C)C)C=C1C(C)C)=C1C2=C(P(C3CCCCC3)C4CCCCC4)C=CC=C2,C1(C2=CC=CC=C2)=CON=C1,CN(C)P(N(C)C)(N(C)C)=NP(N(C)C)(N(C)C)=NCC,IC1=CN=CC=C1,64.67,Cc1ccc(Nc2cccnc2)cc1
BTMG,CC(C)C(C=C(C(C)C)C=C1C(C)C)=C1C2=C(P(C3CCCCC3)C4CCCCC4)C=CC=C2,C1(C2=CC=CC=C2)=CON=C1,CC(C)(C)/N=C(N(C)C)/N(C)C,ClC1=CC=C(C(F)(F)F)C=C1,14.27,Cc1ccc(Nc2ccc(C(F)(F)F)cc2)cc1
BTMG,CC(C)C(C=C(C(C)C)C=C1C(C)C)=C1C2=C(P(C3CCCCC3)C4CCCCC4)C=CC=C2,C1(C2=CC=CC=C2)=CON=C1,CC(C)(C)/N=C(N(C)C)/N(C)C,BrC1=CC=C(C(F)(F)F)C=C1,24.93,Cc1ccc(Nc2ccc(C(F)(F)F)cc2)cc1
BTMG,CC(C)C(C=C(C(C)C)C=C1C(C)C)=C1C2=C(P(C3CCCCC3)C4CCCCC4)C=CC=C2,C1(C2=CC=CC=C2)=CON=C1,CC(C)(C)/N=C(N(C)C)/N(C)C,IC1=CC=C(C(F)(F)F)C=C1,38.55,Cc1ccc(Nc2ccc(C(F)(F)F)cc2)cc1
BTMG,CC(C)C(C=C(C(C)C)C=C1C(C)C)=C1C2=C(P(C3CCCCC3)C4CCCCC4)C=CC=C2,C1(C2=CC=CC=C2)=CON=C1,CC(C)(C)/N=C(N(C)C)/N(C)C,ClC1=CC=C(OC)C=C1,0.0,COc1ccc(Nc2ccc(C)cc2)cc1
BTMG,CC(C)C(C=C(C(C)C)C=C1C(C)C)=C1C2=C(P(C3CCCCC3)C4CCCCC4)C=CC=C2,C1(C2=CC=CC=C2)=CON=C1,CC(C)(C)/N=C(N(C)C)/N(C)C,BrC1=CC=C(OC)C=C1,1.22,COc1ccc(Nc2ccc(C)cc2)cc1
BTMG,CC(C)C(C=C(C(C)C)C=C1C(C)C)=C1C2=C(P(C3CCCCC3)C4CCCCC4)C=CC=C2,C1(C2=CC=CC=C2)=CON=C1,CC(C)(C)/N=C(N(C)C)/N(C)C,IC1=CC=C(OC)C=C1,2.63,COc1ccc(Nc2ccc(C)cc2)cc1
BTMG,CC(C)C(C=C(C(C)C)C=C1C(C)C)=C1C2=C(P(C3CCCCC3)C4CCCCC4)C=CC=C2,C1(C2=CC=CC=C2)=CON=C1,CC(C)(C)/N=C(N(C)C)/N(C)C,ClC1=CC=C(CC)C=C1,1.93,CCc1ccc(Nc2ccc(C)cc2)cc1
BTMG,CC(C)C(C=C(C(C)C)C=C1C(C)C)=C1C2=C(P(C3CCCCC3)C4CCCCC4)C=CC=C2,C1(C2=CC=CC=C2)=CON=C1,CC(C)(C)/N=C(N(C)C)/N(C)C,BrC1=CC=C(CC)C=C1,8.43,CCc1ccc(Nc2ccc(C)cc2)cc1
BTMG,CC(C)C(C=C(C(C)C)C=C1C(C)C)=C1C2=C(P(C3CCCCC3)C4CCCCC4)C=CC=C2,C1(C2=CC=CC=C2)=CON=C1,CC(C)(C)/N=C(N(C)C)/N(C)C,IC1=CC=C(CC)C=C1,11.41,CCc1ccc(Nc2ccc(C)cc2)cc1
BTMG,CC(C)C(C=C(C(C)C)C=C1C(C)C)=C1C2=C(P(C3CCCCC3)C4CCCCC4)C=CC=C2,C1(C2=CC=CC=C2)=CON=C1,CC(C)(C)/N=C(N(C)C)/N(C)C,ClC1=NC=CC=C1,16.83,Cc1ccc(Nc2ccccn2)cc1
BTMG,CC(C)C(C=C(C(C)C)C=C1C(C)C)=C1C2=C(P(C3CCCCC3)C4CCCCC4)C=CC=C2,C1(C2=CC=CC=C2)=CON=C1,CC(C)(C)/N=C(N(C)C)/N(C)C,BrC1=NC=CC=C1,35.54,Cc1ccc(Nc2ccccn2)cc1
BTMG,CC(C)C(C=C(C(C)C)C=C1C(C)C)=C1C2=C(P(C3CCCCC3)C4CCCCC4)C=CC=C2,C1(C2=CC=CC=C2)=CON=C1,CC(C)(C)/N=C(N(C)C)/N(C)C,IC1=NC=CC=C1,41.96,Cc1ccc(Nc2ccccn2)cc1
BTMG,CC(C)C(C=C(C(C)C)C=C1C(C)C)=C1C2=C(P(C3CCCCC3)C4CCCCC4)C=CC=C2,C1(C2=CC=CC=C2)=CON=C1,CC(C)(C)/N=C(N(C)C)/N(C)C,ClC1=CN=CC=C1,2.92,Cc1ccc(Nc2cccnc2)cc1
BTMG,CC(C)C(C=C(C(C)C)C=C1C(C)C)=C1C2=C(P(C3CCCCC3)C4CCCCC4)C=CC=C2,C1(C2=CC=CC=C2)=CON=C1,CC(C)(C)/N=C(N(C)C)/N(C)C,BrC1=CN=CC=C1,7.77,Cc1ccc(Nc2cccnc2)cc1
BTMG,CC(C)C(C=C(C(C)C)C=C1C(C)C)=C1C2=C(P(C3CCCCC3)C4CCCCC4)C=CC=C2,C1(C2=CC=CC=C2)=CON=C1,CC(C)(C)/N=C(N(C)C)/N(C)C,IC1=CN=CC=C1,14.74,Cc1ccc(Nc2cccnc2)cc1
MTBD,CC(C)C(C=C(C(C)C)C=C1C(C)C)=C1C2=C(P(C3CCCCC3)C4CCCCC4)C=CC=C2,C1(C2=CC=CC=C2)=CON=C1,CN1CCCN2C1=NCCC2,ClC1=CC=C(C(F)(F)F)C=C1,21.51,Cc1ccc(Nc2ccc(C(F)(F)F)cc2)cc1
MTBD,CC(C)C(C=C(C(C)C)C=C1C(C)C)=C1C2=C(P(C3CCCCC3)C4CCCCC4)C=CC=C2,C1(C2=CC=CC=C2)=CON=C1,CN1CCCN2C1=NCCC2,BrC1=CC=C(C(F)(F)F)C=C1,20.96,Cc1ccc(Nc2ccc(C(F)(F)F)cc2)cc1
MTBD,CC(C)C(C=C(C(C)C)C=C1C(C)C)=C1C2=C(P(C3CCCCC3)C4CCCCC4)C=CC=C2,C1(C2=CC=CC=C2)=CON=C1,CN1CCCN2C1=NCCC2,IC1=CC=C(C(F)(F)F)C=C1,26.68,Cc1ccc(Nc2ccc(C(F)(F)F)cc2)cc1
MTBD,CC(C)C(C=C(C(C)C)C=C1C(C)C)=C1C2=C(P(C3CCCCC3)C4CCCCC4)C=CC=C2,C1(C2=CC=CC=C2)=CON=C1,CN1CCCN2C1=NCCC2,ClC1=CC=C(OC)C=C1,0.0,COc1ccc(Nc2ccc(C)cc2)cc1
MTBD,CC(C)C(C=C(C(C)C)C=C1C(C)C)=C1C2=C(P(C3CCCCC3)C4CCCCC4)C=CC=C2,C1(C2=CC=CC=C2)=CON=C1,CN1CCCN2C1=NCCC2,BrC1=CC=C(OC)C=C1,3.94,COc1ccc(Nc2ccc(C)cc2)cc1
MTBD,CC(C)C(C=C(C(C)C)C=C1C(C)C)=C1C2=C(P(C3CCCCC3)C4CCCCC4)C=CC=C2,C1(C2=CC=CC=C2)=CON=C1,CN1CCCN2C1=NCCC2,IC1=CC=C(OC)C=C1,7.77,COc1ccc(Nc2ccc(C)cc2)cc1
MTBD,CC(C)C(C=C(C(C)C)C=C1C(C)C)=C1C2=C(P(C3CCCCC3)C4CCCCC4)C=CC=C2,C1(C2=CC=CC=C2)=CON=C1,CN1CCCN2C1=NCCC2,ClC1=CC=C(CC)C=C1,2.33,CCc1ccc(Nc2ccc(C)cc2)cc1
MTBD,CC(C)C(C=C(C(C)C)C=C1C(C)C)=C1C2=C(P(C3CCCCC3)C4CCCCC4)C=CC=C2,C1(C2=CC=CC=C2)=CON=C1,CN1CCCN2C1=NCCC2,BrC1=CC=C(CC)C=C1,15.29,CCc1ccc(Nc2ccc(C)cc2)cc1
MTBD,CC(C)C(C=C(C(C)C)C=C1C(C)C)=C1C2=C(P(C3CCCCC3)C4CCCCC4)C=CC=C2,C1(C2=CC=CC=C2)=CON=C1,CN1CCCN2C1=NCCC2,IC1=CC=C(CC)C=C1,23.44,CCc1ccc(Nc2ccc(C)cc2)cc1
MTBD,CC(C)C(C=C(C(C)C)C=C1C(C)C)=C1C2=C(P(C3CCCCC3)C4CCCCC4)C=CC=C2,C1(C2=CC=CC=C2)=CON=C1,CN1CCCN2C1=NCCC2,ClC1=NC=CC=C1,15.7,Cc1ccc(Nc2ccccn2)cc1
MTBD,CC(C)C(C=C(C(C)C)C=C1C(C)C)=C1C2=C(P(C3CCCCC3)C4CCCCC4)C=CC=C2,C1(C2=CC=CC=C2)=CON=C1,CN1CCCN2C1=NCCC2,BrC1=NC=CC=C1,27.33,Cc1ccc(Nc2ccccn2)cc1
MTBD,CC(C)C(C=C(C(C)C)C=C1C(C)C)=C1C2=C(P(C3CCCCC3)C4CCCCC4)C=CC=C2,C1(C2=CC=CC=C2)=CON=C1,CN1CCCN2C1=NCCC2,IC1=NC=CC=C1,34.45,Cc1ccc(Nc2ccccn2)cc1
MTBD,CC(C)C(C=C(C(C)C)C=C1C(C)C)=C1C2=C(P(C3CCCCC3)C4CCCCC4)C=CC=C2,C1(C2=CC=CC=C2)=CON=C1,CN1CCCN2C1=NCCC2,ClC1=CN=CC=C1,9.06,Cc1ccc(Nc2cccnc2)cc1
MTBD,CC(C)C(C=C(C(C)C)C=C1C(C)C)=C1C2=C(P(C3CCCCC3)C4CCCCC4)C=CC=C2,C1(C2=CC=CC=C2)=CON=C1,CN1CCCN2C1=NCCC2,BrC1=CN=CC=C1,20.11,Cc1ccc(Nc2cccnc2)cc1
MTBD,CC(C)C(C=C(C(C)C)C=C1C(C)C)=C1C2=C(P(C3CCCCC3)C4CCCCC4)C=CC=C2,C1(C2=CC=CC=C2)=CON=C1,CN1CCCN2C1=NCCC2,IC1=CN=CC=C1,25.94,Cc1ccc(Nc2cccnc2)cc1
P2Et,CC(C)C(C=C(C(C)C)C=C1C(C)C)=C1C2=C(P(C3CCCCC3)C4CCCCC4)C=CC=C2,C1(C2=CC=CC=C2)=NOC=C1,CN(C)P(N(C)C)(N(C)C)=NP(N(C)C)(N(C)C)=NCC,ClC1=CC=C(C(F)(F)F)C=C1,2.97,Cc1ccc(Nc2ccc(C(F)(F)F)cc2)cc1
P2Et,CC(C)C(C=C(C(C)C)C=C1C(C)C)=C1C2=C(P(C3CCCCC3)C4CCCCC4)C=CC=C2,C1(C2=CC=CC=C2)=NOC=C1,CN(C)P(N(C)C)(N(C)C)=NP(N(C)C)(N(C)C)=NCC,BrC1=CC=C(C(F)(F)F)C=C1,2.39,Cc1ccc(Nc2ccc(C(F)(F)F)cc2)cc1
P2Et,CC(C)C(C=C(C(C)C)C=C1C(C)C)=C1C2=C(P(C3CCCCC3)C4CCCCC4)C=CC=C2,C1(C2=CC=CC=C2)=NOC=C1,CN(C)P(N(C)C)(N(C)C)=NP(N(C)C)(N(C)C)=NCC,IC1=CC=C(C(F)(F)F)C=C1,20.87,Cc1ccc(Nc2ccc(C(F)(F)F)cc2)cc1
P2Et,CC(C)C(C=C(C(C)C)C=C1C(C)C)=C1C2=C(P(C3CCCCC3)C4CCCCC4)C=CC=C2,C1(C2=CC=CC=C2)=NOC=C1,CN(C)P(N(C)C)(N(C)C)=NP(N(C)C)(N(C)C)=NCC,ClC1=CC=C(OC)C=C1,2.06,COc1ccc(Nc2ccc(C)cc2)cc1
P2Et,CC(C)C(C=C(C(C)C)C=C1C(C)C)=C1C2=C(P(C3CCCCC3)C4CCCCC4)C=CC=C2,C1(C2=CC=CC=C2)=NOC=C1,CN(C)P(N(C)C)(N(C)C)=NP(N(C)C)(N(C)C)=NCC,BrC1=CC=C(OC)C=C1,11.13,COc1ccc(Nc2ccc(C)cc2)cc1
P2Et,CC(C)C(C=C(C(C)C)C=C1C(C)C)=C1C2=C(P(C3CCCCC3)C4CCCCC4)C=CC=C2,C1(C2=CC=CC=C2)=NOC=C1,CN(C)P(N(C)C)(N(C)C)=NP(N(C)C)(N(C)C)=NCC,IC1=CC=C(OC)C=C1,14.37,COc1ccc(Nc2ccc(C)cc2)cc1
P2Et,CC(C)C(C=C(C(C)C)C=C1C(C)C)=C1C2=C(P(C3CCCCC3)C4CCCCC4)C=CC=C2,C1(C2=CC=CC=C2)=NOC=C1,CN(C)P(N(C)C)(N(C)C)=NP(N(C)C)(N(C)C)=NCC,ClC1=CC=C(CC)C=C1,9.09,CCc1ccc(Nc2ccc(C)cc2)cc1
P2Et,CC(C)C(C=C(C(C)C)C=C1C(C)C)=C1C2=C(P(C3CCCCC3)C4CCCCC4)C=CC=C2,C1(C2=CC=CC=C2)=NOC=C1,CN(C)P(N(C)C)(N(C)C)=NP(N(C)C)(N(C)C)=NCC,BrC1=CC=C(CC)C=C1,51.72,CCc1ccc(Nc2ccc(C)cc2)cc1
P2Et,CC(C)C(C=C(C(C)C)C=C1C(C)C)=C1C2=C(P(C3CCCCC3)C4CCCCC4)C=CC=C2,C1(C2=CC=CC=C2)=NOC=C1,CN(C)P(N(C)C)(N(C)C)=NP(N(C)C)(N(C)C)=NCC,IC1=CC=C(CC)C=C1,53.24,CCc1ccc(Nc2ccc(C)cc2)cc1
P2Et,CC(C)C(C=C(C(C)C)C=C1C(C)C)=C1C2=C(P(C3CCCCC3)C4CCCCC4)C=CC=C2,C1(C2=CC=CC=C2)=NOC=C1,CN(C)P(N(C)C)(N(C)C)=NP(N(C)C)(N(C)C)=NCC,ClC1=NC=CC=C1,10.6,Cc1ccc(Nc2ccccn2)cc1
P2Et,CC(C)C(C=C(C(C)C)C=C1C(C)C)=C1C2=C(P(C3CCCCC3)C4CCCCC4)C=CC=C2,C1(C2=CC=CC=C2)=NOC=C1,CN(C)P(N(C)C)(N(C)C)=NP(N(C)C)(N(C)C)=NCC,BrC1=NC=CC=C1,12.24,Cc1ccc(Nc2ccccn2)cc1
P2Et,CC(C)C(C=C(C(C)C)C=C1C(C)C)=C1C2=C(P(C3CCCCC3)C4CCCCC4)C=CC=C2,C1(C2=CC=CC=C2)=NOC=C1,CN(C)P(N(C)C)(N(C)C)=NP(N(C)C)(N(C)C)=NCC,IC1=NC=CC=C1,12.72,Cc1ccc(Nc2ccccn2)cc1
P2Et,CC(C)C(C=C(C(C)C)C=C1C(C)C)=C1C2=C(P(C3CCCCC3)C4CCCCC4)C=CC=C2,C1(C2=CC=CC=C2)=NOC=C1,CN(C)P(N(C)C)(N(C)C)=NP(N(C)C)(N(C)C)=NCC,ClC1=CN=CC=C1,20.53,Cc1ccc(Nc2cccnc2)cc1
P2Et,CC(C)C(C=C(C(C)C)C=C1C(C)C)=C1C2=C(P(C3CCCCC3)C4CCCCC4)C=CC=C2,C1(C2=CC=CC=C2)=NOC=C1,CN(C)P(N(C)C)(N(C)C)=NP(N(C)C)(N(C)C)=NCC,BrC1=CN=CC=C1,16.04,Cc1ccc(Nc2cccnc2)cc1
P2Et,CC(C)C(C=C(C(C)C)C=C1C(C)C)=C1C2=C(P(C3CCCCC3)C4CCCCC4)C=CC=C2,C1(C2=CC=CC=C2)=NOC=C1,CN(C)P(N(C)C)(N(C)C)=NP(N(C)C)(N(C)C)=NCC,IC1=CN=CC=C1,19.29,Cc1ccc(Nc2cccnc2)cc1
BTMG,CC(C)C(C=C(C(C)C)C=C1C(C)C)=C1C2=C(P(C3CCCCC3)C4CCCCC4)C=CC=C2,C1(C2=CC=CC=C2)=NOC=C1,CC(C)(C)/N=C(N(C)C)/N(C)C,ClC1=CC=C(C(F)(F)F)C=C1,24.42,Cc1ccc(Nc2ccc(C(F)(F)F)cc2)cc1
BTMG,CC(C)C(C=C(C(C)C)C=C1C(C)C)=C1C2=C(P(C3CCCCC3)C4CCCCC4)C=CC=C2,C1(C2=CC=CC=C2)=NOC=C1,CC(C)(C)/N=C(N(C)C)/N(C)C,BrC1=CC=C(C(F)(F)F)C=C1,35.72,Cc1ccc(Nc2ccc(C(F)(F)F)cc2)cc1
BTMG,CC(C)C(C=C(C(C)C)C=C1C(C)C)=C1C2=C(P(C3CCCCC3)C4CCCCC4)C=CC=C2,C1(C2=CC=CC=C2)=NOC=C1,CC(C)(C)/N=C(N(C)C)/N(C)C,IC1=CC=C(C(F)(F)F)C=C1,34.69,Cc1ccc(Nc2ccc(C(F)(F)F)cc2)cc1
BTMG,CC(C)C(C=C(C(C)C)C=C1C(C)C)=C1C2=C(P(C3CCCCC3)C4CCCCC4)C=CC=C2,C1(C2=CC=CC=C2)=NOC=C1,CC(C)(C)/N=C(N(C)C)/N(C)C,ClC1=CC=C(OC)C=C1,1.3,COc1ccc(Nc2ccc(C)cc2)cc1
BTMG,CC(C)C(C=C(C(C)C)C=C1C(C)C)=C1C2=C(P(C3CCCCC3)C4CCCCC4)C=CC=C2,C1(C2=CC=CC=C2)=NOC=C1,CC(C)(C)/N=C(N(C)C)/N(C)C,BrC1=CC=C(OC)C=C1,17.27,COc1ccc(Nc2ccc(C)cc2)cc1
BTMG,CC(C)C(C=C(C(C)C)C=C1C(C)C)=C1C2=C(P(C3CCCCC3)C4CCCCC4)C=CC=C2,C1(C2=CC=CC=C2)=NOC=C1,CC(C)(C)/N=C(N(C)C)/N(C)C,IC1=CC=C(OC)C=C1,28.37,COc1ccc(Nc2ccc(C)cc2)cc1
BTMG,CC(C)C(C=C(C(C)C)C=C1C(C)C)=C1C2=C(P(C3CCCCC3)C4CCCCC4)C=CC=C2,C1(C2=CC=CC=C2)=NOC=C1,CC(C)(C)/N=C(N(C)C)/N(C)C,ClC1=CC=C(CC)C=C1,5.37,CCc1ccc(Nc2ccc(C)cc2)cc1
BTMG,CC(C)C(C=C(C(C)C)C=C1C(C)C)=C1C2=C(P(C3CCCCC3)C4CCCCC4)C=CC=C2,C1(C2=CC=CC=C2)=NOC=C1,CC(C)(C)/N=C(N(C)C)/N(C)C,BrC1=CC=C(CC)C=C1,37.71,CCc1ccc(Nc2ccc(C)cc2)cc1
BTMG,CC(C)C(C=C(C(C)C)C=C1C(C)C)=C1C2=C(P(C3CCCCC3)C4CCCCC4)C=CC=C2,C1(C2=CC=CC=C2)=NOC=C1,CC(C)(C)/N=C(N(C)C)/N(C)C,IC1=CC=C(CC)C=C1,36.03,CCc1ccc(Nc2ccc(C)cc2)cc1
BTMG,CC(C)C(C=C(C(C)C)C=C1C(C)C)=C1C2=C(P(C3CCCCC3)C4CCCCC4)C=CC=C2,C1(C2=CC=CC=C2)=NOC=C1,CC(C)(C)/N=C(N(C)C)/N(C)C,ClC1=NC=CC=C1,32.93,Cc1ccc(Nc2ccccn2)cc1
BTMG,CC(C)C(C=C(C(C)C)C=C1C(C)C)=C1C2=C(P(C3CCCCC3)C4CCCCC4)C=CC=C2,C1(C2=CC=CC=C2)=NOC=C1,CC(C)(C)/N=C(N(C)C)/N(C)C,BrC1=NC=CC=C1,59.55,Cc1ccc(Nc2ccccn2)cc1
BTMG,CC(C)C(C=C(C(C)C)C=C1C(C)C)=C1C2=C(P(C3CCCCC3)C4CCCCC4)C=CC=C2,C1(C2=CC=CC=C2)=NOC=C1,CC(C)(C)/N=C(N(C)C)/N(C)C,IC1=NC=CC=C1,57.61,Cc1ccc(Nc2ccccn2)cc1
BTMG,CC(C)C(C=C(C(C)C)C=C1C(C)C)=C1C2=C(P(C3CCCCC3)C4CCCCC4)C=CC=C2,C1(C2=CC=CC=C2)=NOC=C1,CC(C)(C)/N=C(N(C)C)/N(C)C,ClC1=CN=CC=C1,18.46,Cc1ccc(Nc2cccnc2)cc1
BTMG,CC(C)C(C=C(C(C)C)C=C1C(C)C)=C1C2=C(P(C3CCCCC3)C4CCCCC4)C=CC=C2,C1(C2=CC=CC=C2)=NOC=C1,CC(C)(C)/N=C(N(C)C)/N(C)C,BrC1=CN=CC=C1,36.81,Cc1ccc(Nc2cccnc2)cc1
BTMG,CC(C)C(C=C(C(C)C)C=C1C(C)C)=C1C2=C(P(C3CCCCC3)C4CCCCC4)C=CC=C2,C1(C2=CC=CC=C2)=NOC=C1,CC(C)(C)/N=C(N(C)C)/N(C)C,IC1=CN=CC=C1,44.33,Cc1ccc(Nc2cccnc2)cc1
MTBD,CC(C)C(C=C(C(C)C)C=C1C(C)C)=C1C2=C(P(C3CCCCC3)C4CCCCC4)C=CC=C2,C1(C2=CC=CC=C2)=NOC=C1,CN1CCCN2C1=NCCC2,ClC1=CC=C(C(F)(F)F)C=C1,26.53,Cc1ccc(Nc2ccc(C(F)(F)F)cc2)cc1
MTBD,CC(C)C(C=C(C(C)C)C=C1C(C)C)=C1C2=C(P(C3CCCCC3)C4CCCCC4)C=CC=C2,C1(C2=CC=CC=C2)=NOC=C1,CN1CCCN2C1=NCCC2,BrC1=CC=C(C(F)(F)F)C=C1,40.07,Cc1ccc(Nc2ccc(C(F)(F)F)cc2)cc1
MTBD,CC(C)C(C=C(C(C)C)C=C1C(C)C)=C1C2=C(P(C3CCCCC3)C4CCCCC4)C=CC=C2,C1(C2=CC=CC=C2)=NOC=C1,CN1CCCN2C1=NCCC2,IC1=CC=C(C(F)(F)F)C=C1,44.05,Cc1ccc(Nc2ccc(C(F)(F)F)cc2)cc1
MTBD,CC(C)C(C=C(C(C)C)C=C1C(C)C)=C1C2=C(P(C3CCCCC3)C4CCCCC4)C=CC=C2,C1(C2=CC=CC=C2)=NOC=C1,CN1CCCN2C1=NCCC2,ClC1=CC=C(OC)C=C1,0.84,COc1ccc(Nc2ccc(C)cc2)cc1
MTBD,CC(C)C(C=C(C(C)C)C=C1C(C)C)=C1C2=C(P(C3CCCCC3)C4CCCCC4)C=CC=C2,C1(C2=CC=CC=C2)=NOC=C1,CN1CCCN2C1=NCCC2,BrC1=CC=C(OC)C=C1,10.61,COc1ccc(Nc2ccc(C)cc2)cc1
MTBD,CC(C)C(C=C(C(C)C)C=C1C(C)C)=C1C2=C(P(C3CCCCC3)C4CCCCC4)C=CC=C2,C1(C2=CC=CC=C2)=NOC=C1,CN1CCCN2C1=NCCC2,IC1=CC=C(OC)C=C1,19.45,COc1ccc(Nc2ccc(C)cc2)cc1
MTBD,CC(C)C(C=C(C(C)C)C=C1C(C)C)=C1C2=C(P(C3CCCCC3)C4CCCCC4)C=CC=C2,C1(C2=CC=CC=C2)=NOC=C1,CN1CCCN2C1=NCCC2,ClC1=CC=C(CC)C=C1,4.67,CCc1ccc(Nc2ccc(C)cc2)cc1
MTBD,CC(C)C(C=C(C(C)C)C=C1C(C)C)=C1C2=C(P(C3CCCCC3)C4CCCCC4)C=CC=C2,C1(C2=CC=CC=C2)=NOC=C1,CN1CCCN2C1=NCCC2,BrC1=CC=C(CC)C=C1,33.71,CCc1ccc(Nc2ccc(C)cc2)cc1
MTBD,CC(C)C(C=C(C(C)C)C=C1C(C)C)=C1C2=C(P(C3CCCCC3)C4CCCCC4)C=CC=C2,C1(C2=CC=CC=C2)=NOC=C1,CN1CCCN2C1=NCCC2,IC1=CC=C(CC)C=C1,58.95,CCc1ccc(Nc2ccc(C)cc2)cc1
MTBD,CC(C)C(C=C(C(C)C)C=C1C(C)C)=C1C2=C(P(C3CCCCC3)C4CCCCC4)C=CC=C2,C1(C2=CC=CC=C2)=NOC=C1,CN1CCCN2C1=NCCC2,ClC1=NC=CC=C1,32.37,Cc1ccc(Nc2ccccn2)cc1
MTBD,CC(C)C(C=C(C(C)C)C=C1C(C)C)=C1C2=C(P(C3CCCCC3)C4CCCCC4)C=CC=C2,C1(C2=CC=CC=C2)=NOC=C1,CN1CCCN2C1=NCCC2,BrC1=NC=CC=C1,58.31,Cc1ccc(Nc2ccccn2)cc1
MTBD,CC(C)C(C=C(C(C)C)C=C1C(C)C)=C1C2=C(P(C3CCCCC3)C4CCCCC4)C=CC=C2,C1(C2=CC=CC=C2)=NOC=C1,CN1CCCN2C1=NCCC2,IC1=NC=CC=C1,63.63,Cc1ccc(Nc2ccccn2)cc1
MTBD,CC(C)C(C=C(C(C)C)C=C1C(C)C)=C1C2=C(P(C3CCCCC3)C4CCCCC4)C=CC=C2,C1(C2=CC=CC=C2)=NOC=C1,CN1CCCN2C1=NCCC2,ClC1=CN=CC=C1,15.15,Cc1ccc(Nc2cccnc2)cc1
MTBD,CC(C)C(C=C(C(C)C)C=C1C(C)C)=C1C2=C(P(C3CCCCC3)C4CCCCC4)C=CC=C2,C1(C2=CC=CC=C2)=NOC=C1,CN1CCCN2C1=NCCC2,BrC1=CN=CC=C1,31.99,Cc1ccc(Nc2cccnc2)cc1
MTBD,CC(C)C(C=C(C(C)C)C=C1C(C)C)=C1C2=C(P(C3CCCCC3)C4CCCCC4)C=CC=C2,C1(C2=CC=CC=C2)=NOC=C1,CN1CCCN2C1=NCCC2,IC1=CN=CC=C1,53.36,Cc1ccc(Nc2cccnc2)cc1
P2Et,CC(C)C(C=C(C(C)C)C=C1C(C)C)=C1C2=C(P(C3CCCCC3)C4CCCCC4)C=CC=C2,CC1=NOC=C1,CN(C)P(N(C)C)(N(C)C)=NP(N(C)C)(N(C)C)=NCC,ClC1=CC=C(C(F)(F)F)C=C1,5.93,Cc1ccc(Nc2ccc(C(F)(F)F)cc2)cc1
P2Et,CC(C)C(C=C(C(C)C)C=C1C(C)C)=C1C2=C(P(C3CCCCC3)C4CCCCC4)C=CC=C2,CC1=NOC=C1,CN(C)P(N(C)C)(N(C)C)=NP(N(C)C)(N(C)C)=NCC,BrC1=CC=C(C(F)(F)F)C=C1,9.3,Cc1ccc(Nc2ccc(C(F)(F)F)cc2)cc1
P2Et,CC(C)C(C=C(C(C)C)C=C1C(C)C)=C1C2=C(P(C3CCCCC3)C4CCCCC4)C=CC=C2,CC1=NOC=C1,CN(C)P(N(C)C)(N(C)C)=NP(N(C)C)(N(C)C)=NCC,IC1=CC=C(C(F)(F)F)C=C1,34.88,Cc1ccc(Nc2ccc(C(F)(F)F)cc2)cc1
P2Et,CC(C)C(C=C(C(C)C)C=C1C(C)C)=C1C2=C(P(C3CCCCC3)C4CCCCC4)C=CC=C2,CC1=NOC=C1,CN(C)P(N(C)C)(N(C)C)=NP(N(C)C)(N(C)C)=NCC,ClC1=CC=C(OC)C=C1,0.47,COc1ccc(Nc2ccc(C)cc2)cc1
P2Et,CC(C)C(C=C(C(C)C)C=C1C(C)C)=C1C2=C(P(C3CCCCC3)C4CCCCC4)C=CC=C2,CC1=NOC=C1,CN(C)P(N(C)C)(N(C)C)=NP(N(C)C)(N(C)C)=NCC,BrC1=CC=C(OC)C=C1,28.77,COc1ccc(Nc2ccc(C)cc2)cc1
P2Et,CC(C)C(C=C(C(C)C)C=C1C(C)C)=C1C2=C(P(C3CCCCC3)C4CCCCC4)C=CC=C2,CC1=NOC=C1,CN(C)P(N(C)C)(N(C)C)=NP(N(C)C)(N(C)C)=NCC,IC1=CC=C(OC)C=C1,35.21,COc1ccc(Nc2ccc(C)cc2)cc1
P2Et,CC(C)C(C=C(C(C)C)C=C1C(C)C)=C1C2=C(P(C3CCCCC3)C4CCCCC4)C=CC=C2,CC1=NOC=C1,CN(C)P(N(C)C)(N(C)C)=NP(N(C)C)(N(C)C)=NCC,ClC1=CC=C(CC)C=C1,4.11,CCc1ccc(Nc2ccc(C)cc2)cc1
P2Et,CC(C)C(C=C(C(C)C)C=C1C(C)C)=C1C2=C(P(C3CCCCC3)C4CCCCC4)C=CC=C2,CC1=NOC=C1,CN(C)P(N(C)C)(N(C)C)=NP(N(C)C)(N(C)C)=NCC,BrC1=CC=C(CC)C=C1,64.27,CCc1ccc(Nc2ccc(C)cc2)cc1
P2Et,CC(C)C(C=C(C(C)C)C=C1C(C)C)=C1C2=C(P(C3CCCCC3)C4CCCCC4)C=CC=C2,CC1=NOC=C1,CN(C)P(N(C)C)(N(C)C)=NP(N(C)C)(N(C)C)=NCC,IC1=CC=C(CC)C=C1,65.69,CCc1ccc(Nc2ccc(C)cc2)cc1
P2Et,CC(C)C(C=C(C(C)C)C=C1C(C)C)=C1C2=C(P(C3CCCCC3)C4CCCCC4)C=CC=C2,CC1=NOC=C1,CN(C)P(N(C)C)(N(C)C)=NP(N(C)C)(N(C)C)=NCC,ClC1=NC=CC=C1,14.11,Cc1ccc(Nc2ccccn2)cc1
P2Et,CC(C)C(C=C(C(C)C)C=C1C(C)C)=C1C2=C(P(C3CCCCC3)C4CCCCC4)C=CC=C2,CC1=NOC=C1,CN(C)P(N(C)C)(N(C)C)=NP(N(C)C)(N(C)C)=NCC,BrC1=NC=CC=C1,17.56,Cc1ccc(Nc2ccccn2)cc1
P2Et,CC(C)C(C=C(C(C)C)C=C1C(C)C)=C1C2=C(P(C3CCCCC3)C4CCCCC4)C=CC=C2,CC1=NOC=C1,CN(C)P(N(C)C)(N(C)C)=NP(N(C)C)(N(C)C)=NCC,IC1=NC=CC=C1,15.12,Cc1ccc(Nc2ccccn2)cc1
P2Et,CC(C)C(C=C(C(C)C)C=C1C(C)C)=C1C2=C(P(C3CCCCC3)C4CCCCC4)C=CC=C2,CC1=NOC=C1,CN(C)P(N(C)C)(N(C)C)=NP(N(C)C)(N(C)C)=NCC,ClC1=CN=CC=C1,12.74,Cc1ccc(Nc2cccnc2)cc1
P2Et,CC(C)C(C=C(C(C)C)C=C1C(C)C)=C1C2=C(P(C3CCCCC3)C4CCCCC4)C=CC=C2,CC1=NOC=C1,CN(C)P(N(C)C)(N(C)C)=NP(N(C)C)(N(C)C)=NCC,BrC1=CN=CC=C1,14.21,Cc1ccc(Nc2cccnc2)cc1
P2Et,CC(C)C(C=C(C(C)C)C=C1C(C)C)=C1C2=C(P(C3CCCCC3)C4CCCCC4)C=CC=C2,CC1=NOC=C1,CN(C)P(N(C)C)(N(C)C)=NP(N(C)C)(N(C)C)=NCC,IC1=CN=CC=C1,16.85,Cc1ccc(Nc2cccnc2)cc1
BTMG,CC(C)C(C=C(C(C)C)C=C1C(C)C)=C1C2=C(P(C3CCCCC3)C4CCCCC4)C=CC=C2,CC1=NOC=C1,CC(C)(C)/N=C(N(C)C)/N(C)C,ClC1=CC=C(C(F)(F)F)C=C1,19.59,Cc1ccc(Nc2ccc(C(F)(F)F)cc2)cc1
BTMG,CC(C)C(C=C(C(C)C)C=C1C(C)C)=C1C2=C(P(C3CCCCC3)C4CCCCC4)C=CC=C2,CC1=NOC=C1,CC(C)(C)/N=C(N(C)C)/N(C)C,BrC1=CC=C(C(F)(F)F)C=C1,43.74,Cc1ccc(Nc2ccc(C(F)(F)F)cc2)cc1
BTMG,CC(C)C(C=C(C(C)C)C=C1C(C)C)=C1C2=C(P(C3CCCCC3)C4CCCCC4)C=CC=C2,CC1=NOC=C1,CC(C)(C)/N=C(N(C)C)/N(C)C,IC1=CC=C(C(F)(F)F)C=C1,41.13,Cc1ccc(Nc2ccc(C(F)(F)F)cc2)cc1
BTMG,CC(C)C(C=C(C(C)C)C=C1C(C)C)=C1C2=C(P(C3CCCCC3)C4CCCCC4)C=CC=C2,CC1=NOC=C1,CC(C)(C)/N=C(N(C)C)/N(C)C,ClC1=CC=C(OC)C=C1,0.44,COc1ccc(Nc2ccc(C)cc2)cc1
BTMG,CC(C)C(C=C(C(C)C)C=C1C(C)C)=C1C2=C(P(C3CCCCC3)C4CCCCC4)C=CC=C2,CC1=NOC=C1,CC(C)(C)/N=C(N(C)C)/N(C)C,BrC1=CC=C(OC)C=C1,23.41,COc1ccc(Nc2ccc(C)cc2)cc1
BTMG,CC(C)C(C=C(C(C)C)C=C1C(C)C)=C1C2=C(P(C3CCCCC3)C4CCCCC4)C=CC=C2,CC1=NOC=C1,CC(C)(C)/N=C(N(C)C)/N(C)C,IC1=CC=C(OC)C=C1,34.23,COc1ccc(Nc2ccc(C)cc2)cc1
BTMG,CC(C)C(C=C(C(C)C)C=C1C(C)C)=C1C2=C(P(C3CCCCC3)C4CCCCC4)C=CC=C2,CC1=NOC=C1,CC(C)(C)/N=C(N(C)C)/N(C)C,ClC1=CC=C(CC)C=C1,2.01,CCc1ccc(Nc2ccc(C)cc2)cc1
BTMG,CC(C)C(C=C(C(C)C)C=C1C(C)C)=C1C2=C(P(C3CCCCC3)C4CCCCC4)C=CC=C2,CC1=NOC=C1,CC(C)(C)/N=C(N(C)C)/N(C)C,BrC1=CC=C(CC)C=C1,50.98,CCc1ccc(Nc2ccc(C)cc2)cc1
BTMG,CC(C)C(C=C(C(C)C)C=C1C(C)C)=C1C2=C(P(C3CCCCC3)C4CCCCC4)C=CC=C2,CC1=NOC=C1,CC(C)(C)/N=C(N(C)C)/N(C)C,IC1=CC=C(CC)C=C1,50.55,CCc1ccc(Nc2ccc(C)cc2)cc1
BTMG,CC(C)C(C=C(C(C)C)C=C1C(C)C)=C1C2=C(P(C3CCCCC3)C4CCCCC4)C=CC=C2,CC1=NOC=C1,CC(C)(C)/N=C(N(C)C)/N(C)C,ClC1=NC=CC=C1,39.19,Cc1ccc(Nc2ccccn2)cc1
BTMG,CC(C)C(C=C(C(C)C)C=C1C(C)C)=C1C2=C(P(C3CCCCC3)C4CCCCC4)C=CC=C2,CC1=NOC=C1,CC(C)(C)/N=C(N(C)C)/N(C)C,BrC1=NC=CC=C1,59.14,Cc1ccc(Nc2ccccn2)cc1
BTMG,CC(C)C(C=C(C(C)C)C=C1C(C)C)=C1C2=C(P(C3CCCCC3)C4CCCCC4)C=CC=C2,CC1=NOC=C1,CC(C)(C)/N=C(N(C)C)/N(C)C,IC1=NC=CC=C1,63.46,Cc1ccc(Nc2ccccn2)cc1
BTMG,CC(C)C(C=C(C(C)C)C=C1C(C)C)=C1C2=C(P(C3CCCCC3)C4CCCCC4)C=CC=C2,CC1=NOC=C1,CC(C)(C)/N=C(N(C)C)/N(C)C,ClC1=CN=CC=C1,14.56,Cc1ccc(Nc2cccnc2)cc1
BTMG,CC(C)C(C=C(C(C)C)C=C1C(C)C)=C1C2=C(P(C3CCCCC3)C4CCCCC4)C=CC=C2,CC1=NOC=C1,CC(C)(C)/N=C(N(C)C)/N(C)C,BrC1=CN=CC=C1,42.71,Cc1ccc(Nc2cccnc2)cc1
BTMG,CC(C)C(C=C(C(C)C)C=C1C(C)C)=C1C2=C(P(C3CCCCC3)C4CCCCC4)C=CC=C2,CC1=NOC=C1,CC(C)(C)/N=C(N(C)C)/N(C)C,IC1=CN=CC=C1,51.18,Cc1ccc(Nc2cccnc2)cc1
MTBD,CC(C)C(C=C(C(C)C)C=C1C(C)C)=C1C2=C(P(C3CCCCC3)C4CCCCC4)C=CC=C2,CC1=NOC=C1,CN1CCCN2C1=NCCC2,ClC1=CC=C(C(F)(F)F)C=C1,20.8,Cc1ccc(Nc2ccc(C(F)(F)F)cc2)cc1
MTBD,CC(C)C(C=C(C(C)C)C=C1C(C)C)=C1C2=C(P(C3CCCCC3)C4CCCCC4)C=CC=C2,CC1=NOC=C1,CN1CCCN2C1=NCCC2,BrC1=CC=C(C(F)(F)F)C=C1,44.04,Cc1ccc(Nc2ccc(C(F)(F)F)cc2)cc1
MTBD,CC(C)C(C=C(C(C)C)C=C1C(C)C)=C1C2=C(P(C3CCCCC3)C4CCCCC4)C=CC=C2,CC1=NOC=C1,CN1CCCN2C1=NCCC2,IC1=CC=C(C(F)(F)F)C=C1,47.43,Cc1ccc(Nc2ccc(C(F)(F)F)cc2)cc1
MTBD,CC(C)C(C=C(C(C)C)C=C1C(C)C)=C1C2=C(P(C3CCCCC3)C4CCCCC4)C=CC=C2,CC1=NOC=C1,CN1CCCN2C1=NCCC2,ClC1=CC=C(OC)C=C1,0.39,COc1ccc(Nc2ccc(C)cc2)cc1
MTBD,CC(C)C(C=C(C(C)C)C=C1C(C)C)=C1C2=C(P(C3CCCCC3)C4CCCCC4)C=CC=C2,CC1=NOC=C1,CN1CCCN2C1=NCCC2,BrC1=CC=C(OC)C=C1,14.83,COc1ccc(Nc2ccc(C)cc2)cc1
MTBD,CC(C)C(C=C(C(C)C)C=C1C(C)C)=C1C2=C(P(C3CCCCC3)C4CCCCC4)C=CC=C2,CC1=NOC=C1,CN1CCCN2C1=NCCC2,IC1=CC=C(OC)C=C1,27.38,COc1ccc(Nc2ccc(C)cc2)cc1
MTBD,CC(C)C(C=C(C(C)C)C=C1C(C)C)=C1C2=C(P(C3CCCCC3)C4CCCCC4)C=CC=C2,CC1=NOC=C1,CN1CCCN2C1=NCCC2,ClC1=CC=C(CC)C=C1,1.92,CCc1ccc(Nc2ccc(C)cc2)cc1
MTBD,CC(C)C(C=C(C(C)C)C=C1C(C)C)=C1C2=C(P(C3CCCCC3)C4CCCCC4)C=CC=C2,CC1=NOC=C1,CN1CCCN2C1=NCCC2,BrC1=CC=C(CC)C=C1,42.32,CCc1ccc(Nc2ccc(C)cc2)cc1
MTBD,CC(C)C(C=C(C(C)C)C=C1C(C)C)=C1C2=C(P(C3CCCCC3)C4CCCCC4)C=CC=C2,CC1=NOC=C1,CN1CCCN2C1=NCCC2,IC1=CC=C(CC)C=C1,66.27,CCc1ccc(Nc2ccc(C)cc2)cc1
MTBD,CC(C)C(C=C(C(C)C)C=C1C(C)C)=C1C2=C(P(C3CCCCC3)C4CCCCC4)C=CC=C2,CC1=NOC=C1,CN1CCCN2C1=NCCC2,ClC1=NC=CC=C1,38.27,Cc1ccc(Nc2ccccn2)cc1
MTBD,CC(C)C(C=C(C(C)C)C=C1C(C)C)=C1C2=C(P(C3CCCCC3)C4CCCCC4)C=CC=C2,CC1=NOC=C1,CN1CCCN2C1=NCCC2,BrC1=NC=CC=C1,65.28,Cc1ccc(Nc2ccccn2)cc1
MTBD,CC(C)C(C=C(C(C)C)C=C1C(C)C)=C1C2=C(P(C3CCCCC3)C4CCCCC4)C=CC=C2,CC1=NOC=C1,CN1CCCN2C1=NCCC2,IC1=NC=CC=C1,69.52,Cc1ccc(Nc2ccccn2)cc1
MTBD,CC(C)C(C=C(C(C)C)C=C1C(C)C)=C1C2=C(P(C3CCCCC3)C4CCCCC4)C=CC=C2,CC1=NOC=C1,CN1CCCN2C1=NCCC2,ClC1=CN=CC=C1,11.65,Cc1ccc(Nc2cccnc2)cc1
MTBD,CC(C)C(C=C(C(C)C)C=C1C(C)C)=C1C2=C(P(C3CCCCC3)C4CCCCC4)C=CC=C2,CC1=NOC=C1,CN1CCCN2C1=NCCC2,BrC1=CN=CC=C1,35.82,Cc1ccc(Nc2cccnc2)cc1
MTBD,CC(C)C(C=C(C(C)C)C=C1C(C)C)=C1C2=C(P(C3CCCCC3)C4CCCCC4)C=CC=C2,CC1=NOC=C1,CN1CCCN2C1=NCCC2,IC1=CN=CC=C1,49.1,Cc1ccc(Nc2cccnc2)cc1
P2Et,CC(C)C(C=C(C(C)C)C=C1C(C)C)=C1C2=C(P(C(C)(C)C)C(C)(C)C)C=CC=C2,C1(C2=CC=CC=C2)=CON=C1,CN(C)P(N(C)C)(N(C)C)=NP(N(C)C)(N(C)C)=NCC,ClC1=CC=C(C(F)(F)F)C=C1,14.57,Cc1ccc(Nc2ccc(C(F)(F)F)cc2)cc1
P2Et,CC(C)C(C=C(C(C)C)C=C1C(C)C)=C1C2=C(P(C(C)(C)C)C(C)(C)C)C=CC=C2,C1(C2=CC=CC=C2)=CON=C1,CN(C)P(N(C)C)(N(C)C)=NP(N(C)C)(N(C)C)=NCC,BrC1=CC=C(C(F)(F)F)C=C1,18.74,Cc1ccc(Nc2ccc(C(F)(F)F)cc2)cc1
P2Et,CC(C)C(C=C(C(C)C)C=C1C(C)C)=C1C2=C(P(C(C)(C)C)C(C)(C)C)C=CC=C2,C1(C2=CC=CC=C2)=CON=C1,CN(C)P(N(C)C)(N(C)C)=NP(N(C)C)(N(C)C)=NCC,IC1=CC=C(C(F)(F)F)C=C1,19.61,Cc1ccc(Nc2ccc(C(F)(F)F)cc2)cc1
P2Et,CC(C)C(C=C(C(C)C)C=C1C(C)C)=C1C2=C(P(C(C)(C)C)C(C)(C)C)C=CC=C2,C1(C2=CC=CC=C2)=CON=C1,CN(C)P(N(C)C)(N(C)C)=NP(N(C)C)(N(C)C)=NCC,ClC1=CC=C(OC)C=C1,2.06,COc1ccc(Nc2ccc(C)cc2)cc1
P2Et,CC(C)C(C=C(C(C)C)C=C1C(C)C)=C1C2=C(P(C(C)(C)C)C(C)(C)C)C=CC=C2,C1(C2=CC=CC=C2)=CON=C1,CN(C)P(N(C)C)(N(C)C)=NP(N(C)C)(N(C)C)=NCC,BrC1=CC=C(OC)C=C1,16.39,COc1ccc(Nc2ccc(C)cc2)cc1
P2Et,CC(C)C(C=C(C(C)C)C=C1C(C)C)=C1C2=C(P(C(C)(C)C)C(C)(C)C)C=CC=C2,C1(C2=CC=CC=C2)=CON=C1,CN(C)P(N(C)C)(N(C)C)=NP(N(C)C)(N(C)C)=NCC,IC1=CC=C(OC)C=C1,19.66,COc1ccc(Nc2ccc(C)cc2)cc1
P2Et,CC(C)C(C=C(C(C)C)C=C1C(C)C)=C1C2=C(P(C(C)(C)C)C(C)(C)C)C=CC=C2,C1(C2=CC=CC=C2)=CON=C1,CN(C)P(N(C)C)(N(C)C)=NP(N(C)C)(N(C)C)=NCC,ClC1=CC=C(CC)C=C1,6.85,CCc1ccc(Nc2ccc(C)cc2)cc1
P2Et,CC(C)C(C=C(C(C)C)C=C1C(C)C)=C1C2=C(P(C(C)(C)C)C(C)(C)C)C=CC=C2,C1(C2=CC=CC=C2)=CON=C1,CN(C)P(N(C)C)(N(C)C)=NP(N(C)C)(N(C)C)=NCC,BrC1=CC=C(CC)C=C1,26.76,CCc1ccc(Nc2ccc(C)cc2)cc1
P2Et,CC(C)C(C=C(C(C)C)C=C1C(C)C)=C1C2=C(P(C(C)(C)C)C(C)(C)C)C=CC=C2,C1(C2=CC=CC=C2)=CON=C1,CN(C)P(N(C)C)(N(C)C)=NP(N(C)C)(N(C)C)=NCC,IC1=CC=C(CC)C=C1,27.05,CCc1ccc(Nc2ccc(C)cc2)cc1
P2Et,CC(C)C(C=C(C(C)C)C=C1C(C)C)=C1C2=C(P(C(C)(C)C)C(C)(C)C)C=CC=C2,C1(C2=CC=CC=C2)=CON=C1,CN(C)P(N(C)C)(N(C)C)=NP(N(C)C)(N(C)C)=NCC,ClC1=NC=CC=C1,31.3,Cc1ccc(Nc2ccccn2)cc1
P2Et,CC(C)C(C=C(C(C)C)C=C1C(C)C)=C1C2=C(P(C(C)(C)C)C(C)(C)C)C=CC=C2,C1(C2=CC=CC=C2)=CON=C1,CN(C)P(N(C)C)(N(C)C)=NP(N(C)C)(N(C)C)=NCC,BrC1=NC=CC=C1,35.2,Cc1ccc(Nc2ccccn2)cc1
P2Et,CC(C)C(C=C(C(C)C)C=C1C(C)C)=C1C2=C(P(C(C)(C)C)C(C)(C)C)C=CC=C2,C1(C2=CC=CC=C2)=CON=C1,CN(C)P(N(C)C)(N(C)C)=NP(N(C)C)(N(C)C)=NCC,IC1=NC=CC=C1,40.09,Cc1ccc(Nc2ccccn2)cc1
P2Et,CC(C)C(C=C(C(C)C)C=C1C(C)C)=C1C2=C(P(C(C)(C)C)C(C)(C)C)C=CC=C2,C1(C2=CC=CC=C2)=CON=C1,CN(C)P(N(C)C)(N(C)C)=NP(N(C)C)(N(C)C)=NCC,ClC1=CN=CC=C1,68.76,Cc1ccc(Nc2cccnc2)cc1
P2Et,CC(C)C(C=C(C(C)C)C=C1C(C)C)=C1C2=C(P(C(C)(C)C)C(C)(C)C)C=CC=C2,C1(C2=CC=CC=C2)=CON=C1,CN(C)P(N(C)C)(N(C)C)=NP(N(C)C)(N(C)C)=NCC,BrC1=CN=CC=C1,74.01,Cc1ccc(Nc2cccnc2)cc1
P2Et,CC(C)C(C=C(C(C)C)C=C1C(C)C)=C1C2=C(P(C(C)(C)C)C(C)(C)C)C=CC=C2,C1(C2=CC=CC=C2)=CON=C1,CN(C)P(N(C)C)(N(C)C)=NP(N(C)C)(N(C)C)=NCC,IC1=CN=CC=C1,70.58,Cc1ccc(Nc2cccnc2)cc1
BTMG,CC(C)C(C=C(C(C)C)C=C1C(C)C)=C1C2=C(P(C(C)(C)C)C(C)(C)C)C=CC=C2,C1(C2=CC=CC=C2)=CON=C1,CC(C)(C)/N=C(N(C)C)/N(C)C,ClC1=CC=C(C(F)(F)F)C=C1,12.56,Cc1ccc(Nc2ccc(C(F)(F)F)cc2)cc1
BTMG,CC(C)C(C=C(C(C)C)C=C1C(C)C)=C1C2=C(P(C(C)(C)C)C(C)(C)C)C=CC=C2,C1(C2=CC=CC=C2)=CON=C1,CC(C)(C)/N=C(N(C)C)/N(C)C,BrC1=CC=C(C(F)(F)F)C=C1,47.02,Cc1ccc(Nc2ccc(C(F)(F)F)cc2)cc1
BTMG,CC(C)C(C=C(C(C)C)C=C1C(C)C)=C1C2=C(P(C(C)(C)C)C(C)(C)C)C=CC=C2,C1(C2=CC=CC=C2)=CON=C1,CC(C)(C)/N=C(N(C)C)/N(C)C,IC1=CC=C(C(F)(F)F)C=C1,48.56,Cc1ccc(Nc2ccc(C(F)(F)F)cc2)cc1
BTMG,CC(C)C(C=C(C(C)C)C=C1C(C)C)=C1C2=C(P(C(C)(C)C)C(C)(C)C)C=CC=C2,C1(C2=CC=CC=C2)=CON=C1,CC(C)(C)/N=C(N(C)C)/N(C)C,ClC1=CC=C(OC)C=C1,0.53,COc1ccc(Nc2ccc(C)cc2)cc1
BTMG,CC(C)C(C=C(C(C)C)C=C1C(C)C)=C1C2=C(P(C(C)(C)C)C(C)(C)C)C=CC=C2,C1(C2=CC=CC=C2)=CON=C1,CC(C)(C)/N=C(N(C)C)/N(C)C,BrC1=CC=C(OC)C=C1,47.28,COc1ccc(Nc2ccc(C)cc2)cc1
BTMG,CC(C)C(C=C(C(C)C)C=C1C(C)C)=C1C2=C(P(C(C)(C)C)C(C)(C)C)C=CC=C2,C1(C2=CC=CC=C2)=CON=C1,CC(C)(C)/N=C(N(C)C)/N(C)C,IC1=CC=C(OC)C=C1,55.19,COc1ccc(Nc2ccc(C)cc2)cc1
BTMG,CC(C)C(C=C(C(C)C)C=C1C(C)C)=C1C2=C(P(C(C)(C)C)C(C)(C)C)C=CC=C2,C1(C2=CC=CC=C2)=CON=C1,CC(C)(C)/N=C(N(C)C)/N(C)C,BrC1=CC=C(CC)C=C1,73.27,CCc1ccc(Nc2ccc(C)cc2)cc1
BTMG,CC(C)C(C=C(C(C)C)C=C1C(C)C)=C1C2=C(P(C(C)(C)C)C(C)(C)C)C=CC=C2,C1(C2=CC=CC=C2)=CON=C1,CC(C)(C)/N=C(N(C)C)/N(C)C,IC1=CC=C(CC)C=C1,77.79,CCc1ccc(Nc2ccc(C)cc2)cc1
BTMG,CC(C)C(C=C(C(C)C)C=C1C(C)C)=C1C2=C(P(C(C)(C)C)C(C)(C)C)C=CC=C2,C1(C2=CC=CC=C2)=CON=C1,CC(C)(C)/N=C(N(C)C)/N(C)C,ClC1=NC=CC=C1,69.39,Cc1ccc(Nc2ccccn2)cc1
BTMG,CC(C)C(C=C(C(C)C)C=C1C(C)C)=C1C2=C(P(C(C)(C)C)C(C)(C)C)C=CC=C2,C1(C2=CC=CC=C2)=CON=C1,CC(C)(C)/N=C(N(C)C)/N(C)C,BrC1=NC=CC=C1,84.6,Cc1ccc(Nc2ccccn2)cc1
BTMG,CC(C)C(C=C(C(C)C)C=C1C(C)C)=C1C2=C(P(C(C)(C)C)C(C)(C)C)C=CC=C2,C1(C2=CC=CC=C2)=CON=C1,CC(C)(C)/N=C(N(C)C)/N(C)C,IC1=NC=CC=C1,85.14,Cc1ccc(Nc2ccccn2)cc1
BTMG,CC(C)C(C=C(C(C)C)C=C1C(C)C)=C1C2=C(P(C(C)(C)C)C(C)(C)C)C=CC=C2,C1(C2=CC=CC=C2)=CON=C1,CC(C)(C)/N=C(N(C)C)/N(C)C,ClC1=CN=CC=C1,12.48,Cc1ccc(Nc2cccnc2)cc1
BTMG,CC(C)C(C=C(C(C)C)C=C1C(C)C)=C1C2=C(P(C(C)(C)C)C(C)(C)C)C=CC=C2,C1(C2=CC=CC=C2)=CON=C1,CC(C)(C)/N=C(N(C)C)/N(C)C,BrC1=CN=CC=C1,78.0,Cc1ccc(Nc2cccnc2)cc1
BTMG,CC(C)C(C=C(C(C)C)C=C1C(C)C)=C1C2=C(P(C(C)(C)C)C(C)(C)C)C=CC=C2,C1(C2=CC=CC=C2)=CON=C1,CC(C)(C)/N=C(N(C)C)/N(C)C,IC1=CN=CC=C1,83.74,Cc1ccc(Nc2cccnc2)cc1
MTBD,CC(C)C(C=C(C(C)C)C=C1C(C)C)=C1C2=C(P(C(C)(C)C)C(C)(C)C)C=CC=C2,C1(C2=CC=CC=C2)=CON=C1,CN1CCCN2C1=NCCC2,ClC1=CC=C(C(F)(F)F)C=C1,26.05,Cc1ccc(Nc2ccc(C(F)(F)F)cc2)cc1
MTBD,CC(C)C(C=C(C(C)C)C=C1C(C)C)=C1C2=C(P(C(C)(C)C)C(C)(C)C)C=CC=C2,C1(C2=CC=CC=C2)=CON=C1,CN1CCCN2C1=NCCC2,BrC1=CC=C(C(F)(F)F)C=C1,53.84,Cc1ccc(Nc2ccc(C(F)(F)F)cc2)cc1
MTBD,CC(C)C(C=C(C(C)C)C=C1C(C)C)=C1C2=C(P(C(C)(C)C)C(C)(C)C)C=CC=C2,C1(C2=CC=CC=C2)=CON=C1,CN1CCCN2C1=NCCC2,IC1=CC=C(C(F)(F)F)C=C1,52.31,Cc1ccc(Nc2ccc(C(F)(F)F)cc2)cc1
MTBD,CC(C)C(C=C(C(C)C)C=C1C(C)C)=C1C2=C(P(C(C)(C)C)C(C)(C)C)C=CC=C2,C1(C2=CC=CC=C2)=CON=C1,CN1CCCN2C1=NCCC2,ClC1=CC=C(OC)C=C1,3.5,COc1ccc(Nc2ccc(C)cc2)cc1
MTBD,CC(C)C(C=C(C(C)C)C=C1C(C)C)=C1C2=C(P(C(C)(C)C)C(C)(C)C)C=CC=C2,C1(C2=CC=CC=C2)=CON=C1,CN1CCCN2C1=NCCC2,BrC1=CC=C(OC)C=C1,49.4,COc1ccc(Nc2ccc(C)cc2)cc1
MTBD,CC(C)C(C=C(C(C)C)C=C1C(C)C)=C1C2=C(P(C(C)(C)C)C(C)(C)C)C=CC=C2,C1(C2=CC=CC=C2)=CON=C1,CN1CCCN2C1=NCCC2,IC1=CC=C(OC)C=C1,56.14,COc1ccc(Nc2ccc(C)cc2)cc1
MTBD,CC(C)C(C=C(C(C)C)C=C1C(C)C)=C1C2=C(P(C(C)(C)C)C(C)(C)C)C=CC=C2,C1(C2=CC=CC=C2)=CON=C1,CN1CCCN2C1=NCCC2,ClC1=CC=C(CC)C=C1,16.25,CCc1ccc(Nc2ccc(C)cc2)cc1
MTBD,CC(C)C(C=C(C(C)C)C=C1C(C)C)=C1C2=C(P(C(C)(C)C)C(C)(C)C)C=CC=C2,C1(C2=CC=CC=C2)=CON=C1,CN1CCCN2C1=NCCC2,BrC1=CC=C(CC)C=C1,79.87,CCc1ccc(Nc2ccc(C)cc2)cc1
MTBD,CC(C)C(C=C(C(C)C)C=C1C(C)C)=C1C2=C(P(C(C)(C)C)C(C)(C)C)C=CC=C2,C1(C2=CC=CC=C2)=CON=C1,CN1CCCN2C1=NCCC2,IC1=CC=C(CC)C=C1,81.15,CCc1ccc(Nc2ccc(C)cc2)cc1
MTBD,CC(C)C(C=C(C(C)C)C=C1C(C)C)=C1C2=C(P(C(C)(C)C)C(C)(C)C)C=CC=C2,C1(C2=CC=CC=C2)=CON=C1,CN1CCCN2C1=NCCC2,ClC1=NC=CC=C1,88.45,Cc1ccc(Nc2ccccn2)cc1
MTBD,CC(C)C(C=C(C(C)C)C=C1C(C)C)=C1C2=C(P(C(C)(C)C)C(C)(C)C)C=CC=C2,C1(C2=CC=CC=C2)=CON=C1,CN1CCCN2C1=NCCC2,BrC1=NC=CC=C1,93.1,Cc1ccc(Nc2ccccn2)cc1
MTBD,CC(C)C(C=C(C(C)C)C=C1C(C)C)=C1C2=C(P(C(C)(C)C)C(C)(C)C)C=CC=C2,C1(C2=CC=CC=C2)=CON=C1,CN1CCCN2C1=NCCC2,IC1=NC=CC=C1,100.0,Cc1ccc(Nc2ccccn2)cc1
MTBD,CC(C)C(C=C(C(C)C)C=C1C(C)C)=C1C2=C(P(C(C)(C)C)C(C)(C)C)C=CC=C2,C1(C2=CC=CC=C2)=CON=C1,CN1CCCN2C1=NCCC2,ClC1=CN=CC=C1,36.89,Cc1ccc(Nc2cccnc2)cc1
MTBD,CC(C)C(C=C(C(C)C)C=C1C(C)C)=C1C2=C(P(C(C)(C)C)C(C)(C)C)C=CC=C2,C1(C2=CC=CC=C2)=CON=C1,CN1CCCN2C1=NCCC2,BrC1=CN=CC=C1,94.35,Cc1ccc(Nc2cccnc2)cc1
MTBD,CC(C)C(C=C(C(C)C)C=C1C(C)C)=C1C2=C(P(C(C)(C)C)C(C)(C)C)C=CC=C2,C1(C2=CC=CC=C2)=CON=C1,CN1CCCN2C1=NCCC2,IC1=CN=CC=C1,93.03,Cc1ccc(Nc2cccnc2)cc1
P2Et,CC(C)C(C=C(C(C)C)C=C1C(C)C)=C1C2=C(P(C(C)(C)C)C(C)(C)C)C=CC=C2,C1(C2=CC=CC=C2)=NOC=C1,CN(C)P(N(C)C)(N(C)C)=NP(N(C)C)(N(C)C)=NCC,ClC1=CC=C(C(F)(F)F)C=C1,34.29,Cc1ccc(Nc2ccc(C(F)(F)F)cc2)cc1
P2Et,CC(C)C(C=C(C(C)C)C=C1C(C)C)=C1C2=C(P(C(C)(C)C)C(C)(C)C)C=CC=C2,C1(C2=CC=CC=C2)=NOC=C1,CN(C)P(N(C)C)(N(C)C)=NP(N(C)C)(N(C)C)=NCC,BrC1=CC=C(C(F)(F)F)C=C1,51.07,Cc1ccc(Nc2ccc(C(F)(F)F)cc2)cc1
P2Et,CC(C)C(C=C(C(C)C)C=C1C(C)C)=C1C2=C(P(C(C)(C)C)C(C)(C)C)C=CC=C2,C1(C2=CC=CC=C2)=NOC=C1,CN(C)P(N(C)C)(N(C)C)=NP(N(C)C)(N(C)C)=NCC,IC1=CC=C(C(F)(F)F)C=C1,44.71,Cc1ccc(Nc2ccc(C(F)(F)F)cc2)cc1
P2Et,CC(C)C(C=C(C(C)C)C=C1C(C)C)=C1C2=C(P(C(C)(C)C)C(C)(C)C)C=CC=C2,C1(C2=CC=CC=C2)=NOC=C1,CN(C)P(N(C)C)(N(C)C)=NP(N(C)C)(N(C)C)=NCC,ClC1=CC=C(OC)C=C1,1.11,COc1ccc(Nc2ccc(C)cc2)cc1
P2Et,CC(C)C(C=C(C(C)C)C=C1C(C)C)=C1C2=C(P(C(C)(C)C)C(C)(C)C)C=CC=C2,C1(C2=CC=CC=C2)=NOC=C1,CN(C)P(N(C)C)(N(C)C)=NP(N(C)C)(N(C)C)=NCC,BrC1=CC=C(OC)C=C1,50.91,COc1ccc(Nc2ccc(C)cc2)cc1
P2Et,CC(C)C(C=C(C(C)C)C=C1C(C)C)=C1C2=C(P(C(C)(C)C)C(C)(C)C)C=CC=C2,C1(C2=CC=CC=C2)=NOC=C1,CN(C)P(N(C)C)(N(C)C)=NP(N(C)C)(N(C)C)=NCC,IC1=CC=C(OC)C=C1,54.24,COc1ccc(Nc2ccc(C)cc2)cc1
P2Et,CC(C)C(C=C(C(C)C)C=C1C(C)C)=C1C2=C(P(C(C)(C)C)C(C)(C)C)C=CC=C2,C1(C2=CC=CC=C2)=NOC=C1,CN(C)P(N(C)C)(N(C)C)=NP(N(C)C)(N(C)C)=NCC,ClC1=CC=C(CC)C=C1,4.7,CCc1ccc(Nc2ccc(C)cc2)cc1
P2Et,CC(C)C(C=C(C(C)C)C=C1C(C)C)=C1C2=C(P(C(C)(C)C)C(C)(C)C)C=CC=C2,C1(C2=CC=CC=C2)=NOC=C1,CN(C)P(N(C)C)(N(C)C)=NP(N(C)C)(N(C)C)=NCC,BrC1=CC=C(CC)C=C1,83.3,CCc1ccc(Nc2ccc(C)cc2)cc1
P2Et,CC(C)C(C=C(C(C)C)C=C1C(C)C)=C1C2=C(P(C(C)(C)C)C(C)(C)C)C=CC=C2,C1(C2=CC=CC=C2)=NOC=C1,CN(C)P(N(C)C)(N(C)C)=NP(N(C)C)(N(C)C)=NCC,IC1=CC=C(CC)C=C1,70.01,CCc1ccc(Nc2ccc(C)cc2)cc1
P2Et,CC(C)C(C=C(C(C)C)C=C1C(C)C)=C1C2=C(P(C(C)(C)C)C(C)(C)C)C=CC=C2,C1(C2=CC=CC=C2)=NOC=C1,CN(C)P(N(C)C)(N(C)C)=NP(N(C)C)(N(C)C)=NCC,ClC1=NC=CC=C1,52.85,Cc1ccc(Nc2ccccn2)cc1
P2Et,CC(C)C(C=C(C(C)C)C=C1C(C)C)=C1C2=C(P(C(C)(C)C)C(C)(C)C)C=CC=C2,C1(C2=CC=CC=C2)=NOC=C1,CN(C)P(N(C)C)(N(C)C)=NP(N(C)C)(N(C)C)=NCC,BrC1=NC=CC=C1,72.15,Cc1ccc(Nc2ccccn2)cc1
P2Et,CC(C)C(C=C(C(C)C)C=C1C(C)C)=C1C2=C(P(C(C)(C)C)C(C)(C)C)C=CC=C2,C1(C2=CC=CC=C2)=NOC=C1,CN(C)P(N(C)C)(N(C)C)=NP(N(C)C)(N(C)C)=NCC,IC1=NC=CC=C1,73.14,Cc1ccc(Nc2ccccn2)cc1
P2Et,CC(C)C(C=C(C(C)C)C=C1C(C)C)=C1C2=C(P(C(C)(C)C)C(C)(C)C)C=CC=C2,C1(C2=CC=CC=C2)=NOC=C1,CN(C)P(N(C)C)(N(C)C)=NP(N(C)C)(N(C)C)=NCC,ClC1=CN=CC=C1,18.41,Cc1ccc(Nc2cccnc2)cc1
P2Et,CC(C)C(C=C(C(C)C)C=C1C(C)C)=C1C2=C(P(C(C)(C)C)C(C)(C)C)C=CC=C2,C1(C2=CC=CC=C2)=NOC=C1,CN(C)P(N(C)C)(N(C)C)=NP(N(C)C)(N(C)C)=NCC,BrC1=CN=CC=C1,1.58,Cc1ccc(Nc2cccnc2)cc1
P2Et,CC(C)C(C=C(C(C)C)C=C1C(C)C)=C1C2=C(P(C(C)(C)C)C(C)(C)C)C=CC=C2,C1(C2=CC=CC=C2)=NOC=C1,CN(C)P(N(C)C)(N(C)C)=NP(N(C)C)(N(C)C)=NCC,IC1=CN=CC=C1,1.83,Cc1ccc(Nc2cccnc2)cc1
BTMG,CC(C)C(C=C(C(C)C)C=C1C(C)C)=C1C2=C(P(C(C)(C)C)C(C)(C)C)C=CC=C2,C1(C2=CC=CC=C2)=NOC=C1,CC(C)(C)/N=C(N(C)C)/N(C)C,ClC1=CC=C(C(F)(F)F)C=C1,39.95,Cc1ccc(Nc2ccc(C(F)(F)F)cc2)cc1
BTMG,CC(C)C(C=C(C(C)C)C=C1C(C)C)=C1C2=C(P(C(C)(C)C)C(C)(C)C)C=CC=C2,C1(C2=CC=CC=C2)=NOC=C1,CC(C)(C)/N=C(N(C)C)/N(C)C,BrC1=CC=C(C(F)(F)F)C=C1,54.22,Cc1ccc(Nc2ccc(C(F)(F)F)cc2)cc1
BTMG,CC(C)C(C=C(C(C)C)C=C1C(C)C)=C1C2=C(P(C(C)(C)C)C(C)(C)C)C=CC=C2,C1(C2=CC=CC=C2)=NOC=C1,CC(C)(C)/N=C(N(C)C)/N(C)C,IC1=CC=C(C(F)(F)F)C=C1,50.12,Cc1ccc(Nc2ccc(C(F)(F)F)cc2)cc1
BTMG,CC(C)C(C=C(C(C)C)C=C1C(C)C)=C1C2=C(P(C(C)(C)C)C(C)(C)C)C=CC=C2,C1(C2=CC=CC=C2)=NOC=C1,CC(C)(C)/N=C(N(C)C)/N(C)C,ClC1=CC=C(OC)C=C1,1.1,COc1ccc(Nc2ccc(C)cc2)cc1
BTMG,CC(C)C(C=C(C(C)C)C=C1C(C)C)=C1C2=C(P(C(C)(C)C)C(C)(C)C)C=CC=C2,C1(C2=CC=CC=C2)=NOC=C1,CC(C)(C)/N=C(N(C)C)/N(C)C,BrC1=CC=C(OC)C=C1,45.4,COc1ccc(Nc2ccc(C)cc2)cc1
BTMG,CC(C)C(C=C(C(C)C)C=C1C(C)C)=C1C2=C(P(C(C)(C)C)C(C)(C)C)C=CC=C2,C1(C2=CC=CC=C2)=NOC=C1,CC(C)(C)/N=C(N(C)C)/N(C)C,IC1=CC=C(OC)C=C1,51.57,COc1ccc(Nc2ccc(C)cc2)cc1
BTMG,CC(C)C(C=C(C(C)C)C=C1C(C)C)=C1C2=C(P(C(C)(C)C)C(C)(C)C)C=CC=C2,C1(C2=CC=CC=C2)=NOC=C1,CC(C)(C)/N=C(N(C)C)/N(C)C,BrC1=CC=C(CC)C=C1,77.86,CCc1ccc(Nc2ccc(C)cc2)cc1
BTMG,CC(C)C(C=C(C(C)C)C=C1C(C)C)=C1C2=C(P(C(C)(C)C)C(C)(C)C)C=CC=C2,C1(C2=CC=CC=C2)=NOC=C1,CC(C)(C)/N=C(N(C)C)/N(C)C,IC1=CC=C(CC)C=C1,80.14,CCc1ccc(Nc2ccc(C)cc2)cc1
BTMG,CC(C)C(C=C(C(C)C)C=C1C(C)C)=C1C2=C(P(C(C)(C)C)C(C)(C)C)C=CC=C2,C1(C2=CC=CC=C2)=NOC=C1,CC(C)(C)/N=C(N(C)C)/N(C)C,ClC1=NC=CC=C1,80.59,Cc1ccc(Nc2ccccn2)cc1
BTMG,CC(C)C(C=C(C(C)C)C=C1C(C)C)=C1C2=C(P(C(C)(C)C)C(C)(C)C)C=CC=C2,C1(C2=CC=CC=C2)=NOC=C1,CC(C)(C)/N=C(N(C)C)/N(C)C,BrC1=NC=CC=C1,86.25,Cc1ccc(Nc2ccccn2)cc1
BTMG,CC(C)C(C=C(C(C)C)C=C1C(C)C)=C1C2=C(P(C(C)(C)C)C(C)(C)C)C=CC=C2,C1(C2=CC=CC=C2)=NOC=C1,CC(C)(C)/N=C(N(C)C)/N(C)C,IC1=NC=CC=C1,91.93,Cc1ccc(Nc2ccccn2)cc1
BTMG,CC(C)C(C=C(C(C)C)C=C1C(C)C)=C1C2=C(P(C(C)(C)C)C(C)(C)C)C=CC=C2,C1(C2=CC=CC=C2)=NOC=C1,CC(C)(C)/N=C(N(C)C)/N(C)C,ClC1=CN=CC=C1,49.31,Cc1ccc(Nc2cccnc2)cc1
BTMG,CC(C)C(C=C(C(C)C)C=C1C(C)C)=C1C2=C(P(C(C)(C)C)C(C)(C)C)C=CC=C2,C1(C2=CC=CC=C2)=NOC=C1,CC(C)(C)/N=C(N(C)C)/N(C)C,BrC1=CN=CC=C1,86.11,Cc1ccc(Nc2cccnc2)cc1
BTMG,CC(C)C(C=C(C(C)C)C=C1C(C)C)=C1C2=C(P(C(C)(C)C)C(C)(C)C)C=CC=C2,C1(C2=CC=CC=C2)=NOC=C1,CC(C)(C)/N=C(N(C)C)/N(C)C,IC1=CN=CC=C1,88.17,Cc1ccc(Nc2cccnc2)cc1
MTBD,CC(C)C(C=C(C(C)C)C=C1C(C)C)=C1C2=C(P(C(C)(C)C)C(C)(C)C)C=CC=C2,C1(C2=CC=CC=C2)=NOC=C1,CN1CCCN2C1=NCCC2,ClC1=CC=C(C(F)(F)F)C=C1,45.04,Cc1ccc(Nc2ccc(C(F)(F)F)cc2)cc1
MTBD,CC(C)C(C=C(C(C)C)C=C1C(C)C)=C1C2=C(P(C(C)(C)C)C(C)(C)C)C=CC=C2,C1(C2=CC=CC=C2)=NOC=C1,CN1CCCN2C1=NCCC2,BrC1=CC=C(C(F)(F)F)C=C1,52.02,Cc1ccc(Nc2ccc(C(F)(F)F)cc2)cc1
MTBD,CC(C)C(C=C(C(C)C)C=C1C(C)C)=C1C2=C(P(C(C)(C)C)C(C)(C)C)C=CC=C2,C1(C2=CC=CC=C2)=NOC=C1,CN1CCCN2C1=NCCC2,IC1=CC=C(C(F)(F)F)C=C1,50.27,Cc1ccc(Nc2ccc(C(F)(F)F)cc2)cc1
MTBD,CC(C)C(C=C(C(C)C)C=C1C(C)C)=C1C2=C(P(C(C)(C)C)C(C)(C)C)C=CC=C2,C1(C2=CC=CC=C2)=NOC=C1,CN1CCCN2C1=NCCC2,ClC1=CC=C(OC)C=C1,1.4,COc1ccc(Nc2ccc(C)cc2)cc1
MTBD,CC(C)C(C=C(C(C)C)C=C1C(C)C)=C1C2=C(P(C(C)(C)C)C(C)(C)C)C=CC=C2,C1(C2=CC=CC=C2)=NOC=C1,CN1CCCN2C1=NCCC2,BrC1=CC=C(OC)C=C1,50.58,COc1ccc(Nc2ccc(C)cc2)cc1
MTBD,CC(C)C(C=C(C(C)C)C=C1C(C)C)=C1C2=C(P(C(C)(C)C)C(C)(C)C)C=CC=C2,C1(C2=CC=CC=C2)=NOC=C1,CN1CCCN2C1=NCCC2,IC1=CC=C(OC)C=C1,51.23,COc1ccc(Nc2ccc(C)cc2)cc1
MTBD,CC(C)C(C=C(C(C)C)C=C1C(C)C)=C1C2=C(P(C(C)(C)C)C(C)(C)C)C=CC=C2,C1(C2=CC=CC=C2)=NOC=C1,CN1CCCN2C1=NCCC2,ClC1=CC=C(CC)C=C1,6.59,CCc1ccc(Nc2ccc(C)cc2)cc1
MTBD,CC(C)C(C=C(C(C)C)C=C1C(C)C)=C1C2=C(P(C(C)(C)C)C(C)(C)C)C=CC=C2,C1(C2=CC=CC=C2)=NOC=C1,CN1CCCN2C1=NCCC2,BrC1=CC=C(CC)C=C1,83.1,CCc1ccc(Nc2ccc(C)cc2)cc1
MTBD,CC(C)C(C=C(C(C)C)C=C1C(C)C)=C1C2=C(P(C(C)(C)C)C(C)(C)C)C=CC=C2,C1(C2=CC=CC=C2)=NOC=C1,CN1CCCN2C1=NCCC2,IC1=CC=C(CC)C=C1,79.26,CCc1ccc(Nc2ccc(C)cc2)cc1
MTBD,CC(C)C(C=C(C(C)C)C=C1C(C)C)=C1C2=C(P(C(C)(C)C)C(C)(C)C)C=CC=C2,C1(C2=CC=CC=C2)=NOC=C1,CN1CCCN2C1=NCCC2,ClC1=NC=CC=C1,86.19,Cc1ccc(Nc2ccccn2)cc1
MTBD,CC(C)C(C=C(C(C)C)C=C1C(C)C)=C1C2=C(P(C(C)(C)C)C(C)(C)C)C=CC=C2,C1(C2=CC=CC=C2)=NOC=C1,CN1CCCN2C1=NCCC2,BrC1=NC=CC=C1,91.27,Cc1ccc(Nc2ccccn2)cc1
MTBD,CC(C)C(C=C(C(C)C)C=C1C(C)C)=C1C2=C(P(C(C)(C)C)C(C)(C)C)C=CC=C2,C1(C2=CC=CC=C2)=NOC=C1,CN1CCCN2C1=NCCC2,IC1=NC=CC=C1,95.39,Cc1ccc(Nc2ccccn2)cc1
MTBD,CC(C)C(C=C(C(C)C)C=C1C(C)C)=C1C2=C(P(C(C)(C)C)C(C)(C)C)C=CC=C2,C1(C2=CC=CC=C2)=NOC=C1,CN1CCCN2C1=NCCC2,ClC1=CN=CC=C1,63.26,Cc1ccc(Nc2cccnc2)cc1
MTBD,CC(C)C(C=C(C(C)C)C=C1C(C)C)=C1C2=C(P(C(C)(C)C)C(C)(C)C)C=CC=C2,C1(C2=CC=CC=C2)=NOC=C1,CN1CCCN2C1=NCCC2,BrC1=CN=CC=C1,94.88,Cc1ccc(Nc2cccnc2)cc1
MTBD,CC(C)C(C=C(C(C)C)C=C1C(C)C)=C1C2=C(P(C(C)(C)C)C(C)(C)C)C=CC=C2,C1(C2=CC=CC=C2)=NOC=C1,CN1CCCN2C1=NCCC2,IC1=CN=CC=C1,93.42,Cc1ccc(Nc2cccnc2)cc1
P2Et,CC(C)C(C=C(C(C)C)C=C1C(C)C)=C1C2=C(P(C(C)(C)C)C(C)(C)C)C=CC=C2,CC1=NOC=C1,CN(C)P(N(C)C)(N(C)C)=NP(N(C)C)(N(C)C)=NCC,ClC1=CC=C(C(F)(F)F)C=C1,31.76,Cc1ccc(Nc2ccc(C(F)(F)F)cc2)cc1
P2Et,CC(C)C(C=C(C(C)C)C=C1C(C)C)=C1C2=C(P(C(C)(C)C)C(C)(C)C)C=CC=C2,CC1=NOC=C1,CN(C)P(N(C)C)(N(C)C)=NP(N(C)C)(N(C)C)=NCC,BrC1=CC=C(C(F)(F)F)C=C1,47.94,Cc1ccc(Nc2ccc(C(F)(F)F)cc2)cc1
P2Et,CC(C)C(C=C(C(C)C)C=C1C(C)C)=C1C2=C(P(C(C)(C)C)C(C)(C)C)C=CC=C2,CC1=NOC=C1,CN(C)P(N(C)C)(N(C)C)=NP(N(C)C)(N(C)C)=NCC,IC1=CC=C(C(F)(F)F)C=C1,42.81,Cc1ccc(Nc2ccc(C(F)(F)F)cc2)cc1
P2Et,CC(C)C(C=C(C(C)C)C=C1C(C)C)=C1C2=C(P(C(C)(C)C)C(C)(C)C)C=CC=C2,CC1=NOC=C1,CN(C)P(N(C)C)(N(C)C)=NP(N(C)C)(N(C)C)=NCC,ClC1=CC=C(OC)C=C1,0.4,COc1ccc(Nc2ccc(C)cc2)cc1
P2Et,CC(C)C(C=C(C(C)C)C=C1C(C)C)=C1C2=C(P(C(C)(C)C)C(C)(C)C)C=CC=C2,CC1=NOC=C1,CN(C)P(N(C)C)(N(C)C)=NP(N(C)C)(N(C)C)=NCC,BrC1=CC=C(OC)C=C1,45.58,COc1ccc(Nc2ccc(C)cc2)cc1
P2Et,CC(C)C(C=C(C(C)C)C=C1C(C)C)=C1C2=C(P(C(C)(C)C)C(C)(C)C)C=CC=C2,CC1=NOC=C1,CN(C)P(N(C)C)(N(C)C)=NP(N(C)C)(N(C)C)=NCC,IC1=CC=C(OC)C=C1,49.32,COc1ccc(Nc2ccc(C)cc2)cc1
P2Et,CC(C)C(C=C(C(C)C)C=C1C(C)C)=C1C2=C(P(C(C)(C)C)C(C)(C)C)C=CC=C2,CC1=NOC=C1,CN(C)P(N(C)C)(N(C)C)=NP(N(C)C)(N(C)C)=NCC,ClC1=CC=C(CC)C=C1,3.62,CCc1ccc(Nc2ccc(C)cc2)cc1
P2Et,CC(C)C(C=C(C(C)C)C=C1C(C)C)=C1C2=C(P(C(C)(C)C)C(C)(C)C)C=CC=C2,CC1=NOC=C1,CN(C)P(N(C)C)(N(C)C)=NP(N(C)C)(N(C)C)=NCC,BrC1=CC=C(CC)C=C1,75.31,CCc1ccc(Nc2ccc(C)cc2)cc1
P2Et,CC(C)C(C=C(C(C)C)C=C1C(C)C)=C1C2=C(P(C(C)(C)C)C(C)(C)C)C=CC=C2,CC1=NOC=C1,CN(C)P(N(C)C)(N(C)C)=NP(N(C)C)(N(C)C)=NCC,IC1=CC=C(CC)C=C1,67.19,CCc1ccc(Nc2ccc(C)cc2)cc1
P2Et,CC(C)C(C=C(C(C)C)C=C1C(C)C)=C1C2=C(P(C(C)(C)C)C(C)(C)C)C=CC=C2,CC1=NOC=C1,CN(C)P(N(C)C)(N(C)C)=NP(N(C)C)(N(C)C)=NCC,ClC1=NC=CC=C1,54.63,Cc1ccc(Nc2ccccn2)cc1
P2Et,CC(C)C(C=C(C(C)C)C=C1C(C)C)=C1C2=C(P(C(C)(C)C)C(C)(C)C)C=CC=C2,CC1=NOC=C1,CN(C)P(N(C)C)(N(C)C)=NP(N(C)C)(N(C)C)=NCC,BrC1=NC=CC=C1,63.15,Cc1ccc(Nc2ccccn2)cc1
P2Et,CC(C)C(C=C(C(C)C)C=C1C(C)C)=C1C2=C(P(C(C)(C)C)C(C)(C)C)C=CC=C2,CC1=NOC=C1,CN(C)P(N(C)C)(N(C)C)=NP(N(C)C)(N(C)C)=NCC,IC1=NC=CC=C1,63.84,Cc1ccc(Nc2ccccn2)cc1
P2Et,CC(C)C(C=C(C(C)C)C=C1C(C)C)=C1C2=C(P(C(C)(C)C)C(C)(C)C)C=CC=C2,CC1=NOC=C1,CN(C)P(N(C)C)(N(C)C)=NP(N(C)C)(N(C)C)=NCC,ClC1=CN=CC=C1,20.39,Cc1ccc(Nc2cccnc2)cc1
P2Et,CC(C)C(C=C(C(C)C)C=C1C(C)C)=C1C2=C(P(C(C)(C)C)C(C)(C)C)C=CC=C2,CC1=NOC=C1,CN(C)P(N(C)C)(N(C)C)=NP(N(C)C)(N(C)C)=NCC,BrC1=CN=CC=C1,0.0,Cc1ccc(Nc2cccnc2)cc1
P2Et,CC(C)C(C=C(C(C)C)C=C1C(C)C)=C1C2=C(P(C(C)(C)C)C(C)(C)C)C=CC=C2,CC1=NOC=C1,CN(C)P(N(C)C)(N(C)C)=NP(N(C)C)(N(C)C)=NCC,IC1=CN=CC=C1,0.0,Cc1ccc(Nc2cccnc2)cc1
BTMG,CC(C)C(C=C(C(C)C)C=C1C(C)C)=C1C2=C(P(C(C)(C)C)C(C)(C)C)C=CC=C2,CC1=NOC=C1,CC(C)(C)/N=C(N(C)C)/N(C)C,ClC1=CC=C(C(F)(F)F)C=C1,34.31,Cc1ccc(Nc2ccc(C(F)(F)F)cc2)cc1
BTMG,CC(C)C(C=C(C(C)C)C=C1C(C)C)=C1C2=C(P(C(C)(C)C)C(C)(C)C)C=CC=C2,CC1=NOC=C1,CC(C)(C)/N=C(N(C)C)/N(C)C,BrC1=CC=C(C(F)(F)F)C=C1,52.55,Cc1ccc(Nc2ccc(C(F)(F)F)cc2)cc1
BTMG,CC(C)C(C=C(C(C)C)C=C1C(C)C)=C1C2=C(P(C(C)(C)C)C(C)(C)C)C=CC=C2,CC1=NOC=C1,CC(C)(C)/N=C(N(C)C)/N(C)C,IC1=CC=C(C(F)(F)F)C=C1,52.38,Cc1ccc(Nc2ccc(C(F)(F)F)cc2)cc1
BTMG,CC(C)C(C=C(C(C)C)C=C1C(C)C)=C1C2=C(P(C(C)(C)C)C(C)(C)C)C=CC=C2,CC1=NOC=C1,CC(C)(C)/N=C(N(C)C)/N(C)C,ClC1=CC=C(OC)C=C1,0.7,COc1ccc(Nc2ccc(C)cc2)cc1
BTMG,CC(C)C(C=C(C(C)C)C=C1C(C)C)=C1C2=C(P(C(C)(C)C)C(C)(C)C)C=CC=C2,CC1=NOC=C1,CC(C)(C)/N=C(N(C)C)/N(C)C,BrC1=CC=C(OC)C=C1,43.18,COc1ccc(Nc2ccc(C)cc2)cc1
BTMG,CC(C)C(C=C(C(C)C)C=C1C(C)C)=C1C2=C(P(C(C)(C)C)C(C)(C)C)C=CC=C2,CC1=NOC=C1,CC(C)(C)/N=C(N(C)C)/N(C)C,IC1=CC=C(OC)C=C1,52.56,COc1ccc(Nc2ccc(C)cc2)cc1
BTMG,CC(C)C(C=C(C(C)C)C=C1C(C)C)=C1C2=C(P(C(C)(C)C)C(C)(C)C)C=CC=C2,CC1=NOC=C1,CC(C)(C)/N=C(N(C)C)/N(C)C,ClC1=CC=C(CC)C=C1,3.01,CCc1ccc(Nc2ccc(C)cc2)cc1
BTMG,CC(C)C(C=C(C(C)C)C=C1C(C)C)=C1C2=C(P(C(C)(C)C)C(C)(C)C)C=CC=C2,CC1=NOC=C1,CC(C)(C)/N=C(N(C)C)/N(C)C,BrC1=CC=C(CC)C=C1,80.58,CCc1ccc(Nc2ccc(C)cc2)cc1
BTMG,CC(C)C(C=C(C(C)C)C=C1C(C)C)=C1C2=C(P(C(C)(C)C)C(C)(C)C)C=CC=C2,CC1=NOC=C1,CC(C)(C)/N=C(N(C)C)/N(C)C,IC1=CC=C(CC)C=C1,81.02,CCc1ccc(Nc2ccc(C)cc2)cc1
BTMG,CC(C)C(C=C(C(C)C)C=C1C(C)C)=C1C2=C(P(C(C)(C)C)C(C)(C)C)C=CC=C2,CC1=NOC=C1,CC(C)(C)/N=C(N(C)C)/N(C)C,ClC1=NC=CC=C1,76.64,Cc1ccc(Nc2ccccn2)cc1
BTMG,CC(C)C(C=C(C(C)C)C=C1C(C)C)=C1C2=C(P(C(C)(C)C)C(C)(C)C)C=CC=C2,CC1=NOC=C1,CC(C)(C)/N=C(N(C)C)/N(C)C,BrC1=NC=CC=C1,88.44,Cc1ccc(Nc2ccccn2)cc1
BTMG,CC(C)C(C=C(C(C)C)C=C1C(C)C)=C1C2=C(P(C(C)(C)C)C(C)(C)C)C=CC=C2,CC1=NOC=C1,CC(C)(C)/N=C(N(C)C)/N(C)C,IC1=NC=CC=C1,90.23,Cc1ccc(Nc2ccccn2)cc1
BTMG,CC(C)C(C=C(C(C)C)C=C1C(C)C)=C1C2=C(P(C(C)(C)C)C(C)(C)C)C=CC=C2,CC1=NOC=C1,CC(C)(C)/N=C(N(C)C)/N(C)C,ClC1=CN=CC=C1,30.76,Cc1ccc(Nc2cccnc2)cc1
BTMG,CC(C)C(C=C(C(C)C)C=C1C(C)C)=C1C2=C(P(C(C)(C)C)C(C)(C)C)C=CC=C2,CC1=NOC=C1,CC(C)(C)/N=C(N(C)C)/N(C)C,BrC1=CN=CC=C1,85.68,Cc1ccc(Nc2cccnc2)cc1
BTMG,CC(C)C(C=C(C(C)C)C=C1C(C)C)=C1C2=C(P(C(C)(C)C)C(C)(C)C)C=CC=C2,CC1=NOC=C1,CC(C)(C)/N=C(N(C)C)/N(C)C,IC1=CN=CC=C1,86.97,Cc1ccc(Nc2cccnc2)cc1
MTBD,CC(C)C(C=C(C(C)C)C=C1C(C)C)=C1C2=C(P(C(C)(C)C)C(C)(C)C)C=CC=C2,CC1=NOC=C1,CN1CCCN2C1=NCCC2,ClC1=CC=C(C(F)(F)F)C=C1,34.97,Cc1ccc(Nc2ccc(C(F)(F)F)cc2)cc1
MTBD,CC(C)C(C=C(C(C)C)C=C1C(C)C)=C1C2=C(P(C(C)(C)C)C(C)(C)C)C=CC=C2,CC1=NOC=C1,CN1CCCN2C1=NCCC2,ClC1=CC=C(OC)C=C1,0.98,COc1ccc(Nc2ccc(C)cc2)cc1
MTBD,CC(C)C(C=C(C(C)C)C=C1C(C)C)=C1C2=C(P(C(C)(C)C)C(C)(C)C)C=CC=C2,CC1=NOC=C1,CN1CCCN2C1=NCCC2,BrC1=CC=C(OC)C=C1,44.07,COc1ccc(Nc2ccc(C)cc2)cc1
MTBD,CC(C)C(C=C(C(C)C)C=C1C(C)C)=C1C2=C(P(C(C)(C)C)C(C)(C)C)C=CC=C2,CC1=NOC=C1,CN1CCCN2C1=NCCC2,IC1=CC=C(OC)C=C1,48.94,COc1ccc(Nc2ccc(C)cc2)cc1
MTBD,CC(C)C(C=C(C(C)C)C=C1C(C)C)=C1C2=C(P(C(C)(C)C)C(C)(C)C)C=CC=C2,CC1=NOC=C1,CN1CCCN2C1=NCCC2,ClC1=CC=C(CC)C=C1,3.89,CCc1ccc(Nc2ccc(C)cc2)cc1
MTBD,CC(C)C(C=C(C(C)C)C=C1C(C)C)=C1C2=C(P(C(C)(C)C)C(C)(C)C)C=CC=C2,CC1=NOC=C1,CN1CCCN2C1=NCCC2,BrC1=CC=C(CC)C=C1,79.06,CCc1ccc(Nc2ccc(C)cc2)cc1
MTBD,CC(C)C(C=C(C(C)C)C=C1C(C)C)=C1C2=C(P(C(C)(C)C)C(C)(C)C)C=CC=C2,CC1=NOC=C1,CN1CCCN2C1=NCCC2,IC1=CC=C(CC)C=C1,79.64,CCc1ccc(Nc2ccc(C)cc2)cc1
MTBD,CC(C)C(C=C(C(C)C)C=C1C(C)C)=C1C2=C(P(C(C)(C)C)C(C)(C)C)C=CC=C2,CC1=NOC=C1,CN1CCCN2C1=NCCC2,ClC1=NC=CC=C1,86.0,Cc1ccc(Nc2ccccn2)cc1
MTBD,CC(C)C(C=C(C(C)C)C=C1C(C)C)=C1C2=C(P(C(C)(C)C)C(C)(C)C)C=CC=C2,CC1=NOC=C1,CN1CCCN2C1=NCCC2,BrC1=NC=CC=C1,92.14,Cc1ccc(Nc2ccccn2)cc1
MTBD,CC(C)C(C=C(C(C)C)C=C1C(C)C)=C1C2=C(P(C(C)(C)C)C(C)(C)C)C=CC=C2,CC1=NOC=C1,CN1CCCN2C1=NCCC2,IC1=NC=CC=C1,91.51,Cc1ccc(Nc2ccccn2)cc1
MTBD,CC(C)C(C=C(C(C)C)C=C1C(C)C)=C1C2=C(P(C(C)(C)C)C(C)(C)C)C=CC=C2,CC1=NOC=C1,CN1CCCN2C1=NCCC2,ClC1=CN=CC=C1,30.84,Cc1ccc(Nc2cccnc2)cc1
MTBD,CC(C)C(C=C(C(C)C)C=C1C(C)C)=C1C2=C(P(C(C)(C)C)C(C)(C)C)C=CC=C2,CC1=NOC=C1,CN1CCCN2C1=NCCC2,BrC1=CN=CC=C1,92.72,Cc1ccc(Nc2cccnc2)cc1
MTBD,CC(C)C(C=C(C(C)C)C=C1C(C)C)=C1C2=C(P(C(C)(C)C)C(C)(C)C)C=CC=C2,CC1=NOC=C1,CN1CCCN2C1=NCCC2,IC1=CN=CC=C1,92.26,Cc1ccc(Nc2cccnc2)cc1
P2Et,CC(C)C(C=C(C(C)C)C=C1C(C)C)=C1C2=C(P(C(C)(C)C)C(C)(C)C)C(OC)=CC=C2OC,C1(C2=CC=CC=C2)=CON=C1,CN(C)P(N(C)C)(N(C)C)=NP(N(C)C)(N(C)C)=NCC,ClC1=CC=C(C(F)(F)F)C=C1,9.32,Cc1ccc(Nc2ccc(C(F)(F)F)cc2)cc1
P2Et,CC(C)C(C=C(C(C)C)C=C1C(C)C)=C1C2=C(P(C(C)(C)C)C(C)(C)C)C(OC)=CC=C2OC,C1(C2=CC=CC=C2)=CON=C1,CN(C)P(N(C)C)(N(C)C)=NP(N(C)C)(N(C)C)=NCC,BrC1=CC=C(C(F)(F)F)C=C1,13.23,Cc1ccc(Nc2ccc(C(F)(F)F)cc2)cc1
P2Et,CC(C)C(C=C(C(C)C)C=C1C(C)C)=C1C2=C(P(C(C)(C)C)C(C)(C)C)C(OC)=CC=C2OC,C1(C2=CC=CC=C2)=CON=C1,CN(C)P(N(C)C)(N(C)C)=NP(N(C)C)(N(C)C)=NCC,IC1=CC=C(C(F)(F)F)C=C1,12.66,Cc1ccc(Nc2ccc(C(F)(F)F)cc2)cc1
P2Et,CC(C)C(C=C(C(C)C)C=C1C(C)C)=C1C2=C(P(C(C)(C)C)C(C)(C)C)C(OC)=CC=C2OC,C1(C2=CC=CC=C2)=CON=C1,CN(C)P(N(C)C)(N(C)C)=NP(N(C)C)(N(C)C)=NCC,ClC1=CC=C(OC)C=C1,0.86,COc1ccc(Nc2ccc(C)cc2)cc1
P2Et,CC(C)C(C=C(C(C)C)C=C1C(C)C)=C1C2=C(P(C(C)(C)C)C(C)(C)C)C(OC)=CC=C2OC,C1(C2=CC=CC=C2)=CON=C1,CN(C)P(N(C)C)(N(C)C)=NP(N(C)C)(N(C)C)=NCC,BrC1=CC=C(OC)C=C1,11.13,COc1ccc(Nc2ccc(C)cc2)cc1
P2Et,CC(C)C(C=C(C(C)C)C=C1C(C)C)=C1C2=C(P(C(C)(C)C)C(C)(C)C)C(OC)=CC=C2OC,C1(C2=CC=CC=C2)=CON=C1,CN(C)P(N(C)C)(N(C)C)=NP(N(C)C)(N(C)C)=NCC,IC1=CC=C(OC)C=C1,11.34,COc1ccc(Nc2ccc(C)cc2)cc1
P2Et,CC(C)C(C=C(C(C)C)C=C1C(C)C)=C1C2=C(P(C(C)(C)C)C(C)(C)C)C(OC)=CC=C2OC,C1(C2=CC=CC=C2)=CON=C1,CN(C)P(N(C)C)(N(C)C)=NP(N(C)C)(N(C)C)=NCC,ClC1=CC=C(CC)C=C1,3.85,CCc1ccc(Nc2ccc(C)cc2)cc1
P2Et,CC(C)C(C=C(C(C)C)C=C1C(C)C)=C1C2=C(P(C(C)(C)C)C(C)(C)C)C(OC)=CC=C2OC,C1(C2=CC=CC=C2)=CON=C1,CN(C)P(N(C)C)(N(C)C)=NP(N(C)C)(N(C)C)=NCC,BrC1=CC=C(CC)C=C1,26.56,CCc1ccc(Nc2ccc(C)cc2)cc1
P2Et,CC(C)C(C=C(C(C)C)C=C1C(C)C)=C1C2=C(P(C(C)(C)C)C(C)(C)C)C(OC)=CC=C2OC,C1(C2=CC=CC=C2)=CON=C1,CN(C)P(N(C)C)(N(C)C)=NP(N(C)C)(N(C)C)=NCC,IC1=CC=C(CC)C=C1,25.42,CCc1ccc(Nc2ccc(C)cc2)cc1
P2Et,CC(C)C(C=C(C(C)C)C=C1C(C)C)=C1C2=C(P(C(C)(C)C)C(C)(C)C)C(OC)=CC=C2OC,C1(C2=CC=CC=C2)=CON=C1,CN(C)P(N(C)C)(N(C)C)=NP(N(C)C)(N(C)C)=NCC,ClC1=NC=CC=C1,23.7,Cc1ccc(Nc2ccccn2)cc1
P2Et,CC(C)C(C=C(C(C)C)C=C1C(C)C)=C1C2=C(P(C(C)(C)C)C(C)(C)C)C(OC)=CC=C2OC,C1(C2=CC=CC=C2)=CON=C1,CN(C)P(N(C)C)(N(C)C)=NP(N(C)C)(N(C)C)=NCC,BrC1=NC=CC=C1,25.96,Cc1ccc(Nc2ccccn2)cc1
P2Et,CC(C)C(C=C(C(C)C)C=C1C(C)C)=C1C2=C(P(C(C)(C)C)C(C)(C)C)C(OC)=CC=C2OC,C1(C2=CC=CC=C2)=CON=C1,CN(C)P(N(C)C)(N(C)C)=NP(N(C)C)(N(C)C)=NCC,IC1=NC=CC=C1,35.8,Cc1ccc(Nc2ccccn2)cc1
P2Et,CC(C)C(C=C(C(C)C)C=C1C(C)C)=C1C2=C(P(C(C)(C)C)C(C)(C)C)C(OC)=CC=C2OC,C1(C2=CC=CC=C2)=CON=C1,CN(C)P(N(C)C)(N(C)C)=NP(N(C)C)(N(C)C)=NCC,ClC1=CN=CC=C1,66.85,Cc1ccc(Nc2cccnc2)cc1
P2Et,CC(C)C(C=C(C(C)C)C=C1C(C)C)=C1C2=C(P(C(C)(C)C)C(C)(C)C)C(OC)=CC=C2OC,C1(C2=CC=CC=C2)=CON=C1,CN(C)P(N(C)C)(N(C)C)=NP(N(C)C)(N(C)C)=NCC,BrC1=CN=CC=C1,70.57,Cc1ccc(Nc2cccnc2)cc1
P2Et,CC(C)C(C=C(C(C)C)C=C1C(C)C)=C1C2=C(P(C(C)(C)C)C(C)(C)C)C(OC)=CC=C2OC,C1(C2=CC=CC=C2)=CON=C1,CN(C)P(N(C)C)(N(C)C)=NP(N(C)C)(N(C)C)=NCC,IC1=CN=CC=C1,66.64,Cc1ccc(Nc2cccnc2)cc1
BTMG,CC(C)C(C=C(C(C)C)C=C1C(C)C)=C1C2=C(P(C(C)(C)C)C(C)(C)C)C(OC)=CC=C2OC,C1(C2=CC=CC=C2)=CON=C1,CC(C)(C)/N=C(N(C)C)/N(C)C,ClC1=CC=C(C(F)(F)F)C=C1,3.47,Cc1ccc(Nc2ccc(C(F)(F)F)cc2)cc1
BTMG,CC(C)C(C=C(C(C)C)C=C1C(C)C)=C1C2=C(P(C(C)(C)C)C(C)(C)C)C(OC)=CC=C2OC,C1(C2=CC=CC=C2)=CON=C1,CC(C)(C)/N=C(N(C)C)/N(C)C,BrC1=CC=C(C(F)(F)F)C=C1,31.18,Cc1ccc(Nc2ccc(C(F)(F)F)cc2)cc1
BTMG,CC(C)C(C=C(C(C)C)C=C1C(C)C)=C1C2=C(P(C(C)(C)C)C(C)(C)C)C(OC)=CC=C2OC,C1(C2=CC=CC=C2)=CON=C1,CC(C)(C)/N=C(N(C)C)/N(C)C,IC1=CC=C(C(F)(F)F)C=C1,44.26,Cc1ccc(Nc2ccc(C(F)(F)F)cc2)cc1
BTMG,CC(C)C(C=C(C(C)C)C=C1C(C)C)=C1C2=C(P(C(C)(C)C)C(C)(C)C)C(OC)=CC=C2OC,C1(C2=CC=CC=C2)=CON=C1,CC(C)(C)/N=C(N(C)C)/N(C)C,ClC1=CC=C(OC)C=C1,0.0,COc1ccc(Nc2ccc(C)cc2)cc1
BTMG,CC(C)C(C=C(C(C)C)C=C1C(C)C)=C1C2=C(P(C(C)(C)C)C(C)(C)C)C(OC)=CC=C2OC,C1(C2=CC=CC=C2)=CON=C1,CC(C)(C)/N=C(N(C)C)/N(C)C,BrC1=CC=C(OC)C=C1,11.31,COc1ccc(Nc2ccc(C)cc2)cc1
BTMG,CC(C)C(C=C(C(C)C)C=C1C(C)C)=C1C2=C(P(C(C)(C)C)C(C)(C)C)C(OC)=CC=C2OC,C1(C2=CC=CC=C2)=CON=C1,CC(C)(C)/N=C(N(C)C)/N(C)C,IC1=CC=C(OC)C=C1,33.79,COc1ccc(Nc2ccc(C)cc2)cc1
BTMG,CC(C)C(C=C(C(C)C)C=C1C(C)C)=C1C2=C(P(C(C)(C)C)C(C)(C)C)C(OC)=CC=C2OC,C1(C2=CC=CC=C2)=CON=C1,CC(C)(C)/N=C(N(C)C)/N(C)C,ClC1=CC=C(CC)C=C1,0.0,CCc1ccc(Nc2ccc(C)cc2)cc1
BTMG,CC(C)C(C=C(C(C)C)C=C1C(C)C)=C1C2=C(P(C(C)(C)C)C(C)(C)C)C(OC)=CC=C2OC,C1(C2=CC=CC=C2)=CON=C1,CC(C)(C)/N=C(N(C)C)/N(C)C,BrC1=CC=C(CC)C=C1,36.54,CCc1ccc(Nc2ccc(C)cc2)cc1
BTMG,CC(C)C(C=C(C(C)C)C=C1C(C)C)=C1C2=C(P(C(C)(C)C)C(C)(C)C)C(OC)=CC=C2OC,C1(C2=CC=CC=C2)=CON=C1,CC(C)(C)/N=C(N(C)C)/N(C)C,IC1=CC=C(CC)C=C1,78.51,CCc1ccc(Nc2ccc(C)cc2)cc1
BTMG,CC(C)C(C=C(C(C)C)C=C1C(C)C)=C1C2=C(P(C(C)(C)C)C(C)(C)C)C(OC)=CC=C2OC,C1(C2=CC=CC=C2)=CON=C1,CC(C)(C)/N=C(N(C)C)/N(C)C,ClC1=NC=CC=C1,32.19,Cc1ccc(Nc2ccccn2)cc1
BTMG,CC(C)C(C=C(C(C)C)C=C1C(C)C)=C1C2=C(P(C(C)(C)C)C(C)(C)C)C(OC)=CC=C2OC,C1(C2=CC=CC=C2)=CON=C1,CC(C)(C)/N=C(N(C)C)/N(C)C,BrC1=NC=CC=C1,55.46,Cc1ccc(Nc2ccccn2)cc1
BTMG,CC(C)C(C=C(C(C)C)C=C1C(C)C)=C1C2=C(P(C(C)(C)C)C(C)(C)C)C(OC)=CC=C2OC,C1(C2=CC=CC=C2)=CON=C1,CC(C)(C)/N=C(N(C)C)/N(C)C,IC1=NC=CC=C1,81.64,Cc1ccc(Nc2ccccn2)cc1
BTMG,CC(C)C(C=C(C(C)C)C=C1C(C)C)=C1C2=C(P(C(C)(C)C)C(C)(C)C)C(OC)=CC=C2OC,C1(C2=CC=CC=C2)=CON=C1,CC(C)(C)/N=C(N(C)C)/N(C)C,ClC1=CN=CC=C1,4.55,Cc1ccc(Nc2cccnc2)cc1
BTMG,CC(C)C(C=C(C(C)C)C=C1C(C)C)=C1C2=C(P(C(C)(C)C)C(C)(C)C)C(OC)=CC=C2OC,C1(C2=CC=CC=C2)=CON=C1,CC(C)(C)/N=C(N(C)C)/N(C)C,BrC1=CN=CC=C1,60.55,Cc1ccc(Nc2cccnc2)cc1
BTMG,CC(C)C(C=C(C(C)C)C=C1C(C)C)=C1C2=C(P(C(C)(C)C)C(C)(C)C)C(OC)=CC=C2OC,C1(C2=CC=CC=C2)=CON=C1,CC(C)(C)/N=C(N(C)C)/N(C)C,IC1=CN=CC=C1,71.15,Cc1ccc(Nc2cccnc2)cc1
MTBD,CC(C)C(C=C(C(C)C)C=C1C(C)C)=C1C2=C(P(C(C)(C)C)C(C)(C)C)C(OC)=CC=C2OC,C1(C2=CC=CC=C2)=CON=C1,CN1CCCN2C1=NCCC2,ClC1=CC=C(C(F)(F)F)C=C1,22.42,Cc1ccc(Nc2ccc(C(F)(F)F)cc2)cc1
MTBD,CC(C)C(C=C(C(C)C)C=C1C(C)C)=C1C2=C(P(C(C)(C)C)C(C)(C)C)C(OC)=CC=C2OC,C1(C2=CC=CC=C2)=CON=C1,CN1CCCN2C1=NCCC2,BrC1=CC=C(C(F)(F)F)C=C1,41.46,Cc1ccc(Nc2ccc(C(F)(F)F)cc2)cc1
MTBD,CC(C)C(C=C(C(C)C)C=C1C(C)C)=C1C2=C(P(C(C)(C)C)C(C)(C)C)C(OC)=CC=C2OC,C1(C2=CC=CC=C2)=CON=C1,CN1CCCN2C1=NCCC2,IC1=CC=C(C(F)(F)F)C=C1,54.25,Cc1ccc(Nc2ccc(C(F)(F)F)cc2)cc1
MTBD,CC(C)C(C=C(C(C)C)C=C1C(C)C)=C1C2=C(P(C(C)(C)C)C(C)(C)C)C(OC)=CC=C2OC,C1(C2=CC=CC=C2)=CON=C1,CN1CCCN2C1=NCCC2,ClC1=CC=C(OC)C=C1,1.58,COc1ccc(Nc2ccc(C)cc2)cc1
MTBD,CC(C)C(C=C(C(C)C)C=C1C(C)C)=C1C2=C(P(C(C)(C)C)C(C)(C)C)C(OC)=CC=C2OC,C1(C2=CC=CC=C2)=CON=C1,CN1CCCN2C1=NCCC2,BrC1=CC=C(OC)C=C1,20.76,COc1ccc(Nc2ccc(C)cc2)cc1
MTBD,CC(C)C(C=C(C(C)C)C=C1C(C)C)=C1C2=C(P(C(C)(C)C)C(C)(C)C)C(OC)=CC=C2OC,C1(C2=CC=CC=C2)=CON=C1,CN1CCCN2C1=NCCC2,IC1=CC=C(OC)C=C1,36.06,COc1ccc(Nc2ccc(C)cc2)cc1
MTBD,CC(C)C(C=C(C(C)C)C=C1C(C)C)=C1C2=C(P(C(C)(C)C)C(C)(C)C)C(OC)=CC=C2OC,C1(C2=CC=CC=C2)=CON=C1,CN1CCCN2C1=NCCC2,ClC1=CC=C(CC)C=C1,7.81,CCc1ccc(Nc2ccc(C)cc2)cc1
MTBD,CC(C)C(C=C(C(C)C)C=C1C(C)C)=C1C2=C(P(C(C)(C)C)C(C)(C)C)C(OC)=CC=C2OC,C1(C2=CC=CC=C2)=CON=C1,CN1CCCN2C1=NCCC2,BrC1=CC=C(CC)C=C1,52.91,CCc1ccc(Nc2ccc(C)cc2)cc1
MTBD,CC(C)C(C=C(C(C)C)C=C1C(C)C)=C1C2=C(P(C(C)(C)C)C(C)(C)C)C(OC)=CC=C2OC,C1(C2=CC=CC=C2)=CON=C1,CN1CCCN2C1=NCCC2,IC1=CC=C(CC)C=C1,83.29,CCc1ccc(Nc2ccc(C)cc2)cc1
MTBD,CC(C)C(C=C(C(C)C)C=C1C(C)C)=C1C2=C(P(C(C)(C)C)C(C)(C)C)C(OC)=CC=C2OC,C1(C2=CC=CC=C2)=CON=C1,CN1CCCN2C1=NCCC2,ClC1=NC=CC=C1,50.81,Cc1ccc(Nc2ccccn2)cc1
MTBD,CC(C)C(C=C(C(C)C)C=C1C(C)C)=C1C2=C(P(C(C)(C)C)C(C)(C)C)C(OC)=CC=C2OC,C1(C2=CC=CC=C2)=CON=C1,CN1CCCN2C1=NCCC2,BrC1=NC=CC=C1,71.49,Cc1ccc(Nc2ccccn2)cc1
MTBD,CC(C)C(C=C(C(C)C)C=C1C(C)C)=C1C2=C(P(C(C)(C)C)C(C)(C)C)C(OC)=CC=C2OC,C1(C2=CC=CC=C2)=CON=C1,CN1CCCN2C1=NCCC2,IC1=NC=CC=C1,100.0,Cc1ccc(Nc2ccccn2)cc1
MTBD,CC(C)C(C=C(C(C)C)C=C1C(C)C)=C1C2=C(P(C(C)(C)C)C(C)(C)C)C(OC)=CC=C2OC,C1(C2=CC=CC=C2)=CON=C1,CN1CCCN2C1=NCCC2,ClC1=CN=CC=C1,29.95,Cc1ccc(Nc2cccnc2)cc1
MTBD,CC(C)C(C=C(C(C)C)C=C1C(C)C)=C1C2=C(P(C(C)(C)C)C(C)(C)C)C(OC)=CC=C2OC,C1(C2=CC=CC=C2)=CON=C1,CN1CCCN2C1=NCCC2,BrC1=CN=CC=C1,80.03,Cc1ccc(Nc2cccnc2)cc1
MTBD,CC(C)C(C=C(C(C)C)C=C1C(C)C)=C1C2=C(P(C(C)(C)C)C(C)(C)C)C(OC)=CC=C2OC,C1(C2=CC=CC=C2)=CON=C1,CN1CCCN2C1=NCCC2,IC1=CN=CC=C1,88.4,Cc1ccc(Nc2cccnc2)cc1
P2Et,CC(C)C(C=C(C(C)C)C=C1C(C)C)=C1C2=C(P(C(C)(C)C)C(C)(C)C)C(OC)=CC=C2OC,C1(C2=CC=CC=C2)=NOC=C1,CN(C)P(N(C)C)(N(C)C)=NP(N(C)C)(N(C)C)=NCC,ClC1=CC=C(C(F)(F)F)C=C1,7.02,Cc1ccc(Nc2ccc(C(F)(F)F)cc2)cc1
P2Et,CC(C)C(C=C(C(C)C)C=C1C(C)C)=C1C2=C(P(C(C)(C)C)C(C)(C)C)C(OC)=CC=C2OC,C1(C2=CC=CC=C2)=NOC=C1,CN(C)P(N(C)C)(N(C)C)=NP(N(C)C)(N(C)C)=NCC,BrC1=CC=C(C(F)(F)F)C=C1,32.41,Cc1ccc(Nc2ccc(C(F)(F)F)cc2)cc1
P2Et,CC(C)C(C=C(C(C)C)C=C1C(C)C)=C1C2=C(P(C(C)(C)C)C(C)(C)C)C(OC)=CC=C2OC,C1(C2=CC=CC=C2)=NOC=C1,CN(C)P(N(C)C)(N(C)C)=NP(N(C)C)(N(C)C)=NCC,IC1=CC=C(C(F)(F)F)C=C1,34.6,Cc1ccc(Nc2ccc(C(F)(F)F)cc2)cc1
P2Et,CC(C)C(C=C(C(C)C)C=C1C(C)C)=C1C2=C(P(C(C)(C)C)C(C)(C)C)C(OC)=CC=C2OC,C1(C2=CC=CC=C2)=NOC=C1,CN(C)P(N(C)C)(N(C)C)=NP(N(C)C)(N(C)C)=NCC,ClC1=CC=C(OC)C=C1,0.52,COc1ccc(Nc2ccc(C)cc2)cc1
P2Et,CC(C)C(C=C(C(C)C)C=C1C(C)C)=C1C2=C(P(C(C)(C)C)C(C)(C)C)C(OC)=CC=C2OC,C1(C2=CC=CC=C2)=NOC=C1,CN(C)P(N(C)C)(N(C)C)=NP(N(C)C)(N(C)C)=NCC,BrC1=CC=C(OC)C=C1,38.44,COc1ccc(Nc2ccc(C)cc2)cc1
P2Et,CC(C)C(C=C(C(C)C)C=C1C(C)C)=C1C2=C(P(C(C)(C)C)C(C)(C)C)C(OC)=CC=C2OC,C1(C2=CC=CC=C2)=NOC=C1,CN(C)P(N(C)C)(N(C)C)=NP(N(C)C)(N(C)C)=NCC,IC1=CC=C(OC)C=C1,50.9,COc1ccc(Nc2ccc(C)cc2)cc1
P2Et,CC(C)C(C=C(C(C)C)C=C1C(C)C)=C1C2=C(P(C(C)(C)C)C(C)(C)C)C(OC)=CC=C2OC,C1(C2=CC=CC=C2)=NOC=C1,CN(C)P(N(C)C)(N(C)C)=NP(N(C)C)(N(C)C)=NCC,ClC1=CC=C(CC)C=C1,5.43,CCc1ccc(Nc2ccc(C)cc2)cc1
P2Et,CC(C)C(C=C(C(C)C)C=C1C(C)C)=C1C2=C(P(C(C)(C)C)C(C)(C)C)C(OC)=CC=C2OC,C1(C2=CC=CC=C2)=NOC=C1,CN(C)P(N(C)C)(N(C)C)=NP(N(C)C)(N(C)C)=NCC,BrC1=CC=C(CC)C=C1,70.23,CCc1ccc(Nc2ccc(C)cc2)cc1
P2Et,CC(C)C(C=C(C(C)C)C=C1C(C)C)=C1C2=C(P(C(C)(C)C)C(C)(C)C)C(OC)=CC=C2OC,C1(C2=CC=CC=C2)=NOC=C1,CN(C)P(N(C)C)(N(C)C)=NP(N(C)C)(N(C)C)=NCC,IC1=CC=C(CC)C=C1,73.44,CCc1ccc(Nc2ccc(C)cc2)cc1
P2Et,CC(C)C(C=C(C(C)C)C=C1C(C)C)=C1C2=C(P(C(C)(C)C)C(C)(C)C)C(OC)=CC=C2OC,C1(C2=CC=CC=C2)=NOC=C1,CN(C)P(N(C)C)(N(C)C)=NP(N(C)C)(N(C)C)=NCC,ClC1=NC=CC=C1,68.99,Cc1ccc(Nc2ccccn2)cc1
P2Et,CC(C)C(C=C(C(C)C)C=C1C(C)C)=C1C2=C(P(C(C)(C)C)C(C)(C)C)C(OC)=CC=C2OC,C1(C2=CC=CC=C2)=NOC=C1,CN(C)P(N(C)C)(N(C)C)=NP(N(C)C)(N(C)C)=NCC,BrC1=NC=CC=C1,87.93,Cc1ccc(Nc2ccccn2)cc1
P2Et,CC(C)C(C=C(C(C)C)C=C1C(C)C)=C1C2=C(P(C(C)(C)C)C(C)(C)C)C(OC)=CC=C2OC,C1(C2=CC=CC=C2)=NOC=C1,CN(C)P(N(C)C)(N(C)C)=NP(N(C)C)(N(C)C)=NCC,IC1=NC=CC=C1,89.47,Cc1ccc(Nc2ccccn2)cc1
P2Et,CC(C)C(C=C(C(C)C)C=C1C(C)C)=C1C2=C(P(C(C)(C)C)C(C)(C)C)C(OC)=CC=C2OC,C1(C2=CC=CC=C2)=NOC=C1,CN(C)P(N(C)C)(N(C)C)=NP(N(C)C)(N(C)C)=NCC,ClC1=CN=CC=C1,6.16,Cc1ccc(Nc2cccnc2)cc1
P2Et,CC(C)C(C=C(C(C)C)C=C1C(C)C)=C1C2=C(P(C(C)(C)C)C(C)(C)C)C(OC)=CC=C2OC,C1(C2=CC=CC=C2)=NOC=C1,CN(C)P(N(C)C)(N(C)C)=NP(N(C)C)(N(C)C)=NCC,BrC1=CN=CC=C1,4.81,Cc1ccc(Nc2cccnc2)cc1
P2Et,CC(C)C(C=C(C(C)C)C=C1C(C)C)=C1C2=C(P(C(C)(C)C)C(C)(C)C)C(OC)=CC=C2OC,C1(C2=CC=CC=C2)=NOC=C1,CN(C)P(N(C)C)(N(C)C)=NP(N(C)C)(N(C)C)=NCC,IC1=CN=CC=C1,4.59,Cc1ccc(Nc2cccnc2)cc1
BTMG,CC(C)C(C=C(C(C)C)C=C1C(C)C)=C1C2=C(P(C(C)(C)C)C(C)(C)C)C(OC)=CC=C2OC,C1(C2=CC=CC=C2)=NOC=C1,CC(C)(C)/N=C(N(C)C)/N(C)C,ClC1=CC=C(C(F)(F)F)C=C1,25.85,Cc1ccc(Nc2ccc(C(F)(F)F)cc2)cc1
BTMG,CC(C)C(C=C(C(C)C)C=C1C(C)C)=C1C2=C(P(C(C)(C)C)C(C)(C)C)C(OC)=CC=C2OC,C1(C2=CC=CC=C2)=NOC=C1,CC(C)(C)/N=C(N(C)C)/N(C)C,BrC1=CC=C(C(F)(F)F)C=C1,48.48,Cc1ccc(Nc2ccc(C(F)(F)F)cc2)cc1
BTMG,CC(C)C(C=C(C(C)C)C=C1C(C)C)=C1C2=C(P(C(C)(C)C)C(C)(C)C)C(OC)=CC=C2OC,C1(C2=CC=CC=C2)=NOC=C1,CC(C)(C)/N=C(N(C)C)/N(C)C,IC1=CC=C(C(F)(F)F)C=C1,47.29,Cc1ccc(Nc2ccc(C(F)(F)F)cc2)cc1
BTMG,CC(C)C(C=C(C(C)C)C=C1C(C)C)=C1C2=C(P(C(C)(C)C)C(C)(C)C)C(OC)=CC=C2OC,C1(C2=CC=CC=C2)=NOC=C1,CC(C)(C)/N=C(N(C)C)/N(C)C,ClC1=CC=C(OC)C=C1,0.68,COc1ccc(Nc2ccc(C)cc2)cc1
BTMG,CC(C)C(C=C(C(C)C)C=C1C(C)C)=C1C2=C(P(C(C)(C)C)C(C)(C)C)C(OC)=CC=C2OC,C1(C2=CC=CC=C2)=NOC=C1,CC(C)(C)/N=C(N(C)C)/N(C)C,BrC1=CC=C(OC)C=C1,40.82,COc1ccc(Nc2ccc(C)cc2)cc1
BTMG,CC(C)C(C=C(C(C)C)C=C1C(C)C)=C1C2=C(P(C(C)(C)C)C(C)(C)C)C(OC)=CC=C2OC,C1(C2=CC=CC=C2)=NOC=C1,CC(C)(C)/N=C(N(C)C)/N(C)C,IC1=CC=C(OC)C=C1,45.5,COc1ccc(Nc2ccc(C)cc2)cc1
BTMG,CC(C)C(C=C(C(C)C)C=C1C(C)C)=C1C2=C(P(C(C)(C)C)C(C)(C)C)C(OC)=CC=C2OC,C1(C2=CC=CC=C2)=NOC=C1,CC(C)(C)/N=C(N(C)C)/N(C)C,ClC1=CC=C(CC)C=C1,2.46,CCc1ccc(Nc2ccc(C)cc2)cc1
BTMG,CC(C)C(C=C(C(C)C)C=C1C(C)C)=C1C2=C(P(C(C)(C)C)C(C)(C)C)C(OC)=CC=C2OC,C1(C2=CC=CC=C2)=NOC=C1,CC(C)(C)/N=C(N(C)C)/N(C)C,BrC1=CC=C(CC)C=C1,73.58,CCc1ccc(Nc2ccc(C)cc2)cc1
BTMG,CC(C)C(C=C(C(C)C)C=C1C(C)C)=C1C2=C(P(C(C)(C)C)C(C)(C)C)C(OC)=CC=C2OC,C1(C2=CC=CC=C2)=NOC=C1,CC(C)(C)/N=C(N(C)C)/N(C)C,IC1=CC=C(CC)C=C1,79.18,CCc1ccc(Nc2ccc(C)cc2)cc1
BTMG,CC(C)C(C=C(C(C)C)C=C1C(C)C)=C1C2=C(P(C(C)(C)C)C(C)(C)C)C(OC)=CC=C2OC,C1(C2=CC=CC=C2)=NOC=C1,CC(C)(C)/N=C(N(C)C)/N(C)C,ClC1=NC=CC=C1,78.17,Cc1ccc(Nc2ccccn2)cc1
BTMG,CC(C)C(C=C(C(C)C)C=C1C(C)C)=C1C2=C(P(C(C)(C)C)C(C)(C)C)C(OC)=CC=C2OC,C1(C2=CC=CC=C2)=NOC=C1,CC(C)(C)/N=C(N(C)C)/N(C)C,BrC1=NC=CC=C1,84.44,Cc1ccc(Nc2ccccn2)cc1
BTMG,CC(C)C(C=C(C(C)C)C=C1C(C)C)=C1C2=C(P(C(C)(C)C)C(C)(C)C)C(OC)=CC=C2OC,C1(C2=CC=CC=C2)=NOC=C1,CC(C)(C)/N=C(N(C)C)/N(C)C,IC1=NC=CC=C1,91.21,Cc1ccc(Nc2ccccn2)cc1
BTMG,CC(C)C(C=C(C(C)C)C=C1C(C)C)=C1C2=C(P(C(C)(C)C)C(C)(C)C)C(OC)=CC=C2OC,C1(C2=CC=CC=C2)=NOC=C1,CC(C)(C)/N=C(N(C)C)/N(C)C,ClC1=CN=CC=C1,40.48,Cc1ccc(Nc2cccnc2)cc1
BTMG,CC(C)C(C=C(C(C)C)C=C1C(C)C)=C1C2=C(P(C(C)(C)C)C(C)(C)C)C(OC)=CC=C2OC,C1(C2=CC=CC=C2)=NOC=C1,CC(C)(C)/N=C(N(C)C)/N(C)C,BrC1=CN=CC=C1,78.37,Cc1ccc(Nc2cccnc2)cc1
MTBD,CC(C)C(C=C(C(C)C)C=C1C(C)C)=C1C2=C(P(C(C)(C)C)C(C)(C)C)C(OC)=CC=C2OC,C1(C2=CC=CC=C2)=NOC=C1,CN1CCCN2C1=NCCC2,ClC1=CC=C(C(F)(F)F)C=C1,23.89,Cc1ccc(Nc2ccc(C(F)(F)F)cc2)cc1
MTBD,CC(C)C(C=C(C(C)C)C=C1C(C)C)=C1C2=C(P(C(C)(C)C)C(C)(C)C)C(OC)=CC=C2OC,C1(C2=CC=CC=C2)=NOC=C1,CN1CCCN2C1=NCCC2,BrC1=CC=C(C(F)(F)F)C=C1,46.8,Cc1ccc(Nc2ccc(C(F)(F)F)cc2)cc1
MTBD,CC(C)C(C=C(C(C)C)C=C1C(C)C)=C1C2=C(P(C(C)(C)C)C(C)(C)C)C(OC)=CC=C2OC,C1(C2=CC=CC=C2)=NOC=C1,CN1CCCN2C1=NCCC2,IC1=CC=C(C(F)(F)F)C=C1,46.14,Cc1ccc(Nc2ccc(C(F)(F)F)cc2)cc1
MTBD,CC(C)C(C=C(C(C)C)C=C1C(C)C)=C1C2=C(P(C(C)(C)C)C(C)(C)C)C(OC)=CC=C2OC,C1(C2=CC=CC=C2)=NOC=C1,CN1CCCN2C1=NCCC2,ClC1=CC=C(OC)C=C1,0.81,COc1ccc(Nc2ccc(C)cc2)cc1
MTBD,CC(C)C(C=C(C(C)C)C=C1C(C)C)=C1C2=C(P(C(C)(C)C)C(C)(C)C)C(OC)=CC=C2OC,C1(C2=CC=CC=C2)=NOC=C1,CN1CCCN2C1=NCCC2,BrC1=CC=C(OC)C=C1,34.83,COc1ccc(Nc2ccc(C)cc2)cc1
MTBD,CC(C)C(C=C(C(C)C)C=C1C(C)C)=C1C2=C(P(C(C)(C)C)C(C)(C)C)C(OC)=CC=C2OC,C1(C2=CC=CC=C2)=NOC=C1,CN1CCCN2C1=NCCC2,IC1=CC=C(OC)C=C1,44.26,COc1ccc(Nc2ccc(C)cc2)cc1
MTBD,CC(C)C(C=C(C(C)C)C=C1C(C)C)=C1C2=C(P(C(C)(C)C)C(C)(C)C)C(OC)=CC=C2OC,C1(C2=CC=CC=C2)=NOC=C1,CN1CCCN2C1=NCCC2,ClC1=CC=C(CC)C=C1,9.03,CCc1ccc(Nc2ccc(C)cc2)cc1
MTBD,CC(C)C(C=C(C(C)C)C=C1C(C)C)=C1C2=C(P(C(C)(C)C)C(C)(C)C)C(OC)=CC=C2OC,C1(C2=CC=CC=C2)=NOC=C1,CN1CCCN2C1=NCCC2,BrC1=CC=C(CC)C=C1,74.24,CCc1ccc(Nc2ccc(C)cc2)cc1
MTBD,CC(C)C(C=C(C(C)C)C=C1C(C)C)=C1C2=C(P(C(C)(C)C)C(C)(C)C)C(OC)=CC=C2OC,C1(C2=CC=CC=C2)=NOC=C1,CN1CCCN2C1=NCCC2,IC1=CC=C(CC)C=C1,78.11,CCc1ccc(Nc2ccc(C)cc2)cc1
MTBD,CC(C)C(C=C(C(C)C)C=C1C(C)C)=C1C2=C(P(C(C)(C)C)C(C)(C)C)C(OC)=CC=C2OC,C1(C2=CC=CC=C2)=NOC=C1,CN1CCCN2C1=NCCC2,ClC1=NC=CC=C1,86.12,Cc1ccc(Nc2ccccn2)cc1
MTBD,CC(C)C(C=C(C(C)C)C=C1C(C)C)=C1C2=C(P(C(C)(C)C)C(C)(C)C)C(OC)=CC=C2OC,C1(C2=CC=CC=C2)=NOC=C1,CN1CCCN2C1=NCCC2,BrC1=NC=CC=C1,87.96,Cc1ccc(Nc2ccccn2)cc1
MTBD,CC(C)C(C=C(C(C)C)C=C1C(C)C)=C1C2=C(P(C(C)(C)C)C(C)(C)C)C(OC)=CC=C2OC,C1(C2=CC=CC=C2)=NOC=C1,CN1CCCN2C1=NCCC2,IC1=NC=CC=C1,92.35,Cc1ccc(Nc2ccccn2)cc1
MTBD,CC(C)C(C=C(C(C)C)C=C1C(C)C)=C1C2=C(P(C(C)(C)C)C(C)(C)C)C(OC)=CC=C2OC,C1(C2=CC=CC=C2)=NOC=C1,CN1CCCN2C1=NCCC2,ClC1=CN=CC=C1,42.38,Cc1ccc(Nc2cccnc2)cc1
MTBD,CC(C)C(C=C(C(C)C)C=C1C(C)C)=C1C2=C(P(C(C)(C)C)C(C)(C)C)C(OC)=CC=C2OC,C1(C2=CC=CC=C2)=NOC=C1,CN1CCCN2C1=NCCC2,BrC1=CN=CC=C1,89.59,Cc1ccc(Nc2cccnc2)cc1
MTBD,CC(C)C(C=C(C(C)C)C=C1C(C)C)=C1C2=C(P(C(C)(C)C)C(C)(C)C)C(OC)=CC=C2OC,C1(C2=CC=CC=C2)=NOC=C1,CN1CCCN2C1=NCCC2,IC1=CN=CC=C1,88.35,Cc1ccc(Nc2cccnc2)cc1
P2Et,CC(C)C(C=C(C(C)C)C=C1C(C)C)=C1C2=C(P(C(C)(C)C)C(C)(C)C)C(OC)=CC=C2OC,CC1=NOC=C1,CN(C)P(N(C)C)(N(C)C)=NP(N(C)C)(N(C)C)=NCC,ClC1=CC=C(C(F)(F)F)C=C1,1.04,Cc1ccc(Nc2ccc(C(F)(F)F)cc2)cc1
P2Et,CC(C)C(C=C(C(C)C)C=C1C(C)C)=C1C2=C(P(C(C)(C)C)C(C)(C)C)C(OC)=CC=C2OC,CC1=NOC=C1,CN(C)P(N(C)C)(N(C)C)=NP(N(C)C)(N(C)C)=NCC,BrC1=CC=C(C(F)(F)F)C=C1,23.78,Cc1ccc(Nc2ccc(C(F)(F)F)cc2)cc1
P2Et,CC(C)C(C=C(C(C)C)C=C1C(C)C)=C1C2=C(P(C(C)(C)C)C(C)(C)C)C(OC)=CC=C2OC,CC1=NOC=C1,CN(C)P(N(C)C)(N(C)C)=NP(N(C)C)(N(C)C)=NCC,IC1=CC=C(C(F)(F)F)C=C1,28.58,Cc1ccc(Nc2ccc(C(F)(F)F)cc2)cc1
P2Et,CC(C)C(C=C(C(C)C)C=C1C(C)C)=C1C2=C(P(C(C)(C)C)C(C)(C)C)C(OC)=CC=C2OC,CC1=NOC=C1,CN(C)P(N(C)C)(N(C)C)=NP(N(C)C)(N(C)C)=NCC,ClC1=CC=C(OC)C=C1,0.0,COc1ccc(Nc2ccc(C)cc2)cc1
P2Et,CC(C)C(C=C(C(C)C)C=C1C(C)C)=C1C2=C(P(C(C)(C)C)C(C)(C)C)C(OC)=CC=C2OC,CC1=NOC=C1,CN(C)P(N(C)C)(N(C)C)=NP(N(C)C)(N(C)C)=NCC,BrC1=CC=C(OC)C=C1,44.73,COc1ccc(Nc2ccc(C)cc2)cc1
P2Et,CC(C)C(C=C(C(C)C)C=C1C(C)C)=C1C2=C(P(C(C)(C)C)C(C)(C)C)C(OC)=CC=C2OC,CC1=NOC=C1,CN(C)P(N(C)C)(N(C)C)=NP(N(C)C)(N(C)C)=NCC,IC1=CC=C(OC)C=C1,37.41,COc1ccc(Nc2ccc(C)cc2)cc1
P2Et,CC(C)C(C=C(C(C)C)C=C1C(C)C)=C1C2=C(P(C(C)(C)C)C(C)(C)C)C(OC)=CC=C2OC,CC1=NOC=C1,CN(C)P(N(C)C)(N(C)C)=NP(N(C)C)(N(C)C)=NCC,ClC1=CC=C(CC)C=C1,7.26,CCc1ccc(Nc2ccc(C)cc2)cc1
P2Et,CC(C)C(C=C(C(C)C)C=C1C(C)C)=C1C2=C(P(C(C)(C)C)C(C)(C)C)C(OC)=CC=C2OC,CC1=NOC=C1,CN(C)P(N(C)C)(N(C)C)=NP(N(C)C)(N(C)C)=NCC,BrC1=CC=C(CC)C=C1,68.29,CCc1ccc(Nc2ccc(C)cc2)cc1
P2Et,CC(C)C(C=C(C(C)C)C=C1C(C)C)=C1C2=C(P(C(C)(C)C)C(C)(C)C)C(OC)=CC=C2OC,CC1=NOC=C1,CN(C)P(N(C)C)(N(C)C)=NP(N(C)C)(N(C)C)=NCC,IC1=CC=C(CC)C=C1,71.55,CCc1ccc(Nc2ccc(C)cc2)cc1
P2Et,CC(C)C(C=C(C(C)C)C=C1C(C)C)=C1C2=C(P(C(C)(C)C)C(C)(C)C)C(OC)=CC=C2OC,CC1=NOC=C1,CN(C)P(N(C)C)(N(C)C)=NP(N(C)C)(N(C)C)=NCC,ClC1=NC=CC=C1,69.08,Cc1ccc(Nc2ccccn2)cc1
P2Et,CC(C)C(C=C(C(C)C)C=C1C(C)C)=C1C2=C(P(C(C)(C)C)C(C)(C)C)C(OC)=CC=C2OC,CC1=NOC=C1,CN(C)P(N(C)C)(N(C)C)=NP(N(C)C)(N(C)C)=NCC,BrC1=NC=CC=C1,88.31,Cc1ccc(Nc2ccccn2)cc1
P2Et,CC(C)C(C=C(C(C)C)C=C1C(C)C)=C1C2=C(P(C(C)(C)C)C(C)(C)C)C(OC)=CC=C2OC,CC1=NOC=C1,CN(C)P(N(C)C)(N(C)C)=NP(N(C)C)(N(C)C)=NCC,IC1=NC=CC=C1,92.9,Cc1ccc(Nc2ccccn2)cc1
P2Et,CC(C)C(C=C(C(C)C)C=C1C(C)C)=C1C2=C(P(C(C)(C)C)C(C)(C)C)C(OC)=CC=C2OC,CC1=NOC=C1,CN(C)P(N(C)C)(N(C)C)=NP(N(C)C)(N(C)C)=NCC,ClC1=CN=CC=C1,1.69,Cc1ccc(Nc2cccnc2)cc1
P2Et,CC(C)C(C=C(C(C)C)C=C1C(C)C)=C1C2=C(P(C(C)(C)C)C(C)(C)C)C(OC)=CC=C2OC,CC1=NOC=C1,CN(C)P(N(C)C)(N(C)C)=NP(N(C)C)(N(C)C)=NCC,BrC1=CN=CC=C1,0.96,Cc1ccc(Nc2cccnc2)cc1
P2Et,CC(C)C(C=C(C(C)C)C=C1C(C)C)=C1C2=C(P(C(C)(C)C)C(C)(C)C)C(OC)=CC=C2OC,CC1=NOC=C1,CN(C)P(N(C)C)(N(C)C)=NP(N(C)C)(N(C)C)=NCC,IC1=CN=CC=C1,0.6,Cc1ccc(Nc2cccnc2)cc1
BTMG,CC(C)C(C=C(C(C)C)C=C1C(C)C)=C1C2=C(P(C(C)(C)C)C(C)(C)C)C(OC)=CC=C2OC,CC1=NOC=C1,CC(C)(C)/N=C(N(C)C)/N(C)C,ClC1=CC=C(C(F)(F)F)C=C1,13.5,Cc1ccc(Nc2ccc(C(F)(F)F)cc2)cc1
BTMG,CC(C)C(C=C(C(C)C)C=C1C(C)C)=C1C2=C(P(C(C)(C)C)C(C)(C)C)C(OC)=CC=C2OC,CC1=NOC=C1,CC(C)(C)/N=C(N(C)C)/N(C)C,BrC1=CC=C(C(F)(F)F)C=C1,48.5,Cc1ccc(Nc2ccc(C(F)(F)F)cc2)cc1
BTMG,CC(C)C(C=C(C(C)C)C=C1C(C)C)=C1C2=C(P(C(C)(C)C)C(C)(C)C)C(OC)=CC=C2OC,CC1=NOC=C1,CC(C)(C)/N=C(N(C)C)/N(C)C,IC1=CC=C(C(F)(F)F)C=C1,50.86,Cc1ccc(Nc2ccc(C(F)(F)F)cc2)cc1
BTMG,CC(C)C(C=C(C(C)C)C=C1C(C)C)=C1C2=C(P(C(C)(C)C)C(C)(C)C)C(OC)=CC=C2OC,CC1=NOC=C1,CC(C)(C)/N=C(N(C)C)/N(C)C,ClC1=CC=C(OC)C=C1,0.0,COc1ccc(Nc2ccc(C)cc2)cc1
BTMG,CC(C)C(C=C(C(C)C)C=C1C(C)C)=C1C2=C(P(C(C)(C)C)C(C)(C)C)C(OC)=CC=C2OC,CC1=NOC=C1,CC(C)(C)/N=C(N(C)C)/N(C)C,BrC1=CC=C(OC)C=C1,47.58,COc1ccc(Nc2ccc(C)cc2)cc1
BTMG,CC(C)C(C=C(C(C)C)C=C1C(C)C)=C1C2=C(P(C(C)(C)C)C(C)(C)C)C(OC)=CC=C2OC,CC1=NOC=C1,CC(C)(C)/N=C(N(C)C)/N(C)C,IC1=CC=C(OC)C=C1,54.42,COc1ccc(Nc2ccc(C)cc2)cc1
BTMG,CC(C)C(C=C(C(C)C)C=C1C(C)C)=C1C2=C(P(C(C)(C)C)C(C)(C)C)C(OC)=CC=C2OC,CC1=NOC=C1,CC(C)(C)/N=C(N(C)C)/N(C)C,ClC1=CC=C(CC)C=C1,0.0,CCc1ccc(Nc2ccc(C)cc2)cc1
BTMG,CC(C)C(C=C(C(C)C)C=C1C(C)C)=C1C2=C(P(C(C)(C)C)C(C)(C)C)C(OC)=CC=C2OC,CC1=NOC=C1,CC(C)(C)/N=C(N(C)C)/N(C)C,BrC1=CC=C(CC)C=C1,77.66,CCc1ccc(Nc2ccc(C)cc2)cc1
BTMG,CC(C)C(C=C(C(C)C)C=C1C(C)C)=C1C2=C(P(C(C)(C)C)C(C)(C)C)C(OC)=CC=C2OC,CC1=NOC=C1,CC(C)(C)/N=C(N(C)C)/N(C)C,IC1=CC=C(CC)C=C1,81.48,CCc1ccc(Nc2ccc(C)cc2)cc1
BTMG,CC(C)C(C=C(C(C)C)C=C1C(C)C)=C1C2=C(P(C(C)(C)C)C(C)(C)C)C(OC)=CC=C2OC,CC1=NOC=C1,CC(C)(C)/N=C(N(C)C)/N(C)C,ClC1=NC=CC=C1,63.41,Cc1ccc(Nc2ccccn2)cc1
BTMG,CC(C)C(C=C(C(C)C)C=C1C(C)C)=C1C2=C(P(C(C)(C)C)C(C)(C)C)C(OC)=CC=C2OC,CC1=NOC=C1,CC(C)(C)/N=C(N(C)C)/N(C)C,BrC1=NC=CC=C1,77.47,Cc1ccc(Nc2ccccn2)cc1
BTMG,CC(C)C(C=C(C(C)C)C=C1C(C)C)=C1C2=C(P(C(C)(C)C)C(C)(C)C)C(OC)=CC=C2OC,CC1=NOC=C1,CC(C)(C)/N=C(N(C)C)/N(C)C,IC1=NC=CC=C1,90.37,Cc1ccc(Nc2ccccn2)cc1
BTMG,CC(C)C(C=C(C(C)C)C=C1C(C)C)=C1C2=C(P(C(C)(C)C)C(C)(C)C)C(OC)=CC=C2OC,CC1=NOC=C1,CC(C)(C)/N=C(N(C)C)/N(C)C,ClC1=CN=CC=C1,13.89,Cc1ccc(Nc2cccnc2)cc1
BTMG,CC(C)C(C=C(C(C)C)C=C1C(C)C)=C1C2=C(P(C(C)(C)C)C(C)(C)C)C(OC)=CC=C2OC,CC1=NOC=C1,CC(C)(C)/N=C(N(C)C)/N(C)C,BrC1=CN=CC=C1,81.62,Cc1ccc(Nc2cccnc2)cc1
BTMG,CC(C)C(C=C(C(C)C)C=C1C(C)C)=C1C2=C(P(C(C)(C)C)C(C)(C)C)C(OC)=CC=C2OC,CC1=NOC=C1,CC(C)(C)/N=C(N(C)C)/N(C)C,IC1=CN=CC=C1,83.34,Cc1ccc(Nc2cccnc2)cc1
MTBD,CC(C)C(C=C(C(C)C)C=C1C(C)C)=C1C2=C(P(C(C)(C)C)C(C)(C)C)C(OC)=CC=C2OC,CC1=NOC=C1,CN1CCCN2C1=NCCC2,ClC1=CC=C(C(F)(F)F)C=C1,18.22,Cc1ccc(Nc2ccc(C(F)(F)F)cc2)cc1
MTBD,CC(C)C(C=C(C(C)C)C=C1C(C)C)=C1C2=C(P(C(C)(C)C)C(C)(C)C)C(OC)=CC=C2OC,CC1=NOC=C1,CN1CCCN2C1=NCCC2,BrC1=CC=C(C(F)(F)F)C=C1,49.52,Cc1ccc(Nc2ccc(C(F)(F)F)cc2)cc1
MTBD,CC(C)C(C=C(C(C)C)C=C1C(C)C)=C1C2=C(P(C(C)(C)C)C(C)(C)C)C(OC)=CC=C2OC,CC1=NOC=C1,CN1CCCN2C1=NCCC2,IC1=CC=C(C(F)(F)F)C=C1,47.68,Cc1ccc(Nc2ccc(C(F)(F)F)cc2)cc1
MTBD,CC(C)C(C=C(C(C)C)C=C1C(C)C)=C1C2=C(P(C(C)(C)C)C(C)(C)C)C(OC)=CC=C2OC,CC1=NOC=C1,CN1CCCN2C1=NCCC2,ClC1=CC=C(OC)C=C1,0.35,COc1ccc(Nc2ccc(C)cc2)cc1
MTBD,CC(C)C(C=C(C(C)C)C=C1C(C)C)=C1C2=C(P(C(C)(C)C)C(C)(C)C)C(OC)=CC=C2OC,CC1=NOC=C1,CN1CCCN2C1=NCCC2,BrC1=CC=C(OC)C=C1,48.43,COc1ccc(Nc2ccc(C)cc2)cc1
MTBD,CC(C)C(C=C(C(C)C)C=C1C(C)C)=C1C2=C(P(C(C)(C)C)C(C)(C)C)C(OC)=CC=C2OC,CC1=NOC=C1,CN1CCCN2C1=NCCC2,IC1=CC=C(OC)C=C1,43.58,COc1ccc(Nc2ccc(C)cc2)cc1
MTBD,CC(C)C(C=C(C(C)C)C=C1C(C)C)=C1C2=C(P(C(C)(C)C)C(C)(C)C)C(OC)=CC=C2OC,CC1=NOC=C1,CN1CCCN2C1=NCCC2,ClC1=CC=C(CC)C=C1,4.23,CCc1ccc(Nc2ccc(C)cc2)cc1
MTBD,CC(C)C(C=C(C(C)C)C=C1C(C)C)=C1C2=C(P(C(C)(C)C)C(C)(C)C)C(OC)=CC=C2OC,CC1=NOC=C1,CN1CCCN2C1=NCCC2,BrC1=CC=C(CC)C=C1,79.46,CCc1ccc(Nc2ccc(C)cc2)cc1
MTBD,CC(C)C(C=C(C(C)C)C=C1C(C)C)=C1C2=C(P(C(C)(C)C)C(C)(C)C)C(OC)=CC=C2OC,CC1=NOC=C1,CN1CCCN2C1=NCCC2,IC1=CC=C(CC)C=C1,79.06,CCc1ccc(Nc2ccc(C)cc2)cc1
MTBD,CC(C)C(C=C(C(C)C)C=C1C(C)C)=C1C2=C(P(C(C)(C)C)C(C)(C)C)C(OC)=CC=C2OC,CC1=NOC=C1,CN1CCCN2C1=NCCC2,ClC1=NC=CC=C1,87.76,Cc1ccc(Nc2ccccn2)cc1
MTBD,CC(C)C(C=C(C(C)C)C=C1C(C)C)=C1C2=C(P(C(C)(C)C)C(C)(C)C)C(OC)=CC=C2OC,CC1=NOC=C1,CN1CCCN2C1=NCCC2,BrC1=NC=CC=C1,93.03,Cc1ccc(Nc2ccccn2)cc1
MTBD,CC(C)C(C=C(C(C)C)C=C1C(C)C)=C1C2=C(P(C(C)(C)C)C(C)(C)C)C(OC)=CC=C2OC,CC1=NOC=C1,CN1CCCN2C1=NCCC2,IC1=NC=CC=C1,98.85,Cc1ccc(Nc2ccccn2)cc1
MTBD,CC(C)C(C=C(C(C)C)C=C1C(C)C)=C1C2=C(P(C(C)(C)C)C(C)(C)C)C(OC)=CC=C2OC,CC1=NOC=C1,CN1CCCN2C1=NCCC2,ClC1=CN=CC=C1,14.59,Cc1ccc(Nc2cccnc2)cc1
MTBD,CC(C)C(C=C(C(C)C)C=C1C(C)C)=C1C2=C(P(C(C)(C)C)C(C)(C)C)C(OC)=CC=C2OC,CC1=NOC=C1,CN1CCCN2C1=NCCC2,BrC1=CN=CC=C1,93.75,Cc1ccc(Nc2cccnc2)cc1
MTBD,CC(C)C(C=C(C(C)C)C=C1C(C)C)=C1C2=C(P(C(C)(C)C)C(C)(C)C)C(OC)=CC=C2OC,CC1=NOC=C1,CN1CCCN2C1=NCCC2,IC1=CN=CC=C1,93.1,Cc1ccc(Nc2cccnc2)cc1
P2Et,CC(C)C(C=C(C(C)C)C=C1C(C)C)=C1C2=C(P([C@@]3(C[C@@H]4C5)C[C@H](C4)C[C@H]5C3)[C@]6(C7)C[C@@H](C[C@@H]7C8)C[C@@H]8C6)C(OC)=CC=C2OC,C1(C2=CC=CC=C2)=CON=C1,CN(C)P(N(C)C)(N(C)C)=NP(N(C)C)(N(C)C)=NCC,ClC1=CC=C(C(F)(F)F)C=C1,9.06,Cc1ccc(Nc2ccc(C(F)(F)F)cc2)cc1
P2Et,CC(C)C(C=C(C(C)C)C=C1C(C)C)=C1C2=C(P([C@@]3(C[C@@H]4C5)C[C@H](C4)C[C@H]5C3)[C@]6(C7)C[C@@H](C[C@@H]7C8)C[C@@H]8C6)C(OC)=CC=C2OC,C1(C2=CC=CC=C2)=CON=C1,CN(C)P(N(C)C)(N(C)C)=NP(N(C)C)(N(C)C)=NCC,BrC1=CC=C(C(F)(F)F)C=C1,13.52,Cc1ccc(Nc2ccc(C(F)(F)F)cc2)cc1
P2Et,CC(C)C(C=C(C(C)C)C=C1C(C)C)=C1C2=C(P([C@@]3(C[C@@H]4C5)C[C@H](C4)C[C@H]5C3)[C@]6(C7)C[C@@H](C[C@@H]7C8)C[C@@H]8C6)C(OC)=CC=C2OC,C1(C2=CC=CC=C2)=CON=C1,CN(C)P(N(C)C)(N(C)C)=NP(N(C)C)(N(C)C)=NCC,IC1=CC=C(C(F)(F)F)C=C1,13.85,Cc1ccc(Nc2ccc(C(F)(F)F)cc2)cc1
P2Et,CC(C)C(C=C(C(C)C)C=C1C(C)C)=C1C2=C(P([C@@]3(C[C@@H]4C5)C[C@H](C4)C[C@H]5C3)[C@]6(C7)C[C@@H](C[C@@H]7C8)C[C@@H]8C6)C(OC)=CC=C2OC,C1(C2=CC=CC=C2)=CON=C1,CN(C)P(N(C)C)(N(C)C)=NP(N(C)C)(N(C)C)=NCC,ClC1=CC=C(OC)C=C1,1.86,COc1ccc(Nc2ccc(C)cc2)cc1
P2Et,CC(C)C(C=C(C(C)C)C=C1C(C)C)=C1C2=C(P([C@@]3(C[C@@H]4C5)C[C@H](C4)C[C@H]5C3)[C@]6(C7)C[C@@H](C[C@@H]7C8)C[C@@H]8C6)C(OC)=CC=C2OC,C1(C2=CC=CC=C2)=CON=C1,CN(C)P(N(C)C)(N(C)C)=NP(N(C)C)(N(C)C)=NCC,BrC1=CC=C(OC)C=C1,13.89,COc1ccc(Nc2ccc(C)cc2)cc1
P2Et,CC(C)C(C=C(C(C)C)C=C1C(C)C)=C1C2=C(P([C@@]3(C[C@@H]4C5)C[C@H](C4)C[C@H]5C3)[C@]6(C7)C[C@@H](C[C@@H]7C8)C[C@@H]8C6)C(OC)=CC=C2OC,C1(C2=CC=CC=C2)=CON=C1,CN(C)P(N(C)C)(N(C)C)=NP(N(C)C)(N(C)C)=NCC,IC1=CC=C(OC)C=C1,16.72,COc1ccc(Nc2ccc(C)cc2)cc1
P2Et,CC(C)C(C=C(C(C)C)C=C1C(C)C)=C1C2=C(P([C@@]3(C[C@@H]4C5)C[C@H](C4)C[C@H]5C3)[C@]6(C7)C[C@@H](C[C@@H]7C8)C[C@@H]8C6)C(OC)=CC=C2OC,C1(C2=CC=CC=C2)=CON=C1,CN(C)P(N(C)C)(N(C)C)=NP(N(C)C)(N(C)C)=NCC,ClC1=CC=C(CC)C=C1,6.26,CCc1ccc(Nc2ccc(C)cc2)cc1
P2Et,CC(C)C(C=C(C(C)C)C=C1C(C)C)=C1C2=C(P([C@@]3(C[C@@H]4C5)C[C@H](C4)C[C@H]5C3)[C@]6(C7)C[C@@H](C[C@@H]7C8)C[C@@H]8C6)C(OC)=CC=C2OC,C1(C2=CC=CC=C2)=CON=C1,CN(C)P(N(C)C)(N(C)C)=NP(N(C)C)(N(C)C)=NCC,BrC1=CC=C(CC)C=C1,23.32,CCc1ccc(Nc2ccc(C)cc2)cc1
P2Et,CC(C)C(C=C(C(C)C)C=C1C(C)C)=C1C2=C(P([C@@]3(C[C@@H]4C5)C[C@H](C4)C[C@H]5C3)[C@]6(C7)C[C@@H](C[C@@H]7C8)C[C@@H]8C6)C(OC)=CC=C2OC,C1(C2=CC=CC=C2)=CON=C1,CN(C)P(N(C)C)(N(C)C)=NP(N(C)C)(N(C)C)=NCC,IC1=CC=C(CC)C=C1,26.39,CCc1ccc(Nc2ccc(C)cc2)cc1
P2Et,CC(C)C(C=C(C(C)C)C=C1C(C)C)=C1C2=C(P([C@@]3(C[C@@H]4C5)C[C@H](C4)C[C@H]5C3)[C@]6(C7)C[C@@H](C[C@@H]7C8)C[C@@H]8C6)C(OC)=CC=C2OC,C1(C2=CC=CC=C2)=CON=C1,CN(C)P(N(C)C)(N(C)C)=NP(N(C)C)(N(C)C)=NCC,ClC1=NC=CC=C1,19.28,Cc1ccc(Nc2ccccn2)cc1
P2Et,CC(C)C(C=C(C(C)C)C=C1C(C)C)=C1C2=C(P([C@@]3(C[C@@H]4C5)C[C@H](C4)C[C@H]5C3)[C@]6(C7)C[C@@H](C[C@@H]7C8)C[C@@H]8C6)C(OC)=CC=C2OC,C1(C2=CC=CC=C2)=CON=C1,CN(C)P(N(C)C)(N(C)C)=NP(N(C)C)(N(C)C)=NCC,BrC1=NC=CC=C1,20.16,Cc1ccc(Nc2ccccn2)cc1
P2Et,CC(C)C(C=C(C(C)C)C=C1C(C)C)=C1C2=C(P([C@@]3(C[C@@H]4C5)C[C@H](C4)C[C@H]5C3)[C@]6(C7)C[C@@H](C[C@@H]7C8)C[C@@H]8C6)C(OC)=CC=C2OC,C1(C2=CC=CC=C2)=CON=C1,CN(C)P(N(C)C)(N(C)C)=NP(N(C)C)(N(C)C)=NCC,IC1=NC=CC=C1,27.25,Cc1ccc(Nc2ccccn2)cc1
P2Et,CC(C)C(C=C(C(C)C)C=C1C(C)C)=C1C2=C(P([C@@]3(C[C@@H]4C5)C[C@H](C4)C[C@H]5C3)[C@]6(C7)C[C@@H](C[C@@H]7C8)C[C@@H]8C6)C(OC)=CC=C2OC,C1(C2=CC=CC=C2)=CON=C1,CN(C)P(N(C)C)(N(C)C)=NP(N(C)C)(N(C)C)=NCC,ClC1=CN=CC=C1,68.47,Cc1ccc(Nc2cccnc2)cc1
P2Et,CC(C)C(C=C(C(C)C)C=C1C(C)C)=C1C2=C(P([C@@]3(C[C@@H]4C5)C[C@H](C4)C[C@H]5C3)[C@]6(C7)C[C@@H](C[C@@H]7C8)C[C@@H]8C6)C(OC)=CC=C2OC,C1(C2=CC=CC=C2)=CON=C1,CN(C)P(N(C)C)(N(C)C)=NP(N(C)C)(N(C)C)=NCC,BrC1=CN=CC=C1,71.41,Cc1ccc(Nc2cccnc2)cc1
P2Et,CC(C)C(C=C(C(C)C)C=C1C(C)C)=C1C2=C(P([C@@]3(C[C@@H]4C5)C[C@H](C4)C[C@H]5C3)[C@]6(C7)C[C@@H](C[C@@H]7C8)C[C@@H]8C6)C(OC)=CC=C2OC,C1(C2=CC=CC=C2)=CON=C1,CN(C)P(N(C)C)(N(C)C)=NP(N(C)C)(N(C)C)=NCC,IC1=CN=CC=C1,68.57,Cc1ccc(Nc2cccnc2)cc1
BTMG,CC(C)C(C=C(C(C)C)C=C1C(C)C)=C1C2=C(P([C@@]3(C[C@@H]4C5)C[C@H](C4)C[C@H]5C3)[C@]6(C7)C[C@@H](C[C@@H]7C8)C[C@@H]8C6)C(OC)=CC=C2OC,C1(C2=CC=CC=C2)=CON=C1,CC(C)(C)/N=C(N(C)C)/N(C)C,ClC1=CC=C(C(F)(F)F)C=C1,3.31,Cc1ccc(Nc2ccc(C(F)(F)F)cc2)cc1
BTMG,CC(C)C(C=C(C(C)C)C=C1C(C)C)=C1C2=C(P([C@@]3(C[C@@H]4C5)C[C@H](C4)C[C@H]5C3)[C@]6(C7)C[C@@H](C[C@@H]7C8)C[C@@H]8C6)C(OC)=CC=C2OC,C1(C2=CC=CC=C2)=CON=C1,CC(C)(C)/N=C(N(C)C)/N(C)C,BrC1=CC=C(C(F)(F)F)C=C1,19.85,Cc1ccc(Nc2ccc(C(F)(F)F)cc2)cc1
BTMG,CC(C)C(C=C(C(C)C)C=C1C(C)C)=C1C2=C(P([C@@]3(C[C@@H]4C5)C[C@H](C4)C[C@H]5C3)[C@]6(C7)C[C@@H](C[C@@H]7C8)C[C@@H]8C6)C(OC)=CC=C2OC,C1(C2=CC=CC=C2)=CON=C1,CC(C)(C)/N=C(N(C)C)/N(C)C,IC1=CC=C(C(F)(F)F)C=C1,35.66,Cc1ccc(Nc2ccc(C(F)(F)F)cc2)cc1
BTMG,CC(C)C(C=C(C(C)C)C=C1C(C)C)=C1C2=C(P([C@@]3(C[C@@H]4C5)C[C@H](C4)C[C@H]5C3)[C@]6(C7)C[C@@H](C[C@@H]7C8)C[C@@H]8C6)C(OC)=CC=C2OC,C1(C2=CC=CC=C2)=CON=C1,CC(C)(C)/N=C(N(C)C)/N(C)C,ClC1=CC=C(OC)C=C1,0.0,COc1ccc(Nc2ccc(C)cc2)cc1
BTMG,CC(C)C(C=C(C(C)C)C=C1C(C)C)=C1C2=C(P([C@@]3(C[C@@H]4C5)C[C@H](C4)C[C@H]5C3)[C@]6(C7)C[C@@H](C[C@@H]7C8)C[C@@H]8C6)C(OC)=CC=C2OC,C1(C2=CC=CC=C2)=CON=C1,CC(C)(C)/N=C(N(C)C)/N(C)C,BrC1=CC=C(OC)C=C1,15.14,COc1ccc(Nc2ccc(C)cc2)cc1
BTMG,CC(C)C(C=C(C(C)C)C=C1C(C)C)=C1C2=C(P([C@@]3(C[C@@H]4C5)C[C@H](C4)C[C@H]5C3)[C@]6(C7)C[C@@H](C[C@@H]7C8)C[C@@H]8C6)C(OC)=CC=C2OC,C1(C2=CC=CC=C2)=CON=C1,CC(C)(C)/N=C(N(C)C)/N(C)C,IC1=CC=C(OC)C=C1,47.46,COc1ccc(Nc2ccc(C)cc2)cc1
BTMG,CC(C)C(C=C(C(C)C)C=C1C(C)C)=C1C2=C(P([C@@]3(C[C@@H]4C5)C[C@H](C4)C[C@H]5C3)[C@]6(C7)C[C@@H](C[C@@H]7C8)C[C@@H]8C6)C(OC)=CC=C2OC,C1(C2=CC=CC=C2)=CON=C1,CC(C)(C)/N=C(N(C)C)/N(C)C,ClC1=CC=C(CC)C=C1,0.62,CCc1ccc(Nc2ccc(C)cc2)cc1
BTMG,CC(C)C(C=C(C(C)C)C=C1C(C)C)=C1C2=C(P([C@@]3(C[C@@H]4C5)C[C@H](C4)C[C@H]5C3)[C@]6(C7)C[C@@H](C[C@@H]7C8)C[C@@H]8C6)C(OC)=CC=C2OC,C1(C2=CC=CC=C2)=CON=C1,CC(C)(C)/N=C(N(C)C)/N(C)C,BrC1=CC=C(CC)C=C1,27.3,CCc1ccc(Nc2ccc(C)cc2)cc1
BTMG,CC(C)C(C=C(C(C)C)C=C1C(C)C)=C1C2=C(P([C@@]3(C[C@@H]4C5)C[C@H](C4)C[C@H]5C3)[C@]6(C7)C[C@@H](C[C@@H]7C8)C[C@@H]8C6)C(OC)=CC=C2OC,C1(C2=CC=CC=C2)=CON=C1,CC(C)(C)/N=C(N(C)C)/N(C)C,IC1=CC=C(CC)C=C1,67.48,CCc1ccc(Nc2ccc(C)cc2)cc1
BTMG,CC(C)C(C=C(C(C)C)C=C1C(C)C)=C1C2=C(P([C@@]3(C[C@@H]4C5)C[C@H](C4)C[C@H]5C3)[C@]6(C7)C[C@@H](C[C@@H]7C8)C[C@@H]8C6)C(OC)=CC=C2OC,C1(C2=CC=CC=C2)=CON=C1,CC(C)(C)/N=C(N(C)C)/N(C)C,ClC1=NC=CC=C1,17.32,Cc1ccc(Nc2ccccn2)cc1
BTMG,CC(C)C(C=C(C(C)C)C=C1C(C)C)=C1C2=C(P([C@@]3(C[C@@H]4C5)C[C@H](C4)C[C@H]5C3)[C@]6(C7)C[C@@H](C[C@@H]7C8)C[C@@H]8C6)C(OC)=CC=C2OC,C1(C2=CC=CC=C2)=CON=C1,CC(C)(C)/N=C(N(C)C)/N(C)C,BrC1=NC=CC=C1,16.26,Cc1ccc(Nc2ccccn2)cc1
BTMG,CC(C)C(C=C(C(C)C)C=C1C(C)C)=C1C2=C(P([C@@]3(C[C@@H]4C5)C[C@H](C4)C[C@H]5C3)[C@]6(C7)C[C@@H](C[C@@H]7C8)C[C@@H]8C6)C(OC)=CC=C2OC,C1(C2=CC=CC=C2)=CON=C1,CC(C)(C)/N=C(N(C)C)/N(C)C,IC1=NC=CC=C1,50.43,Cc1ccc(Nc2ccccn2)cc1
BTMG,CC(C)C(C=C(C(C)C)C=C1C(C)C)=C1C2=C(P([C@@]3(C[C@@H]4C5)C[C@H](C4)C[C@H]5C3)[C@]6(C7)C[C@@H](C[C@@H]7C8)C[C@@H]8C6)C(OC)=CC=C2OC,C1(C2=CC=CC=C2)=CON=C1,CC(C)(C)/N=C(N(C)C)/N(C)C,ClC1=CN=CC=C1,4.71,Cc1ccc(Nc2cccnc2)cc1
BTMG,CC(C)C(C=C(C(C)C)C=C1C(C)C)=C1C2=C(P([C@@]3(C[C@@H]4C5)C[C@H](C4)C[C@H]5C3)[C@]6(C7)C[C@@H](C[C@@H]7C8)C[C@@H]8C6)C(OC)=CC=C2OC,C1(C2=CC=CC=C2)=CON=C1,CC(C)(C)/N=C(N(C)C)/N(C)C,BrC1=CN=CC=C1,45.27,Cc1ccc(Nc2cccnc2)cc1
BTMG,CC(C)C(C=C(C(C)C)C=C1C(C)C)=C1C2=C(P([C@@]3(C[C@@H]4C5)C[C@H](C4)C[C@H]5C3)[C@]6(C7)C[C@@H](C[C@@H]7C8)C[C@@H]8C6)C(OC)=CC=C2OC,C1(C2=CC=CC=C2)=CON=C1,CC(C)(C)/N=C(N(C)C)/N(C)C,IC1=CN=CC=C1,58.94,Cc1ccc(Nc2cccnc2)cc1
MTBD,CC(C)C(C=C(C(C)C)C=C1C(C)C)=C1C2=C(P([C@@]3(C[C@@H]4C5)C[C@H](C4)C[C@H]5C3)[C@]6(C7)C[C@@H](C[C@@H]7C8)C[C@@H]8C6)C(OC)=CC=C2OC,C1(C2=CC=CC=C2)=CON=C1,CN1CCCN2C1=NCCC2,ClC1=CC=C(C(F)(F)F)C=C1,20.6,Cc1ccc(Nc2ccc(C(F)(F)F)cc2)cc1
MTBD,CC(C)C(C=C(C(C)C)C=C1C(C)C)=C1C2=C(P([C@@]3(C[C@@H]4C5)C[C@H](C4)C[C@H]5C3)[C@]6(C7)C[C@@H](C[C@@H]7C8)C[C@@H]8C6)C(OC)=CC=C2OC,C1(C2=CC=CC=C2)=CON=C1,CN1CCCN2C1=NCCC2,BrC1=CC=C(C(F)(F)F)C=C1,33.22,Cc1ccc(Nc2ccc(C(F)(F)F)cc2)cc1
MTBD,CC(C)C(C=C(C(C)C)C=C1C(C)C)=C1C2=C(P([C@@]3(C[C@@H]4C5)C[C@H](C4)C[C@H]5C3)[C@]6(C7)C[C@@H](C[C@@H]7C8)C[C@@H]8C6)C(OC)=CC=C2OC,C1(C2=CC=CC=C2)=CON=C1,CN1CCCN2C1=NCCC2,IC1=CC=C(C(F)(F)F)C=C1,48.39,Cc1ccc(Nc2ccc(C(F)(F)F)cc2)cc1
MTBD,CC(C)C(C=C(C(C)C)C=C1C(C)C)=C1C2=C(P([C@@]3(C[C@@H]4C5)C[C@H](C4)C[C@H]5C3)[C@]6(C7)C[C@@H](C[C@@H]7C8)C[C@@H]8C6)C(OC)=CC=C2OC,C1(C2=CC=CC=C2)=CON=C1,CN1CCCN2C1=NCCC2,ClC1=CC=C(OC)C=C1,2.02,COc1ccc(Nc2ccc(C)cc2)cc1
MTBD,CC(C)C(C=C(C(C)C)C=C1C(C)C)=C1C2=C(P([C@@]3(C[C@@H]4C5)C[C@H](C4)C[C@H]5C3)[C@]6(C7)C[C@@H](C[C@@H]7C8)C[C@@H]8C6)C(OC)=CC=C2OC,C1(C2=CC=CC=C2)=CON=C1,CN1CCCN2C1=NCCC2,BrC1=CC=C(OC)C=C1,28.53,COc1ccc(Nc2ccc(C)cc2)cc1
MTBD,CC(C)C(C=C(C(C)C)C=C1C(C)C)=C1C2=C(P([C@@]3(C[C@@H]4C5)C[C@H](C4)C[C@H]5C3)[C@]6(C7)C[C@@H](C[C@@H]7C8)C[C@@H]8C6)C(OC)=CC=C2OC,C1(C2=CC=CC=C2)=CON=C1,CN1CCCN2C1=NCCC2,IC1=CC=C(OC)C=C1,49.32,COc1ccc(Nc2ccc(C)cc2)cc1
MTBD,CC(C)C(C=C(C(C)C)C=C1C(C)C)=C1C2=C(P([C@@]3(C[C@@H]4C5)C[C@H](C4)C[C@H]5C3)[C@]6(C7)C[C@@H](C[C@@H]7C8)C[C@@H]8C6)C(OC)=CC=C2OC,C1(C2=CC=CC=C2)=CON=C1,CN1CCCN2C1=NCCC2,ClC1=CC=C(CC)C=C1,7.12,CCc1ccc(Nc2ccc(C)cc2)cc1
MTBD,CC(C)C(C=C(C(C)C)C=C1C(C)C)=C1C2=C(P([C@@]3(C[C@@H]4C5)C[C@H](C4)C[C@H]5C3)[C@]6(C7)C[C@@H](C[C@@H]7C8)C[C@@H]8C6)C(OC)=CC=C2OC,C1(C2=CC=CC=C2)=CON=C1,CN1CCCN2C1=NCCC2,BrC1=CC=C(CC)C=C1,49.4,CCc1ccc(Nc2ccc(C)cc2)cc1
MTBD,CC(C)C(C=C(C(C)C)C=C1C(C)C)=C1C2=C(P([C@@]3(C[C@@H]4C5)C[C@H](C4)C[C@H]5C3)[C@]6(C7)C[C@@H](C[C@@H]7C8)C[C@@H]8C6)C(OC)=CC=C2OC,C1(C2=CC=CC=C2)=CON=C1,CN1CCCN2C1=NCCC2,IC1=CC=C(CC)C=C1,74.17,CCc1ccc(Nc2ccc(C)cc2)cc1
MTBD,CC(C)C(C=C(C(C)C)C=C1C(C)C)=C1C2=C(P([C@@]3(C[C@@H]4C5)C[C@H](C4)C[C@H]5C3)[C@]6(C7)C[C@@H](C[C@@H]7C8)C[C@@H]8C6)C(OC)=CC=C2OC,C1(C2=CC=CC=C2)=CON=C1,CN1CCCN2C1=NCCC2,ClC1=NC=CC=C1,44.48,Cc1ccc(Nc2ccccn2)cc1
MTBD,CC(C)C(C=C(C(C)C)C=C1C(C)C)=C1C2=C(P([C@@]3(C[C@@H]4C5)C[C@H](C4)C[C@H]5C3)[C@]6(C7)C[C@@H](C[C@@H]7C8)C[C@@H]8C6)C(OC)=CC=C2OC,C1(C2=CC=CC=C2)=CON=C1,CN1CCCN2C1=NCCC2,BrC1=NC=CC=C1,59.28,Cc1ccc(Nc2ccccn2)cc1
MTBD,CC(C)C(C=C(C(C)C)C=C1C(C)C)=C1C2=C(P([C@@]3(C[C@@H]4C5)C[C@H](C4)C[C@H]5C3)[C@]6(C7)C[C@@H](C[C@@H]7C8)C[C@@H]8C6)C(OC)=CC=C2OC,C1(C2=CC=CC=C2)=CON=C1,CN1CCCN2C1=NCCC2,IC1=NC=CC=C1,81.51,Cc1ccc(Nc2ccccn2)cc1
MTBD,CC(C)C(C=C(C(C)C)C=C1C(C)C)=C1C2=C(P([C@@]3(C[C@@H]4C5)C[C@H](C4)C[C@H]5C3)[C@]6(C7)C[C@@H](C[C@@H]7C8)C[C@@H]8C6)C(OC)=CC=C2OC,C1(C2=CC=CC=C2)=CON=C1,CN1CCCN2C1=NCCC2,ClC1=CN=CC=C1,28.3,Cc1ccc(Nc2cccnc2)cc1
MTBD,CC(C)C(C=C(C(C)C)C=C1C(C)C)=C1C2=C(P([C@@]3(C[C@@H]4C5)C[C@H](C4)C[C@H]5C3)[C@]6(C7)C[C@@H](C[C@@H]7C8)C[C@@H]8C6)C(OC)=CC=C2OC,C1(C2=CC=CC=C2)=CON=C1,CN1CCCN2C1=NCCC2,BrC1=CN=CC=C1,68.89,Cc1ccc(Nc2cccnc2)cc1
MTBD,CC(C)C(C=C(C(C)C)C=C1C(C)C)=C1C2=C(P([C@@]3(C[C@@H]4C5)C[C@H](C4)C[C@H]5C3)[C@]6(C7)C[C@@H](C[C@@H]7C8)C[C@@H]8C6)C(OC)=CC=C2OC,C1(C2=CC=CC=C2)=CON=C1,CN1CCCN2C1=NCCC2,IC1=CN=CC=C1,84.4,Cc1ccc(Nc2cccnc2)cc1
P2Et,CC(C)C(C=C(C(C)C)C=C1C(C)C)=C1C2=C(P([C@@]3(C[C@@H]4C5)C[C@H](C4)C[C@H]5C3)[C@]6(C7)C[C@@H](C[C@@H]7C8)C[C@@H]8C6)C(OC)=CC=C2OC,C1(C2=CC=CC=C2)=NOC=C1,CN(C)P(N(C)C)(N(C)C)=NP(N(C)C)(N(C)C)=NCC,ClC1=CC=C(C(F)(F)F)C=C1,5.3,Cc1ccc(Nc2ccc(C(F)(F)F)cc2)cc1
P2Et,CC(C)C(C=C(C(C)C)C=C1C(C)C)=C1C2=C(P([C@@]3(C[C@@H]4C5)C[C@H](C4)C[C@H]5C3)[C@]6(C7)C[C@@H](C[C@@H]7C8)C[C@@H]8C6)C(OC)=CC=C2OC,C1(C2=CC=CC=C2)=NOC=C1,CN(C)P(N(C)C)(N(C)C)=NP(N(C)C)(N(C)C)=NCC,BrC1=CC=C(C(F)(F)F)C=C1,41.59,Cc1ccc(Nc2ccc(C(F)(F)F)cc2)cc1
P2Et,CC(C)C(C=C(C(C)C)C=C1C(C)C)=C1C2=C(P([C@@]3(C[C@@H]4C5)C[C@H](C4)C[C@H]5C3)[C@]6(C7)C[C@@H](C[C@@H]7C8)C[C@@H]8C6)C(OC)=CC=C2OC,C1(C2=CC=CC=C2)=NOC=C1,CN(C)P(N(C)C)(N(C)C)=NP(N(C)C)(N(C)C)=NCC,IC1=CC=C(C(F)(F)F)C=C1,44.78,Cc1ccc(Nc2ccc(C(F)(F)F)cc2)cc1
P2Et,CC(C)C(C=C(C(C)C)C=C1C(C)C)=C1C2=C(P([C@@]3(C[C@@H]4C5)C[C@H](C4)C[C@H]5C3)[C@]6(C7)C[C@@H](C[C@@H]7C8)C[C@@H]8C6)C(OC)=CC=C2OC,C1(C2=CC=CC=C2)=NOC=C1,CN(C)P(N(C)C)(N(C)C)=NP(N(C)C)(N(C)C)=NCC,ClC1=CC=C(OC)C=C1,1.26,COc1ccc(Nc2ccc(C)cc2)cc1
P2Et,CC(C)C(C=C(C(C)C)C=C1C(C)C)=C1C2=C(P([C@@]3(C[C@@H]4C5)C[C@H](C4)C[C@H]5C3)[C@]6(C7)C[C@@H](C[C@@H]7C8)C[C@@H]8C6)C(OC)=CC=C2OC,C1(C2=CC=CC=C2)=NOC=C1,CN(C)P(N(C)C)(N(C)C)=NP(N(C)C)(N(C)C)=NCC,BrC1=CC=C(OC)C=C1,53.18,COc1ccc(Nc2ccc(C)cc2)cc1
P2Et,CC(C)C(C=C(C(C)C)C=C1C(C)C)=C1C2=C(P([C@@]3(C[C@@H]4C5)C[C@H](C4)C[C@H]5C3)[C@]6(C7)C[C@@H](C[C@@H]7C8)C[C@@H]8C6)C(OC)=CC=C2OC,C1(C2=CC=CC=C2)=NOC=C1,CN(C)P(N(C)C)(N(C)C)=NP(N(C)C)(N(C)C)=NCC,IC1=CC=C(OC)C=C1,54.63,COc1ccc(Nc2ccc(C)cc2)cc1
P2Et,CC(C)C(C=C(C(C)C)C=C1C(C)C)=C1C2=C(P([C@@]3(C[C@@H]4C5)C[C@H](C4)C[C@H]5C3)[C@]6(C7)C[C@@H](C[C@@H]7C8)C[C@@H]8C6)C(OC)=CC=C2OC,C1(C2=CC=CC=C2)=NOC=C1,CN(C)P(N(C)C)(N(C)C)=NP(N(C)C)(N(C)C)=NCC,ClC1=CC=C(CC)C=C1,4.25,CCc1ccc(Nc2ccc(C)cc2)cc1
P2Et,CC(C)C(C=C(C(C)C)C=C1C(C)C)=C1C2=C(P([C@@]3(C[C@@H]4C5)C[C@H](C4)C[C@H]5C3)[C@]6(C7)C[C@@H](C[C@@H]7C8)C[C@@H]8C6)C(OC)=CC=C2OC,C1(C2=CC=CC=C2)=NOC=C1,CN(C)P(N(C)C)(N(C)C)=NP(N(C)C)(N(C)C)=NCC,BrC1=CC=C(CC)C=C1,82.46,CCc1ccc(Nc2ccc(C)cc2)cc1
P2Et,CC(C)C(C=C(C(C)C)C=C1C(C)C)=C1C2=C(P([C@@]3(C[C@@H]4C5)C[C@H](C4)C[C@H]5C3)[C@]6(C7)C[C@@H](C[C@@H]7C8)C[C@@H]8C6)C(OC)=CC=C2OC,C1(C2=CC=CC=C2)=NOC=C1,CN(C)P(N(C)C)(N(C)C)=NP(N(C)C)(N(C)C)=NCC,IC1=CC=C(CC)C=C1,79.08,CCc1ccc(Nc2ccc(C)cc2)cc1
P2Et,CC(C)C(C=C(C(C)C)C=C1C(C)C)=C1C2=C(P([C@@]3(C[C@@H]4C5)C[C@H](C4)C[C@H]5C3)[C@]6(C7)C[C@@H](C[C@@H]7C8)C[C@@H]8C6)C(OC)=CC=C2OC,C1(C2=CC=CC=C2)=NOC=C1,CN(C)P(N(C)C)(N(C)C)=NP(N(C)C)(N(C)C)=NCC,ClC1=NC=CC=C1,74.61,Cc1ccc(Nc2ccccn2)cc1
P2Et,CC(C)C(C=C(C(C)C)C=C1C(C)C)=C1C2=C(P([C@@]3(C[C@@H]4C5)C[C@H](C4)C[C@H]5C3)[C@]6(C7)C[C@@H](C[C@@H]7C8)C[C@@H]8C6)C(OC)=CC=C2OC,C1(C2=CC=CC=C2)=NOC=C1,CN(C)P(N(C)C)(N(C)C)=NP(N(C)C)(N(C)C)=NCC,BrC1=NC=CC=C1,83.38,Cc1ccc(Nc2ccccn2)cc1
P2Et,CC(C)C(C=C(C(C)C)C=C1C(C)C)=C1C2=C(P([C@@]3(C[C@@H]4C5)C[C@H](C4)C[C@H]5C3)[C@]6(C7)C[C@@H](C[C@@H]7C8)C[C@@H]8C6)C(OC)=CC=C2OC,C1(C2=CC=CC=C2)=NOC=C1,CN(C)P(N(C)C)(N(C)C)=NP(N(C)C)(N(C)C)=NCC,IC1=NC=CC=C1,91.37,Cc1ccc(Nc2ccccn2)cc1
P2Et,CC(C)C(C=C(C(C)C)C=C1C(C)C)=C1C2=C(P([C@@]3(C[C@@H]4C5)C[C@H](C4)C[C@H]5C3)[C@]6(C7)C[C@@H](C[C@@H]7C8)C[C@@H]8C6)C(OC)=CC=C2OC,C1(C2=CC=CC=C2)=NOC=C1,CN(C)P(N(C)C)(N(C)C)=NP(N(C)C)(N(C)C)=NCC,ClC1=CN=CC=C1,9.15,Cc1ccc(Nc2cccnc2)cc1
P2Et,CC(C)C(C=C(C(C)C)C=C1C(C)C)=C1C2=C(P([C@@]3(C[C@@H]4C5)C[C@H](C4)C[C@H]5C3)[C@]6(C7)C[C@@H](C[C@@H]7C8)C[C@@H]8C6)C(OC)=CC=C2OC,C1(C2=CC=CC=C2)=NOC=C1,CN(C)P(N(C)C)(N(C)C)=NP(N(C)C)(N(C)C)=NCC,BrC1=CN=CC=C1,1.71,Cc1ccc(Nc2cccnc2)cc1
P2Et,CC(C)C(C=C(C(C)C)C=C1C(C)C)=C1C2=C(P([C@@]3(C[C@@H]4C5)C[C@H](C4)C[C@H]5C3)[C@]6(C7)C[C@@H](C[C@@H]7C8)C[C@@H]8C6)C(OC)=CC=C2OC,C1(C2=CC=CC=C2)=NOC=C1,CN(C)P(N(C)C)(N(C)C)=NP(N(C)C)(N(C)C)=NCC,IC1=CN=CC=C1,2.73,Cc1ccc(Nc2cccnc2)cc1
BTMG,CC(C)C(C=C(C(C)C)C=C1C(C)C)=C1C2=C(P([C@@]3(C[C@@H]4C5)C[C@H](C4)C[C@H]5C3)[C@]6(C7)C[C@@H](C[C@@H]7C8)C[C@@H]8C6)C(OC)=CC=C2OC,C1(C2=CC=CC=C2)=NOC=C1,CC(C)(C)/N=C(N(C)C)/N(C)C,ClC1=CC=C(C(F)(F)F)C=C1,25.84,Cc1ccc(Nc2ccc(C(F)(F)F)cc2)cc1
BTMG,CC(C)C(C=C(C(C)C)C=C1C(C)C)=C1C2=C(P([C@@]3(C[C@@H]4C5)C[C@H](C4)C[C@H]5C3)[C@]6(C7)C[C@@H](C[C@@H]7C8)C[C@@H]8C6)C(OC)=CC=C2OC,C1(C2=CC=CC=C2)=NOC=C1,CC(C)(C)/N=C(N(C)C)/N(C)C,BrC1=CC=C(C(F)(F)F)C=C1,48.07,Cc1ccc(Nc2ccc(C(F)(F)F)cc2)cc1
BTMG,CC(C)C(C=C(C(C)C)C=C1C(C)C)=C1C2=C(P([C@@]3(C[C@@H]4C5)C[C@H](C4)C[C@H]5C3)[C@]6(C7)C[C@@H](C[C@@H]7C8)C[C@@H]8C6)C(OC)=CC=C2OC,C1(C2=CC=CC=C2)=NOC=C1,CC(C)(C)/N=C(N(C)C)/N(C)C,IC1=CC=C(C(F)(F)F)C=C1,48.0,Cc1ccc(Nc2ccc(C(F)(F)F)cc2)cc1
BTMG,CC(C)C(C=C(C(C)C)C=C1C(C)C)=C1C2=C(P([C@@]3(C[C@@H]4C5)C[C@H](C4)C[C@H]5C3)[C@]6(C7)C[C@@H](C[C@@H]7C8)C[C@@H]8C6)C(OC)=CC=C2OC,C1(C2=CC=CC=C2)=NOC=C1,CC(C)(C)/N=C(N(C)C)/N(C)C,ClC1=CC=C(OC)C=C1,0.86,COc1ccc(Nc2ccc(C)cc2)cc1
BTMG,CC(C)C(C=C(C(C)C)C=C1C(C)C)=C1C2=C(P([C@@]3(C[C@@H]4C5)C[C@H](C4)C[C@H]5C3)[C@]6(C7)C[C@@H](C[C@@H]7C8)C[C@@H]8C6)C(OC)=CC=C2OC,C1(C2=CC=CC=C2)=NOC=C1,CC(C)(C)/N=C(N(C)C)/N(C)C,BrC1=CC=C(OC)C=C1,46.2,COc1ccc(Nc2ccc(C)cc2)cc1
BTMG,CC(C)C(C=C(C(C)C)C=C1C(C)C)=C1C2=C(P([C@@]3(C[C@@H]4C5)C[C@H](C4)C[C@H]5C3)[C@]6(C7)C[C@@H](C[C@@H]7C8)C[C@@H]8C6)C(OC)=CC=C2OC,C1(C2=CC=CC=C2)=NOC=C1,CC(C)(C)/N=C(N(C)C)/N(C)C,IC1=CC=C(OC)C=C1,51.4,COc1ccc(Nc2ccc(C)cc2)cc1
BTMG,CC(C)C(C=C(C(C)C)C=C1C(C)C)=C1C2=C(P([C@@]3(C[C@@H]4C5)C[C@H](C4)C[C@H]5C3)[C@]6(C7)C[C@@H](C[C@@H]7C8)C[C@@H]8C6)C(OC)=CC=C2OC,C1(C2=CC=CC=C2)=NOC=C1,CC(C)(C)/N=C(N(C)C)/N(C)C,ClC1=CC=C(CC)C=C1,2.62,CCc1ccc(Nc2ccc(C)cc2)cc1
BTMG,CC(C)C(C=C(C(C)C)C=C1C(C)C)=C1C2=C(P([C@@]3(C[C@@H]4C5)C[C@H](C4)C[C@H]5C3)[C@]6(C7)C[C@@H](C[C@@H]7C8)C[C@@H]8C6)C(OC)=CC=C2OC,C1(C2=CC=CC=C2)=NOC=C1,CC(C)(C)/N=C(N(C)C)/N(C)C,BrC1=CC=C(CC)C=C1,73.85,CCc1ccc(Nc2ccc(C)cc2)cc1
BTMG,CC(C)C(C=C(C(C)C)C=C1C(C)C)=C1C2=C(P([C@@]3(C[C@@H]4C5)C[C@H](C4)C[C@H]5C3)[C@]6(C7)C[C@@H](C[C@@H]7C8)C[C@@H]8C6)C(OC)=CC=C2OC,C1(C2=CC=CC=C2)=NOC=C1,CC(C)(C)/N=C(N(C)C)/N(C)C,IC1=CC=C(CC)C=C1,78.47,CCc1ccc(Nc2ccc(C)cc2)cc1
BTMG,CC(C)C(C=C(C(C)C)C=C1C(C)C)=C1C2=C(P([C@@]3(C[C@@H]4C5)C[C@H](C4)C[C@H]5C3)[C@]6(C7)C[C@@H](C[C@@H]7C8)C[C@@H]8C6)C(OC)=CC=C2OC,C1(C2=CC=CC=C2)=NOC=C1,CC(C)(C)/N=C(N(C)C)/N(C)C,ClC1=NC=CC=C1,61.92,Cc1ccc(Nc2ccccn2)cc1
BTMG,CC(C)C(C=C(C(C)C)C=C1C(C)C)=C1C2=C(P([C@@]3(C[C@@H]4C5)C[C@H](C4)C[C@H]5C3)[C@]6(C7)C[C@@H](C[C@@H]7C8)C[C@@H]8C6)C(OC)=CC=C2OC,C1(C2=CC=CC=C2)=NOC=C1,CC(C)(C)/N=C(N(C)C)/N(C)C,BrC1=NC=CC=C1,66.71,Cc1ccc(Nc2ccccn2)cc1
BTMG,CC(C)C(C=C(C(C)C)C=C1C(C)C)=C1C2=C(P([C@@]3(C[C@@H]4C5)C[C@H](C4)C[C@H]5C3)[C@]6(C7)C[C@@H](C[C@@H]7C8)C[C@@H]8C6)C(OC)=CC=C2OC,C1(C2=CC=CC=C2)=NOC=C1,CC(C)(C)/N=C(N(C)C)/N(C)C,IC1=NC=CC=C1,69.84,Cc1ccc(Nc2ccccn2)cc1
BTMG,CC(C)C(C=C(C(C)C)C=C1C(C)C)=C1C2=C(P([C@@]3(C[C@@H]4C5)C[C@H](C4)C[C@H]5C3)[C@]6(C7)C[C@@H](C[C@@H]7C8)C[C@@H]8C6)C(OC)=CC=C2OC,C1(C2=CC=CC=C2)=NOC=C1,CC(C)(C)/N=C(N(C)C)/N(C)C,ClC1=CN=CC=C1,35.86,Cc1ccc(Nc2cccnc2)cc1
BTMG,CC(C)C(C=C(C(C)C)C=C1C(C)C)=C1C2=C(P([C@@]3(C[C@@H]4C5)C[C@H](C4)C[C@H]5C3)[C@]6(C7)C[C@@H](C[C@@H]7C8)C[C@@H]8C6)C(OC)=CC=C2OC,C1(C2=CC=CC=C2)=NOC=C1,CC(C)(C)/N=C(N(C)C)/N(C)C,BrC1=CN=CC=C1,81.61,Cc1ccc(Nc2cccnc2)cc1
BTMG,CC(C)C(C=C(C(C)C)C=C1C(C)C)=C1C2=C(P([C@@]3(C[C@@H]4C5)C[C@H](C4)C[C@H]5C3)[C@]6(C7)C[C@@H](C[C@@H]7C8)C[C@@H]8C6)C(OC)=CC=C2OC,C1(C2=CC=CC=C2)=NOC=C1,CC(C)(C)/N=C(N(C)C)/N(C)C,IC1=CN=CC=C1,84.56,Cc1ccc(Nc2cccnc2)cc1
MTBD,CC(C)C(C=C(C(C)C)C=C1C(C)C)=C1C2=C(P([C@@]3(C[C@@H]4C5)C[C@H](C4)C[C@H]5C3)[C@]6(C7)C[C@@H](C[C@@H]7C8)C[C@@H]8C6)C(OC)=CC=C2OC,C1(C2=CC=CC=C2)=NOC=C1,CN1CCCN2C1=NCCC2,ClC1=CC=C(C(F)(F)F)C=C1,28.69,Cc1ccc(Nc2ccc(C(F)(F)F)cc2)cc1
MTBD,CC(C)C(C=C(C(C)C)C=C1C(C)C)=C1C2=C(P([C@@]3(C[C@@H]4C5)C[C@H](C4)C[C@H]5C3)[C@]6(C7)C[C@@H](C[C@@H]7C8)C[C@@H]8C6)C(OC)=CC=C2OC,C1(C2=CC=CC=C2)=NOC=C1,CN1CCCN2C1=NCCC2,BrC1=CC=C(C(F)(F)F)C=C1,53.85,Cc1ccc(Nc2ccc(C(F)(F)F)cc2)cc1
MTBD,CC(C)C(C=C(C(C)C)C=C1C(C)C)=C1C2=C(P([C@@]3(C[C@@H]4C5)C[C@H](C4)C[C@H]5C3)[C@]6(C7)C[C@@H](C[C@@H]7C8)C[C@@H]8C6)C(OC)=CC=C2OC,C1(C2=CC=CC=C2)=NOC=C1,CN1CCCN2C1=NCCC2,IC1=CC=C(C(F)(F)F)C=C1,55.16,Cc1ccc(Nc2ccc(C(F)(F)F)cc2)cc1
MTBD,CC(C)C(C=C(C(C)C)C=C1C(C)C)=C1C2=C(P([C@@]3(C[C@@H]4C5)C[C@H](C4)C[C@H]5C3)[C@]6(C7)C[C@@H](C[C@@H]7C8)C[C@@H]8C6)C(OC)=CC=C2OC,C1(C2=CC=CC=C2)=NOC=C1,CN1CCCN2C1=NCCC2,ClC1=CC=C(OC)C=C1,1.07,COc1ccc(Nc2ccc(C)cc2)cc1
MTBD,CC(C)C(C=C(C(C)C)C=C1C(C)C)=C1C2=C(P([C@@]3(C[C@@H]4C5)C[C@H](C4)C[C@H]5C3)[C@]6(C7)C[C@@H](C[C@@H]7C8)C[C@@H]8C6)C(OC)=CC=C2OC,C1(C2=CC=CC=C2)=NOC=C1,CN1CCCN2C1=NCCC2,BrC1=CC=C(OC)C=C1,54.24,COc1ccc(Nc2ccc(C)cc2)cc1
MTBD,CC(C)C(C=C(C(C)C)C=C1C(C)C)=C1C2=C(P([C@@]3(C[C@@H]4C5)C[C@H](C4)C[C@H]5C3)[C@]6(C7)C[C@@H](C[C@@H]7C8)C[C@@H]8C6)C(OC)=CC=C2OC,C1(C2=CC=CC=C2)=NOC=C1,CN1CCCN2C1=NCCC2,IC1=CC=C(OC)C=C1,50.1,COc1ccc(Nc2ccc(C)cc2)cc1
MTBD,CC(C)C(C=C(C(C)C)C=C1C(C)C)=C1C2=C(P([C@@]3(C[C@@H]4C5)C[C@H](C4)C[C@H]5C3)[C@]6(C7)C[C@@H](C[C@@H]7C8)C[C@@H]8C6)C(OC)=CC=C2OC,C1(C2=CC=CC=C2)=NOC=C1,CN1CCCN2C1=NCCC2,ClC1=CC=C(CC)C=C1,3.14,CCc1ccc(Nc2ccc(C)cc2)cc1
MTBD,CC(C)C(C=C(C(C)C)C=C1C(C)C)=C1C2=C(P([C@@]3(C[C@@H]4C5)C[C@H](C4)C[C@H]5C3)[C@]6(C7)C[C@@H](C[C@@H]7C8)C[C@@H]8C6)C(OC)=CC=C2OC,C1(C2=CC=CC=C2)=NOC=C1,CN1CCCN2C1=NCCC2,BrC1=CC=C(CC)C=C1,80.4,CCc1ccc(Nc2ccc(C)cc2)cc1
MTBD,CC(C)C(C=C(C(C)C)C=C1C(C)C)=C1C2=C(P([C@@]3(C[C@@H]4C5)C[C@H](C4)C[C@H]5C3)[C@]6(C7)C[C@@H](C[C@@H]7C8)C[C@@H]8C6)C(OC)=CC=C2OC,C1(C2=CC=CC=C2)=NOC=C1,CN1CCCN2C1=NCCC2,IC1=CC=C(CC)C=C1,82.63,CCc1ccc(Nc2ccc(C)cc2)cc1
MTBD,CC(C)C(C=C(C(C)C)C=C1C(C)C)=C1C2=C(P([C@@]3(C[C@@H]4C5)C[C@H](C4)C[C@H]5C3)[C@]6(C7)C[C@@H](C[C@@H]7C8)C[C@@H]8C6)C(OC)=CC=C2OC,C1(C2=CC=CC=C2)=NOC=C1,CN1CCCN2C1=NCCC2,ClC1=NC=CC=C1,89.89,Cc1ccc(Nc2ccccn2)cc1
MTBD,CC(C)C(C=C(C(C)C)C=C1C(C)C)=C1C2=C(P([C@@]3(C[C@@H]4C5)C[C@H](C4)C[C@H]5C3)[C@]6(C7)C[C@@H](C[C@@H]7C8)C[C@@H]8C6)C(OC)=CC=C2OC,C1(C2=CC=CC=C2)=NOC=C1,CN1CCCN2C1=NCCC2,BrC1=NC=CC=C1,92.9,Cc1ccc(Nc2ccccn2)cc1
MTBD,CC(C)C(C=C(C(C)C)C=C1C(C)C)=C1C2=C(P([C@@]3(C[C@@H]4C5)C[C@H](C4)C[C@H]5C3)[C@]6(C7)C[C@@H](C[C@@H]7C8)C[C@@H]8C6)C(OC)=CC=C2OC,C1(C2=CC=CC=C2)=NOC=C1,CN1CCCN2C1=NCCC2,IC1=NC=CC=C1,94.15,Cc1ccc(Nc2ccccn2)cc1
MTBD,CC(C)C(C=C(C(C)C)C=C1C(C)C)=C1C2=C(P([C@@]3(C[C@@H]4C5)C[C@H](C4)C[C@H]5C3)[C@]6(C7)C[C@@H](C[C@@H]7C8)C[C@@H]8C6)C(OC)=CC=C2OC,C1(C2=CC=CC=C2)=NOC=C1,CN1CCCN2C1=NCCC2,ClC1=CN=CC=C1,41.59,Cc1ccc(Nc2cccnc2)cc1
MTBD,CC(C)C(C=C(C(C)C)C=C1C(C)C)=C1C2=C(P([C@@]3(C[C@@H]4C5)C[C@H](C4)C[C@H]5C3)[C@]6(C7)C[C@@H](C[C@@H]7C8)C[C@@H]8C6)C(OC)=CC=C2OC,C1(C2=CC=CC=C2)=NOC=C1,CN1CCCN2C1=NCCC2,BrC1=CN=CC=C1,95.13,Cc1ccc(Nc2cccnc2)cc1
MTBD,CC(C)C(C=C(C(C)C)C=C1C(C)C)=C1C2=C(P([C@@]3(C[C@@H]4C5)C[C@H](C4)C[C@H]5C3)[C@]6(C7)C[C@@H](C[C@@H]7C8)C[C@@H]8C6)C(OC)=CC=C2OC,C1(C2=CC=CC=C2)=NOC=C1,CN1CCCN2C1=NCCC2,IC1=CN=CC=C1,92.39,Cc1ccc(Nc2cccnc2)cc1
P2Et,CC(C)C(C=C(C(C)C)C=C1C(C)C)=C1C2=C(P([C@@]3(C[C@@H]4C5)C[C@H](C4)C[C@H]5C3)[C@]6(C7)C[C@@H](C[C@@H]7C8)C[C@@H]8C6)C(OC)=CC=C2OC,CC1=NOC=C1,CN(C)P(N(C)C)(N(C)C)=NP(N(C)C)(N(C)C)=NCC,ClC1=CC=C(C(F)(F)F)C=C1,1.26,Cc1ccc(Nc2ccc(C(F)(F)F)cc2)cc1
P2Et,CC(C)C(C=C(C(C)C)C=C1C(C)C)=C1C2=C(P([C@@]3(C[C@@H]4C5)C[C@H](C4)C[C@H]5C3)[C@]6(C7)C[C@@H](C[C@@H]7C8)C[C@@H]8C6)C(OC)=CC=C2OC,CC1=NOC=C1,CN(C)P(N(C)C)(N(C)C)=NP(N(C)C)(N(C)C)=NCC,BrC1=CC=C(C(F)(F)F)C=C1,12.62,Cc1ccc(Nc2ccc(C(F)(F)F)cc2)cc1
P2Et,CC(C)C(C=C(C(C)C)C=C1C(C)C)=C1C2=C(P([C@@]3(C[C@@H]4C5)C[C@H](C4)C[C@H]5C3)[C@]6(C7)C[C@@H](C[C@@H]7C8)C[C@@H]8C6)C(OC)=CC=C2OC,CC1=NOC=C1,CN(C)P(N(C)C)(N(C)C)=NP(N(C)C)(N(C)C)=NCC,IC1=CC=C(C(F)(F)F)C=C1,36.64,Cc1ccc(Nc2ccc(C(F)(F)F)cc2)cc1
P2Et,CC(C)C(C=C(C(C)C)C=C1C(C)C)=C1C2=C(P([C@@]3(C[C@@H]4C5)C[C@H](C4)C[C@H]5C3)[C@]6(C7)C[C@@H](C[C@@H]7C8)C[C@@H]8C6)C(OC)=CC=C2OC,CC1=NOC=C1,CN(C)P(N(C)C)(N(C)C)=NP(N(C)C)(N(C)C)=NCC,ClC1=CC=C(OC)C=C1,0.0,COc1ccc(Nc2ccc(C)cc2)cc1
P2Et,CC(C)C(C=C(C(C)C)C=C1C(C)C)=C1C2=C(P([C@@]3(C[C@@H]4C5)C[C@H](C4)C[C@H]5C3)[C@]6(C7)C[C@@H](C[C@@H]7C8)C[C@@H]8C6)C(OC)=CC=C2OC,CC1=NOC=C1,CN(C)P(N(C)C)(N(C)C)=NP(N(C)C)(N(C)C)=NCC,BrC1=CC=C(OC)C=C1,52.34,COc1ccc(Nc2ccc(C)cc2)cc1
P2Et,CC(C)C(C=C(C(C)C)C=C1C(C)C)=C1C2=C(P([C@@]3(C[C@@H]4C5)C[C@H](C4)C[C@H]5C3)[C@]6(C7)C[C@@H](C[C@@H]7C8)C[C@@H]8C6)C(OC)=CC=C2OC,CC1=NOC=C1,CN(C)P(N(C)C)(N(C)C)=NP(N(C)C)(N(C)C)=NCC,IC1=CC=C(OC)C=C1,57.09,COc1ccc(Nc2ccc(C)cc2)cc1
P2Et,CC(C)C(C=C(C(C)C)C=C1C(C)C)=C1C2=C(P([C@@]3(C[C@@H]4C5)C[C@H](C4)C[C@H]5C3)[C@]6(C7)C[C@@H](C[C@@H]7C8)C[C@@H]8C6)C(OC)=CC=C2OC,CC1=NOC=C1,CN(C)P(N(C)C)(N(C)C)=NP(N(C)C)(N(C)C)=NCC,ClC1=CC=C(CC)C=C1,1.12,CCc1ccc(Nc2ccc(C)cc2)cc1
P2Et,CC(C)C(C=C(C(C)C)C=C1C(C)C)=C1C2=C(P([C@@]3(C[C@@H]4C5)C[C@H](C4)C[C@H]5C3)[C@]6(C7)C[C@@H](C[C@@H]7C8)C[C@@H]8C6)C(OC)=CC=C2OC,CC1=NOC=C1,CN(C)P(N(C)C)(N(C)C)=NP(N(C)C)(N(C)C)=NCC,BrC1=CC=C(CC)C=C1,83.15,CCc1ccc(Nc2ccc(C)cc2)cc1
P2Et,CC(C)C(C=C(C(C)C)C=C1C(C)C)=C1C2=C(P([C@@]3(C[C@@H]4C5)C[C@H](C4)C[C@H]5C3)[C@]6(C7)C[C@@H](C[C@@H]7C8)C[C@@H]8C6)C(OC)=CC=C2OC,CC1=NOC=C1,CN(C)P(N(C)C)(N(C)C)=NP(N(C)C)(N(C)C)=NCC,IC1=CC=C(CC)C=C1,82.84,CCc1ccc(Nc2ccc(C)cc2)cc1
P2Et,CC(C)C(C=C(C(C)C)C=C1C(C)C)=C1C2=C(P([C@@]3(C[C@@H]4C5)C[C@H](C4)C[C@H]5C3)[C@]6(C7)C[C@@H](C[C@@H]7C8)C[C@@H]8C6)C(OC)=CC=C2OC,CC1=NOC=C1,CN(C)P(N(C)C)(N(C)C)=NP(N(C)C)(N(C)C)=NCC,ClC1=NC=CC=C1,80.49,Cc1ccc(Nc2ccccn2)cc1
P2Et,CC(C)C(C=C(C(C)C)C=C1C(C)C)=C1C2=C(P([C@@]3(C[C@@H]4C5)C[C@H](C4)C[C@H]5C3)[C@]6(C7)C[C@@H](C[C@@H]7C8)C[C@@H]8C6)C(OC)=CC=C2OC,CC1=NOC=C1,CN(C)P(N(C)C)(N(C)C)=NP(N(C)C)(N(C)C)=NCC,BrC1=NC=CC=C1,89.9,Cc1ccc(Nc2ccccn2)cc1
P2Et,CC(C)C(C=C(C(C)C)C=C1C(C)C)=C1C2=C(P([C@@]3(C[C@@H]4C5)C[C@H](C4)C[C@H]5C3)[C@]6(C7)C[C@@H](C[C@@H]7C8)C[C@@H]8C6)C(OC)=CC=C2OC,CC1=NOC=C1,CN(C)P(N(C)C)(N(C)C)=NP(N(C)C)(N(C)C)=NCC,IC1=NC=CC=C1,94.3,Cc1ccc(Nc2ccccn2)cc1
P2Et,CC(C)C(C=C(C(C)C)C=C1C(C)C)=C1C2=C(P([C@@]3(C[C@@H]4C5)C[C@H](C4)C[C@H]5C3)[C@]6(C7)C[C@@H](C[C@@H]7C8)C[C@@H]8C6)C(OC)=CC=C2OC,CC1=NOC=C1,CN(C)P(N(C)C)(N(C)C)=NP(N(C)C)(N(C)C)=NCC,ClC1=CN=CC=C1,2.24,Cc1ccc(Nc2cccnc2)cc1
P2Et,CC(C)C(C=C(C(C)C)C=C1C(C)C)=C1C2=C(P([C@@]3(C[C@@H]4C5)C[C@H](C4)C[C@H]5C3)[C@]6(C7)C[C@@H](C[C@@H]7C8)C[C@@H]8C6)C(OC)=CC=C2OC,CC1=NOC=C1,CN(C)P(N(C)C)(N(C)C)=NP(N(C)C)(N(C)C)=NCC,BrC1=CN=CC=C1,1.83,Cc1ccc(Nc2cccnc2)cc1
P2Et,CC(C)C(C=C(C(C)C)C=C1C(C)C)=C1C2=C(P([C@@]3(C[C@@H]4C5)C[C@H](C4)C[C@H]5C3)[C@]6(C7)C[C@@H](C[C@@H]7C8)C[C@@H]8C6)C(OC)=CC=C2OC,CC1=NOC=C1,CN(C)P(N(C)C)(N(C)C)=NP(N(C)C)(N(C)C)=NCC,IC1=CN=CC=C1,0.75,Cc1ccc(Nc2cccnc2)cc1
BTMG,CC(C)C(C=C(C(C)C)C=C1C(C)C)=C1C2=C(P([C@@]3(C[C@@H]4C5)C[C@H](C4)C[C@H]5C3)[C@]6(C7)C[C@@H](C[C@@H]7C8)C[C@@H]8C6)C(OC)=CC=C2OC,CC1=NOC=C1,CC(C)(C)/N=C(N(C)C)/N(C)C,ClC1=CC=C(C(F)(F)F)C=C1,9.33,Cc1ccc(Nc2ccc(C(F)(F)F)cc2)cc1
BTMG,CC(C)C(C=C(C(C)C)C=C1C(C)C)=C1C2=C(P([C@@]3(C[C@@H]4C5)C[C@H](C4)C[C@H]5C3)[C@]6(C7)C[C@@H](C[C@@H]7C8)C[C@@H]8C6)C(OC)=CC=C2OC,CC1=NOC=C1,CC(C)(C)/N=C(N(C)C)/N(C)C,BrC1=CC=C(C(F)(F)F)C=C1,45.93,Cc1ccc(Nc2ccc(C(F)(F)F)cc2)cc1
BTMG,CC(C)C(C=C(C(C)C)C=C1C(C)C)=C1C2=C(P([C@@]3(C[C@@H]4C5)C[C@H](C4)C[C@H]5C3)[C@]6(C7)C[C@@H](C[C@@H]7C8)C[C@@H]8C6)C(OC)=CC=C2OC,CC1=NOC=C1,CC(C)(C)/N=C(N(C)C)/N(C)C,IC1=CC=C(C(F)(F)F)C=C1,52.24,Cc1ccc(Nc2ccc(C(F)(F)F)cc2)cc1
BTMG,CC(C)C(C=C(C(C)C)C=C1C(C)C)=C1C2=C(P([C@@]3(C[C@@H]4C5)C[C@H](C4)C[C@H]5C3)[C@]6(C7)C[C@@H](C[C@@H]7C8)C[C@@H]8C6)C(OC)=CC=C2OC,CC1=NOC=C1,CC(C)(C)/N=C(N(C)C)/N(C)C,ClC1=CC=C(OC)C=C1,0.34,COc1ccc(Nc2ccc(C)cc2)cc1
BTMG,CC(C)C(C=C(C(C)C)C=C1C(C)C)=C1C2=C(P([C@@]3(C[C@@H]4C5)C[C@H](C4)C[C@H]5C3)[C@]6(C7)C[C@@H](C[C@@H]7C8)C[C@@H]8C6)C(OC)=CC=C2OC,CC1=NOC=C1,CC(C)(C)/N=C(N(C)C)/N(C)C,BrC1=CC=C(OC)C=C1,43.34,COc1ccc(Nc2ccc(C)cc2)cc1
BTMG,CC(C)C(C=C(C(C)C)C=C1C(C)C)=C1C2=C(P([C@@]3(C[C@@H]4C5)C[C@H](C4)C[C@H]5C3)[C@]6(C7)C[C@@H](C[C@@H]7C8)C[C@@H]8C6)C(OC)=CC=C2OC,CC1=NOC=C1,CC(C)(C)/N=C(N(C)C)/N(C)C,IC1=CC=C(OC)C=C1,53.38,COc1ccc(Nc2ccc(C)cc2)cc1
BTMG,CC(C)C(C=C(C(C)C)C=C1C(C)C)=C1C2=C(P([C@@]3(C[C@@H]4C5)C[C@H](C4)C[C@H]5C3)[C@]6(C7)C[C@@H](C[C@@H]7C8)C[C@@H]8C6)C(OC)=CC=C2OC,CC1=NOC=C1,CC(C)(C)/N=C(N(C)C)/N(C)C,ClC1=CC=C(CC)C=C1,0.84,CCc1ccc(Nc2ccc(C)cc2)cc1
BTMG,CC(C)C(C=C(C(C)C)C=C1C(C)C)=C1C2=C(P([C@@]3(C[C@@H]4C5)C[C@H](C4)C[C@H]5C3)[C@]6(C7)C[C@@H](C[C@@H]7C8)C[C@@H]8C6)C(OC)=CC=C2OC,CC1=NOC=C1,CC(C)(C)/N=C(N(C)C)/N(C)C,BrC1=CC=C(CC)C=C1,72.18,CCc1ccc(Nc2ccc(C)cc2)cc1
BTMG,CC(C)C(C=C(C(C)C)C=C1C(C)C)=C1C2=C(P([C@@]3(C[C@@H]4C5)C[C@H](C4)C[C@H]5C3)[C@]6(C7)C[C@@H](C[C@@H]7C8)C[C@@H]8C6)C(OC)=CC=C2OC,CC1=NOC=C1,CC(C)(C)/N=C(N(C)C)/N(C)C,IC1=CC=C(CC)C=C1,83.94,CCc1ccc(Nc2ccc(C)cc2)cc1
BTMG,CC(C)C(C=C(C(C)C)C=C1C(C)C)=C1C2=C(P([C@@]3(C[C@@H]4C5)C[C@H](C4)C[C@H]5C3)[C@]6(C7)C[C@@H](C[C@@H]7C8)C[C@@H]8C6)C(OC)=CC=C2OC,CC1=NOC=C1,CC(C)(C)/N=C(N(C)C)/N(C)C,ClC1=NC=CC=C1,38.33,Cc1ccc(Nc2ccccn2)cc1
BTMG,CC(C)C(C=C(C(C)C)C=C1C(C)C)=C1C2=C(P([C@@]3(C[C@@H]4C5)C[C@H](C4)C[C@H]5C3)[C@]6(C7)C[C@@H](C[C@@H]7C8)C[C@@H]8C6)C(OC)=CC=C2OC,CC1=NOC=C1,CC(C)(C)/N=C(N(C)C)/N(C)C,BrC1=NC=CC=C1,59.55,Cc1ccc(Nc2ccccn2)cc1
BTMG,CC(C)C(C=C(C(C)C)C=C1C(C)C)=C1C2=C(P([C@@]3(C[C@@H]4C5)C[C@H](C4)C[C@H]5C3)[C@]6(C7)C[C@@H](C[C@@H]7C8)C[C@@H]8C6)C(OC)=CC=C2OC,CC1=NOC=C1,CC(C)(C)/N=C(N(C)C)/N(C)C,IC1=NC=CC=C1,77.76,Cc1ccc(Nc2ccccn2)cc1
BTMG,CC(C)C(C=C(C(C)C)C=C1C(C)C)=C1C2=C(P([C@@]3(C[C@@H]4C5)C[C@H](C4)C[C@H]5C3)[C@]6(C7)C[C@@H](C[C@@H]7C8)C[C@@H]8C6)C(OC)=CC=C2OC,CC1=NOC=C1,CC(C)(C)/N=C(N(C)C)/N(C)C,ClC1=CN=CC=C1,11.79,Cc1ccc(Nc2cccnc2)cc1
BTMG,CC(C)C(C=C(C(C)C)C=C1C(C)C)=C1C2=C(P([C@@]3(C[C@@H]4C5)C[C@H](C4)C[C@H]5C3)[C@]6(C7)C[C@@H](C[C@@H]7C8)C[C@@H]8C6)C(OC)=CC=C2OC,CC1=NOC=C1,CC(C)(C)/N=C(N(C)C)/N(C)C,BrC1=CN=CC=C1,83.94,Cc1ccc(Nc2cccnc2)cc1
BTMG,CC(C)C(C=C(C(C)C)C=C1C(C)C)=C1C2=C(P([C@@]3(C[C@@H]4C5)C[C@H](C4)C[C@H]5C3)[C@]6(C7)C[C@@H](C[C@@H]7C8)C[C@@H]8C6)C(OC)=CC=C2OC,CC1=NOC=C1,CC(C)(C)/N=C(N(C)C)/N(C)C,IC1=CN=CC=C1,90.73,Cc1ccc(Nc2cccnc2)cc1
MTBD,CC(C)C(C=C(C(C)C)C=C1C(C)C)=C1C2=C(P([C@@]3(C[C@@H]4C5)C[C@H](C4)C[C@H]5C3)[C@]6(C7)C[C@@H](C[C@@H]7C8)C[C@@H]8C6)C(OC)=CC=C2OC,CC1=NOC=C1,CN1CCCN2C1=NCCC2,ClC1=CC=C(C(F)(F)F)C=C1,12.78,Cc1ccc(Nc2ccc(C(F)(F)F)cc2)cc1
MTBD,CC(C)C(C=C(C(C)C)C=C1C(C)C)=C1C2=C(P([C@@]3(C[C@@H]4C5)C[C@H](C4)C[C@H]5C3)[C@]6(C7)C[C@@H](C[C@@H]7C8)C[C@@H]8C6)C(OC)=CC=C2OC,CC1=NOC=C1,CN1CCCN2C1=NCCC2,BrC1=CC=C(C(F)(F)F)C=C1,49.15,Cc1ccc(Nc2ccc(C(F)(F)F)cc2)cc1
MTBD,CC(C)C(C=C(C(C)C)C=C1C(C)C)=C1C2=C(P([C@@]3(C[C@@H]4C5)C[C@H](C4)C[C@H]5C3)[C@]6(C7)C[C@@H](C[C@@H]7C8)C[C@@H]8C6)C(OC)=CC=C2OC,CC1=NOC=C1,CN1CCCN2C1=NCCC2,IC1=CC=C(C(F)(F)F)C=C1,55.57,Cc1ccc(Nc2ccc(C(F)(F)F)cc2)cc1
MTBD,CC(C)C(C=C(C(C)C)C=C1C(C)C)=C1C2=C(P([C@@]3(C[C@@H]4C5)C[C@H](C4)C[C@H]5C3)[C@]6(C7)C[C@@H](C[C@@H]7C8)C[C@@H]8C6)C(OC)=CC=C2OC,CC1=NOC=C1,CN1CCCN2C1=NCCC2,ClC1=CC=C(OC)C=C1,0.36,COc1ccc(Nc2ccc(C)cc2)cc1
MTBD,CC(C)C(C=C(C(C)C)C=C1C(C)C)=C1C2=C(P([C@@]3(C[C@@H]4C5)C[C@H](C4)C[C@H]5C3)[C@]6(C7)C[C@@H](C[C@@H]7C8)C[C@@H]8C6)C(OC)=CC=C2OC,CC1=NOC=C1,CN1CCCN2C1=NCCC2,BrC1=CC=C(OC)C=C1,50.11,COc1ccc(Nc2ccc(C)cc2)cc1
MTBD,CC(C)C(C=C(C(C)C)C=C1C(C)C)=C1C2=C(P([C@@]3(C[C@@H]4C5)C[C@H](C4)C[C@H]5C3)[C@]6(C7)C[C@@H](C[C@@H]7C8)C[C@@H]8C6)C(OC)=CC=C2OC,CC1=NOC=C1,CN1CCCN2C1=NCCC2,IC1=CC=C(OC)C=C1,53.33,COc1ccc(Nc2ccc(C)cc2)cc1
MTBD,CC(C)C(C=C(C(C)C)C=C1C(C)C)=C1C2=C(P([C@@]3(C[C@@H]4C5)C[C@H](C4)C[C@H]5C3)[C@]6(C7)C[C@@H](C[C@@H]7C8)C[C@@H]8C6)C(OC)=CC=C2OC,CC1=NOC=C1,CN1CCCN2C1=NCCC2,ClC1=CC=C(CC)C=C1,0.97,CCc1ccc(Nc2ccc(C)cc2)cc1
MTBD,CC(C)C(C=C(C(C)C)C=C1C(C)C)=C1C2=C(P([C@@]3(C[C@@H]4C5)C[C@H](C4)C[C@H]5C3)[C@]6(C7)C[C@@H](C[C@@H]7C8)C[C@@H]8C6)C(OC)=CC=C2OC,CC1=NOC=C1,CN1CCCN2C1=NCCC2,BrC1=CC=C(CC)C=C1,80.68,CCc1ccc(Nc2ccc(C)cc2)cc1
MTBD,CC(C)C(C=C(C(C)C)C=C1C(C)C)=C1C2=C(P([C@@]3(C[C@@H]4C5)C[C@H](C4)C[C@H]5C3)[C@]6(C7)C[C@@H](C[C@@H]7C8)C[C@@H]8C6)C(OC)=CC=C2OC,CC1=NOC=C1,CN1CCCN2C1=NCCC2,IC1=CC=C(CC)C=C1,83.05,CCc1ccc(Nc2ccc(C)cc2)cc1
MTBD,CC(C)C(C=C(C(C)C)C=C1C(C)C)=C1C2=C(P([C@@]3(C[C@@H]4C5)C[C@H](C4)C[C@H]5C3)[C@]6(C7)C[C@@H](C[C@@H]7C8)C[C@@H]8C6)C(OC)=CC=C2OC,CC1=NOC=C1,CN1CCCN2C1=NCCC2,ClC1=NC=CC=C1,81.38,Cc1ccc(Nc2ccccn2)cc1
MTBD,CC(C)C(C=C(C(C)C)C=C1C(C)C)=C1C2=C(P([C@@]3(C[C@@H]4C5)C[C@H](C4)C[C@H]5C3)[C@]6(C7)C[C@@H](C[C@@H]7C8)C[C@@H]8C6)C(OC)=CC=C2OC,CC1=NOC=C1,CN1CCCN2C1=NCCC2,BrC1=NC=CC=C1,89.47,Cc1ccc(Nc2ccccn2)cc1
MTBD,CC(C)C(C=C(C(C)C)C=C1C(C)C)=C1C2=C(P([C@@]3(C[C@@H]4C5)C[C@H](C4)C[C@H]5C3)[C@]6(C7)C[C@@H](C[C@@H]7C8)C[C@@H]8C6)C(OC)=CC=C2OC,CC1=NOC=C1,CN1CCCN2C1=NCCC2,IC1=NC=CC=C1,95.75,Cc1ccc(Nc2ccccn2)cc1
MTBD,CC(C)C(C=C(C(C)C)C=C1C(C)C)=C1C2=C(P([C@@]3(C[C@@H]4C5)C[C@H](C4)C[C@H]5C3)[C@]6(C7)C[C@@H](C[C@@H]7C8)C[C@@H]8C6)C(OC)=CC=C2OC,CC1=NOC=C1,CN1CCCN2C1=NCCC2,ClC1=CN=CC=C1,9.97,Cc1ccc(Nc2cccnc2)cc1
MTBD,CC(C)C(C=C(C(C)C)C=C1C(C)C)=C1C2=C(P([C@@]3(C[C@@H]4C5)C[C@H](C4)C[C@H]5C3)[C@]6(C7)C[C@@H](C[C@@H]7C8)C[C@@H]8C6)C(OC)=CC=C2OC,CC1=NOC=C1,CN1CCCN2C1=NCCC2,BrC1=CN=CC=C1,86.09,Cc1ccc(Nc2cccnc2)cc1
MTBD,CC(C)C(C=C(C(C)C)C=C1C(C)C)=C1C2=C(P([C@@]3(C[C@@H]4C5)C[C@H](C4)C[C@H]5C3)[C@]6(C7)C[C@@H](C[C@@H]7C8)C[C@@H]8C6)C(OC)=CC=C2OC,CC1=NOC=C1,CN1CCCN2C1=NCCC2,IC1=CN=CC=C1,94.55,Cc1ccc(Nc2cccnc2)cc1
P2Et,CC(C)C(C=C(C(C)C)C=C1C(C)C)=C1C2=C(P(C3CCCCC3)C4CCCCC4)C=CC=C2,CC1=CC=NO1,CN(C)P(N(C)C)(N(C)C)=NP(N(C)C)(N(C)C)=NCC,ClC1=CC=C(C(F)(F)F)C=C1,11.59,Cc1ccc(Nc2ccc(C(F)(F)F)cc2)cc1
P2Et,CC(C)C(C=C(C(C)C)C=C1C(C)C)=C1C2=C(P(C3CCCCC3)C4CCCCC4)C=CC=C2,CC1=CC=NO1,CN(C)P(N(C)C)(N(C)C)=NP(N(C)C)(N(C)C)=NCC,BrC1=CC=C(C(F)(F)F)C=C1,12.37,Cc1ccc(Nc2ccc(C(F)(F)F)cc2)cc1
P2Et,CC(C)C(C=C(C(C)C)C=C1C(C)C)=C1C2=C(P(C3CCCCC3)C4CCCCC4)C=CC=C2,CC1=CC=NO1,CN(C)P(N(C)C)(N(C)C)=NP(N(C)C)(N(C)C)=NCC,IC1=CC=C(C(F)(F)F)C=C1,16.16,Cc1ccc(Nc2ccc(C(F)(F)F)cc2)cc1
P2Et,CC(C)C(C=C(C(C)C)C=C1C(C)C)=C1C2=C(P(C3CCCCC3)C4CCCCC4)C=CC=C2,CC1=CC=NO1,CN(C)P(N(C)C)(N(C)C)=NP(N(C)C)(N(C)C)=NCC,ClC1=CC=C(OC)C=C1,1.73,COc1ccc(Nc2ccc(C)cc2)cc1
P2Et,CC(C)C(C=C(C(C)C)C=C1C(C)C)=C1C2=C(P(C3CCCCC3)C4CCCCC4)C=CC=C2,CC1=CC=NO1,CN(C)P(N(C)C)(N(C)C)=NP(N(C)C)(N(C)C)=NCC,BrC1=CC=C(OC)C=C1,4.22,COc1ccc(Nc2ccc(C)cc2)cc1
P2Et,CC(C)C(C=C(C(C)C)C=C1C(C)C)=C1C2=C(P(C3CCCCC3)C4CCCCC4)C=CC=C2,CC1=CC=NO1,CN(C)P(N(C)C)(N(C)C)=NP(N(C)C)(N(C)C)=NCC,IC1=CC=C(OC)C=C1,4.11,COc1ccc(Nc2ccc(C)cc2)cc1
P2Et,CC(C)C(C=C(C(C)C)C=C1C(C)C)=C1C2=C(P(C3CCCCC3)C4CCCCC4)C=CC=C2,CC1=CC=NO1,CN(C)P(N(C)C)(N(C)C)=NP(N(C)C)(N(C)C)=NCC,ClC1=CC=C(CC)C=C1,7.91,CCc1ccc(Nc2ccc(C)cc2)cc1
P2Et,CC(C)C(C=C(C(C)C)C=C1C(C)C)=C1C2=C(P(C3CCCCC3)C4CCCCC4)C=CC=C2,CC1=CC=NO1,CN(C)P(N(C)C)(N(C)C)=NP(N(C)C)(N(C)C)=NCC,BrC1=CC=C(CC)C=C1,14.0,CCc1ccc(Nc2ccc(C)cc2)cc1
P2Et,CC(C)C(C=C(C(C)C)C=C1C(C)C)=C1C2=C(P(C3CCCCC3)C4CCCCC4)C=CC=C2,CC1=CC=NO1,CN(C)P(N(C)C)(N(C)C)=NP(N(C)C)(N(C)C)=NCC,IC1=CC=C(CC)C=C1,18.41,CCc1ccc(Nc2ccc(C)cc2)cc1
P2Et,CC(C)C(C=C(C(C)C)C=C1C(C)C)=C1C2=C(P(C3CCCCC3)C4CCCCC4)C=CC=C2,CC1=CC=NO1,CN(C)P(N(C)C)(N(C)C)=NP(N(C)C)(N(C)C)=NCC,ClC1=NC=CC=C1,13.99,Cc1ccc(Nc2ccccn2)cc1
P2Et,CC(C)C(C=C(C(C)C)C=C1C(C)C)=C1C2=C(P(C3CCCCC3)C4CCCCC4)C=CC=C2,CC1=CC=NO1,CN(C)P(N(C)C)(N(C)C)=NP(N(C)C)(N(C)C)=NCC,BrC1=NC=CC=C1,20.04,Cc1ccc(Nc2ccccn2)cc1
P2Et,CC(C)C(C=C(C(C)C)C=C1C(C)C)=C1C2=C(P(C3CCCCC3)C4CCCCC4)C=CC=C2,CC1=CC=NO1,CN(C)P(N(C)C)(N(C)C)=NP(N(C)C)(N(C)C)=NCC,IC1=NC=CC=C1,19.49,Cc1ccc(Nc2ccccn2)cc1
P2Et,CC(C)C(C=C(C(C)C)C=C1C(C)C)=C1C2=C(P(C3CCCCC3)C4CCCCC4)C=CC=C2,CC1=CC=NO1,CN(C)P(N(C)C)(N(C)C)=NP(N(C)C)(N(C)C)=NCC,ClC1=CN=CC=C1,9.47,Cc1ccc(Nc2cccnc2)cc1
P2Et,CC(C)C(C=C(C(C)C)C=C1C(C)C)=C1C2=C(P(C3CCCCC3)C4CCCCC4)C=CC=C2,CC1=CC=NO1,CN(C)P(N(C)C)(N(C)C)=NP(N(C)C)(N(C)C)=NCC,BrC1=CN=CC=C1,10.26,Cc1ccc(Nc2cccnc2)cc1
P2Et,CC(C)C(C=C(C(C)C)C=C1C(C)C)=C1C2=C(P(C3CCCCC3)C4CCCCC4)C=CC=C2,CC1=CC=NO1,CN(C)P(N(C)C)(N(C)C)=NP(N(C)C)(N(C)C)=NCC,IC1=CN=CC=C1,14.94,Cc1ccc(Nc2cccnc2)cc1
BTMG,CC(C)C(C=C(C(C)C)C=C1C(C)C)=C1C2=C(P(C3CCCCC3)C4CCCCC4)C=CC=C2,CC1=CC=NO1,CC(C)(C)/N=C(N(C)C)/N(C)C,ClC1=CC=C(C(F)(F)F)C=C1,15.12,Cc1ccc(Nc2ccc(C(F)(F)F)cc2)cc1
BTMG,CC(C)C(C=C(C(C)C)C=C1C(C)C)=C1C2=C(P(C3CCCCC3)C4CCCCC4)C=CC=C2,CC1=CC=NO1,CC(C)(C)/N=C(N(C)C)/N(C)C,BrC1=CC=C(C(F)(F)F)C=C1,28.4,Cc1ccc(Nc2ccc(C(F)(F)F)cc2)cc1
BTMG,CC(C)C(C=C(C(C)C)C=C1C(C)C)=C1C2=C(P(C3CCCCC3)C4CCCCC4)C=CC=C2,CC1=CC=NO1,CC(C)(C)/N=C(N(C)C)/N(C)C,IC1=CC=C(C(F)(F)F)C=C1,34.38,Cc1ccc(Nc2ccc(C(F)(F)F)cc2)cc1
BTMG,CC(C)C(C=C(C(C)C)C=C1C(C)C)=C1C2=C(P(C3CCCCC3)C4CCCCC4)C=CC=C2,CC1=CC=NO1,CC(C)(C)/N=C(N(C)C)/N(C)C,ClC1=CC=C(OC)C=C1,0.38,COc1ccc(Nc2ccc(C)cc2)cc1
BTMG,CC(C)C(C=C(C(C)C)C=C1C(C)C)=C1C2=C(P(C3CCCCC3)C4CCCCC4)C=CC=C2,CC1=CC=NO1,CC(C)(C)/N=C(N(C)C)/N(C)C,BrC1=CC=C(OC)C=C1,9.04,COc1ccc(Nc2ccc(C)cc2)cc1
BTMG,CC(C)C(C=C(C(C)C)C=C1C(C)C)=C1C2=C(P(C3CCCCC3)C4CCCCC4)C=CC=C2,CC1=CC=NO1,CC(C)(C)/N=C(N(C)C)/N(C)C,IC1=CC=C(OC)C=C1,13.52,COc1ccc(Nc2ccc(C)cc2)cc1
BTMG,CC(C)C(C=C(C(C)C)C=C1C(C)C)=C1C2=C(P(C3CCCCC3)C4CCCCC4)C=CC=C2,CC1=CC=NO1,CC(C)(C)/N=C(N(C)C)/N(C)C,ClC1=CC=C(CC)C=C1,3.05,CCc1ccc(Nc2ccc(C)cc2)cc1
BTMG,CC(C)C(C=C(C(C)C)C=C1C(C)C)=C1C2=C(P(C3CCCCC3)C4CCCCC4)C=CC=C2,CC1=CC=NO1,CC(C)(C)/N=C(N(C)C)/N(C)C,BrC1=CC=C(CC)C=C1,26.52,CCc1ccc(Nc2ccc(C)cc2)cc1
BTMG,CC(C)C(C=C(C(C)C)C=C1C(C)C)=C1C2=C(P(C3CCCCC3)C4CCCCC4)C=CC=C2,CC1=CC=NO1,CC(C)(C)/N=C(N(C)C)/N(C)C,IC1=CC=C(CC)C=C1,28.15,CCc1ccc(Nc2ccc(C)cc2)cc1
BTMG,CC(C)C(C=C(C(C)C)C=C1C(C)C)=C1C2=C(P(C3CCCCC3)C4CCCCC4)C=CC=C2,CC1=CC=NO1,CC(C)(C)/N=C(N(C)C)/N(C)C,ClC1=NC=CC=C1,22.49,Cc1ccc(Nc2ccccn2)cc1
BTMG,CC(C)C(C=C(C(C)C)C=C1C(C)C)=C1C2=C(P(C3CCCCC3)C4CCCCC4)C=CC=C2,CC1=CC=NO1,CC(C)(C)/N=C(N(C)C)/N(C)C,BrC1=NC=CC=C1,37.83,Cc1ccc(Nc2ccccn2)cc1
BTMG,CC(C)C(C=C(C(C)C)C=C1C(C)C)=C1C2=C(P(C3CCCCC3)C4CCCCC4)C=CC=C2,CC1=CC=NO1,CC(C)(C)/N=C(N(C)C)/N(C)C,IC1=NC=CC=C1,43.38,Cc1ccc(Nc2ccccn2)cc1
BTMG,CC(C)C(C=C(C(C)C)C=C1C(C)C)=C1C2=C(P(C3CCCCC3)C4CCCCC4)C=CC=C2,CC1=CC=NO1,CC(C)(C)/N=C(N(C)C)/N(C)C,ClC1=CN=CC=C1,10.01,Cc1ccc(Nc2cccnc2)cc1
BTMG,CC(C)C(C=C(C(C)C)C=C1C(C)C)=C1C2=C(P(C3CCCCC3)C4CCCCC4)C=CC=C2,CC1=CC=NO1,CC(C)(C)/N=C(N(C)C)/N(C)C,BrC1=CN=CC=C1,21.47,Cc1ccc(Nc2cccnc2)cc1
BTMG,CC(C)C(C=C(C(C)C)C=C1C(C)C)=C1C2=C(P(C3CCCCC3)C4CCCCC4)C=CC=C2,CC1=CC=NO1,CC(C)(C)/N=C(N(C)C)/N(C)C,IC1=CN=CC=C1,32.76,Cc1ccc(Nc2cccnc2)cc1
MTBD,CC(C)C(C=C(C(C)C)C=C1C(C)C)=C1C2=C(P(C3CCCCC3)C4CCCCC4)C=CC=C2,CC1=CC=NO1,CN1CCCN2C1=NCCC2,ClC1=CC=C(C(F)(F)F)C=C1,11.65,Cc1ccc(Nc2ccc(C(F)(F)F)cc2)cc1
MTBD,CC(C)C(C=C(C(C)C)C=C1C(C)C)=C1C2=C(P(C3CCCCC3)C4CCCCC4)C=CC=C2,CC1=CC=NO1,CN1CCCN2C1=NCCC2,BrC1=CC=C(C(F)(F)F)C=C1,22.58,Cc1ccc(Nc2ccc(C(F)(F)F)cc2)cc1
MTBD,CC(C)C(C=C(C(C)C)C=C1C(C)C)=C1C2=C(P(C3CCCCC3)C4CCCCC4)C=CC=C2,CC1=CC=NO1,CN1CCCN2C1=NCCC2,IC1=CC=C(C(F)(F)F)C=C1,35.26,Cc1ccc(Nc2ccc(C(F)(F)F)cc2)cc1
MTBD,CC(C)C(C=C(C(C)C)C=C1C(C)C)=C1C2=C(P(C3CCCCC3)C4CCCCC4)C=CC=C2,CC1=CC=NO1,CN1CCCN2C1=NCCC2,ClC1=CC=C(OC)C=C1,0.28,COc1ccc(Nc2ccc(C)cc2)cc1
MTBD,CC(C)C(C=C(C(C)C)C=C1C(C)C)=C1C2=C(P(C3CCCCC3)C4CCCCC4)C=CC=C2,CC1=CC=NO1,CN1CCCN2C1=NCCC2,BrC1=CC=C(OC)C=C1,4.06,COc1ccc(Nc2ccc(C)cc2)cc1
MTBD,CC(C)C(C=C(C(C)C)C=C1C(C)C)=C1C2=C(P(C3CCCCC3)C4CCCCC4)C=CC=C2,CC1=CC=NO1,CN1CCCN2C1=NCCC2,IC1=CC=C(OC)C=C1,8.04,COc1ccc(Nc2ccc(C)cc2)cc1
MTBD,CC(C)C(C=C(C(C)C)C=C1C(C)C)=C1C2=C(P(C3CCCCC3)C4CCCCC4)C=CC=C2,CC1=CC=NO1,CN1CCCN2C1=NCCC2,ClC1=CC=C(CC)C=C1,2.55,CCc1ccc(Nc2ccc(C)cc2)cc1
MTBD,CC(C)C(C=C(C(C)C)C=C1C(C)C)=C1C2=C(P(C3CCCCC3)C4CCCCC4)C=CC=C2,CC1=CC=NO1,CN1CCCN2C1=NCCC2,BrC1=CC=C(CC)C=C1,17.09,CCc1ccc(Nc2ccc(C)cc2)cc1
MTBD,CC(C)C(C=C(C(C)C)C=C1C(C)C)=C1C2=C(P(C3CCCCC3)C4CCCCC4)C=CC=C2,CC1=CC=NO1,CN1CCCN2C1=NCCC2,IC1=CC=C(CC)C=C1,30.6,CCc1ccc(Nc2ccc(C)cc2)cc1
MTBD,CC(C)C(C=C(C(C)C)C=C1C(C)C)=C1C2=C(P(C3CCCCC3)C4CCCCC4)C=CC=C2,CC1=CC=NO1,CN1CCCN2C1=NCCC2,ClC1=NC=CC=C1,26.31,Cc1ccc(Nc2ccccn2)cc1
MTBD,CC(C)C(C=C(C(C)C)C=C1C(C)C)=C1C2=C(P(C3CCCCC3)C4CCCCC4)C=CC=C2,CC1=CC=NO1,CN1CCCN2C1=NCCC2,BrC1=NC=CC=C1,50.1,Cc1ccc(Nc2ccccn2)cc1
MTBD,CC(C)C(C=C(C(C)C)C=C1C(C)C)=C1C2=C(P(C3CCCCC3)C4CCCCC4)C=CC=C2,CC1=CC=NO1,CN1CCCN2C1=NCCC2,IC1=NC=CC=C1,55.0,Cc1ccc(Nc2ccccn2)cc1
MTBD,CC(C)C(C=C(C(C)C)C=C1C(C)C)=C1C2=C(P(C3CCCCC3)C4CCCCC4)C=CC=C2,CC1=CC=NO1,CN1CCCN2C1=NCCC2,ClC1=CN=CC=C1,6.97,Cc1ccc(Nc2cccnc2)cc1
MTBD,CC(C)C(C=C(C(C)C)C=C1C(C)C)=C1C2=C(P(C3CCCCC3)C4CCCCC4)C=CC=C2,CC1=CC=NO1,CN1CCCN2C1=NCCC2,BrC1=CN=CC=C1,18.12,Cc1ccc(Nc2cccnc2)cc1
MTBD,CC(C)C(C=C(C(C)C)C=C1C(C)C)=C1C2=C(P(C3CCCCC3)C4CCCCC4)C=CC=C2,CC1=CC=NO1,CN1CCCN2C1=NCCC2,IC1=CN=CC=C1,29.07,Cc1ccc(Nc2cccnc2)cc1
P2Et,CC(C)C(C=C(C(C)C)C=C1C(C)C)=C1C2=C(P(C3CCCCC3)C4CCCCC4)C=CC=C2,C12=CON=C1C=CC=C2,CN(C)P(N(C)C)(N(C)C)=NP(N(C)C)(N(C)C)=NCC,ClC1=CC=C(C(F)(F)F)C=C1,1.25,Cc1ccc(Nc2ccc(C(F)(F)F)cc2)cc1
P2Et,CC(C)C(C=C(C(C)C)C=C1C(C)C)=C1C2=C(P(C3CCCCC3)C4CCCCC4)C=CC=C2,C12=CON=C1C=CC=C2,CN(C)P(N(C)C)(N(C)C)=NP(N(C)C)(N(C)C)=NCC,BrC1=CC=C(C(F)(F)F)C=C1,8.11,Cc1ccc(Nc2ccc(C(F)(F)F)cc2)cc1
P2Et,CC(C)C(C=C(C(C)C)C=C1C(C)C)=C1C2=C(P(C3CCCCC3)C4CCCCC4)C=CC=C2,C12=CON=C1C=CC=C2,CN(C)P(N(C)C)(N(C)C)=NP(N(C)C)(N(C)C)=NCC,IC1=CC=C(C(F)(F)F)C=C1,9.11,Cc1ccc(Nc2ccc(C(F)(F)F)cc2)cc1
P2Et,CC(C)C(C=C(C(C)C)C=C1C(C)C)=C1C2=C(P(C3CCCCC3)C4CCCCC4)C=CC=C2,C12=CON=C1C=CC=C2,CN(C)P(N(C)C)(N(C)C)=NP(N(C)C)(N(C)C)=NCC,ClC1=CC=C(OC)C=C1,0.12,COc1ccc(Nc2ccc(C)cc2)cc1
P2Et,CC(C)C(C=C(C(C)C)C=C1C(C)C)=C1C2=C(P(C3CCCCC3)C4CCCCC4)C=CC=C2,C12=CON=C1C=CC=C2,CN(C)P(N(C)C)(N(C)C)=NP(N(C)C)(N(C)C)=NCC,BrC1=CC=C(OC)C=C1,3.27,COc1ccc(Nc2ccc(C)cc2)cc1
P2Et,CC(C)C(C=C(C(C)C)C=C1C(C)C)=C1C2=C(P(C3CCCCC3)C4CCCCC4)C=CC=C2,C12=CON=C1C=CC=C2,CN(C)P(N(C)C)(N(C)C)=NP(N(C)C)(N(C)C)=NCC,IC1=CC=C(OC)C=C1,9.11,COc1ccc(Nc2ccc(C)cc2)cc1
P2Et,CC(C)C(C=C(C(C)C)C=C1C(C)C)=C1C2=C(P(C3CCCCC3)C4CCCCC4)C=CC=C2,C12=CON=C1C=CC=C2,CN(C)P(N(C)C)(N(C)C)=NP(N(C)C)(N(C)C)=NCC,ClC1=CC=C(CC)C=C1,0.69,CCc1ccc(Nc2ccc(C)cc2)cc1
P2Et,CC(C)C(C=C(C(C)C)C=C1C(C)C)=C1C2=C(P(C3CCCCC3)C4CCCCC4)C=CC=C2,C12=CON=C1C=CC=C2,CN(C)P(N(C)C)(N(C)C)=NP(N(C)C)(N(C)C)=NCC,BrC1=CC=C(CC)C=C1,8.88,CCc1ccc(Nc2ccc(C)cc2)cc1
P2Et,CC(C)C(C=C(C(C)C)C=C1C(C)C)=C1C2=C(P(C3CCCCC3)C4CCCCC4)C=CC=C2,C12=CON=C1C=CC=C2,CN(C)P(N(C)C)(N(C)C)=NP(N(C)C)(N(C)C)=NCC,IC1=CC=C(CC)C=C1,6.08,CCc1ccc(Nc2ccc(C)cc2)cc1
P2Et,CC(C)C(C=C(C(C)C)C=C1C(C)C)=C1C2=C(P(C3CCCCC3)C4CCCCC4)C=CC=C2,C12=CON=C1C=CC=C2,CN(C)P(N(C)C)(N(C)C)=NP(N(C)C)(N(C)C)=NCC,ClC1=NC=CC=C1,7.97,Cc1ccc(Nc2ccccn2)cc1
P2Et,CC(C)C(C=C(C(C)C)C=C1C(C)C)=C1C2=C(P(C3CCCCC3)C4CCCCC4)C=CC=C2,C12=CON=C1C=CC=C2,CN(C)P(N(C)C)(N(C)C)=NP(N(C)C)(N(C)C)=NCC,BrC1=NC=CC=C1,11.18,Cc1ccc(Nc2ccccn2)cc1
P2Et,CC(C)C(C=C(C(C)C)C=C1C(C)C)=C1C2=C(P(C3CCCCC3)C4CCCCC4)C=CC=C2,C12=CON=C1C=CC=C2,CN(C)P(N(C)C)(N(C)C)=NP(N(C)C)(N(C)C)=NCC,IC1=NC=CC=C1,13.04,Cc1ccc(Nc2ccccn2)cc1
P2Et,CC(C)C(C=C(C(C)C)C=C1C(C)C)=C1C2=C(P(C3CCCCC3)C4CCCCC4)C=CC=C2,C12=CON=C1C=CC=C2,CN(C)P(N(C)C)(N(C)C)=NP(N(C)C)(N(C)C)=NCC,ClC1=CN=CC=C1,3.24,Cc1ccc(Nc2cccnc2)cc1
P2Et,CC(C)C(C=C(C(C)C)C=C1C(C)C)=C1C2=C(P(C3CCCCC3)C4CCCCC4)C=CC=C2,C12=CON=C1C=CC=C2,CN(C)P(N(C)C)(N(C)C)=NP(N(C)C)(N(C)C)=NCC,BrC1=CN=CC=C1,8.0,Cc1ccc(Nc2cccnc2)cc1
P2Et,CC(C)C(C=C(C(C)C)C=C1C(C)C)=C1C2=C(P(C3CCCCC3)C4CCCCC4)C=CC=C2,C12=CON=C1C=CC=C2,CN(C)P(N(C)C)(N(C)C)=NP(N(C)C)(N(C)C)=NCC,IC1=CN=CC=C1,9.68,Cc1ccc(Nc2cccnc2)cc1
BTMG,CC(C)C(C=C(C(C)C)C=C1C(C)C)=C1C2=C(P(C3CCCCC3)C4CCCCC4)C=CC=C2,C12=CON=C1C=CC=C2,CC(C)(C)/N=C(N(C)C)/N(C)C,ClC1=CC=C(C(F)(F)F)C=C1,0.0,Cc1ccc(Nc2ccc(C(F)(F)F)cc2)cc1
BTMG,CC(C)C(C=C(C(C)C)C=C1C(C)C)=C1C2=C(P(C3CCCCC3)C4CCCCC4)C=CC=C2,C12=CON=C1C=CC=C2,CC(C)(C)/N=C(N(C)C)/N(C)C,BrC1=CC=C(C(F)(F)F)C=C1,3.34,Cc1ccc(Nc2ccc(C(F)(F)F)cc2)cc1
BTMG,CC(C)C(C=C(C(C)C)C=C1C(C)C)=C1C2=C(P(C3CCCCC3)C4CCCCC4)C=CC=C2,C12=CON=C1C=CC=C2,CC(C)(C)/N=C(N(C)C)/N(C)C,IC1=CC=C(C(F)(F)F)C=C1,23.71,Cc1ccc(Nc2ccc(C(F)(F)F)cc2)cc1
BTMG,CC(C)C(C=C(C(C)C)C=C1C(C)C)=C1C2=C(P(C3CCCCC3)C4CCCCC4)C=CC=C2,C12=CON=C1C=CC=C2,CC(C)(C)/N=C(N(C)C)/N(C)C,ClC1=CC=C(OC)C=C1,0.0,COc1ccc(Nc2ccc(C)cc2)cc1
BTMG,CC(C)C(C=C(C(C)C)C=C1C(C)C)=C1C2=C(P(C3CCCCC3)C4CCCCC4)C=CC=C2,C12=CON=C1C=CC=C2,CC(C)(C)/N=C(N(C)C)/N(C)C,BrC1=CC=C(OC)C=C1,0.0,COc1ccc(Nc2ccc(C)cc2)cc1
BTMG,CC(C)C(C=C(C(C)C)C=C1C(C)C)=C1C2=C(P(C3CCCCC3)C4CCCCC4)C=CC=C2,C12=CON=C1C=CC=C2,CC(C)(C)/N=C(N(C)C)/N(C)C,IC1=CC=C(OC)C=C1,1.74,COc1ccc(Nc2ccc(C)cc2)cc1
BTMG,CC(C)C(C=C(C(C)C)C=C1C(C)C)=C1C2=C(P(C3CCCCC3)C4CCCCC4)C=CC=C2,C12=CON=C1C=CC=C2,CC(C)(C)/N=C(N(C)C)/N(C)C,ClC1=CC=C(CC)C=C1,0.0,CCc1ccc(Nc2ccc(C)cc2)cc1
BTMG,CC(C)C(C=C(C(C)C)C=C1C(C)C)=C1C2=C(P(C3CCCCC3)C4CCCCC4)C=CC=C2,C12=CON=C1C=CC=C2,CC(C)(C)/N=C(N(C)C)/N(C)C,BrC1=CC=C(CC)C=C1,1.13,CCc1ccc(Nc2ccc(C)cc2)cc1
BTMG,CC(C)C(C=C(C(C)C)C=C1C(C)C)=C1C2=C(P(C3CCCCC3)C4CCCCC4)C=CC=C2,C12=CON=C1C=CC=C2,CC(C)(C)/N=C(N(C)C)/N(C)C,IC1=CC=C(CC)C=C1,4.89,CCc1ccc(Nc2ccc(C)cc2)cc1
BTMG,CC(C)C(C=C(C(C)C)C=C1C(C)C)=C1C2=C(P(C3CCCCC3)C4CCCCC4)C=CC=C2,C12=CON=C1C=CC=C2,CC(C)(C)/N=C(N(C)C)/N(C)C,ClC1=NC=CC=C1,4.51,Cc1ccc(Nc2ccccn2)cc1
BTMG,CC(C)C(C=C(C(C)C)C=C1C(C)C)=C1C2=C(P(C3CCCCC3)C4CCCCC4)C=CC=C2,C12=CON=C1C=CC=C2,CC(C)(C)/N=C(N(C)C)/N(C)C,BrC1=NC=CC=C1,34.38,Cc1ccc(Nc2ccccn2)cc1
BTMG,CC(C)C(C=C(C(C)C)C=C1C(C)C)=C1C2=C(P(C3CCCCC3)C4CCCCC4)C=CC=C2,C12=CON=C1C=CC=C2,CC(C)(C)/N=C(N(C)C)/N(C)C,IC1=NC=CC=C1,42.29,Cc1ccc(Nc2ccccn2)cc1
BTMG,CC(C)C(C=C(C(C)C)C=C1C(C)C)=C1C2=C(P(C3CCCCC3)C4CCCCC4)C=CC=C2,C12=CON=C1C=CC=C2,CC(C)(C)/N=C(N(C)C)/N(C)C,ClC1=CN=CC=C1,0.0,Cc1ccc(Nc2cccnc2)cc1
BTMG,CC(C)C(C=C(C(C)C)C=C1C(C)C)=C1C2=C(P(C3CCCCC3)C4CCCCC4)C=CC=C2,C12=CON=C1C=CC=C2,CC(C)(C)/N=C(N(C)C)/N(C)C,BrC1=CN=CC=C1,5.95,Cc1ccc(Nc2cccnc2)cc1
BTMG,CC(C)C(C=C(C(C)C)C=C1C(C)C)=C1C2=C(P(C3CCCCC3)C4CCCCC4)C=CC=C2,C12=CON=C1C=CC=C2,CC(C)(C)/N=C(N(C)C)/N(C)C,IC1=CN=CC=C1,8.97,Cc1ccc(Nc2cccnc2)cc1
MTBD,CC(C)C(C=C(C(C)C)C=C1C(C)C)=C1C2=C(P(C3CCCCC3)C4CCCCC4)C=CC=C2,C12=CON=C1C=CC=C2,CN1CCCN2C1=NCCC2,ClC1=CC=C(C(F)(F)F)C=C1,0.0,Cc1ccc(Nc2ccc(C(F)(F)F)cc2)cc1
MTBD,CC(C)C(C=C(C(C)C)C=C1C(C)C)=C1C2=C(P(C3CCCCC3)C4CCCCC4)C=CC=C2,C12=CON=C1C=CC=C2,CN1CCCN2C1=NCCC2,BrC1=CC=C(C(F)(F)F)C=C1,3.07,Cc1ccc(Nc2ccc(C(F)(F)F)cc2)cc1
MTBD,CC(C)C(C=C(C(C)C)C=C1C(C)C)=C1C2=C(P(C3CCCCC3)C4CCCCC4)C=CC=C2,C12=CON=C1C=CC=C2,CN1CCCN2C1=NCCC2,IC1=CC=C(C(F)(F)F)C=C1,14.25,Cc1ccc(Nc2ccc(C(F)(F)F)cc2)cc1
MTBD,CC(C)C(C=C(C(C)C)C=C1C(C)C)=C1C2=C(P(C3CCCCC3)C4CCCCC4)C=CC=C2,C12=CON=C1C=CC=C2,CN1CCCN2C1=NCCC2,ClC1=CC=C(OC)C=C1,0.0,COc1ccc(Nc2ccc(C)cc2)cc1
MTBD,CC(C)C(C=C(C(C)C)C=C1C(C)C)=C1C2=C(P(C3CCCCC3)C4CCCCC4)C=CC=C2,C12=CON=C1C=CC=C2,CN1CCCN2C1=NCCC2,BrC1=CC=C(OC)C=C1,0.0,COc1ccc(Nc2ccc(C)cc2)cc1
MTBD,CC(C)C(C=C(C(C)C)C=C1C(C)C)=C1C2=C(P(C3CCCCC3)C4CCCCC4)C=CC=C2,C12=CON=C1C=CC=C2,CN1CCCN2C1=NCCC2,IC1=CC=C(OC)C=C1,0.88,COc1ccc(Nc2ccc(C)cc2)cc1
MTBD,CC(C)C(C=C(C(C)C)C=C1C(C)C)=C1C2=C(P(C3CCCCC3)C4CCCCC4)C=CC=C2,C12=CON=C1C=CC=C2,CN1CCCN2C1=NCCC2,ClC1=CC=C(CC)C=C1,0.0,CCc1ccc(Nc2ccc(C)cc2)cc1
MTBD,CC(C)C(C=C(C(C)C)C=C1C(C)C)=C1C2=C(P(C3CCCCC3)C4CCCCC4)C=CC=C2,C12=CON=C1C=CC=C2,CN1CCCN2C1=NCCC2,BrC1=CC=C(CC)C=C1,0.83,CCc1ccc(Nc2ccc(C)cc2)cc1
MTBD,CC(C)C(C=C(C(C)C)C=C1C(C)C)=C1C2=C(P(C3CCCCC3)C4CCCCC4)C=CC=C2,C12=CON=C1C=CC=C2,CN1CCCN2C1=NCCC2,IC1=CC=C(CC)C=C1,2.9,CCc1ccc(Nc2ccc(C)cc2)cc1
MTBD,CC(C)C(C=C(C(C)C)C=C1C(C)C)=C1C2=C(P(C3CCCCC3)C4CCCCC4)C=CC=C2,C12=CON=C1C=CC=C2,CN1CCCN2C1=NCCC2,ClC1=NC=CC=C1,6.54,Cc1ccc(Nc2ccccn2)cc1
MTBD,CC(C)C(C=C(C(C)C)C=C1C(C)C)=C1C2=C(P(C3CCCCC3)C4CCCCC4)C=CC=C2,C12=CON=C1C=CC=C2,CN1CCCN2C1=NCCC2,BrC1=NC=CC=C1,46.54,Cc1ccc(Nc2ccccn2)cc1
MTBD,CC(C)C(C=C(C(C)C)C=C1C(C)C)=C1C2=C(P(C3CCCCC3)C4CCCCC4)C=CC=C2,C12=CON=C1C=CC=C2,CN1CCCN2C1=NCCC2,IC1=NC=CC=C1,46.09,Cc1ccc(Nc2ccccn2)cc1
MTBD,CC(C)C(C=C(C(C)C)C=C1C(C)C)=C1C2=C(P(C3CCCCC3)C4CCCCC4)C=CC=C2,C12=CON=C1C=CC=C2,CN1CCCN2C1=NCCC2,ClC1=CN=CC=C1,0.0,Cc1ccc(Nc2cccnc2)cc1
MTBD,CC(C)C(C=C(C(C)C)C=C1C(C)C)=C1C2=C(P(C3CCCCC3)C4CCCCC4)C=CC=C2,C12=CON=C1C=CC=C2,CN1CCCN2C1=NCCC2,BrC1=CN=CC=C1,3.07,Cc1ccc(Nc2cccnc2)cc1
MTBD,CC(C)C(C=C(C(C)C)C=C1C(C)C)=C1C2=C(P(C3CCCCC3)C4CCCCC4)C=CC=C2,C12=CON=C1C=CC=C2,CN1CCCN2C1=NCCC2,IC1=CN=CC=C1,5.09,Cc1ccc(Nc2cccnc2)cc1
P2Et,CC(C)C(C=C(C(C)C)C=C1C(C)C)=C1C2=C(P(C3CCCCC3)C4CCCCC4)C=CC=C2,CC1=CC(C)=NO1,CN(C)P(N(C)C)(N(C)C)=NP(N(C)C)(N(C)C)=NCC,ClC1=CC=C(C(F)(F)F)C=C1,18.47,Cc1ccc(Nc2ccc(C(F)(F)F)cc2)cc1
P2Et,CC(C)C(C=C(C(C)C)C=C1C(C)C)=C1C2=C(P(C3CCCCC3)C4CCCCC4)C=CC=C2,CC1=CC(C)=NO1,CN(C)P(N(C)C)(N(C)C)=NP(N(C)C)(N(C)C)=NCC,BrC1=CC=C(C(F)(F)F)C=C1,13.47,Cc1ccc(Nc2ccc(C(F)(F)F)cc2)cc1
P2Et,CC(C)C(C=C(C(C)C)C=C1C(C)C)=C1C2=C(P(C3CCCCC3)C4CCCCC4)C=CC=C2,CC1=CC(C)=NO1,CN(C)P(N(C)C)(N(C)C)=NP(N(C)C)(N(C)C)=NCC,IC1=CC=C(C(F)(F)F)C=C1,37.38,Cc1ccc(Nc2ccc(C(F)(F)F)cc2)cc1
P2Et,CC(C)C(C=C(C(C)C)C=C1C(C)C)=C1C2=C(P(C3CCCCC3)C4CCCCC4)C=CC=C2,CC1=CC(C)=NO1,CN(C)P(N(C)C)(N(C)C)=NP(N(C)C)(N(C)C)=NCC,ClC1=CC=C(OC)C=C1,1.21,COc1ccc(Nc2ccc(C)cc2)cc1
P2Et,CC(C)C(C=C(C(C)C)C=C1C(C)C)=C1C2=C(P(C3CCCCC3)C4CCCCC4)C=CC=C2,CC1=CC(C)=NO1,CN(C)P(N(C)C)(N(C)C)=NP(N(C)C)(N(C)C)=NCC,BrC1=CC=C(OC)C=C1,39.67,COc1ccc(Nc2ccc(C)cc2)cc1
P2Et,CC(C)C(C=C(C(C)C)C=C1C(C)C)=C1C2=C(P(C3CCCCC3)C4CCCCC4)C=CC=C2,CC1=CC(C)=NO1,CN(C)P(N(C)C)(N(C)C)=NP(N(C)C)(N(C)C)=NCC,IC1=CC=C(OC)C=C1,41.18,COc1ccc(Nc2ccc(C)cc2)cc1
P2Et,CC(C)C(C=C(C(C)C)C=C1C(C)C)=C1C2=C(P(C3CCCCC3)C4CCCCC4)C=CC=C2,CC1=CC(C)=NO1,CN(C)P(N(C)C)(N(C)C)=NP(N(C)C)(N(C)C)=NCC,ClC1=CC=C(CC)C=C1,10.3,CCc1ccc(Nc2ccc(C)cc2)cc1
P2Et,CC(C)C(C=C(C(C)C)C=C1C(C)C)=C1C2=C(P(C3CCCCC3)C4CCCCC4)C=CC=C2,CC1=CC(C)=NO1,CN(C)P(N(C)C)(N(C)C)=NP(N(C)C)(N(C)C)=NCC,BrC1=CC=C(CC)C=C1,61.73,CCc1ccc(Nc2ccc(C)cc2)cc1
P2Et,CC(C)C(C=C(C(C)C)C=C1C(C)C)=C1C2=C(P(C3CCCCC3)C4CCCCC4)C=CC=C2,CC1=CC(C)=NO1,CN(C)P(N(C)C)(N(C)C)=NP(N(C)C)(N(C)C)=NCC,IC1=CC=C(CC)C=C1,62.92,CCc1ccc(Nc2ccc(C)cc2)cc1
P2Et,CC(C)C(C=C(C(C)C)C=C1C(C)C)=C1C2=C(P(C3CCCCC3)C4CCCCC4)C=CC=C2,CC1=CC(C)=NO1,CN(C)P(N(C)C)(N(C)C)=NP(N(C)C)(N(C)C)=NCC,ClC1=NC=CC=C1,19.79,Cc1ccc(Nc2ccccn2)cc1
P2Et,CC(C)C(C=C(C(C)C)C=C1C(C)C)=C1C2=C(P(C3CCCCC3)C4CCCCC4)C=CC=C2,CC1=CC(C)=NO1,CN(C)P(N(C)C)(N(C)C)=NP(N(C)C)(N(C)C)=NCC,BrC1=NC=CC=C1,23.54,Cc1ccc(Nc2ccccn2)cc1
P2Et,CC(C)C(C=C(C(C)C)C=C1C(C)C)=C1C2=C(P(C3CCCCC3)C4CCCCC4)C=CC=C2,CC1=CC(C)=NO1,CN(C)P(N(C)C)(N(C)C)=NP(N(C)C)(N(C)C)=NCC,IC1=NC=CC=C1,21.92,Cc1ccc(Nc2ccccn2)cc1
P2Et,CC(C)C(C=C(C(C)C)C=C1C(C)C)=C1C2=C(P(C3CCCCC3)C4CCCCC4)C=CC=C2,CC1=CC(C)=NO1,CN(C)P(N(C)C)(N(C)C)=NP(N(C)C)(N(C)C)=NCC,ClC1=CN=CC=C1,47.96,Cc1ccc(Nc2cccnc2)cc1
P2Et,CC(C)C(C=C(C(C)C)C=C1C(C)C)=C1C2=C(P(C3CCCCC3)C4CCCCC4)C=CC=C2,CC1=CC(C)=NO1,CN(C)P(N(C)C)(N(C)C)=NP(N(C)C)(N(C)C)=NCC,BrC1=CN=CC=C1,27.15,Cc1ccc(Nc2cccnc2)cc1
P2Et,CC(C)C(C=C(C(C)C)C=C1C(C)C)=C1C2=C(P(C3CCCCC3)C4CCCCC4)C=CC=C2,CC1=CC(C)=NO1,CN(C)P(N(C)C)(N(C)C)=NP(N(C)C)(N(C)C)=NCC,IC1=CN=CC=C1,76.45,Cc1ccc(Nc2cccnc2)cc1
BTMG,CC(C)C(C=C(C(C)C)C=C1C(C)C)=C1C2=C(P(C3CCCCC3)C4CCCCC4)C=CC=C2,CC1=CC(C)=NO1,CC(C)(C)/N=C(N(C)C)/N(C)C,ClC1=CC=C(C(F)(F)F)C=C1,0.0,Cc1ccc(Nc2ccc(C(F)(F)F)cc2)cc1
BTMG,CC(C)C(C=C(C(C)C)C=C1C(C)C)=C1C2=C(P(C3CCCCC3)C4CCCCC4)C=CC=C2,CC1=CC(C)=NO1,CC(C)(C)/N=C(N(C)C)/N(C)C,BrC1=CC=C(C(F)(F)F)C=C1,30.36,Cc1ccc(Nc2ccc(C(F)(F)F)cc2)cc1
BTMG,CC(C)C(C=C(C(C)C)C=C1C(C)C)=C1C2=C(P(C3CCCCC3)C4CCCCC4)C=CC=C2,CC1=CC(C)=NO1,CC(C)(C)/N=C(N(C)C)/N(C)C,IC1=CC=C(C(F)(F)F)C=C1,31.87,Cc1ccc(Nc2ccc(C(F)(F)F)cc2)cc1
BTMG,CC(C)C(C=C(C(C)C)C=C1C(C)C)=C1C2=C(P(C3CCCCC3)C4CCCCC4)C=CC=C2,CC1=CC(C)=NO1,CC(C)(C)/N=C(N(C)C)/N(C)C,ClC1=CC=C(OC)C=C1,0.54,COc1ccc(Nc2ccc(C)cc2)cc1
BTMG,CC(C)C(C=C(C(C)C)C=C1C(C)C)=C1C2=C(P(C3CCCCC3)C4CCCCC4)C=CC=C2,CC1=CC(C)=NO1,CC(C)(C)/N=C(N(C)C)/N(C)C,BrC1=CC=C(OC)C=C1,14.1,COc1ccc(Nc2ccc(C)cc2)cc1
BTMG,CC(C)C(C=C(C(C)C)C=C1C(C)C)=C1C2=C(P(C3CCCCC3)C4CCCCC4)C=CC=C2,CC1=CC(C)=NO1,CC(C)(C)/N=C(N(C)C)/N(C)C,IC1=CC=C(OC)C=C1,17.11,COc1ccc(Nc2ccc(C)cc2)cc1
BTMG,CC(C)C(C=C(C(C)C)C=C1C(C)C)=C1C2=C(P(C3CCCCC3)C4CCCCC4)C=CC=C2,CC1=CC(C)=NO1,CC(C)(C)/N=C(N(C)C)/N(C)C,ClC1=CC=C(CC)C=C1,3.02,CCc1ccc(Nc2ccc(C)cc2)cc1
BTMG,CC(C)C(C=C(C(C)C)C=C1C(C)C)=C1C2=C(P(C3CCCCC3)C4CCCCC4)C=CC=C2,CC1=CC(C)=NO1,CC(C)(C)/N=C(N(C)C)/N(C)C,BrC1=CC=C(CC)C=C1,33.44,CCc1ccc(Nc2ccc(C)cc2)cc1
BTMG,CC(C)C(C=C(C(C)C)C=C1C(C)C)=C1C2=C(P(C3CCCCC3)C4CCCCC4)C=CC=C2,CC1=CC(C)=NO1,CC(C)(C)/N=C(N(C)C)/N(C)C,IC1=CC=C(CC)C=C1,35.15,CCc1ccc(Nc2ccc(C)cc2)cc1
BTMG,CC(C)C(C=C(C(C)C)C=C1C(C)C)=C1C2=C(P(C3CCCCC3)C4CCCCC4)C=CC=C2,CC1=CC(C)=NO1,CC(C)(C)/N=C(N(C)C)/N(C)C,ClC1=NC=CC=C1,24.24,Cc1ccc(Nc2ccccn2)cc1
BTMG,CC(C)C(C=C(C(C)C)C=C1C(C)C)=C1C2=C(P(C3CCCCC3)C4CCCCC4)C=CC=C2,CC1=CC(C)=NO1,CC(C)(C)/N=C(N(C)C)/N(C)C,BrC1=NC=CC=C1,43.49,Cc1ccc(Nc2ccccn2)cc1
BTMG,CC(C)C(C=C(C(C)C)C=C1C(C)C)=C1C2=C(P(C3CCCCC3)C4CCCCC4)C=CC=C2,CC1=CC(C)=NO1,CC(C)(C)/N=C(N(C)C)/N(C)C,IC1=NC=CC=C1,48.24,Cc1ccc(Nc2ccccn2)cc1
BTMG,CC(C)C(C=C(C(C)C)C=C1C(C)C)=C1C2=C(P(C3CCCCC3)C4CCCCC4)C=CC=C2,CC1=CC(C)=NO1,CC(C)(C)/N=C(N(C)C)/N(C)C,ClC1=CN=CC=C1,14.07,Cc1ccc(Nc2cccnc2)cc1
BTMG,CC(C)C(C=C(C(C)C)C=C1C(C)C)=C1C2=C(P(C3CCCCC3)C4CCCCC4)C=CC=C2,CC1=CC(C)=NO1,CC(C)(C)/N=C(N(C)C)/N(C)C,BrC1=CN=CC=C1,26.31,Cc1ccc(Nc2cccnc2)cc1
BTMG,CC(C)C(C=C(C(C)C)C=C1C(C)C)=C1C2=C(P(C3CCCCC3)C4CCCCC4)C=CC=C2,CC1=CC(C)=NO1,CC(C)(C)/N=C(N(C)C)/N(C)C,IC1=CN=CC=C1,35.93,Cc1ccc(Nc2cccnc2)cc1
MTBD,CC(C)C(C=C(C(C)C)C=C1C(C)C)=C1C2=C(P(C3CCCCC3)C4CCCCC4)C=CC=C2,CC1=CC(C)=NO1,CN1CCCN2C1=NCCC2,ClC1=CC=C(C(F)(F)F)C=C1,12.9,Cc1ccc(Nc2ccc(C(F)(F)F)cc2)cc1
MTBD,CC(C)C(C=C(C(C)C)C=C1C(C)C)=C1C2=C(P(C3CCCCC3)C4CCCCC4)C=CC=C2,CC1=CC(C)=NO1,CN1CCCN2C1=NCCC2,BrC1=CC=C(C(F)(F)F)C=C1,25.01,Cc1ccc(Nc2ccc(C(F)(F)F)cc2)cc1
MTBD,CC(C)C(C=C(C(C)C)C=C1C(C)C)=C1C2=C(P(C3CCCCC3)C4CCCCC4)C=CC=C2,CC1=CC(C)=NO1,CN1CCCN2C1=NCCC2,IC1=CC=C(C(F)(F)F)C=C1,42.53,Cc1ccc(Nc2ccc(C(F)(F)F)cc2)cc1
MTBD,CC(C)C(C=C(C(C)C)C=C1C(C)C)=C1C2=C(P(C3CCCCC3)C4CCCCC4)C=CC=C2,CC1=CC(C)=NO1,CN1CCCN2C1=NCCC2,ClC1=CC=C(OC)C=C1,0.45,COc1ccc(Nc2ccc(C)cc2)cc1
MTBD,CC(C)C(C=C(C(C)C)C=C1C(C)C)=C1C2=C(P(C3CCCCC3)C4CCCCC4)C=CC=C2,CC1=CC(C)=NO1,CN1CCCN2C1=NCCC2,BrC1=CC=C(OC)C=C1,12.94,COc1ccc(Nc2ccc(C)cc2)cc1
MTBD,CC(C)C(C=C(C(C)C)C=C1C(C)C)=C1C2=C(P(C3CCCCC3)C4CCCCC4)C=CC=C2,CC1=CC(C)=NO1,CN1CCCN2C1=NCCC2,IC1=CC=C(OC)C=C1,24.72,COc1ccc(Nc2ccc(C)cc2)cc1
MTBD,CC(C)C(C=C(C(C)C)C=C1C(C)C)=C1C2=C(P(C3CCCCC3)C4CCCCC4)C=CC=C2,CC1=CC(C)=NO1,CN1CCCN2C1=NCCC2,ClC1=CC=C(CC)C=C1,2.84,CCc1ccc(Nc2ccc(C)cc2)cc1
MTBD,CC(C)C(C=C(C(C)C)C=C1C(C)C)=C1C2=C(P(C3CCCCC3)C4CCCCC4)C=CC=C2,CC1=CC(C)=NO1,CN1CCCN2C1=NCCC2,BrC1=CC=C(CC)C=C1,36.58,CCc1ccc(Nc2ccc(C)cc2)cc1
MTBD,CC(C)C(C=C(C(C)C)C=C1C(C)C)=C1C2=C(P(C3CCCCC3)C4CCCCC4)C=CC=C2,CC1=CC(C)=NO1,CN1CCCN2C1=NCCC2,IC1=CC=C(CC)C=C1,64.14,CCc1ccc(Nc2ccc(C)cc2)cc1
MTBD,CC(C)C(C=C(C(C)C)C=C1C(C)C)=C1C2=C(P(C3CCCCC3)C4CCCCC4)C=CC=C2,CC1=CC(C)=NO1,CN1CCCN2C1=NCCC2,ClC1=NC=CC=C1,32.17,Cc1ccc(Nc2ccccn2)cc1
MTBD,CC(C)C(C=C(C(C)C)C=C1C(C)C)=C1C2=C(P(C3CCCCC3)C4CCCCC4)C=CC=C2,CC1=CC(C)=NO1,CN1CCCN2C1=NCCC2,BrC1=NC=CC=C1,51.65,Cc1ccc(Nc2ccccn2)cc1
MTBD,CC(C)C(C=C(C(C)C)C=C1C(C)C)=C1C2=C(P(C3CCCCC3)C4CCCCC4)C=CC=C2,CC1=CC(C)=NO1,CN1CCCN2C1=NCCC2,IC1=NC=CC=C1,58.4,Cc1ccc(Nc2ccccn2)cc1
MTBD,CC(C)C(C=C(C(C)C)C=C1C(C)C)=C1C2=C(P(C3CCCCC3)C4CCCCC4)C=CC=C2,CC1=CC(C)=NO1,CN1CCCN2C1=NCCC2,ClC1=CN=CC=C1,13.38,Cc1ccc(Nc2cccnc2)cc1
MTBD,CC(C)C(C=C(C(C)C)C=C1C(C)C)=C1C2=C(P(C3CCCCC3)C4CCCCC4)C=CC=C2,CC1=CC(C)=NO1,CN1CCCN2C1=NCCC2,BrC1=CN=CC=C1,30.61,Cc1ccc(Nc2cccnc2)cc1
MTBD,CC(C)C(C=C(C(C)C)C=C1C(C)C)=C1C2=C(P(C3CCCCC3)C4CCCCC4)C=CC=C2,CC1=CC(C)=NO1,CN1CCCN2C1=NCCC2,IC1=CN=CC=C1,47.67,Cc1ccc(Nc2cccnc2)cc1
P2Et,CC(C)C(C=C(C(C)C)C=C1C(C)C)=C1C2=C(P(C3CCCCC3)C4CCCCC4)C=CC=C2,O=C(OC)C1=CC=NO1,CN(C)P(N(C)C)(N(C)C)=NP(N(C)C)(N(C)C)=NCC,ClC1=CC=C(C(F)(F)F)C=C1,9.06,Cc1ccc(Nc2ccc(C(F)(F)F)cc2)cc1
P2Et,CC(C)C(C=C(C(C)C)C=C1C(C)C)=C1C2=C(P(C3CCCCC3)C4CCCCC4)C=CC=C2,O=C(OC)C1=CC=NO1,CN(C)P(N(C)C)(N(C)C)=NP(N(C)C)(N(C)C)=NCC,BrC1=CC=C(C(F)(F)F)C=C1,8.92,Cc1ccc(Nc2ccc(C(F)(F)F)cc2)cc1
P2Et,CC(C)C(C=C(C(C)C)C=C1C(C)C)=C1C2=C(P(C3CCCCC3)C4CCCCC4)C=CC=C2,O=C(OC)C1=CC=NO1,CN(C)P(N(C)C)(N(C)C)=NP(N(C)C)(N(C)C)=NCC,IC1=CC=C(C(F)(F)F)C=C1,8.67,Cc1ccc(Nc2ccc(C(F)(F)F)cc2)cc1
P2Et,CC(C)C(C=C(C(C)C)C=C1C(C)C)=C1C2=C(P(C3CCCCC3)C4CCCCC4)C=CC=C2,O=C(OC)C1=CC=NO1,CN(C)P(N(C)C)(N(C)C)=NP(N(C)C)(N(C)C)=NCC,ClC1=CC=C(OC)C=C1,1.47,COc1ccc(Nc2ccc(C)cc2)cc1
P2Et,CC(C)C(C=C(C(C)C)C=C1C(C)C)=C1C2=C(P(C3CCCCC3)C4CCCCC4)C=CC=C2,O=C(OC)C1=CC=NO1,CN(C)P(N(C)C)(N(C)C)=NP(N(C)C)(N(C)C)=NCC,BrC1=CC=C(OC)C=C1,2.63,COc1ccc(Nc2ccc(C)cc2)cc1
P2Et,CC(C)C(C=C(C(C)C)C=C1C(C)C)=C1C2=C(P(C3CCCCC3)C4CCCCC4)C=CC=C2,O=C(OC)C1=CC=NO1,CN(C)P(N(C)C)(N(C)C)=NP(N(C)C)(N(C)C)=NCC,IC1=CC=C(OC)C=C1,4.47,COc1ccc(Nc2ccc(C)cc2)cc1
P2Et,CC(C)C(C=C(C(C)C)C=C1C(C)C)=C1C2=C(P(C3CCCCC3)C4CCCCC4)C=CC=C2,O=C(OC)C1=CC=NO1,CN(C)P(N(C)C)(N(C)C)=NP(N(C)C)(N(C)C)=NCC,ClC1=CC=C(CC)C=C1,6.91,CCc1ccc(Nc2ccc(C)cc2)cc1
P2Et,CC(C)C(C=C(C(C)C)C=C1C(C)C)=C1C2=C(P(C3CCCCC3)C4CCCCC4)C=CC=C2,O=C(OC)C1=CC=NO1,CN(C)P(N(C)C)(N(C)C)=NP(N(C)C)(N(C)C)=NCC,BrC1=CC=C(CC)C=C1,8.65,CCc1ccc(Nc2ccc(C)cc2)cc1
P2Et,CC(C)C(C=C(C(C)C)C=C1C(C)C)=C1C2=C(P(C3CCCCC3)C4CCCCC4)C=CC=C2,O=C(OC)C1=CC=NO1,CN(C)P(N(C)C)(N(C)C)=NP(N(C)C)(N(C)C)=NCC,IC1=CC=C(CC)C=C1,10.22,CCc1ccc(Nc2ccc(C)cc2)cc1
P2Et,CC(C)C(C=C(C(C)C)C=C1C(C)C)=C1C2=C(P(C3CCCCC3)C4CCCCC4)C=CC=C2,O=C(OC)C1=CC=NO1,CN(C)P(N(C)C)(N(C)C)=NP(N(C)C)(N(C)C)=NCC,ClC1=NC=CC=C1,7.15,Cc1ccc(Nc2ccccn2)cc1
P2Et,CC(C)C(C=C(C(C)C)C=C1C(C)C)=C1C2=C(P(C3CCCCC3)C4CCCCC4)C=CC=C2,O=C(OC)C1=CC=NO1,CN(C)P(N(C)C)(N(C)C)=NP(N(C)C)(N(C)C)=NCC,BrC1=NC=CC=C1,9.8,Cc1ccc(Nc2ccccn2)cc1
P2Et,CC(C)C(C=C(C(C)C)C=C1C(C)C)=C1C2=C(P(C3CCCCC3)C4CCCCC4)C=CC=C2,O=C(OC)C1=CC=NO1,CN(C)P(N(C)C)(N(C)C)=NP(N(C)C)(N(C)C)=NCC,IC1=NC=CC=C1,10.14,Cc1ccc(Nc2ccccn2)cc1
P2Et,CC(C)C(C=C(C(C)C)C=C1C(C)C)=C1C2=C(P(C3CCCCC3)C4CCCCC4)C=CC=C2,O=C(OC)C1=CC=NO1,CN(C)P(N(C)C)(N(C)C)=NP(N(C)C)(N(C)C)=NCC,ClC1=CN=CC=C1,3.03,Cc1ccc(Nc2cccnc2)cc1
P2Et,CC(C)C(C=C(C(C)C)C=C1C(C)C)=C1C2=C(P(C3CCCCC3)C4CCCCC4)C=CC=C2,O=C(OC)C1=CC=NO1,CN(C)P(N(C)C)(N(C)C)=NP(N(C)C)(N(C)C)=NCC,BrC1=CN=CC=C1,4.55,Cc1ccc(Nc2cccnc2)cc1
P2Et,CC(C)C(C=C(C(C)C)C=C1C(C)C)=C1C2=C(P(C3CCCCC3)C4CCCCC4)C=CC=C2,O=C(OC)C1=CC=NO1,CN(C)P(N(C)C)(N(C)C)=NP(N(C)C)(N(C)C)=NCC,IC1=CN=CC=C1,8.55,Cc1ccc(Nc2cccnc2)cc1
BTMG,CC(C)C(C=C(C(C)C)C=C1C(C)C)=C1C2=C(P(C3CCCCC3)C4CCCCC4)C=CC=C2,O=C(OC)C1=CC=NO1,CC(C)(C)/N=C(N(C)C)/N(C)C,ClC1=CC=C(C(F)(F)F)C=C1,7.13,Cc1ccc(Nc2ccc(C(F)(F)F)cc2)cc1
BTMG,CC(C)C(C=C(C(C)C)C=C1C(C)C)=C1C2=C(P(C3CCCCC3)C4CCCCC4)C=CC=C2,O=C(OC)C1=CC=NO1,CC(C)(C)/N=C(N(C)C)/N(C)C,BrC1=CC=C(C(F)(F)F)C=C1,17.58,Cc1ccc(Nc2ccc(C(F)(F)F)cc2)cc1
BTMG,CC(C)C(C=C(C(C)C)C=C1C(C)C)=C1C2=C(P(C3CCCCC3)C4CCCCC4)C=CC=C2,O=C(OC)C1=CC=NO1,CC(C)(C)/N=C(N(C)C)/N(C)C,IC1=CC=C(C(F)(F)F)C=C1,26.36,Cc1ccc(Nc2ccc(C(F)(F)F)cc2)cc1
BTMG,CC(C)C(C=C(C(C)C)C=C1C(C)C)=C1C2=C(P(C3CCCCC3)C4CCCCC4)C=CC=C2,O=C(OC)C1=CC=NO1,CC(C)(C)/N=C(N(C)C)/N(C)C,ClC1=CC=C(OC)C=C1,0.0,COc1ccc(Nc2ccc(C)cc2)cc1
BTMG,CC(C)C(C=C(C(C)C)C=C1C(C)C)=C1C2=C(P(C3CCCCC3)C4CCCCC4)C=CC=C2,O=C(OC)C1=CC=NO1,CC(C)(C)/N=C(N(C)C)/N(C)C,BrC1=CC=C(OC)C=C1,0.67,COc1ccc(Nc2ccc(C)cc2)cc1
BTMG,CC(C)C(C=C(C(C)C)C=C1C(C)C)=C1C2=C(P(C3CCCCC3)C4CCCCC4)C=CC=C2,O=C(OC)C1=CC=NO1,CC(C)(C)/N=C(N(C)C)/N(C)C,IC1=CC=C(OC)C=C1,2.87,COc1ccc(Nc2ccc(C)cc2)cc1
BTMG,CC(C)C(C=C(C(C)C)C=C1C(C)C)=C1C2=C(P(C3CCCCC3)C4CCCCC4)C=CC=C2,O=C(OC)C1=CC=NO1,CC(C)(C)/N=C(N(C)C)/N(C)C,ClC1=CC=C(CC)C=C1,0.0,CCc1ccc(Nc2ccc(C)cc2)cc1
BTMG,CC(C)C(C=C(C(C)C)C=C1C(C)C)=C1C2=C(P(C3CCCCC3)C4CCCCC4)C=CC=C2,O=C(OC)C1=CC=NO1,CC(C)(C)/N=C(N(C)C)/N(C)C,BrC1=CC=C(CC)C=C1,4.89,CCc1ccc(Nc2ccc(C)cc2)cc1
BTMG,CC(C)C(C=C(C(C)C)C=C1C(C)C)=C1C2=C(P(C3CCCCC3)C4CCCCC4)C=CC=C2,O=C(OC)C1=CC=NO1,CC(C)(C)/N=C(N(C)C)/N(C)C,IC1=CC=C(CC)C=C1,8.12,CCc1ccc(Nc2ccc(C)cc2)cc1
BTMG,CC(C)C(C=C(C(C)C)C=C1C(C)C)=C1C2=C(P(C3CCCCC3)C4CCCCC4)C=CC=C2,O=C(OC)C1=CC=NO1,CC(C)(C)/N=C(N(C)C)/N(C)C,ClC1=NC=CC=C1,11.69,Cc1ccc(Nc2ccccn2)cc1
BTMG,CC(C)C(C=C(C(C)C)C=C1C(C)C)=C1C2=C(P(C3CCCCC3)C4CCCCC4)C=CC=C2,O=C(OC)C1=CC=NO1,CC(C)(C)/N=C(N(C)C)/N(C)C,BrC1=NC=CC=C1,24.98,Cc1ccc(Nc2ccccn2)cc1
BTMG,CC(C)C(C=C(C(C)C)C=C1C(C)C)=C1C2=C(P(C3CCCCC3)C4CCCCC4)C=CC=C2,O=C(OC)C1=CC=NO1,CC(C)(C)/N=C(N(C)C)/N(C)C,IC1=NC=CC=C1,29.26,Cc1ccc(Nc2ccccn2)cc1
BTMG,CC(C)C(C=C(C(C)C)C=C1C(C)C)=C1C2=C(P(C3CCCCC3)C4CCCCC4)C=CC=C2,O=C(OC)C1=CC=NO1,CC(C)(C)/N=C(N(C)C)/N(C)C,ClC1=CN=CC=C1,0.89,Cc1ccc(Nc2cccnc2)cc1
BTMG,CC(C)C(C=C(C(C)C)C=C1C(C)C)=C1C2=C(P(C3CCCCC3)C4CCCCC4)C=CC=C2,O=C(OC)C1=CC=NO1,CC(C)(C)/N=C(N(C)C)/N(C)C,BrC1=CN=CC=C1,2.55,Cc1ccc(Nc2cccnc2)cc1
BTMG,CC(C)C(C=C(C(C)C)C=C1C(C)C)=C1C2=C(P(C3CCCCC3)C4CCCCC4)C=CC=C2,O=C(OC)C1=CC=NO1,CC(C)(C)/N=C(N(C)C)/N(C)C,IC1=CN=CC=C1,7.47,Cc1ccc(Nc2cccnc2)cc1
MTBD,CC(C)C(C=C(C(C)C)C=C1C(C)C)=C1C2=C(P(C3CCCCC3)C4CCCCC4)C=CC=C2,O=C(OC)C1=CC=NO1,CN1CCCN2C1=NCCC2,ClC1=CC=C(C(F)(F)F)C=C1,9.97,Cc1ccc(Nc2ccc(C(F)(F)F)cc2)cc1
MTBD,CC(C)C(C=C(C(C)C)C=C1C(C)C)=C1C2=C(P(C3CCCCC3)C4CCCCC4)C=CC=C2,O=C(OC)C1=CC=NO1,CN1CCCN2C1=NCCC2,BrC1=CC=C(C(F)(F)F)C=C1,17.78,Cc1ccc(Nc2ccc(C(F)(F)F)cc2)cc1
MTBD,CC(C)C(C=C(C(C)C)C=C1C(C)C)=C1C2=C(P(C3CCCCC3)C4CCCCC4)C=CC=C2,O=C(OC)C1=CC=NO1,CN1CCCN2C1=NCCC2,IC1=CC=C(C(F)(F)F)C=C1,18.91,Cc1ccc(Nc2ccc(C(F)(F)F)cc2)cc1
MTBD,CC(C)C(C=C(C(C)C)C=C1C(C)C)=C1C2=C(P(C3CCCCC3)C4CCCCC4)C=CC=C2,O=C(OC)C1=CC=NO1,CN1CCCN2C1=NCCC2,ClC1=CC=C(OC)C=C1,0.0,COc1ccc(Nc2ccc(C)cc2)cc1
MTBD,CC(C)C(C=C(C(C)C)C=C1C(C)C)=C1C2=C(P(C3CCCCC3)C4CCCCC4)C=CC=C2,O=C(OC)C1=CC=NO1,CN1CCCN2C1=NCCC2,BrC1=CC=C(OC)C=C1,2.79,COc1ccc(Nc2ccc(C)cc2)cc1
MTBD,CC(C)C(C=C(C(C)C)C=C1C(C)C)=C1C2=C(P(C3CCCCC3)C4CCCCC4)C=CC=C2,O=C(OC)C1=CC=NO1,CN1CCCN2C1=NCCC2,IC1=CC=C(OC)C=C1,3.94,COc1ccc(Nc2ccc(C)cc2)cc1
MTBD,CC(C)C(C=C(C(C)C)C=C1C(C)C)=C1C2=C(P(C3CCCCC3)C4CCCCC4)C=CC=C2,O=C(OC)C1=CC=NO1,CN1CCCN2C1=NCCC2,ClC1=CC=C(CC)C=C1,3.46,CCc1ccc(Nc2ccc(C)cc2)cc1
MTBD,CC(C)C(C=C(C(C)C)C=C1C(C)C)=C1C2=C(P(C3CCCCC3)C4CCCCC4)C=CC=C2,O=C(OC)C1=CC=NO1,CN1CCCN2C1=NCCC2,BrC1=CC=C(CC)C=C1,12.57,CCc1ccc(Nc2ccc(C)cc2)cc1
MTBD,CC(C)C(C=C(C(C)C)C=C1C(C)C)=C1C2=C(P(C3CCCCC3)C4CCCCC4)C=CC=C2,O=C(OC)C1=CC=NO1,CN1CCCN2C1=NCCC2,IC1=CC=C(CC)C=C1,12.67,CCc1ccc(Nc2ccc(C)cc2)cc1
MTBD,CC(C)C(C=C(C(C)C)C=C1C(C)C)=C1C2=C(P(C3CCCCC3)C4CCCCC4)C=CC=C2,O=C(OC)C1=CC=NO1,CN1CCCN2C1=NCCC2,ClC1=NC=CC=C1,14.22,Cc1ccc(Nc2ccccn2)cc1
MTBD,CC(C)C(C=C(C(C)C)C=C1C(C)C)=C1C2=C(P(C3CCCCC3)C4CCCCC4)C=CC=C2,O=C(OC)C1=CC=NO1,CN1CCCN2C1=NCCC2,BrC1=NC=CC=C1,19.78,Cc1ccc(Nc2ccccn2)cc1
MTBD,CC(C)C(C=C(C(C)C)C=C1C(C)C)=C1C2=C(P(C3CCCCC3)C4CCCCC4)C=CC=C2,O=C(OC)C1=CC=NO1,CN1CCCN2C1=NCCC2,IC1=NC=CC=C1,23.42,Cc1ccc(Nc2ccccn2)cc1
MTBD,CC(C)C(C=C(C(C)C)C=C1C(C)C)=C1C2=C(P(C3CCCCC3)C4CCCCC4)C=CC=C2,O=C(OC)C1=CC=NO1,CN1CCCN2C1=NCCC2,ClC1=CN=CC=C1,6.13,Cc1ccc(Nc2cccnc2)cc1
MTBD,CC(C)C(C=C(C(C)C)C=C1C(C)C)=C1C2=C(P(C3CCCCC3)C4CCCCC4)C=CC=C2,O=C(OC)C1=CC=NO1,CN1CCCN2C1=NCCC2,BrC1=CN=CC=C1,9.89,Cc1ccc(Nc2cccnc2)cc1
MTBD,CC(C)C(C=C(C(C)C)C=C1C(C)C)=C1C2=C(P(C3CCCCC3)C4CCCCC4)C=CC=C2,O=C(OC)C1=CC=NO1,CN1CCCN2C1=NCCC2,IC1=CN=CC=C1,12.54,Cc1ccc(Nc2cccnc2)cc1
P2Et,CC(C)C(C=C(C(C)C)C=C1C(C)C)=C1C2=C(P(C(C)(C)C)C(C)(C)C)C=CC=C2,CC1=CC=NO1,CN(C)P(N(C)C)(N(C)C)=NP(N(C)C)(N(C)C)=NCC,ClC1=CC=C(C(F)(F)F)C=C1,9.62,Cc1ccc(Nc2ccc(C(F)(F)F)cc2)cc1
P2Et,CC(C)C(C=C(C(C)C)C=C1C(C)C)=C1C2=C(P(C(C)(C)C)C(C)(C)C)C=CC=C2,CC1=CC=NO1,CN(C)P(N(C)C)(N(C)C)=NP(N(C)C)(N(C)C)=NCC,BrC1=CC=C(C(F)(F)F)C=C1,13.66,Cc1ccc(Nc2ccc(C(F)(F)F)cc2)cc1
P2Et,CC(C)C(C=C(C(C)C)C=C1C(C)C)=C1C2=C(P(C(C)(C)C)C(C)(C)C)C=CC=C2,CC1=CC=NO1,CN(C)P(N(C)C)(N(C)C)=NP(N(C)C)(N(C)C)=NCC,IC1=CC=C(C(F)(F)F)C=C1,11.85,Cc1ccc(Nc2ccc(C(F)(F)F)cc2)cc1
P2Et,CC(C)C(C=C(C(C)C)C=C1C(C)C)=C1C2=C(P(C(C)(C)C)C(C)(C)C)C=CC=C2,CC1=CC=NO1,CN(C)P(N(C)C)(N(C)C)=NP(N(C)C)(N(C)C)=NCC,ClC1=CC=C(OC)C=C1,2.58,COc1ccc(Nc2ccc(C)cc2)cc1
P2Et,CC(C)C(C=C(C(C)C)C=C1C(C)C)=C1C2=C(P(C(C)(C)C)C(C)(C)C)C=CC=C2,CC1=CC=NO1,CN(C)P(N(C)C)(N(C)C)=NP(N(C)C)(N(C)C)=NCC,BrC1=CC=C(OC)C=C1,16.44,COc1ccc(Nc2ccc(C)cc2)cc1
P2Et,CC(C)C(C=C(C(C)C)C=C1C(C)C)=C1C2=C(P(C(C)(C)C)C(C)(C)C)C=CC=C2,CC1=CC=NO1,CN(C)P(N(C)C)(N(C)C)=NP(N(C)C)(N(C)C)=NCC,IC1=CC=C(OC)C=C1,18.3,COc1ccc(Nc2ccc(C)cc2)cc1
P2Et,CC(C)C(C=C(C(C)C)C=C1C(C)C)=C1C2=C(P(C(C)(C)C)C(C)(C)C)C=CC=C2,CC1=CC=NO1,CN(C)P(N(C)C)(N(C)C)=NP(N(C)C)(N(C)C)=NCC,ClC1=CC=C(CC)C=C1,2.89,CCc1ccc(Nc2ccc(C)cc2)cc1
P2Et,CC(C)C(C=C(C(C)C)C=C1C(C)C)=C1C2=C(P(C(C)(C)C)C(C)(C)C)C=CC=C2,CC1=CC=NO1,CN(C)P(N(C)C)(N(C)C)=NP(N(C)C)(N(C)C)=NCC,BrC1=CC=C(CC)C=C1,19.26,CCc1ccc(Nc2ccc(C)cc2)cc1
P2Et,CC(C)C(C=C(C(C)C)C=C1C(C)C)=C1C2=C(P(C(C)(C)C)C(C)(C)C)C=CC=C2,CC1=CC=NO1,CN(C)P(N(C)C)(N(C)C)=NP(N(C)C)(N(C)C)=NCC,IC1=CC=C(CC)C=C1,19.42,CCc1ccc(Nc2ccc(C)cc2)cc1
P2Et,CC(C)C(C=C(C(C)C)C=C1C(C)C)=C1C2=C(P(C(C)(C)C)C(C)(C)C)C=CC=C2,CC1=CC=NO1,CN(C)P(N(C)C)(N(C)C)=NP(N(C)C)(N(C)C)=NCC,ClC1=NC=CC=C1,30.39,Cc1ccc(Nc2ccccn2)cc1
P2Et,CC(C)C(C=C(C(C)C)C=C1C(C)C)=C1C2=C(P(C(C)(C)C)C(C)(C)C)C=CC=C2,CC1=CC=NO1,CN(C)P(N(C)C)(N(C)C)=NP(N(C)C)(N(C)C)=NCC,BrC1=NC=CC=C1,38.88,Cc1ccc(Nc2ccccn2)cc1
P2Et,CC(C)C(C=C(C(C)C)C=C1C(C)C)=C1C2=C(P(C(C)(C)C)C(C)(C)C)C=CC=C2,CC1=CC=NO1,CN(C)P(N(C)C)(N(C)C)=NP(N(C)C)(N(C)C)=NCC,IC1=NC=CC=C1,40.28,Cc1ccc(Nc2ccccn2)cc1
P2Et,CC(C)C(C=C(C(C)C)C=C1C(C)C)=C1C2=C(P(C(C)(C)C)C(C)(C)C)C=CC=C2,CC1=CC=NO1,CN(C)P(N(C)C)(N(C)C)=NP(N(C)C)(N(C)C)=NCC,ClC1=CN=CC=C1,11.94,Cc1ccc(Nc2cccnc2)cc1
P2Et,CC(C)C(C=C(C(C)C)C=C1C(C)C)=C1C2=C(P(C(C)(C)C)C(C)(C)C)C=CC=C2,CC1=CC=NO1,CN(C)P(N(C)C)(N(C)C)=NP(N(C)C)(N(C)C)=NCC,BrC1=CN=CC=C1,21.94,Cc1ccc(Nc2cccnc2)cc1
P2Et,CC(C)C(C=C(C(C)C)C=C1C(C)C)=C1C2=C(P(C(C)(C)C)C(C)(C)C)C=CC=C2,CC1=CC=NO1,CN(C)P(N(C)C)(N(C)C)=NP(N(C)C)(N(C)C)=NCC,IC1=CN=CC=C1,23.04,Cc1ccc(Nc2cccnc2)cc1
BTMG,CC(C)C(C=C(C(C)C)C=C1C(C)C)=C1C2=C(P(C(C)(C)C)C(C)(C)C)C=CC=C2,CC1=CC=NO1,CC(C)(C)/N=C(N(C)C)/N(C)C,ClC1=CC=C(C(F)(F)F)C=C1,10.31,Cc1ccc(Nc2ccc(C(F)(F)F)cc2)cc1
BTMG,CC(C)C(C=C(C(C)C)C=C1C(C)C)=C1C2=C(P(C(C)(C)C)C(C)(C)C)C=CC=C2,CC1=CC=NO1,CC(C)(C)/N=C(N(C)C)/N(C)C,BrC1=CC=C(C(F)(F)F)C=C1,32.26,Cc1ccc(Nc2ccc(C(F)(F)F)cc2)cc1
BTMG,CC(C)C(C=C(C(C)C)C=C1C(C)C)=C1C2=C(P(C(C)(C)C)C(C)(C)C)C=CC=C2,CC1=CC=NO1,CC(C)(C)/N=C(N(C)C)/N(C)C,IC1=CC=C(C(F)(F)F)C=C1,36.38,Cc1ccc(Nc2ccc(C(F)(F)F)cc2)cc1
BTMG,CC(C)C(C=C(C(C)C)C=C1C(C)C)=C1C2=C(P(C(C)(C)C)C(C)(C)C)C=CC=C2,CC1=CC=NO1,CC(C)(C)/N=C(N(C)C)/N(C)C,ClC1=CC=C(OC)C=C1,0.32,COc1ccc(Nc2ccc(C)cc2)cc1
BTMG,CC(C)C(C=C(C(C)C)C=C1C(C)C)=C1C2=C(P(C(C)(C)C)C(C)(C)C)C=CC=C2,CC1=CC=NO1,CC(C)(C)/N=C(N(C)C)/N(C)C,BrC1=CC=C(OC)C=C1,33.6,COc1ccc(Nc2ccc(C)cc2)cc1
BTMG,CC(C)C(C=C(C(C)C)C=C1C(C)C)=C1C2=C(P(C(C)(C)C)C(C)(C)C)C=CC=C2,CC1=CC=NO1,CC(C)(C)/N=C(N(C)C)/N(C)C,IC1=CC=C(OC)C=C1,42.01,COc1ccc(Nc2ccc(C)cc2)cc1
BTMG,CC(C)C(C=C(C(C)C)C=C1C(C)C)=C1C2=C(P(C(C)(C)C)C(C)(C)C)C=CC=C2,CC1=CC=NO1,CC(C)(C)/N=C(N(C)C)/N(C)C,ClC1=CC=C(CC)C=C1,1.1,CCc1ccc(Nc2ccc(C)cc2)cc1
BTMG,CC(C)C(C=C(C(C)C)C=C1C(C)C)=C1C2=C(P(C(C)(C)C)C(C)(C)C)C=CC=C2,CC1=CC=NO1,CC(C)(C)/N=C(N(C)C)/N(C)C,BrC1=CC=C(CC)C=C1,52.44,CCc1ccc(Nc2ccc(C)cc2)cc1
BTMG,CC(C)C(C=C(C(C)C)C=C1C(C)C)=C1C2=C(P(C(C)(C)C)C(C)(C)C)C=CC=C2,CC1=CC=NO1,CC(C)(C)/N=C(N(C)C)/N(C)C,IC1=CC=C(CC)C=C1,54.9,CCc1ccc(Nc2ccc(C)cc2)cc1
BTMG,CC(C)C(C=C(C(C)C)C=C1C(C)C)=C1C2=C(P(C(C)(C)C)C(C)(C)C)C=CC=C2,CC1=CC=NO1,CC(C)(C)/N=C(N(C)C)/N(C)C,ClC1=NC=CC=C1,54.23,Cc1ccc(Nc2ccccn2)cc1
BTMG,CC(C)C(C=C(C(C)C)C=C1C(C)C)=C1C2=C(P(C(C)(C)C)C(C)(C)C)C=CC=C2,CC1=CC=NO1,CC(C)(C)/N=C(N(C)C)/N(C)C,BrC1=NC=CC=C1,63.56,Cc1ccc(Nc2ccccn2)cc1
BTMG,CC(C)C(C=C(C(C)C)C=C1C(C)C)=C1C2=C(P(C(C)(C)C)C(C)(C)C)C=CC=C2,CC1=CC=NO1,CC(C)(C)/N=C(N(C)C)/N(C)C,IC1=NC=CC=C1,63.29,Cc1ccc(Nc2ccccn2)cc1
BTMG,CC(C)C(C=C(C(C)C)C=C1C(C)C)=C1C2=C(P(C(C)(C)C)C(C)(C)C)C=CC=C2,CC1=CC=NO1,CC(C)(C)/N=C(N(C)C)/N(C)C,ClC1=CN=CC=C1,12.05,Cc1ccc(Nc2cccnc2)cc1
BTMG,CC(C)C(C=C(C(C)C)C=C1C(C)C)=C1C2=C(P(C(C)(C)C)C(C)(C)C)C=CC=C2,CC1=CC=NO1,CC(C)(C)/N=C(N(C)C)/N(C)C,BrC1=CN=CC=C1,57.03,Cc1ccc(Nc2cccnc2)cc1
BTMG,CC(C)C(C=C(C(C)C)C=C1C(C)C)=C1C2=C(P(C(C)(C)C)C(C)(C)C)C=CC=C2,CC1=CC=NO1,CC(C)(C)/N=C(N(C)C)/N(C)C,IC1=CN=CC=C1,54.65,Cc1ccc(Nc2cccnc2)cc1
MTBD,CC(C)C(C=C(C(C)C)C=C1C(C)C)=C1C2=C(P(C(C)(C)C)C(C)(C)C)C=CC=C2,CC1=CC=NO1,CN1CCCN2C1=NCCC2,ClC1=CC=C(C(F)(F)F)C=C1,23.77,Cc1ccc(Nc2ccc(C(F)(F)F)cc2)cc1
MTBD,CC(C)C(C=C(C(C)C)C=C1C(C)C)=C1C2=C(P(C(C)(C)C)C(C)(C)C)C=CC=C2,CC1=CC=NO1,CN1CCCN2C1=NCCC2,BrC1=CC=C(C(F)(F)F)C=C1,35.89,Cc1ccc(Nc2ccc(C(F)(F)F)cc2)cc1
MTBD,CC(C)C(C=C(C(C)C)C=C1C(C)C)=C1C2=C(P(C(C)(C)C)C(C)(C)C)C=CC=C2,CC1=CC=NO1,CN1CCCN2C1=NCCC2,IC1=CC=C(C(F)(F)F)C=C1,46.37,Cc1ccc(Nc2ccc(C(F)(F)F)cc2)cc1
MTBD,CC(C)C(C=C(C(C)C)C=C1C(C)C)=C1C2=C(P(C(C)(C)C)C(C)(C)C)C=CC=C2,CC1=CC=NO1,CN1CCCN2C1=NCCC2,ClC1=CC=C(OC)C=C1,0.86,COc1ccc(Nc2ccc(C)cc2)cc1
MTBD,CC(C)C(C=C(C(C)C)C=C1C(C)C)=C1C2=C(P(C(C)(C)C)C(C)(C)C)C=CC=C2,CC1=CC=NO1,CN1CCCN2C1=NCCC2,BrC1=CC=C(OC)C=C1,44.39,COc1ccc(Nc2ccc(C)cc2)cc1
MTBD,CC(C)C(C=C(C(C)C)C=C1C(C)C)=C1C2=C(P(C(C)(C)C)C(C)(C)C)C=CC=C2,CC1=CC=NO1,CN1CCCN2C1=NCCC2,IC1=CC=C(OC)C=C1,53.1,COc1ccc(Nc2ccc(C)cc2)cc1
MTBD,CC(C)C(C=C(C(C)C)C=C1C(C)C)=C1C2=C(P(C(C)(C)C)C(C)(C)C)C=CC=C2,CC1=CC=NO1,CN1CCCN2C1=NCCC2,ClC1=CC=C(CC)C=C1,5.5,CCc1ccc(Nc2ccc(C)cc2)cc1
MTBD,CC(C)C(C=C(C(C)C)C=C1C(C)C)=C1C2=C(P(C(C)(C)C)C(C)(C)C)C=CC=C2,CC1=CC=NO1,CN1CCCN2C1=NCCC2,BrC1=CC=C(CC)C=C1,68.26,CCc1ccc(Nc2ccc(C)cc2)cc1
MTBD,CC(C)C(C=C(C(C)C)C=C1C(C)C)=C1C2=C(P(C(C)(C)C)C(C)(C)C)C=CC=C2,CC1=CC=NO1,CN1CCCN2C1=NCCC2,IC1=CC=C(CC)C=C1,67.2,CCc1ccc(Nc2ccc(C)cc2)cc1
MTBD,CC(C)C(C=C(C(C)C)C=C1C(C)C)=C1C2=C(P(C(C)(C)C)C(C)(C)C)C=CC=C2,CC1=CC=NO1,CN1CCCN2C1=NCCC2,ClC1=NC=CC=C1,73.08,Cc1ccc(Nc2ccccn2)cc1
MTBD,CC(C)C(C=C(C(C)C)C=C1C(C)C)=C1C2=C(P(C(C)(C)C)C(C)(C)C)C=CC=C2,CC1=CC=NO1,CN1CCCN2C1=NCCC2,BrC1=NC=CC=C1,81.16,Cc1ccc(Nc2ccccn2)cc1
MTBD,CC(C)C(C=C(C(C)C)C=C1C(C)C)=C1C2=C(P(C(C)(C)C)C(C)(C)C)C=CC=C2,CC1=CC=NO1,CN1CCCN2C1=NCCC2,IC1=NC=CC=C1,79.53,Cc1ccc(Nc2ccccn2)cc1
MTBD,CC(C)C(C=C(C(C)C)C=C1C(C)C)=C1C2=C(P(C(C)(C)C)C(C)(C)C)C=CC=C2,CC1=CC=NO1,CN1CCCN2C1=NCCC2,ClC1=CN=CC=C1,39.63,Cc1ccc(Nc2cccnc2)cc1
MTBD,CC(C)C(C=C(C(C)C)C=C1C(C)C)=C1C2=C(P(C(C)(C)C)C(C)(C)C)C=CC=C2,CC1=CC=NO1,CN1CCCN2C1=NCCC2,BrC1=CN=CC=C1,82.03,Cc1ccc(Nc2cccnc2)cc1
MTBD,CC(C)C(C=C(C(C)C)C=C1C(C)C)=C1C2=C(P(C(C)(C)C)C(C)(C)C)C=CC=C2,CC1=CC=NO1,CN1CCCN2C1=NCCC2,IC1=CN=CC=C1,86.76,Cc1ccc(Nc2cccnc2)cc1
P2Et,CC(C)C(C=C(C(C)C)C=C1C(C)C)=C1C2=C(P(C(C)(C)C)C(C)(C)C)C=CC=C2,C12=CON=C1C=CC=C2,CN(C)P(N(C)C)(N(C)C)=NP(N(C)C)(N(C)C)=NCC,ClC1=CC=C(C(F)(F)F)C=C1,10.05,Cc1ccc(Nc2ccc(C(F)(F)F)cc2)cc1
P2Et,CC(C)C(C=C(C(C)C)C=C1C(C)C)=C1C2=C(P(C(C)(C)C)C(C)(C)C)C=CC=C2,C12=CON=C1C=CC=C2,CN(C)P(N(C)C)(N(C)C)=NP(N(C)C)(N(C)C)=NCC,BrC1=CC=C(C(F)(F)F)C=C1,12.34,Cc1ccc(Nc2ccc(C(F)(F)F)cc2)cc1
P2Et,CC(C)C(C=C(C(C)C)C=C1C(C)C)=C1C2=C(P(C(C)(C)C)C(C)(C)C)C=CC=C2,C12=CON=C1C=CC=C2,CN(C)P(N(C)C)(N(C)C)=NP(N(C)C)(N(C)C)=NCC,IC1=CC=C(C(F)(F)F)C=C1,10.49,Cc1ccc(Nc2ccc(C(F)(F)F)cc2)cc1
P2Et,CC(C)C(C=C(C(C)C)C=C1C(C)C)=C1C2=C(P(C(C)(C)C)C(C)(C)C)C=CC=C2,C12=CON=C1C=CC=C2,CN(C)P(N(C)C)(N(C)C)=NP(N(C)C)(N(C)C)=NCC,ClC1=CC=C(OC)C=C1,0.97,COc1ccc(Nc2ccc(C)cc2)cc1
P2Et,CC(C)C(C=C(C(C)C)C=C1C(C)C)=C1C2=C(P(C(C)(C)C)C(C)(C)C)C=CC=C2,C12=CON=C1C=CC=C2,CN(C)P(N(C)C)(N(C)C)=NP(N(C)C)(N(C)C)=NCC,BrC1=CC=C(OC)C=C1,13.34,COc1ccc(Nc2ccc(C)cc2)cc1
P2Et,CC(C)C(C=C(C(C)C)C=C1C(C)C)=C1C2=C(P(C(C)(C)C)C(C)(C)C)C=CC=C2,C12=CON=C1C=CC=C2,CN(C)P(N(C)C)(N(C)C)=NP(N(C)C)(N(C)C)=NCC,IC1=CC=C(OC)C=C1,17.14,COc1ccc(Nc2ccc(C)cc2)cc1
P2Et,CC(C)C(C=C(C(C)C)C=C1C(C)C)=C1C2=C(P(C(C)(C)C)C(C)(C)C)C=CC=C2,C12=CON=C1C=CC=C2,CN(C)P(N(C)C)(N(C)C)=NP(N(C)C)(N(C)C)=NCC,ClC1=CC=C(CC)C=C1,4.52,CCc1ccc(Nc2ccc(C)cc2)cc1
P2Et,CC(C)C(C=C(C(C)C)C=C1C(C)C)=C1C2=C(P(C(C)(C)C)C(C)(C)C)C=CC=C2,C12=CON=C1C=CC=C2,CN(C)P(N(C)C)(N(C)C)=NP(N(C)C)(N(C)C)=NCC,BrC1=CC=C(CC)C=C1,14.63,CCc1ccc(Nc2ccc(C)cc2)cc1
P2Et,CC(C)C(C=C(C(C)C)C=C1C(C)C)=C1C2=C(P(C(C)(C)C)C(C)(C)C)C=CC=C2,C12=CON=C1C=CC=C2,CN(C)P(N(C)C)(N(C)C)=NP(N(C)C)(N(C)C)=NCC,IC1=CC=C(CC)C=C1,13.96,CCc1ccc(Nc2ccc(C)cc2)cc1
P2Et,CC(C)C(C=C(C(C)C)C=C1C(C)C)=C1C2=C(P(C(C)(C)C)C(C)(C)C)C=CC=C2,C12=CON=C1C=CC=C2,CN(C)P(N(C)C)(N(C)C)=NP(N(C)C)(N(C)C)=NCC,ClC1=NC=CC=C1,19.48,Cc1ccc(Nc2ccccn2)cc1
P2Et,CC(C)C(C=C(C(C)C)C=C1C(C)C)=C1C2=C(P(C(C)(C)C)C(C)(C)C)C=CC=C2,C12=CON=C1C=CC=C2,CN(C)P(N(C)C)(N(C)C)=NP(N(C)C)(N(C)C)=NCC,BrC1=NC=CC=C1,21.66,Cc1ccc(Nc2ccccn2)cc1
P2Et,CC(C)C(C=C(C(C)C)C=C1C(C)C)=C1C2=C(P(C(C)(C)C)C(C)(C)C)C=CC=C2,C12=CON=C1C=CC=C2,CN(C)P(N(C)C)(N(C)C)=NP(N(C)C)(N(C)C)=NCC,IC1=NC=CC=C1,18.99,Cc1ccc(Nc2ccccn2)cc1
P2Et,CC(C)C(C=C(C(C)C)C=C1C(C)C)=C1C2=C(P(C(C)(C)C)C(C)(C)C)C=CC=C2,C12=CON=C1C=CC=C2,CN(C)P(N(C)C)(N(C)C)=NP(N(C)C)(N(C)C)=NCC,ClC1=CN=CC=C1,12.15,Cc1ccc(Nc2cccnc2)cc1
P2Et,CC(C)C(C=C(C(C)C)C=C1C(C)C)=C1C2=C(P(C(C)(C)C)C(C)(C)C)C=CC=C2,C12=CON=C1C=CC=C2,CN(C)P(N(C)C)(N(C)C)=NP(N(C)C)(N(C)C)=NCC,BrC1=CN=CC=C1,14.44,Cc1ccc(Nc2cccnc2)cc1
P2Et,CC(C)C(C=C(C(C)C)C=C1C(C)C)=C1C2=C(P(C(C)(C)C)C(C)(C)C)C=CC=C2,C12=CON=C1C=CC=C2,CN(C)P(N(C)C)(N(C)C)=NP(N(C)C)(N(C)C)=NCC,IC1=CN=CC=C1,11.73,Cc1ccc(Nc2cccnc2)cc1
BTMG,CC(C)C(C=C(C(C)C)C=C1C(C)C)=C1C2=C(P(C(C)(C)C)C(C)(C)C)C=CC=C2,C12=CON=C1C=CC=C2,CC(C)(C)/N=C(N(C)C)/N(C)C,ClC1=CC=C(C(F)(F)F)C=C1,0.33,Cc1ccc(Nc2ccc(C(F)(F)F)cc2)cc1
BTMG,CC(C)C(C=C(C(C)C)C=C1C(C)C)=C1C2=C(P(C(C)(C)C)C(C)(C)C)C=CC=C2,C12=CON=C1C=CC=C2,CC(C)(C)/N=C(N(C)C)/N(C)C,BrC1=CC=C(C(F)(F)F)C=C1,5.8,Cc1ccc(Nc2ccc(C(F)(F)F)cc2)cc1
BTMG,CC(C)C(C=C(C(C)C)C=C1C(C)C)=C1C2=C(P(C(C)(C)C)C(C)(C)C)C=CC=C2,C12=CON=C1C=CC=C2,CC(C)(C)/N=C(N(C)C)/N(C)C,IC1=CC=C(C(F)(F)F)C=C1,9.52,Cc1ccc(Nc2ccc(C(F)(F)F)cc2)cc1
BTMG,CC(C)C(C=C(C(C)C)C=C1C(C)C)=C1C2=C(P(C(C)(C)C)C(C)(C)C)C=CC=C2,C12=CON=C1C=CC=C2,CC(C)(C)/N=C(N(C)C)/N(C)C,ClC1=CC=C(OC)C=C1,0.0,COc1ccc(Nc2ccc(C)cc2)cc1
BTMG,CC(C)C(C=C(C(C)C)C=C1C(C)C)=C1C2=C(P(C(C)(C)C)C(C)(C)C)C=CC=C2,C12=CON=C1C=CC=C2,CC(C)(C)/N=C(N(C)C)/N(C)C,BrC1=CC=C(OC)C=C1,6.78,COc1ccc(Nc2ccc(C)cc2)cc1
BTMG,CC(C)C(C=C(C(C)C)C=C1C(C)C)=C1C2=C(P(C(C)(C)C)C(C)(C)C)C=CC=C2,C12=CON=C1C=CC=C2,CC(C)(C)/N=C(N(C)C)/N(C)C,IC1=CC=C(OC)C=C1,14.91,COc1ccc(Nc2ccc(C)cc2)cc1
BTMG,CC(C)C(C=C(C(C)C)C=C1C(C)C)=C1C2=C(P(C(C)(C)C)C(C)(C)C)C=CC=C2,C12=CON=C1C=CC=C2,CC(C)(C)/N=C(N(C)C)/N(C)C,ClC1=CC=C(CC)C=C1,0.0,CCc1ccc(Nc2ccc(C)cc2)cc1
BTMG,CC(C)C(C=C(C(C)C)C=C1C(C)C)=C1C2=C(P(C(C)(C)C)C(C)(C)C)C=CC=C2,C12=CON=C1C=CC=C2,CC(C)(C)/N=C(N(C)C)/N(C)C,BrC1=CC=C(CC)C=C1,12.69,CCc1ccc(Nc2ccc(C)cc2)cc1
BTMG,CC(C)C(C=C(C(C)C)C=C1C(C)C)=C1C2=C(P(C(C)(C)C)C(C)(C)C)C=CC=C2,C12=CON=C1C=CC=C2,CC(C)(C)/N=C(N(C)C)/N(C)C,IC1=CC=C(CC)C=C1,30.41,CCc1ccc(Nc2ccc(C)cc2)cc1
BTMG,CC(C)C(C=C(C(C)C)C=C1C(C)C)=C1C2=C(P(C(C)(C)C)C(C)(C)C)C=CC=C2,C12=CON=C1C=CC=C2,CC(C)(C)/N=C(N(C)C)/N(C)C,ClC1=NC=CC=C1,8.25,Cc1ccc(Nc2ccccn2)cc1
BTMG,CC(C)C(C=C(C(C)C)C=C1C(C)C)=C1C2=C(P(C(C)(C)C)C(C)(C)C)C=CC=C2,C12=CON=C1C=CC=C2,CC(C)(C)/N=C(N(C)C)/N(C)C,BrC1=NC=CC=C1,36.71,Cc1ccc(Nc2ccccn2)cc1
BTMG,CC(C)C(C=C(C(C)C)C=C1C(C)C)=C1C2=C(P(C(C)(C)C)C(C)(C)C)C=CC=C2,C12=CON=C1C=CC=C2,CC(C)(C)/N=C(N(C)C)/N(C)C,IC1=NC=CC=C1,54.29,Cc1ccc(Nc2ccccn2)cc1
BTMG,CC(C)C(C=C(C(C)C)C=C1C(C)C)=C1C2=C(P(C(C)(C)C)C(C)(C)C)C=CC=C2,C12=CON=C1C=CC=C2,CC(C)(C)/N=C(N(C)C)/N(C)C,ClC1=CN=CC=C1,0.0,Cc1ccc(Nc2cccnc2)cc1
BTMG,CC(C)C(C=C(C(C)C)C=C1C(C)C)=C1C2=C(P(C(C)(C)C)C(C)(C)C)C=CC=C2,C12=CON=C1C=CC=C2,CC(C)(C)/N=C(N(C)C)/N(C)C,BrC1=CN=CC=C1,19.14,Cc1ccc(Nc2cccnc2)cc1
BTMG,CC(C)C(C=C(C(C)C)C=C1C(C)C)=C1C2=C(P(C(C)(C)C)C(C)(C)C)C=CC=C2,C12=CON=C1C=CC=C2,CC(C)(C)/N=C(N(C)C)/N(C)C,IC1=CN=CC=C1,13.74,Cc1ccc(Nc2cccnc2)cc1
MTBD,CC(C)C(C=C(C(C)C)C=C1C(C)C)=C1C2=C(P(C(C)(C)C)C(C)(C)C)C=CC=C2,C12=CON=C1C=CC=C2,CN1CCCN2C1=NCCC2,ClC1=CC=C(C(F)(F)F)C=C1,0.42,Cc1ccc(Nc2ccc(C(F)(F)F)cc2)cc1
MTBD,CC(C)C(C=C(C(C)C)C=C1C(C)C)=C1C2=C(P(C(C)(C)C)C(C)(C)C)C=CC=C2,C12=CON=C1C=CC=C2,CN1CCCN2C1=NCCC2,BrC1=CC=C(C(F)(F)F)C=C1,11.86,Cc1ccc(Nc2ccc(C(F)(F)F)cc2)cc1
MTBD,CC(C)C(C=C(C(C)C)C=C1C(C)C)=C1C2=C(P(C(C)(C)C)C(C)(C)C)C=CC=C2,C12=CON=C1C=CC=C2,CN1CCCN2C1=NCCC2,IC1=CC=C(C(F)(F)F)C=C1,33.83,Cc1ccc(Nc2ccc(C(F)(F)F)cc2)cc1
MTBD,CC(C)C(C=C(C(C)C)C=C1C(C)C)=C1C2=C(P(C(C)(C)C)C(C)(C)C)C=CC=C2,C12=CON=C1C=CC=C2,CN1CCCN2C1=NCCC2,ClC1=CC=C(OC)C=C1,0.0,COc1ccc(Nc2ccc(C)cc2)cc1
MTBD,CC(C)C(C=C(C(C)C)C=C1C(C)C)=C1C2=C(P(C(C)(C)C)C(C)(C)C)C=CC=C2,C12=CON=C1C=CC=C2,CN1CCCN2C1=NCCC2,BrC1=CC=C(OC)C=C1,13.87,COc1ccc(Nc2ccc(C)cc2)cc1
MTBD,CC(C)C(C=C(C(C)C)C=C1C(C)C)=C1C2=C(P(C(C)(C)C)C(C)(C)C)C=CC=C2,C12=CON=C1C=CC=C2,CN1CCCN2C1=NCCC2,IC1=CC=C(OC)C=C1,33.29,COc1ccc(Nc2ccc(C)cc2)cc1
MTBD,CC(C)C(C=C(C(C)C)C=C1C(C)C)=C1C2=C(P(C(C)(C)C)C(C)(C)C)C=CC=C2,C12=CON=C1C=CC=C2,CN1CCCN2C1=NCCC2,ClC1=CC=C(CC)C=C1,0.0,CCc1ccc(Nc2ccc(C)cc2)cc1
MTBD,CC(C)C(C=C(C(C)C)C=C1C(C)C)=C1C2=C(P(C(C)(C)C)C(C)(C)C)C=CC=C2,C12=CON=C1C=CC=C2,CN1CCCN2C1=NCCC2,BrC1=CC=C(CC)C=C1,24.6,CCc1ccc(Nc2ccc(C)cc2)cc1
MTBD,CC(C)C(C=C(C(C)C)C=C1C(C)C)=C1C2=C(P(C(C)(C)C)C(C)(C)C)C=CC=C2,C12=CON=C1C=CC=C2,CN1CCCN2C1=NCCC2,IC1=CC=C(CC)C=C1,66.87,CCc1ccc(Nc2ccc(C)cc2)cc1
MTBD,CC(C)C(C=C(C(C)C)C=C1C(C)C)=C1C2=C(P(C(C)(C)C)C(C)(C)C)C=CC=C2,C12=CON=C1C=CC=C2,CN1CCCN2C1=NCCC2,ClC1=NC=CC=C1,14.03,Cc1ccc(Nc2ccccn2)cc1
MTBD,CC(C)C(C=C(C(C)C)C=C1C(C)C)=C1C2=C(P(C(C)(C)C)C(C)(C)C)C=CC=C2,C12=CON=C1C=CC=C2,CN1CCCN2C1=NCCC2,BrC1=NC=CC=C1,60.86,Cc1ccc(Nc2ccccn2)cc1
MTBD,CC(C)C(C=C(C(C)C)C=C1C(C)C)=C1C2=C(P(C(C)(C)C)C(C)(C)C)C=CC=C2,C12=CON=C1C=CC=C2,CN1CCCN2C1=NCCC2,IC1=NC=CC=C1,80.54,Cc1ccc(Nc2ccccn2)cc1
MTBD,CC(C)C(C=C(C(C)C)C=C1C(C)C)=C1C2=C(P(C(C)(C)C)C(C)(C)C)C=CC=C2,C12=CON=C1C=CC=C2,CN1CCCN2C1=NCCC2,ClC1=CN=CC=C1,0.0,Cc1ccc(Nc2cccnc2)cc1
MTBD,CC(C)C(C=C(C(C)C)C=C1C(C)C)=C1C2=C(P(C(C)(C)C)C(C)(C)C)C=CC=C2,C12=CON=C1C=CC=C2,CN1CCCN2C1=NCCC2,BrC1=CN=CC=C1,46.75,Cc1ccc(Nc2cccnc2)cc1
MTBD,CC(C)C(C=C(C(C)C)C=C1C(C)C)=C1C2=C(P(C(C)(C)C)C(C)(C)C)C=CC=C2,C12=CON=C1C=CC=C2,CN1CCCN2C1=NCCC2,IC1=CN=CC=C1,45.54,Cc1ccc(Nc2cccnc2)cc1
P2Et,CC(C)C(C=C(C(C)C)C=C1C(C)C)=C1C2=C(P(C(C)(C)C)C(C)(C)C)C=CC=C2,CC1=CC(C)=NO1,CN(C)P(N(C)C)(N(C)C)=NP(N(C)C)(N(C)C)=NCC,ClC1=CC=C(C(F)(F)F)C=C1,21.19,Cc1ccc(Nc2ccc(C(F)(F)F)cc2)cc1
P2Et,CC(C)C(C=C(C(C)C)C=C1C(C)C)=C1C2=C(P(C(C)(C)C)C(C)(C)C)C=CC=C2,CC1=CC(C)=NO1,CN(C)P(N(C)C)(N(C)C)=NP(N(C)C)(N(C)C)=NCC,BrC1=CC=C(C(F)(F)F)C=C1,23.01,Cc1ccc(Nc2ccc(C(F)(F)F)cc2)cc1
P2Et,CC(C)C(C=C(C(C)C)C=C1C(C)C)=C1C2=C(P(C(C)(C)C)C(C)(C)C)C=CC=C2,CC1=CC(C)=NO1,CN(C)P(N(C)C)(N(C)C)=NP(N(C)C)(N(C)C)=NCC,IC1=CC=C(C(F)(F)F)C=C1,39.52,Cc1ccc(Nc2ccc(C(F)(F)F)cc2)cc1
P2Et,CC(C)C(C=C(C(C)C)C=C1C(C)C)=C1C2=C(P(C(C)(C)C)C(C)(C)C)C=CC=C2,CC1=CC(C)=NO1,CN(C)P(N(C)C)(N(C)C)=NP(N(C)C)(N(C)C)=NCC,ClC1=CC=C(OC)C=C1,2.05,COc1ccc(Nc2ccc(C)cc2)cc1
P2Et,CC(C)C(C=C(C(C)C)C=C1C(C)C)=C1C2=C(P(C(C)(C)C)C(C)(C)C)C=CC=C2,CC1=CC(C)=NO1,CN(C)P(N(C)C)(N(C)C)=NP(N(C)C)(N(C)C)=NCC,BrC1=CC=C(OC)C=C1,44.93,COc1ccc(Nc2ccc(C)cc2)cc1
P2Et,CC(C)C(C=C(C(C)C)C=C1C(C)C)=C1C2=C(P(C(C)(C)C)C(C)(C)C)C=CC=C2,CC1=CC(C)=NO1,CN(C)P(N(C)C)(N(C)C)=NP(N(C)C)(N(C)C)=NCC,IC1=CC=C(OC)C=C1,47.05,COc1ccc(Nc2ccc(C)cc2)cc1
P2Et,CC(C)C(C=C(C(C)C)C=C1C(C)C)=C1C2=C(P(C(C)(C)C)C(C)(C)C)C=CC=C2,CC1=CC(C)=NO1,CN(C)P(N(C)C)(N(C)C)=NP(N(C)C)(N(C)C)=NCC,ClC1=CC=C(CC)C=C1,13.82,CCc1ccc(Nc2ccc(C)cc2)cc1
P2Et,CC(C)C(C=C(C(C)C)C=C1C(C)C)=C1C2=C(P(C(C)(C)C)C(C)(C)C)C=CC=C2,CC1=CC(C)=NO1,CN(C)P(N(C)C)(N(C)C)=NP(N(C)C)(N(C)C)=NCC,BrC1=CC=C(CC)C=C1,72.61,CCc1ccc(Nc2ccc(C)cc2)cc1
P2Et,CC(C)C(C=C(C(C)C)C=C1C(C)C)=C1C2=C(P(C(C)(C)C)C(C)(C)C)C=CC=C2,CC1=CC(C)=NO1,CN(C)P(N(C)C)(N(C)C)=NP(N(C)C)(N(C)C)=NCC,IC1=CC=C(CC)C=C1,69.39,CCc1ccc(Nc2ccc(C)cc2)cc1
P2Et,CC(C)C(C=C(C(C)C)C=C1C(C)C)=C1C2=C(P(C(C)(C)C)C(C)(C)C)C=CC=C2,CC1=CC(C)=NO1,CN(C)P(N(C)C)(N(C)C)=NP(N(C)C)(N(C)C)=NCC,ClC1=NC=CC=C1,62.43,Cc1ccc(Nc2ccccn2)cc1
P2Et,CC(C)C(C=C(C(C)C)C=C1C(C)C)=C1C2=C(P(C(C)(C)C)C(C)(C)C)C=CC=C2,CC1=CC(C)=NO1,CN(C)P(N(C)C)(N(C)C)=NP(N(C)C)(N(C)C)=NCC,BrC1=NC=CC=C1,76.22,Cc1ccc(Nc2ccccn2)cc1
P2Et,CC(C)C(C=C(C(C)C)C=C1C(C)C)=C1C2=C(P(C(C)(C)C)C(C)(C)C)C=CC=C2,CC1=CC(C)=NO1,CN(C)P(N(C)C)(N(C)C)=NP(N(C)C)(N(C)C)=NCC,IC1=NC=CC=C1,70.35,Cc1ccc(Nc2ccccn2)cc1
P2Et,CC(C)C(C=C(C(C)C)C=C1C(C)C)=C1C2=C(P(C(C)(C)C)C(C)(C)C)C=CC=C2,CC1=CC(C)=NO1,CN(C)P(N(C)C)(N(C)C)=NP(N(C)C)(N(C)C)=NCC,ClC1=CN=CC=C1,59.99,Cc1ccc(Nc2cccnc2)cc1
P2Et,CC(C)C(C=C(C(C)C)C=C1C(C)C)=C1C2=C(P(C(C)(C)C)C(C)(C)C)C=CC=C2,CC1=CC(C)=NO1,CN(C)P(N(C)C)(N(C)C)=NP(N(C)C)(N(C)C)=NCC,BrC1=CN=CC=C1,75.38,Cc1ccc(Nc2cccnc2)cc1
P2Et,CC(C)C(C=C(C(C)C)C=C1C(C)C)=C1C2=C(P(C(C)(C)C)C(C)(C)C)C=CC=C2,CC1=CC(C)=NO1,CN(C)P(N(C)C)(N(C)C)=NP(N(C)C)(N(C)C)=NCC,IC1=CN=CC=C1,78.3,Cc1ccc(Nc2cccnc2)cc1
BTMG,CC(C)C(C=C(C(C)C)C=C1C(C)C)=C1C2=C(P(C(C)(C)C)C(C)(C)C)C=CC=C2,CC1=CC(C)=NO1,CC(C)(C)/N=C(N(C)C)/N(C)C,ClC1=CC=C(C(F)(F)F)C=C1,26.29,Cc1ccc(Nc2ccc(C(F)(F)F)cc2)cc1
BTMG,CC(C)C(C=C(C(C)C)C=C1C(C)C)=C1C2=C(P(C(C)(C)C)C(C)(C)C)C=CC=C2,CC1=CC(C)=NO1,CC(C)(C)/N=C(N(C)C)/N(C)C,BrC1=CC=C(C(F)(F)F)C=C1,34.77,Cc1ccc(Nc2ccc(C(F)(F)F)cc2)cc1
BTMG,CC(C)C(C=C(C(C)C)C=C1C(C)C)=C1C2=C(P(C(C)(C)C)C(C)(C)C)C=CC=C2,CC1=CC(C)=NO1,CC(C)(C)/N=C(N(C)C)/N(C)C,IC1=CC=C(C(F)(F)F)C=C1,37.4,Cc1ccc(Nc2ccc(C(F)(F)F)cc2)cc1
BTMG,CC(C)C(C=C(C(C)C)C=C1C(C)C)=C1C2=C(P(C(C)(C)C)C(C)(C)C)C=CC=C2,CC1=CC(C)=NO1,CC(C)(C)/N=C(N(C)C)/N(C)C,ClC1=CC=C(OC)C=C1,0.96,COc1ccc(Nc2ccc(C)cc2)cc1
BTMG,CC(C)C(C=C(C(C)C)C=C1C(C)C)=C1C2=C(P(C(C)(C)C)C(C)(C)C)C=CC=C2,CC1=CC(C)=NO1,CC(C)(C)/N=C(N(C)C)/N(C)C,BrC1=CC=C(OC)C=C1,39.33,COc1ccc(Nc2ccc(C)cc2)cc1
BTMG,CC(C)C(C=C(C(C)C)C=C1C(C)C)=C1C2=C(P(C(C)(C)C)C(C)(C)C)C=CC=C2,CC1=CC(C)=NO1,CC(C)(C)/N=C(N(C)C)/N(C)C,IC1=CC=C(OC)C=C1,40.33,COc1ccc(Nc2ccc(C)cc2)cc1
BTMG,CC(C)C(C=C(C(C)C)C=C1C(C)C)=C1C2=C(P(C(C)(C)C)C(C)(C)C)C=CC=C2,CC1=CC(C)=NO1,CC(C)(C)/N=C(N(C)C)/N(C)C,ClC1=CC=C(CC)C=C1,4.45,CCc1ccc(Nc2ccc(C)cc2)cc1
BTMG,CC(C)C(C=C(C(C)C)C=C1C(C)C)=C1C2=C(P(C(C)(C)C)C(C)(C)C)C=CC=C2,CC1=CC(C)=NO1,CC(C)(C)/N=C(N(C)C)/N(C)C,BrC1=CC=C(CC)C=C1,61.05,CCc1ccc(Nc2ccc(C)cc2)cc1
BTMG,CC(C)C(C=C(C(C)C)C=C1C(C)C)=C1C2=C(P(C(C)(C)C)C(C)(C)C)C=CC=C2,CC1=CC(C)=NO1,CC(C)(C)/N=C(N(C)C)/N(C)C,IC1=CC=C(CC)C=C1,59.76,CCc1ccc(Nc2ccc(C)cc2)cc1
BTMG,CC(C)C(C=C(C(C)C)C=C1C(C)C)=C1C2=C(P(C(C)(C)C)C(C)(C)C)C=CC=C2,CC1=CC(C)=NO1,CC(C)(C)/N=C(N(C)C)/N(C)C,ClC1=NC=CC=C1,57.85,Cc1ccc(Nc2ccccn2)cc1
BTMG,CC(C)C(C=C(C(C)C)C=C1C(C)C)=C1C2=C(P(C(C)(C)C)C(C)(C)C)C=CC=C2,CC1=CC(C)=NO1,CC(C)(C)/N=C(N(C)C)/N(C)C,BrC1=NC=CC=C1,65.93,Cc1ccc(Nc2ccccn2)cc1
BTMG,CC(C)C(C=C(C(C)C)C=C1C(C)C)=C1C2=C(P(C(C)(C)C)C(C)(C)C)C=CC=C2,CC1=CC(C)=NO1,CC(C)(C)/N=C(N(C)C)/N(C)C,IC1=NC=CC=C1,63.71,Cc1ccc(Nc2ccccn2)cc1
BTMG,CC(C)C(C=C(C(C)C)C=C1C(C)C)=C1C2=C(P(C(C)(C)C)C(C)(C)C)C=CC=C2,CC1=CC(C)=NO1,CC(C)(C)/N=C(N(C)C)/N(C)C,ClC1=CN=CC=C1,38.02,Cc1ccc(Nc2cccnc2)cc1
BTMG,CC(C)C(C=C(C(C)C)C=C1C(C)C)=C1C2=C(P(C(C)(C)C)C(C)(C)C)C=CC=C2,CC1=CC(C)=NO1,CC(C)(C)/N=C(N(C)C)/N(C)C,BrC1=CN=CC=C1,66.06,Cc1ccc(Nc2cccnc2)cc1
BTMG,CC(C)C(C=C(C(C)C)C=C1C(C)C)=C1C2=C(P(C(C)(C)C)C(C)(C)C)C=CC=C2,CC1=CC(C)=NO1,CC(C)(C)/N=C(N(C)C)/N(C)C,IC1=CN=CC=C1,62.41,Cc1ccc(Nc2cccnc2)cc1
MTBD,CC(C)C(C=C(C(C)C)C=C1C(C)C)=C1C2=C(P(C(C)(C)C)C(C)(C)C)C=CC=C2,CC1=CC(C)=NO1,CN1CCCN2C1=NCCC2,ClC1=CC=C(C(F)(F)F)C=C1,28.73,Cc1ccc(Nc2ccc(C(F)(F)F)cc2)cc1
MTBD,CC(C)C(C=C(C(C)C)C=C1C(C)C)=C1C2=C(P(C(C)(C)C)C(C)(C)C)C=CC=C2,CC1=CC(C)=NO1,CN1CCCN2C1=NCCC2,BrC1=CC=C(C(F)(F)F)C=C1,34.91,Cc1ccc(Nc2ccc(C(F)(F)F)cc2)cc1
MTBD,CC(C)C(C=C(C(C)C)C=C1C(C)C)=C1C2=C(P(C(C)(C)C)C(C)(C)C)C=CC=C2,CC1=CC(C)=NO1,CN1CCCN2C1=NCCC2,IC1=CC=C(C(F)(F)F)C=C1,45.91,Cc1ccc(Nc2ccc(C(F)(F)F)cc2)cc1
MTBD,CC(C)C(C=C(C(C)C)C=C1C(C)C)=C1C2=C(P(C(C)(C)C)C(C)(C)C)C=CC=C2,CC1=CC(C)=NO1,CN1CCCN2C1=NCCC2,ClC1=CC=C(OC)C=C1,1.41,COc1ccc(Nc2ccc(C)cc2)cc1
MTBD,CC(C)C(C=C(C(C)C)C=C1C(C)C)=C1C2=C(P(C(C)(C)C)C(C)(C)C)C=CC=C2,CC1=CC(C)=NO1,CN1CCCN2C1=NCCC2,BrC1=CC=C(OC)C=C1,50.44,COc1ccc(Nc2ccc(C)cc2)cc1
MTBD,CC(C)C(C=C(C(C)C)C=C1C(C)C)=C1C2=C(P(C(C)(C)C)C(C)(C)C)C=CC=C2,CC1=CC(C)=NO1,CN1CCCN2C1=NCCC2,IC1=CC=C(OC)C=C1,52.01,COc1ccc(Nc2ccc(C)cc2)cc1
MTBD,CC(C)C(C=C(C(C)C)C=C1C(C)C)=C1C2=C(P(C(C)(C)C)C(C)(C)C)C=CC=C2,CC1=CC(C)=NO1,CN1CCCN2C1=NCCC2,ClC1=CC=C(CC)C=C1,5.62,CCc1ccc(Nc2ccc(C)cc2)cc1
MTBD,CC(C)C(C=C(C(C)C)C=C1C(C)C)=C1C2=C(P(C(C)(C)C)C(C)(C)C)C=CC=C2,CC1=CC(C)=NO1,CN1CCCN2C1=NCCC2,BrC1=CC=C(CC)C=C1,73.06,CCc1ccc(Nc2ccc(C)cc2)cc1
MTBD,CC(C)C(C=C(C(C)C)C=C1C(C)C)=C1C2=C(P(C(C)(C)C)C(C)(C)C)C=CC=C2,CC1=CC(C)=NO1,CN1CCCN2C1=NCCC2,IC1=CC=C(CC)C=C1,75.59,CCc1ccc(Nc2ccc(C)cc2)cc1
MTBD,CC(C)C(C=C(C(C)C)C=C1C(C)C)=C1C2=C(P(C(C)(C)C)C(C)(C)C)C=CC=C2,CC1=CC(C)=NO1,CN1CCCN2C1=NCCC2,ClC1=NC=CC=C1,76.3,Cc1ccc(Nc2ccccn2)cc1
MTBD,CC(C)C(C=C(C(C)C)C=C1C(C)C)=C1C2=C(P(C(C)(C)C)C(C)(C)C)C=CC=C2,CC1=CC(C)=NO1,CN1CCCN2C1=NCCC2,BrC1=NC=CC=C1,80.03,Cc1ccc(Nc2ccccn2)cc1
MTBD,CC(C)C(C=C(C(C)C)C=C1C(C)C)=C1C2=C(P(C(C)(C)C)C(C)(C)C)C=CC=C2,CC1=CC(C)=NO1,CN1CCCN2C1=NCCC2,IC1=NC=CC=C1,83.65,Cc1ccc(Nc2ccccn2)cc1
MTBD,CC(C)C(C=C(C(C)C)C=C1C(C)C)=C1C2=C(P(C(C)(C)C)C(C)(C)C)C=CC=C2,CC1=CC(C)=NO1,CN1CCCN2C1=NCCC2,ClC1=CN=CC=C1,45.11,Cc1ccc(Nc2cccnc2)cc1
MTBD,CC(C)C(C=C(C(C)C)C=C1C(C)C)=C1C2=C(P(C(C)(C)C)C(C)(C)C)C=CC=C2,CC1=CC(C)=NO1,CN1CCCN2C1=NCCC2,BrC1=CN=CC=C1,78.62,Cc1ccc(Nc2cccnc2)cc1
MTBD,CC(C)C(C=C(C(C)C)C=C1C(C)C)=C1C2=C(P(C(C)(C)C)C(C)(C)C)C=CC=C2,CC1=CC(C)=NO1,CN1CCCN2C1=NCCC2,IC1=CN=CC=C1,84.4,Cc1ccc(Nc2cccnc2)cc1
P2Et,CC(C)C(C=C(C(C)C)C=C1C(C)C)=C1C2=C(P(C(C)(C)C)C(C)(C)C)C=CC=C2,O=C(OC)C1=CC=NO1,CN(C)P(N(C)C)(N(C)C)=NP(N(C)C)(N(C)C)=NCC,ClC1=CC=C(C(F)(F)F)C=C1,8.91,Cc1ccc(Nc2ccc(C(F)(F)F)cc2)cc1
P2Et,CC(C)C(C=C(C(C)C)C=C1C(C)C)=C1C2=C(P(C(C)(C)C)C(C)(C)C)C=CC=C2,O=C(OC)C1=CC=NO1,CN(C)P(N(C)C)(N(C)C)=NP(N(C)C)(N(C)C)=NCC,BrC1=CC=C(C(F)(F)F)C=C1,10.72,Cc1ccc(Nc2ccc(C(F)(F)F)cc2)cc1
P2Et,CC(C)C(C=C(C(C)C)C=C1C(C)C)=C1C2=C(P(C(C)(C)C)C(C)(C)C)C=CC=C2,O=C(OC)C1=CC=NO1,CN(C)P(N(C)C)(N(C)C)=NP(N(C)C)(N(C)C)=NCC,IC1=CC=C(C(F)(F)F)C=C1,11.81,Cc1ccc(Nc2ccc(C(F)(F)F)cc2)cc1
P2Et,CC(C)C(C=C(C(C)C)C=C1C(C)C)=C1C2=C(P(C(C)(C)C)C(C)(C)C)C=CC=C2,O=C(OC)C1=CC=NO1,CN(C)P(N(C)C)(N(C)C)=NP(N(C)C)(N(C)C)=NCC,ClC1=CC=C(OC)C=C1,1.85,COc1ccc(Nc2ccc(C)cc2)cc1
P2Et,CC(C)C(C=C(C(C)C)C=C1C(C)C)=C1C2=C(P(C(C)(C)C)C(C)(C)C)C=CC=C2,O=C(OC)C1=CC=NO1,CN(C)P(N(C)C)(N(C)C)=NP(N(C)C)(N(C)C)=NCC,BrC1=CC=C(OC)C=C1,9.07,COc1ccc(Nc2ccc(C)cc2)cc1
P2Et,CC(C)C(C=C(C(C)C)C=C1C(C)C)=C1C2=C(P(C(C)(C)C)C(C)(C)C)C=CC=C2,O=C(OC)C1=CC=NO1,CN(C)P(N(C)C)(N(C)C)=NP(N(C)C)(N(C)C)=NCC,IC1=CC=C(OC)C=C1,13.84,COc1ccc(Nc2ccc(C)cc2)cc1
P2Et,CC(C)C(C=C(C(C)C)C=C1C(C)C)=C1C2=C(P(C(C)(C)C)C(C)(C)C)C=CC=C2,O=C(OC)C1=CC=NO1,CN(C)P(N(C)C)(N(C)C)=NP(N(C)C)(N(C)C)=NCC,ClC1=CC=C(CC)C=C1,4.28,CCc1ccc(Nc2ccc(C)cc2)cc1
P2Et,CC(C)C(C=C(C(C)C)C=C1C(C)C)=C1C2=C(P(C(C)(C)C)C(C)(C)C)C=CC=C2,O=C(OC)C1=CC=NO1,CN(C)P(N(C)C)(N(C)C)=NP(N(C)C)(N(C)C)=NCC,BrC1=CC=C(CC)C=C1,16.48,CCc1ccc(Nc2ccc(C)cc2)cc1
P2Et,CC(C)C(C=C(C(C)C)C=C1C(C)C)=C1C2=C(P(C(C)(C)C)C(C)(C)C)C=CC=C2,O=C(OC)C1=CC=NO1,CN(C)P(N(C)C)(N(C)C)=NP(N(C)C)(N(C)C)=NCC,IC1=CC=C(CC)C=C1,17.45,CCc1ccc(Nc2ccc(C)cc2)cc1
P2Et,CC(C)C(C=C(C(C)C)C=C1C(C)C)=C1C2=C(P(C(C)(C)C)C(C)(C)C)C=CC=C2,O=C(OC)C1=CC=NO1,CN(C)P(N(C)C)(N(C)C)=NP(N(C)C)(N(C)C)=NCC,ClC1=NC=CC=C1,18.19,Cc1ccc(Nc2ccccn2)cc1
P2Et,CC(C)C(C=C(C(C)C)C=C1C(C)C)=C1C2=C(P(C(C)(C)C)C(C)(C)C)C=CC=C2,O=C(OC)C1=CC=NO1,CN(C)P(N(C)C)(N(C)C)=NP(N(C)C)(N(C)C)=NCC,BrC1=NC=CC=C1,23.65,Cc1ccc(Nc2ccccn2)cc1
P2Et,CC(C)C(C=C(C(C)C)C=C1C(C)C)=C1C2=C(P(C(C)(C)C)C(C)(C)C)C=CC=C2,O=C(OC)C1=CC=NO1,CN(C)P(N(C)C)(N(C)C)=NP(N(C)C)(N(C)C)=NCC,IC1=NC=CC=C1,26.69,Cc1ccc(Nc2ccccn2)cc1
P2Et,CC(C)C(C=C(C(C)C)C=C1C(C)C)=C1C2=C(P(C(C)(C)C)C(C)(C)C)C=CC=C2,O=C(OC)C1=CC=NO1,CN(C)P(N(C)C)(N(C)C)=NP(N(C)C)(N(C)C)=NCC,ClC1=CN=CC=C1,8.19,Cc1ccc(Nc2cccnc2)cc1
P2Et,CC(C)C(C=C(C(C)C)C=C1C(C)C)=C1C2=C(P(C(C)(C)C)C(C)(C)C)C=CC=C2,O=C(OC)C1=CC=NO1,CN(C)P(N(C)C)(N(C)C)=NP(N(C)C)(N(C)C)=NCC,BrC1=CN=CC=C1,14.82,Cc1ccc(Nc2cccnc2)cc1
P2Et,CC(C)C(C=C(C(C)C)C=C1C(C)C)=C1C2=C(P(C(C)(C)C)C(C)(C)C)C=CC=C2,O=C(OC)C1=CC=NO1,CN(C)P(N(C)C)(N(C)C)=NP(N(C)C)(N(C)C)=NCC,IC1=CN=CC=C1,16.68,Cc1ccc(Nc2cccnc2)cc1
BTMG,CC(C)C(C=C(C(C)C)C=C1C(C)C)=C1C2=C(P(C(C)(C)C)C(C)(C)C)C=CC=C2,O=C(OC)C1=CC=NO1,CC(C)(C)/N=C(N(C)C)/N(C)C,ClC1=CC=C(C(F)(F)F)C=C1,4.39,Cc1ccc(Nc2ccc(C(F)(F)F)cc2)cc1
BTMG,CC(C)C(C=C(C(C)C)C=C1C(C)C)=C1C2=C(P(C(C)(C)C)C(C)(C)C)C=CC=C2,O=C(OC)C1=CC=NO1,CC(C)(C)/N=C(N(C)C)/N(C)C,BrC1=CC=C(C(F)(F)F)C=C1,27.07,Cc1ccc(Nc2ccc(C(F)(F)F)cc2)cc1
BTMG,CC(C)C(C=C(C(C)C)C=C1C(C)C)=C1C2=C(P(C(C)(C)C)C(C)(C)C)C=CC=C2,O=C(OC)C1=CC=NO1,CC(C)(C)/N=C(N(C)C)/N(C)C,IC1=CC=C(C(F)(F)F)C=C1,30.12,Cc1ccc(Nc2ccc(C(F)(F)F)cc2)cc1
BTMG,CC(C)C(C=C(C(C)C)C=C1C(C)C)=C1C2=C(P(C(C)(C)C)C(C)(C)C)C=CC=C2,O=C(OC)C1=CC=NO1,CC(C)(C)/N=C(N(C)C)/N(C)C,ClC1=CC=C(OC)C=C1,0.0,COc1ccc(Nc2ccc(C)cc2)cc1
BTMG,CC(C)C(C=C(C(C)C)C=C1C(C)C)=C1C2=C(P(C(C)(C)C)C(C)(C)C)C=CC=C2,O=C(OC)C1=CC=NO1,CC(C)(C)/N=C(N(C)C)/N(C)C,BrC1=CC=C(OC)C=C1,25.94,COc1ccc(Nc2ccc(C)cc2)cc1
BTMG,CC(C)C(C=C(C(C)C)C=C1C(C)C)=C1C2=C(P(C(C)(C)C)C(C)(C)C)C=CC=C2,O=C(OC)C1=CC=NO1,CC(C)(C)/N=C(N(C)C)/N(C)C,IC1=CC=C(OC)C=C1,35.2,COc1ccc(Nc2ccc(C)cc2)cc1
BTMG,CC(C)C(C=C(C(C)C)C=C1C(C)C)=C1C2=C(P(C(C)(C)C)C(C)(C)C)C=CC=C2,O=C(OC)C1=CC=NO1,CC(C)(C)/N=C(N(C)C)/N(C)C,ClC1=CC=C(CC)C=C1,0.48,CCc1ccc(Nc2ccc(C)cc2)cc1
BTMG,CC(C)C(C=C(C(C)C)C=C1C(C)C)=C1C2=C(P(C(C)(C)C)C(C)(C)C)C=CC=C2,O=C(OC)C1=CC=NO1,CC(C)(C)/N=C(N(C)C)/N(C)C,BrC1=CC=C(CC)C=C1,47.93,CCc1ccc(Nc2ccc(C)cc2)cc1
BTMG,CC(C)C(C=C(C(C)C)C=C1C(C)C)=C1C2=C(P(C(C)(C)C)C(C)(C)C)C=CC=C2,O=C(OC)C1=CC=NO1,CC(C)(C)/N=C(N(C)C)/N(C)C,IC1=CC=C(CC)C=C1,50.62,CCc1ccc(Nc2ccc(C)cc2)cc1
BTMG,CC(C)C(C=C(C(C)C)C=C1C(C)C)=C1C2=C(P(C(C)(C)C)C(C)(C)C)C=CC=C2,O=C(OC)C1=CC=NO1,CC(C)(C)/N=C(N(C)C)/N(C)C,ClC1=NC=CC=C1,38.11,Cc1ccc(Nc2ccccn2)cc1
BTMG,CC(C)C(C=C(C(C)C)C=C1C(C)C)=C1C2=C(P(C(C)(C)C)C(C)(C)C)C=CC=C2,O=C(OC)C1=CC=NO1,CC(C)(C)/N=C(N(C)C)/N(C)C,BrC1=NC=CC=C1,54.31,Cc1ccc(Nc2ccccn2)cc1
BTMG,CC(C)C(C=C(C(C)C)C=C1C(C)C)=C1C2=C(P(C(C)(C)C)C(C)(C)C)C=CC=C2,O=C(OC)C1=CC=NO1,CC(C)(C)/N=C(N(C)C)/N(C)C,IC1=NC=CC=C1,57.95,Cc1ccc(Nc2ccccn2)cc1
BTMG,CC(C)C(C=C(C(C)C)C=C1C(C)C)=C1C2=C(P(C(C)(C)C)C(C)(C)C)C=CC=C2,O=C(OC)C1=CC=NO1,CC(C)(C)/N=C(N(C)C)/N(C)C,ClC1=CN=CC=C1,3.5,Cc1ccc(Nc2cccnc2)cc1
BTMG,CC(C)C(C=C(C(C)C)C=C1C(C)C)=C1C2=C(P(C(C)(C)C)C(C)(C)C)C=CC=C2,O=C(OC)C1=CC=NO1,CC(C)(C)/N=C(N(C)C)/N(C)C,BrC1=CN=CC=C1,46.5,Cc1ccc(Nc2cccnc2)cc1
BTMG,CC(C)C(C=C(C(C)C)C=C1C(C)C)=C1C2=C(P(C(C)(C)C)C(C)(C)C)C=CC=C2,O=C(OC)C1=CC=NO1,CC(C)(C)/N=C(N(C)C)/N(C)C,IC1=CN=CC=C1,49.9,Cc1ccc(Nc2cccnc2)cc1
MTBD,CC(C)C(C=C(C(C)C)C=C1C(C)C)=C1C2=C(P(C(C)(C)C)C(C)(C)C)C=CC=C2,O=C(OC)C1=CC=NO1,CN1CCCN2C1=NCCC2,ClC1=CC=C(C(F)(F)F)C=C1,14.03,Cc1ccc(Nc2ccc(C(F)(F)F)cc2)cc1
MTBD,CC(C)C(C=C(C(C)C)C=C1C(C)C)=C1C2=C(P(C(C)(C)C)C(C)(C)C)C=CC=C2,O=C(OC)C1=CC=NO1,CN1CCCN2C1=NCCC2,BrC1=CC=C(C(F)(F)F)C=C1,33.32,Cc1ccc(Nc2ccc(C(F)(F)F)cc2)cc1
MTBD,CC(C)C(C=C(C(C)C)C=C1C(C)C)=C1C2=C(P(C(C)(C)C)C(C)(C)C)C=CC=C2,O=C(OC)C1=CC=NO1,CN1CCCN2C1=NCCC2,IC1=CC=C(C(F)(F)F)C=C1,44.04,Cc1ccc(Nc2ccc(C(F)(F)F)cc2)cc1
MTBD,CC(C)C(C=C(C(C)C)C=C1C(C)C)=C1C2=C(P(C(C)(C)C)C(C)(C)C)C=CC=C2,O=C(OC)C1=CC=NO1,CN1CCCN2C1=NCCC2,ClC1=CC=C(OC)C=C1,4.51,COc1ccc(Nc2ccc(C)cc2)cc1
MTBD,CC(C)C(C=C(C(C)C)C=C1C(C)C)=C1C2=C(P(C(C)(C)C)C(C)(C)C)C=CC=C2,O=C(OC)C1=CC=NO1,CN1CCCN2C1=NCCC2,BrC1=CC=C(OC)C=C1,31.15,COc1ccc(Nc2ccc(C)cc2)cc1
MTBD,CC(C)C(C=C(C(C)C)C=C1C(C)C)=C1C2=C(P(C(C)(C)C)C(C)(C)C)C=CC=C2,O=C(OC)C1=CC=NO1,CN1CCCN2C1=NCCC2,IC1=CC=C(OC)C=C1,42.56,COc1ccc(Nc2ccc(C)cc2)cc1
MTBD,CC(C)C(C=C(C(C)C)C=C1C(C)C)=C1C2=C(P(C(C)(C)C)C(C)(C)C)C=CC=C2,O=C(OC)C1=CC=NO1,CN1CCCN2C1=NCCC2,ClC1=CC=C(CC)C=C1,16.13,CCc1ccc(Nc2ccc(C)cc2)cc1
MTBD,CC(C)C(C=C(C(C)C)C=C1C(C)C)=C1C2=C(P(C(C)(C)C)C(C)(C)C)C=CC=C2,O=C(OC)C1=CC=NO1,CN1CCCN2C1=NCCC2,BrC1=CC=C(CC)C=C1,58.86,CCc1ccc(Nc2ccc(C)cc2)cc1
MTBD,CC(C)C(C=C(C(C)C)C=C1C(C)C)=C1C2=C(P(C(C)(C)C)C(C)(C)C)C=CC=C2,O=C(OC)C1=CC=NO1,CN1CCCN2C1=NCCC2,IC1=CC=C(CC)C=C1,61.88,CCc1ccc(Nc2ccc(C)cc2)cc1
MTBD,CC(C)C(C=C(C(C)C)C=C1C(C)C)=C1C2=C(P(C(C)(C)C)C(C)(C)C)C=CC=C2,O=C(OC)C1=CC=NO1,CN1CCCN2C1=NCCC2,ClC1=NC=CC=C1,63.35,Cc1ccc(Nc2ccccn2)cc1
MTBD,CC(C)C(C=C(C(C)C)C=C1C(C)C)=C1C2=C(P(C(C)(C)C)C(C)(C)C)C=CC=C2,O=C(OC)C1=CC=NO1,CN1CCCN2C1=NCCC2,BrC1=NC=CC=C1,81.86,Cc1ccc(Nc2ccccn2)cc1
MTBD,CC(C)C(C=C(C(C)C)C=C1C(C)C)=C1C2=C(P(C(C)(C)C)C(C)(C)C)C=CC=C2,O=C(OC)C1=CC=NO1,CN1CCCN2C1=NCCC2,IC1=NC=CC=C1,86.21,Cc1ccc(Nc2ccccn2)cc1
MTBD,CC(C)C(C=C(C(C)C)C=C1C(C)C)=C1C2=C(P(C(C)(C)C)C(C)(C)C)C=CC=C2,O=C(OC)C1=CC=NO1,CN1CCCN2C1=NCCC2,ClC1=CN=CC=C1,26.58,Cc1ccc(Nc2cccnc2)cc1
MTBD,CC(C)C(C=C(C(C)C)C=C1C(C)C)=C1C2=C(P(C(C)(C)C)C(C)(C)C)C=CC=C2,O=C(OC)C1=CC=NO1,CN1CCCN2C1=NCCC2,BrC1=CN=CC=C1,73.73,Cc1ccc(Nc2cccnc2)cc1
MTBD,CC(C)C(C=C(C(C)C)C=C1C(C)C)=C1C2=C(P(C(C)(C)C)C(C)(C)C)C=CC=C2,O=C(OC)C1=CC=NO1,CN1CCCN2C1=NCCC2,IC1=CN=CC=C1,77.85,Cc1ccc(Nc2cccnc2)cc1
P2Et,CC(C)C(C=C(C(C)C)C=C1C(C)C)=C1C2=C(P(C(C)(C)C)C(C)(C)C)C(OC)=CC=C2OC,CC1=CC=NO1,CN(C)P(N(C)C)(N(C)C)=NP(N(C)C)(N(C)C)=NCC,ClC1=CC=C(C(F)(F)F)C=C1,3.17,Cc1ccc(Nc2ccc(C(F)(F)F)cc2)cc1
P2Et,CC(C)C(C=C(C(C)C)C=C1C(C)C)=C1C2=C(P(C(C)(C)C)C(C)(C)C)C(OC)=CC=C2OC,CC1=CC=NO1,CN(C)P(N(C)C)(N(C)C)=NP(N(C)C)(N(C)C)=NCC,BrC1=CC=C(C(F)(F)F)C=C1,1.98,Cc1ccc(Nc2ccc(C(F)(F)F)cc2)cc1
P2Et,CC(C)C(C=C(C(C)C)C=C1C(C)C)=C1C2=C(P(C(C)(C)C)C(C)(C)C)C(OC)=CC=C2OC,CC1=CC=NO1,CN(C)P(N(C)C)(N(C)C)=NP(N(C)C)(N(C)C)=NCC,IC1=CC=C(C(F)(F)F)C=C1,2.11,Cc1ccc(Nc2ccc(C(F)(F)F)cc2)cc1
P2Et,CC(C)C(C=C(C(C)C)C=C1C(C)C)=C1C2=C(P(C(C)(C)C)C(C)(C)C)C(OC)=CC=C2OC,CC1=CC=NO1,CN(C)P(N(C)C)(N(C)C)=NP(N(C)C)(N(C)C)=NCC,ClC1=CC=C(OC)C=C1,0.3,COc1ccc(Nc2ccc(C)cc2)cc1
P2Et,CC(C)C(C=C(C(C)C)C=C1C(C)C)=C1C2=C(P(C(C)(C)C)C(C)(C)C)C(OC)=CC=C2OC,CC1=CC=NO1,CN(C)P(N(C)C)(N(C)C)=NP(N(C)C)(N(C)C)=NCC,BrC1=CC=C(OC)C=C1,9.85,COc1ccc(Nc2ccc(C)cc2)cc1
P2Et,CC(C)C(C=C(C(C)C)C=C1C(C)C)=C1C2=C(P(C(C)(C)C)C(C)(C)C)C(OC)=CC=C2OC,CC1=CC=NO1,CN(C)P(N(C)C)(N(C)C)=NP(N(C)C)(N(C)C)=NCC,IC1=CC=C(OC)C=C1,9.69,COc1ccc(Nc2ccc(C)cc2)cc1
P2Et,CC(C)C(C=C(C(C)C)C=C1C(C)C)=C1C2=C(P(C(C)(C)C)C(C)(C)C)C(OC)=CC=C2OC,CC1=CC=NO1,CN(C)P(N(C)C)(N(C)C)=NP(N(C)C)(N(C)C)=NCC,ClC1=CC=C(CC)C=C1,2.66,CCc1ccc(Nc2ccc(C)cc2)cc1
P2Et,CC(C)C(C=C(C(C)C)C=C1C(C)C)=C1C2=C(P(C(C)(C)C)C(C)(C)C)C(OC)=CC=C2OC,CC1=CC=NO1,CN(C)P(N(C)C)(N(C)C)=NP(N(C)C)(N(C)C)=NCC,BrC1=CC=C(CC)C=C1,14.47,CCc1ccc(Nc2ccc(C)cc2)cc1
P2Et,CC(C)C(C=C(C(C)C)C=C1C(C)C)=C1C2=C(P(C(C)(C)C)C(C)(C)C)C(OC)=CC=C2OC,CC1=CC=NO1,CN(C)P(N(C)C)(N(C)C)=NP(N(C)C)(N(C)C)=NCC,IC1=CC=C(CC)C=C1,17.16,CCc1ccc(Nc2ccc(C)cc2)cc1
P2Et,CC(C)C(C=C(C(C)C)C=C1C(C)C)=C1C2=C(P(C(C)(C)C)C(C)(C)C)C(OC)=CC=C2OC,CC1=CC=NO1,CN(C)P(N(C)C)(N(C)C)=NP(N(C)C)(N(C)C)=NCC,ClC1=NC=CC=C1,28.4,Cc1ccc(Nc2ccccn2)cc1
P2Et,CC(C)C(C=C(C(C)C)C=C1C(C)C)=C1C2=C(P(C(C)(C)C)C(C)(C)C)C(OC)=CC=C2OC,CC1=CC=NO1,CN(C)P(N(C)C)(N(C)C)=NP(N(C)C)(N(C)C)=NCC,BrC1=NC=CC=C1,32.02,Cc1ccc(Nc2ccccn2)cc1
P2Et,CC(C)C(C=C(C(C)C)C=C1C(C)C)=C1C2=C(P(C(C)(C)C)C(C)(C)C)C(OC)=CC=C2OC,CC1=CC=NO1,CN(C)P(N(C)C)(N(C)C)=NP(N(C)C)(N(C)C)=NCC,IC1=NC=CC=C1,39.76,Cc1ccc(Nc2ccccn2)cc1
P2Et,CC(C)C(C=C(C(C)C)C=C1C(C)C)=C1C2=C(P(C(C)(C)C)C(C)(C)C)C(OC)=CC=C2OC,CC1=CC=NO1,CN(C)P(N(C)C)(N(C)C)=NP(N(C)C)(N(C)C)=NCC,ClC1=CN=CC=C1,1.86,Cc1ccc(Nc2cccnc2)cc1
P2Et,CC(C)C(C=C(C(C)C)C=C1C(C)C)=C1C2=C(P(C(C)(C)C)C(C)(C)C)C(OC)=CC=C2OC,CC1=CC=NO1,CN(C)P(N(C)C)(N(C)C)=NP(N(C)C)(N(C)C)=NCC,BrC1=CN=CC=C1,3.95,Cc1ccc(Nc2cccnc2)cc1
P2Et,CC(C)C(C=C(C(C)C)C=C1C(C)C)=C1C2=C(P(C(C)(C)C)C(C)(C)C)C(OC)=CC=C2OC,CC1=CC=NO1,CN(C)P(N(C)C)(N(C)C)=NP(N(C)C)(N(C)C)=NCC,IC1=CN=CC=C1,5.01,Cc1ccc(Nc2cccnc2)cc1
BTMG,CC(C)C(C=C(C(C)C)C=C1C(C)C)=C1C2=C(P(C(C)(C)C)C(C)(C)C)C(OC)=CC=C2OC,CC1=CC=NO1,CC(C)(C)/N=C(N(C)C)/N(C)C,ClC1=CC=C(C(F)(F)F)C=C1,2.87,Cc1ccc(Nc2ccc(C(F)(F)F)cc2)cc1
BTMG,CC(C)C(C=C(C(C)C)C=C1C(C)C)=C1C2=C(P(C(C)(C)C)C(C)(C)C)C(OC)=CC=C2OC,CC1=CC=NO1,CC(C)(C)/N=C(N(C)C)/N(C)C,BrC1=CC=C(C(F)(F)F)C=C1,28.48,Cc1ccc(Nc2ccc(C(F)(F)F)cc2)cc1
BTMG,CC(C)C(C=C(C(C)C)C=C1C(C)C)=C1C2=C(P(C(C)(C)C)C(C)(C)C)C(OC)=CC=C2OC,CC1=CC=NO1,CC(C)(C)/N=C(N(C)C)/N(C)C,IC1=CC=C(C(F)(F)F)C=C1,35.59,Cc1ccc(Nc2ccc(C(F)(F)F)cc2)cc1
BTMG,CC(C)C(C=C(C(C)C)C=C1C(C)C)=C1C2=C(P(C(C)(C)C)C(C)(C)C)C(OC)=CC=C2OC,CC1=CC=NO1,CC(C)(C)/N=C(N(C)C)/N(C)C,ClC1=CC=C(OC)C=C1,0.0,COc1ccc(Nc2ccc(C)cc2)cc1
BTMG,CC(C)C(C=C(C(C)C)C=C1C(C)C)=C1C2=C(P(C(C)(C)C)C(C)(C)C)C(OC)=CC=C2OC,CC1=CC=NO1,CC(C)(C)/N=C(N(C)C)/N(C)C,BrC1=CC=C(OC)C=C1,19.71,COc1ccc(Nc2ccc(C)cc2)cc1
BTMG,CC(C)C(C=C(C(C)C)C=C1C(C)C)=C1C2=C(P(C(C)(C)C)C(C)(C)C)C(OC)=CC=C2OC,CC1=CC=NO1,CC(C)(C)/N=C(N(C)C)/N(C)C,IC1=CC=C(OC)C=C1,37.21,COc1ccc(Nc2ccc(C)cc2)cc1
BTMG,CC(C)C(C=C(C(C)C)C=C1C(C)C)=C1C2=C(P(C(C)(C)C)C(C)(C)C)C(OC)=CC=C2OC,CC1=CC=NO1,CC(C)(C)/N=C(N(C)C)/N(C)C,ClC1=CC=C(CC)C=C1,5.48,CCc1ccc(Nc2ccc(C)cc2)cc1
BTMG,CC(C)C(C=C(C(C)C)C=C1C(C)C)=C1C2=C(P(C(C)(C)C)C(C)(C)C)C(OC)=CC=C2OC,CC1=CC=NO1,CC(C)(C)/N=C(N(C)C)/N(C)C,BrC1=CC=C(CC)C=C1,38.83,CCc1ccc(Nc2ccc(C)cc2)cc1
BTMG,CC(C)C(C=C(C(C)C)C=C1C(C)C)=C1C2=C(P(C(C)(C)C)C(C)(C)C)C(OC)=CC=C2OC,CC1=CC=NO1,CC(C)(C)/N=C(N(C)C)/N(C)C,IC1=CC=C(CC)C=C1,64.97,CCc1ccc(Nc2ccc(C)cc2)cc1
BTMG,CC(C)C(C=C(C(C)C)C=C1C(C)C)=C1C2=C(P(C(C)(C)C)C(C)(C)C)C(OC)=CC=C2OC,CC1=CC=NO1,CC(C)(C)/N=C(N(C)C)/N(C)C,ClC1=NC=CC=C1,42.31,Cc1ccc(Nc2ccccn2)cc1
BTMG,CC(C)C(C=C(C(C)C)C=C1C(C)C)=C1C2=C(P(C(C)(C)C)C(C)(C)C)C(OC)=CC=C2OC,CC1=CC=NO1,CC(C)(C)/N=C(N(C)C)/N(C)C,BrC1=NC=CC=C1,57.97,Cc1ccc(Nc2ccccn2)cc1
BTMG,CC(C)C(C=C(C(C)C)C=C1C(C)C)=C1C2=C(P(C(C)(C)C)C(C)(C)C)C(OC)=CC=C2OC,CC1=CC=NO1,CC(C)(C)/N=C(N(C)C)/N(C)C,IC1=NC=CC=C1,65.15,Cc1ccc(Nc2ccccn2)cc1
BTMG,CC(C)C(C=C(C(C)C)C=C1C(C)C)=C1C2=C(P(C(C)(C)C)C(C)(C)C)C(OC)=CC=C2OC,CC1=CC=NO1,CC(C)(C)/N=C(N(C)C)/N(C)C,ClC1=CN=CC=C1,3.55,Cc1ccc(Nc2cccnc2)cc1
BTMG,CC(C)C(C=C(C(C)C)C=C1C(C)C)=C1C2=C(P(C(C)(C)C)C(C)(C)C)C(OC)=CC=C2OC,CC1=CC=NO1,CC(C)(C)/N=C(N(C)C)/N(C)C,BrC1=CN=CC=C1,53.92,Cc1ccc(Nc2cccnc2)cc1
BTMG,CC(C)C(C=C(C(C)C)C=C1C(C)C)=C1C2=C(P(C(C)(C)C)C(C)(C)C)C(OC)=CC=C2OC,CC1=CC=NO1,CC(C)(C)/N=C(N(C)C)/N(C)C,IC1=CN=CC=C1,62.35,Cc1ccc(Nc2cccnc2)cc1
MTBD,CC(C)C(C=C(C(C)C)C=C1C(C)C)=C1C2=C(P(C(C)(C)C)C(C)(C)C)C(OC)=CC=C2OC,CC1=CC=NO1,CN1CCCN2C1=NCCC2,ClC1=CC=C(C(F)(F)F)C=C1,4.68,Cc1ccc(Nc2ccc(C(F)(F)F)cc2)cc1
MTBD,CC(C)C(C=C(C(C)C)C=C1C(C)C)=C1C2=C(P(C(C)(C)C)C(C)(C)C)C(OC)=CC=C2OC,CC1=CC=NO1,CN1CCCN2C1=NCCC2,BrC1=CC=C(C(F)(F)F)C=C1,29.6,Cc1ccc(Nc2ccc(C(F)(F)F)cc2)cc1
MTBD,CC(C)C(C=C(C(C)C)C=C1C(C)C)=C1C2=C(P(C(C)(C)C)C(C)(C)C)C(OC)=CC=C2OC,CC1=CC=NO1,CN1CCCN2C1=NCCC2,IC1=CC=C(C(F)(F)F)C=C1,43.57,Cc1ccc(Nc2ccc(C(F)(F)F)cc2)cc1
MTBD,CC(C)C(C=C(C(C)C)C=C1C(C)C)=C1C2=C(P(C(C)(C)C)C(C)(C)C)C(OC)=CC=C2OC,CC1=CC=NO1,CN1CCCN2C1=NCCC2,ClC1=CC=C(OC)C=C1,0.0,COc1ccc(Nc2ccc(C)cc2)cc1
MTBD,CC(C)C(C=C(C(C)C)C=C1C(C)C)=C1C2=C(P(C(C)(C)C)C(C)(C)C)C(OC)=CC=C2OC,CC1=CC=NO1,CN1CCCN2C1=NCCC2,BrC1=CC=C(OC)C=C1,35.47,COc1ccc(Nc2ccc(C)cc2)cc1
MTBD,CC(C)C(C=C(C(C)C)C=C1C(C)C)=C1C2=C(P(C(C)(C)C)C(C)(C)C)C(OC)=CC=C2OC,CC1=CC=NO1,CN1CCCN2C1=NCCC2,IC1=CC=C(OC)C=C1,49.74,COc1ccc(Nc2ccc(C)cc2)cc1
MTBD,CC(C)C(C=C(C(C)C)C=C1C(C)C)=C1C2=C(P(C(C)(C)C)C(C)(C)C)C(OC)=CC=C2OC,CC1=CC=NO1,CN1CCCN2C1=NCCC2,ClC1=CC=C(CC)C=C1,5.69,CCc1ccc(Nc2ccc(C)cc2)cc1
MTBD,CC(C)C(C=C(C(C)C)C=C1C(C)C)=C1C2=C(P(C(C)(C)C)C(C)(C)C)C(OC)=CC=C2OC,CC1=CC=NO1,CN1CCCN2C1=NCCC2,BrC1=CC=C(CC)C=C1,65.0,CCc1ccc(Nc2ccc(C)cc2)cc1
MTBD,CC(C)C(C=C(C(C)C)C=C1C(C)C)=C1C2=C(P(C(C)(C)C)C(C)(C)C)C(OC)=CC=C2OC,CC1=CC=NO1,CN1CCCN2C1=NCCC2,IC1=CC=C(CC)C=C1,75.72,CCc1ccc(Nc2ccc(C)cc2)cc1
MTBD,CC(C)C(C=C(C(C)C)C=C1C(C)C)=C1C2=C(P(C(C)(C)C)C(C)(C)C)C(OC)=CC=C2OC,CC1=CC=NO1,CN1CCCN2C1=NCCC2,ClC1=NC=CC=C1,77.93,Cc1ccc(Nc2ccccn2)cc1
MTBD,CC(C)C(C=C(C(C)C)C=C1C(C)C)=C1C2=C(P(C(C)(C)C)C(C)(C)C)C(OC)=CC=C2OC,CC1=CC=NO1,CN1CCCN2C1=NCCC2,BrC1=NC=CC=C1,88.83,Cc1ccc(Nc2ccccn2)cc1
MTBD,CC(C)C(C=C(C(C)C)C=C1C(C)C)=C1C2=C(P(C(C)(C)C)C(C)(C)C)C(OC)=CC=C2OC,CC1=CC=NO1,CN1CCCN2C1=NCCC2,IC1=NC=CC=C1,84.31,Cc1ccc(Nc2ccccn2)cc1
MTBD,CC(C)C(C=C(C(C)C)C=C1C(C)C)=C1C2=C(P(C(C)(C)C)C(C)(C)C)C(OC)=CC=C2OC,CC1=CC=NO1,CN1CCCN2C1=NCCC2,ClC1=CN=CC=C1,8.96,Cc1ccc(Nc2cccnc2)cc1
MTBD,CC(C)C(C=C(C(C)C)C=C1C(C)C)=C1C2=C(P(C(C)(C)C)C(C)(C)C)C(OC)=CC=C2OC,CC1=CC=NO1,CN1CCCN2C1=NCCC2,BrC1=CN=CC=C1,80.65,Cc1ccc(Nc2cccnc2)cc1
MTBD,CC(C)C(C=C(C(C)C)C=C1C(C)C)=C1C2=C(P(C(C)(C)C)C(C)(C)C)C(OC)=CC=C2OC,CC1=CC=NO1,CN1CCCN2C1=NCCC2,IC1=CN=CC=C1,92.21,Cc1ccc(Nc2cccnc2)cc1
P2Et,CC(C)C(C=C(C(C)C)C=C1C(C)C)=C1C2=C(P(C(C)(C)C)C(C)(C)C)C(OC)=CC=C2OC,C12=CON=C1C=CC=C2,CN(C)P(N(C)C)(N(C)C)=NP(N(C)C)(N(C)C)=NCC,ClC1=CC=C(C(F)(F)F)C=C1,2.89,Cc1ccc(Nc2ccc(C(F)(F)F)cc2)cc1
P2Et,CC(C)C(C=C(C(C)C)C=C1C(C)C)=C1C2=C(P(C(C)(C)C)C(C)(C)C)C(OC)=CC=C2OC,C12=CON=C1C=CC=C2,CN(C)P(N(C)C)(N(C)C)=NP(N(C)C)(N(C)C)=NCC,BrC1=CC=C(C(F)(F)F)C=C1,11.66,Cc1ccc(Nc2ccc(C(F)(F)F)cc2)cc1
P2Et,CC(C)C(C=C(C(C)C)C=C1C(C)C)=C1C2=C(P(C(C)(C)C)C(C)(C)C)C(OC)=CC=C2OC,C12=CON=C1C=CC=C2,CN(C)P(N(C)C)(N(C)C)=NP(N(C)C)(N(C)C)=NCC,IC1=CC=C(C(F)(F)F)C=C1,12.51,Cc1ccc(Nc2ccc(C(F)(F)F)cc2)cc1
P2Et,CC(C)C(C=C(C(C)C)C=C1C(C)C)=C1C2=C(P(C(C)(C)C)C(C)(C)C)C(OC)=CC=C2OC,C12=CON=C1C=CC=C2,CN(C)P(N(C)C)(N(C)C)=NP(N(C)C)(N(C)C)=NCC,ClC1=CC=C(OC)C=C1,0.15,COc1ccc(Nc2ccc(C)cc2)cc1
P2Et,CC(C)C(C=C(C(C)C)C=C1C(C)C)=C1C2=C(P(C(C)(C)C)C(C)(C)C)C(OC)=CC=C2OC,C12=CON=C1C=CC=C2,CN(C)P(N(C)C)(N(C)C)=NP(N(C)C)(N(C)C)=NCC,BrC1=CC=C(OC)C=C1,10.42,COc1ccc(Nc2ccc(C)cc2)cc1
P2Et,CC(C)C(C=C(C(C)C)C=C1C(C)C)=C1C2=C(P(C(C)(C)C)C(C)(C)C)C(OC)=CC=C2OC,C12=CON=C1C=CC=C2,CN(C)P(N(C)C)(N(C)C)=NP(N(C)C)(N(C)C)=NCC,IC1=CC=C(OC)C=C1,15.44,COc1ccc(Nc2ccc(C)cc2)cc1
P2Et,CC(C)C(C=C(C(C)C)C=C1C(C)C)=C1C2=C(P(C(C)(C)C)C(C)(C)C)C(OC)=CC=C2OC,C12=CON=C1C=CC=C2,CN(C)P(N(C)C)(N(C)C)=NP(N(C)C)(N(C)C)=NCC,ClC1=CC=C(CC)C=C1,1.03,CCc1ccc(Nc2ccc(C)cc2)cc1
P2Et,CC(C)C(C=C(C(C)C)C=C1C(C)C)=C1C2=C(P(C(C)(C)C)C(C)(C)C)C(OC)=CC=C2OC,C12=CON=C1C=CC=C2,CN(C)P(N(C)C)(N(C)C)=NP(N(C)C)(N(C)C)=NCC,BrC1=CC=C(CC)C=C1,15.71,CCc1ccc(Nc2ccc(C)cc2)cc1
P2Et,CC(C)C(C=C(C(C)C)C=C1C(C)C)=C1C2=C(P(C(C)(C)C)C(C)(C)C)C(OC)=CC=C2OC,C12=CON=C1C=CC=C2,CN(C)P(N(C)C)(N(C)C)=NP(N(C)C)(N(C)C)=NCC,IC1=CC=C(CC)C=C1,11.23,CCc1ccc(Nc2ccc(C)cc2)cc1
P2Et,CC(C)C(C=C(C(C)C)C=C1C(C)C)=C1C2=C(P(C(C)(C)C)C(C)(C)C)C(OC)=CC=C2OC,C12=CON=C1C=CC=C2,CN(C)P(N(C)C)(N(C)C)=NP(N(C)C)(N(C)C)=NCC,ClC1=NC=CC=C1,13.2,Cc1ccc(Nc2ccccn2)cc1
P2Et,CC(C)C(C=C(C(C)C)C=C1C(C)C)=C1C2=C(P(C(C)(C)C)C(C)(C)C)C(OC)=CC=C2OC,C12=CON=C1C=CC=C2,CN(C)P(N(C)C)(N(C)C)=NP(N(C)C)(N(C)C)=NCC,BrC1=NC=CC=C1,14.47,Cc1ccc(Nc2ccccn2)cc1
P2Et,CC(C)C(C=C(C(C)C)C=C1C(C)C)=C1C2=C(P(C(C)(C)C)C(C)(C)C)C(OC)=CC=C2OC,C12=CON=C1C=CC=C2,CN(C)P(N(C)C)(N(C)C)=NP(N(C)C)(N(C)C)=NCC,IC1=NC=CC=C1,13.88,Cc1ccc(Nc2ccccn2)cc1
P2Et,CC(C)C(C=C(C(C)C)C=C1C(C)C)=C1C2=C(P(C(C)(C)C)C(C)(C)C)C(OC)=CC=C2OC,C12=CON=C1C=CC=C2,CN(C)P(N(C)C)(N(C)C)=NP(N(C)C)(N(C)C)=NCC,ClC1=CN=CC=C1,6.97,Cc1ccc(Nc2cccnc2)cc1
P2Et,CC(C)C(C=C(C(C)C)C=C1C(C)C)=C1C2=C(P(C(C)(C)C)C(C)(C)C)C(OC)=CC=C2OC,C12=CON=C1C=CC=C2,CN(C)P(N(C)C)(N(C)C)=NP(N(C)C)(N(C)C)=NCC,BrC1=CN=CC=C1,15.41,Cc1ccc(Nc2cccnc2)cc1
P2Et,CC(C)C(C=C(C(C)C)C=C1C(C)C)=C1C2=C(P(C(C)(C)C)C(C)(C)C)C(OC)=CC=C2OC,C12=CON=C1C=CC=C2,CN(C)P(N(C)C)(N(C)C)=NP(N(C)C)(N(C)C)=NCC,IC1=CN=CC=C1,14.86,Cc1ccc(Nc2cccnc2)cc1
BTMG,CC(C)C(C=C(C(C)C)C=C1C(C)C)=C1C2=C(P(C(C)(C)C)C(C)(C)C)C(OC)=CC=C2OC,C12=CON=C1C=CC=C2,CC(C)(C)/N=C(N(C)C)/N(C)C,ClC1=CC=C(C(F)(F)F)C=C1,0.0,Cc1ccc(Nc2ccc(C(F)(F)F)cc2)cc1
BTMG,CC(C)C(C=C(C(C)C)C=C1C(C)C)=C1C2=C(P(C(C)(C)C)C(C)(C)C)C(OC)=CC=C2OC,C12=CON=C1C=CC=C2,CC(C)(C)/N=C(N(C)C)/N(C)C,BrC1=CC=C(C(F)(F)F)C=C1,4.22,Cc1ccc(Nc2ccc(C(F)(F)F)cc2)cc1
BTMG,CC(C)C(C=C(C(C)C)C=C1C(C)C)=C1C2=C(P(C(C)(C)C)C(C)(C)C)C(OC)=CC=C2OC,C12=CON=C1C=CC=C2,CC(C)(C)/N=C(N(C)C)/N(C)C,IC1=CC=C(C(F)(F)F)C=C1,11.98,Cc1ccc(Nc2ccc(C(F)(F)F)cc2)cc1
BTMG,CC(C)C(C=C(C(C)C)C=C1C(C)C)=C1C2=C(P(C(C)(C)C)C(C)(C)C)C(OC)=CC=C2OC,C12=CON=C1C=CC=C2,CC(C)(C)/N=C(N(C)C)/N(C)C,ClC1=CC=C(OC)C=C1,0.0,COc1ccc(Nc2ccc(C)cc2)cc1
BTMG,CC(C)C(C=C(C(C)C)C=C1C(C)C)=C1C2=C(P(C(C)(C)C)C(C)(C)C)C(OC)=CC=C2OC,C12=CON=C1C=CC=C2,CC(C)(C)/N=C(N(C)C)/N(C)C,BrC1=CC=C(OC)C=C1,3.38,COc1ccc(Nc2ccc(C)cc2)cc1
BTMG,CC(C)C(C=C(C(C)C)C=C1C(C)C)=C1C2=C(P(C(C)(C)C)C(C)(C)C)C(OC)=CC=C2OC,C12=CON=C1C=CC=C2,CC(C)(C)/N=C(N(C)C)/N(C)C,IC1=CC=C(OC)C=C1,15.31,COc1ccc(Nc2ccc(C)cc2)cc1
BTMG,CC(C)C(C=C(C(C)C)C=C1C(C)C)=C1C2=C(P(C(C)(C)C)C(C)(C)C)C(OC)=CC=C2OC,C12=CON=C1C=CC=C2,CC(C)(C)/N=C(N(C)C)/N(C)C,ClC1=CC=C(CC)C=C1,3.55,CCc1ccc(Nc2ccc(C)cc2)cc1
BTMG,CC(C)C(C=C(C(C)C)C=C1C(C)C)=C1C2=C(P(C(C)(C)C)C(C)(C)C)C(OC)=CC=C2OC,C12=CON=C1C=CC=C2,CC(C)(C)/N=C(N(C)C)/N(C)C,BrC1=CC=C(CC)C=C1,7.71,CCc1ccc(Nc2ccc(C)cc2)cc1
BTMG,CC(C)C(C=C(C(C)C)C=C1C(C)C)=C1C2=C(P(C(C)(C)C)C(C)(C)C)C(OC)=CC=C2OC,C12=CON=C1C=CC=C2,CC(C)(C)/N=C(N(C)C)/N(C)C,IC1=CC=C(CC)C=C1,41.94,CCc1ccc(Nc2ccc(C)cc2)cc1
BTMG,CC(C)C(C=C(C(C)C)C=C1C(C)C)=C1C2=C(P(C(C)(C)C)C(C)(C)C)C(OC)=CC=C2OC,C12=CON=C1C=CC=C2,CC(C)(C)/N=C(N(C)C)/N(C)C,ClC1=NC=CC=C1,9.61,Cc1ccc(Nc2ccccn2)cc1
BTMG,CC(C)C(C=C(C(C)C)C=C1C(C)C)=C1C2=C(P(C(C)(C)C)C(C)(C)C)C(OC)=CC=C2OC,C12=CON=C1C=CC=C2,CC(C)(C)/N=C(N(C)C)/N(C)C,BrC1=NC=CC=C1,15.35,Cc1ccc(Nc2ccccn2)cc1
BTMG,CC(C)C(C=C(C(C)C)C=C1C(C)C)=C1C2=C(P(C(C)(C)C)C(C)(C)C)C(OC)=CC=C2OC,C12=CON=C1C=CC=C2,CC(C)(C)/N=C(N(C)C)/N(C)C,IC1=NC=CC=C1,43.17,Cc1ccc(Nc2ccccn2)cc1
BTMG,CC(C)C(C=C(C(C)C)C=C1C(C)C)=C1C2=C(P(C(C)(C)C)C(C)(C)C)C(OC)=CC=C2OC,C12=CON=C1C=CC=C2,CC(C)(C)/N=C(N(C)C)/N(C)C,ClC1=CN=CC=C1,0.0,Cc1ccc(Nc2cccnc2)cc1
BTMG,CC(C)C(C=C(C(C)C)C=C1C(C)C)=C1C2=C(P(C(C)(C)C)C(C)(C)C)C(OC)=CC=C2OC,C12=CON=C1C=CC=C2,CC(C)(C)/N=C(N(C)C)/N(C)C,BrC1=CN=CC=C1,11.62,Cc1ccc(Nc2cccnc2)cc1
BTMG,CC(C)C(C=C(C(C)C)C=C1C(C)C)=C1C2=C(P(C(C)(C)C)C(C)(C)C)C(OC)=CC=C2OC,C12=CON=C1C=CC=C2,CC(C)(C)/N=C(N(C)C)/N(C)C,IC1=CN=CC=C1,12.25,Cc1ccc(Nc2cccnc2)cc1
MTBD,CC(C)C(C=C(C(C)C)C=C1C(C)C)=C1C2=C(P(C(C)(C)C)C(C)(C)C)C(OC)=CC=C2OC,C12=CON=C1C=CC=C2,CN1CCCN2C1=NCCC2,ClC1=CC=C(C(F)(F)F)C=C1,0.41,Cc1ccc(Nc2ccc(C(F)(F)F)cc2)cc1
MTBD,CC(C)C(C=C(C(C)C)C=C1C(C)C)=C1C2=C(P(C(C)(C)C)C(C)(C)C)C(OC)=CC=C2OC,C12=CON=C1C=CC=C2,CN1CCCN2C1=NCCC2,BrC1=CC=C(C(F)(F)F)C=C1,9.51,Cc1ccc(Nc2ccc(C(F)(F)F)cc2)cc1
MTBD,CC(C)C(C=C(C(C)C)C=C1C(C)C)=C1C2=C(P(C(C)(C)C)C(C)(C)C)C(OC)=CC=C2OC,C12=CON=C1C=CC=C2,CN1CCCN2C1=NCCC2,IC1=CC=C(C(F)(F)F)C=C1,32.15,Cc1ccc(Nc2ccc(C(F)(F)F)cc2)cc1
MTBD,CC(C)C(C=C(C(C)C)C=C1C(C)C)=C1C2=C(P(C(C)(C)C)C(C)(C)C)C(OC)=CC=C2OC,C12=CON=C1C=CC=C2,CN1CCCN2C1=NCCC2,ClC1=CC=C(OC)C=C1,0.0,COc1ccc(Nc2ccc(C)cc2)cc1
MTBD,CC(C)C(C=C(C(C)C)C=C1C(C)C)=C1C2=C(P(C(C)(C)C)C(C)(C)C)C(OC)=CC=C2OC,C12=CON=C1C=CC=C2,CN1CCCN2C1=NCCC2,BrC1=CC=C(OC)C=C1,7.28,COc1ccc(Nc2ccc(C)cc2)cc1
MTBD,CC(C)C(C=C(C(C)C)C=C1C(C)C)=C1C2=C(P(C(C)(C)C)C(C)(C)C)C(OC)=CC=C2OC,C12=CON=C1C=CC=C2,CN1CCCN2C1=NCCC2,IC1=CC=C(OC)C=C1,35.34,COc1ccc(Nc2ccc(C)cc2)cc1
MTBD,CC(C)C(C=C(C(C)C)C=C1C(C)C)=C1C2=C(P(C(C)(C)C)C(C)(C)C)C(OC)=CC=C2OC,C12=CON=C1C=CC=C2,CN1CCCN2C1=NCCC2,ClC1=CC=C(CC)C=C1,3.21,CCc1ccc(Nc2ccc(C)cc2)cc1
MTBD,CC(C)C(C=C(C(C)C)C=C1C(C)C)=C1C2=C(P(C(C)(C)C)C(C)(C)C)C(OC)=CC=C2OC,C12=CON=C1C=CC=C2,CN1CCCN2C1=NCCC2,BrC1=CC=C(CC)C=C1,16.32,CCc1ccc(Nc2ccc(C)cc2)cc1
MTBD,CC(C)C(C=C(C(C)C)C=C1C(C)C)=C1C2=C(P(C(C)(C)C)C(C)(C)C)C(OC)=CC=C2OC,C12=CON=C1C=CC=C2,CN1CCCN2C1=NCCC2,IC1=CC=C(CC)C=C1,73.16,CCc1ccc(Nc2ccc(C)cc2)cc1
MTBD,CC(C)C(C=C(C(C)C)C=C1C(C)C)=C1C2=C(P(C(C)(C)C)C(C)(C)C)C(OC)=CC=C2OC,C12=CON=C1C=CC=C2,CN1CCCN2C1=NCCC2,ClC1=NC=CC=C1,21.81,Cc1ccc(Nc2ccccn2)cc1
MTBD,CC(C)C(C=C(C(C)C)C=C1C(C)C)=C1C2=C(P(C(C)(C)C)C(C)(C)C)C(OC)=CC=C2OC,C12=CON=C1C=CC=C2,CN1CCCN2C1=NCCC2,BrC1=NC=CC=C1,48.23,Cc1ccc(Nc2ccccn2)cc1
MTBD,CC(C)C(C=C(C(C)C)C=C1C(C)C)=C1C2=C(P(C(C)(C)C)C(C)(C)C)C(OC)=CC=C2OC,C12=CON=C1C=CC=C2,CN1CCCN2C1=NCCC2,IC1=NC=CC=C1,78.79,Cc1ccc(Nc2ccccn2)cc1
MTBD,CC(C)C(C=C(C(C)C)C=C1C(C)C)=C1C2=C(P(C(C)(C)C)C(C)(C)C)C(OC)=CC=C2OC,C12=CON=C1C=CC=C2,CN1CCCN2C1=NCCC2,ClC1=CN=CC=C1,0.0,Cc1ccc(Nc2cccnc2)cc1
MTBD,CC(C)C(C=C(C(C)C)C=C1C(C)C)=C1C2=C(P(C(C)(C)C)C(C)(C)C)C(OC)=CC=C2OC,C12=CON=C1C=CC=C2,CN1CCCN2C1=NCCC2,BrC1=CN=CC=C1,12.9,Cc1ccc(Nc2cccnc2)cc1
MTBD,CC(C)C(C=C(C(C)C)C=C1C(C)C)=C1C2=C(P(C(C)(C)C)C(C)(C)C)C(OC)=CC=C2OC,C12=CON=C1C=CC=C2,CN1CCCN2C1=NCCC2,IC1=CN=CC=C1,26.68,Cc1ccc(Nc2cccnc2)cc1
P2Et,CC(C)C(C=C(C(C)C)C=C1C(C)C)=C1C2=C(P(C(C)(C)C)C(C)(C)C)C(OC)=CC=C2OC,CC1=CC(C)=NO1,CN(C)P(N(C)C)(N(C)C)=NP(N(C)C)(N(C)C)=NCC,ClC1=CC=C(C(F)(F)F)C=C1,8.17,Cc1ccc(Nc2ccc(C(F)(F)F)cc2)cc1
P2Et,CC(C)C(C=C(C(C)C)C=C1C(C)C)=C1C2=C(P(C(C)(C)C)C(C)(C)C)C(OC)=CC=C2OC,CC1=CC(C)=NO1,CN(C)P(N(C)C)(N(C)C)=NP(N(C)C)(N(C)C)=NCC,BrC1=CC=C(C(F)(F)F)C=C1,19.65,Cc1ccc(Nc2ccc(C(F)(F)F)cc2)cc1
P2Et,CC(C)C(C=C(C(C)C)C=C1C(C)C)=C1C2=C(P(C(C)(C)C)C(C)(C)C)C(OC)=CC=C2OC,CC1=CC(C)=NO1,CN(C)P(N(C)C)(N(C)C)=NP(N(C)C)(N(C)C)=NCC,IC1=CC=C(C(F)(F)F)C=C1,39.14,Cc1ccc(Nc2ccc(C(F)(F)F)cc2)cc1
P2Et,CC(C)C(C=C(C(C)C)C=C1C(C)C)=C1C2=C(P(C(C)(C)C)C(C)(C)C)C(OC)=CC=C2OC,CC1=CC(C)=NO1,CN(C)P(N(C)C)(N(C)C)=NP(N(C)C)(N(C)C)=NCC,ClC1=CC=C(OC)C=C1,0.0,COc1ccc(Nc2ccc(C)cc2)cc1
P2Et,CC(C)C(C=C(C(C)C)C=C1C(C)C)=C1C2=C(P(C(C)(C)C)C(C)(C)C)C(OC)=CC=C2OC,CC1=CC(C)=NO1,CN(C)P(N(C)C)(N(C)C)=NP(N(C)C)(N(C)C)=NCC,BrC1=CC=C(OC)C=C1,47.81,COc1ccc(Nc2ccc(C)cc2)cc1
P2Et,CC(C)C(C=C(C(C)C)C=C1C(C)C)=C1C2=C(P(C(C)(C)C)C(C)(C)C)C(OC)=CC=C2OC,CC1=CC(C)=NO1,CN(C)P(N(C)C)(N(C)C)=NP(N(C)C)(N(C)C)=NCC,IC1=CC=C(OC)C=C1,48.36,COc1ccc(Nc2ccc(C)cc2)cc1
P2Et,CC(C)C(C=C(C(C)C)C=C1C(C)C)=C1C2=C(P(C(C)(C)C)C(C)(C)C)C(OC)=CC=C2OC,CC1=CC(C)=NO1,CN(C)P(N(C)C)(N(C)C)=NP(N(C)C)(N(C)C)=NCC,ClC1=CC=C(CC)C=C1,1.37,CCc1ccc(Nc2ccc(C)cc2)cc1
P2Et,CC(C)C(C=C(C(C)C)C=C1C(C)C)=C1C2=C(P(C(C)(C)C)C(C)(C)C)C(OC)=CC=C2OC,CC1=CC(C)=NO1,CN(C)P(N(C)C)(N(C)C)=NP(N(C)C)(N(C)C)=NCC,BrC1=CC=C(CC)C=C1,67.28,CCc1ccc(Nc2ccc(C)cc2)cc1
P2Et,CC(C)C(C=C(C(C)C)C=C1C(C)C)=C1C2=C(P(C(C)(C)C)C(C)(C)C)C(OC)=CC=C2OC,CC1=CC(C)=NO1,CN(C)P(N(C)C)(N(C)C)=NP(N(C)C)(N(C)C)=NCC,IC1=CC=C(CC)C=C1,74.24,CCc1ccc(Nc2ccc(C)cc2)cc1
P2Et,CC(C)C(C=C(C(C)C)C=C1C(C)C)=C1C2=C(P(C(C)(C)C)C(C)(C)C)C(OC)=CC=C2OC,CC1=CC(C)=NO1,CN(C)P(N(C)C)(N(C)C)=NP(N(C)C)(N(C)C)=NCC,ClC1=NC=CC=C1,73.54,Cc1ccc(Nc2ccccn2)cc1
P2Et,CC(C)C(C=C(C(C)C)C=C1C(C)C)=C1C2=C(P(C(C)(C)C)C(C)(C)C)C(OC)=CC=C2OC,CC1=CC(C)=NO1,CN(C)P(N(C)C)(N(C)C)=NP(N(C)C)(N(C)C)=NCC,BrC1=NC=CC=C1,79.66,Cc1ccc(Nc2ccccn2)cc1
P2Et,CC(C)C(C=C(C(C)C)C=C1C(C)C)=C1C2=C(P(C(C)(C)C)C(C)(C)C)C(OC)=CC=C2OC,CC1=CC(C)=NO1,CN(C)P(N(C)C)(N(C)C)=NP(N(C)C)(N(C)C)=NCC,IC1=NC=CC=C1,84.59,Cc1ccc(Nc2ccccn2)cc1
P2Et,CC(C)C(C=C(C(C)C)C=C1C(C)C)=C1C2=C(P(C(C)(C)C)C(C)(C)C)C(OC)=CC=C2OC,CC1=CC(C)=NO1,CN(C)P(N(C)C)(N(C)C)=NP(N(C)C)(N(C)C)=NCC,ClC1=CN=CC=C1,8.99,Cc1ccc(Nc2cccnc2)cc1
P2Et,CC(C)C(C=C(C(C)C)C=C1C(C)C)=C1C2=C(P(C(C)(C)C)C(C)(C)C)C(OC)=CC=C2OC,CC1=CC(C)=NO1,CN(C)P(N(C)C)(N(C)C)=NP(N(C)C)(N(C)C)=NCC,BrC1=CN=CC=C1,48.48,Cc1ccc(Nc2cccnc2)cc1
P2Et,CC(C)C(C=C(C(C)C)C=C1C(C)C)=C1C2=C(P(C(C)(C)C)C(C)(C)C)C(OC)=CC=C2OC,CC1=CC(C)=NO1,CN(C)P(N(C)C)(N(C)C)=NP(N(C)C)(N(C)C)=NCC,IC1=CN=CC=C1,70.15,Cc1ccc(Nc2cccnc2)cc1
BTMG,CC(C)C(C=C(C(C)C)C=C1C(C)C)=C1C2=C(P(C(C)(C)C)C(C)(C)C)C(OC)=CC=C2OC,CC1=CC(C)=NO1,CC(C)(C)/N=C(N(C)C)/N(C)C,ClC1=CC=C(C(F)(F)F)C=C1,16.07,Cc1ccc(Nc2ccc(C(F)(F)F)cc2)cc1
BTMG,CC(C)C(C=C(C(C)C)C=C1C(C)C)=C1C2=C(P(C(C)(C)C)C(C)(C)C)C(OC)=CC=C2OC,CC1=CC(C)=NO1,CC(C)(C)/N=C(N(C)C)/N(C)C,BrC1=CC=C(C(F)(F)F)C=C1,33.42,Cc1ccc(Nc2ccc(C(F)(F)F)cc2)cc1
BTMG,CC(C)C(C=C(C(C)C)C=C1C(C)C)=C1C2=C(P(C(C)(C)C)C(C)(C)C)C(OC)=CC=C2OC,CC1=CC(C)=NO1,CC(C)(C)/N=C(N(C)C)/N(C)C,IC1=CC=C(C(F)(F)F)C=C1,36.38,Cc1ccc(Nc2ccc(C(F)(F)F)cc2)cc1
BTMG,CC(C)C(C=C(C(C)C)C=C1C(C)C)=C1C2=C(P(C(C)(C)C)C(C)(C)C)C(OC)=CC=C2OC,CC1=CC(C)=NO1,CC(C)(C)/N=C(N(C)C)/N(C)C,ClC1=CC=C(OC)C=C1,0.36,COc1ccc(Nc2ccc(C)cc2)cc1
BTMG,CC(C)C(C=C(C(C)C)C=C1C(C)C)=C1C2=C(P(C(C)(C)C)C(C)(C)C)C(OC)=CC=C2OC,CC1=CC(C)=NO1,CC(C)(C)/N=C(N(C)C)/N(C)C,BrC1=CC=C(OC)C=C1,38.5,COc1ccc(Nc2ccc(C)cc2)cc1
BTMG,CC(C)C(C=C(C(C)C)C=C1C(C)C)=C1C2=C(P(C(C)(C)C)C(C)(C)C)C(OC)=CC=C2OC,CC1=CC(C)=NO1,CC(C)(C)/N=C(N(C)C)/N(C)C,IC1=CC=C(OC)C=C1,40.48,COc1ccc(Nc2ccc(C)cc2)cc1
BTMG,CC(C)C(C=C(C(C)C)C=C1C(C)C)=C1C2=C(P(C(C)(C)C)C(C)(C)C)C(OC)=CC=C2OC,CC1=CC(C)=NO1,CC(C)(C)/N=C(N(C)C)/N(C)C,ClC1=CC=C(CC)C=C1,5.09,CCc1ccc(Nc2ccc(C)cc2)cc1
BTMG,CC(C)C(C=C(C(C)C)C=C1C(C)C)=C1C2=C(P(C(C)(C)C)C(C)(C)C)C(OC)=CC=C2OC,CC1=CC(C)=NO1,CC(C)(C)/N=C(N(C)C)/N(C)C,BrC1=CC=C(CC)C=C1,59.17,CCc1ccc(Nc2ccc(C)cc2)cc1
BTMG,CC(C)C(C=C(C(C)C)C=C1C(C)C)=C1C2=C(P(C(C)(C)C)C(C)(C)C)C(OC)=CC=C2OC,CC1=CC(C)=NO1,CC(C)(C)/N=C(N(C)C)/N(C)C,IC1=CC=C(CC)C=C1,65.2,CCc1ccc(Nc2ccc(C)cc2)cc1
BTMG,CC(C)C(C=C(C(C)C)C=C1C(C)C)=C1C2=C(P(C(C)(C)C)C(C)(C)C)C(OC)=CC=C2OC,CC1=CC(C)=NO1,CC(C)(C)/N=C(N(C)C)/N(C)C,ClC1=NC=CC=C1,57.83,Cc1ccc(Nc2ccccn2)cc1
BTMG,CC(C)C(C=C(C(C)C)C=C1C(C)C)=C1C2=C(P(C(C)(C)C)C(C)(C)C)C(OC)=CC=C2OC,CC1=CC(C)=NO1,CC(C)(C)/N=C(N(C)C)/N(C)C,BrC1=NC=CC=C1,62.54,Cc1ccc(Nc2ccccn2)cc1
BTMG,CC(C)C(C=C(C(C)C)C=C1C(C)C)=C1C2=C(P(C(C)(C)C)C(C)(C)C)C(OC)=CC=C2OC,CC1=CC(C)=NO1,CC(C)(C)/N=C(N(C)C)/N(C)C,IC1=NC=CC=C1,65.59,Cc1ccc(Nc2ccccn2)cc1
BTMG,CC(C)C(C=C(C(C)C)C=C1C(C)C)=C1C2=C(P(C(C)(C)C)C(C)(C)C)C(OC)=CC=C2OC,CC1=CC(C)=NO1,CC(C)(C)/N=C(N(C)C)/N(C)C,ClC1=CN=CC=C1,21.24,Cc1ccc(Nc2cccnc2)cc1
BTMG,CC(C)C(C=C(C(C)C)C=C1C(C)C)=C1C2=C(P(C(C)(C)C)C(C)(C)C)C(OC)=CC=C2OC,CC1=CC(C)=NO1,CC(C)(C)/N=C(N(C)C)/N(C)C,BrC1=CN=CC=C1,61.28,Cc1ccc(Nc2cccnc2)cc1
BTMG,CC(C)C(C=C(C(C)C)C=C1C(C)C)=C1C2=C(P(C(C)(C)C)C(C)(C)C)C(OC)=CC=C2OC,CC1=CC(C)=NO1,CC(C)(C)/N=C(N(C)C)/N(C)C,IC1=CN=CC=C1,63.81,Cc1ccc(Nc2cccnc2)cc1
MTBD,CC(C)C(C=C(C(C)C)C=C1C(C)C)=C1C2=C(P(C(C)(C)C)C(C)(C)C)C(OC)=CC=C2OC,CC1=CC(C)=NO1,CN1CCCN2C1=NCCC2,ClC1=CC=C(C(F)(F)F)C=C1,14.24,Cc1ccc(Nc2ccc(C(F)(F)F)cc2)cc1
MTBD,CC(C)C(C=C(C(C)C)C=C1C(C)C)=C1C2=C(P(C(C)(C)C)C(C)(C)C)C(OC)=CC=C2OC,CC1=CC(C)=NO1,CN1CCCN2C1=NCCC2,BrC1=CC=C(C(F)(F)F)C=C1,33.57,Cc1ccc(Nc2ccc(C(F)(F)F)cc2)cc1
MTBD,CC(C)C(C=C(C(C)C)C=C1C(C)C)=C1C2=C(P(C(C)(C)C)C(C)(C)C)C(OC)=CC=C2OC,CC1=CC(C)=NO1,CN1CCCN2C1=NCCC2,IC1=CC=C(C(F)(F)F)C=C1,45.52,Cc1ccc(Nc2ccc(C(F)(F)F)cc2)cc1
MTBD,CC(C)C(C=C(C(C)C)C=C1C(C)C)=C1C2=C(P(C(C)(C)C)C(C)(C)C)C(OC)=CC=C2OC,CC1=CC(C)=NO1,CN1CCCN2C1=NCCC2,ClC1=CC=C(OC)C=C1,0.49,COc1ccc(Nc2ccc(C)cc2)cc1
MTBD,CC(C)C(C=C(C(C)C)C=C1C(C)C)=C1C2=C(P(C(C)(C)C)C(C)(C)C)C(OC)=CC=C2OC,CC1=CC(C)=NO1,CN1CCCN2C1=NCCC2,BrC1=CC=C(OC)C=C1,52.14,COc1ccc(Nc2ccc(C)cc2)cc1
MTBD,CC(C)C(C=C(C(C)C)C=C1C(C)C)=C1C2=C(P(C(C)(C)C)C(C)(C)C)C(OC)=CC=C2OC,CC1=CC(C)=NO1,CN1CCCN2C1=NCCC2,IC1=CC=C(OC)C=C1,49.57,COc1ccc(Nc2ccc(C)cc2)cc1
MTBD,CC(C)C(C=C(C(C)C)C=C1C(C)C)=C1C2=C(P(C(C)(C)C)C(C)(C)C)C(OC)=CC=C2OC,CC1=CC(C)=NO1,CN1CCCN2C1=NCCC2,ClC1=CC=C(CC)C=C1,7.18,CCc1ccc(Nc2ccc(C)cc2)cc1
MTBD,CC(C)C(C=C(C(C)C)C=C1C(C)C)=C1C2=C(P(C(C)(C)C)C(C)(C)C)C(OC)=CC=C2OC,CC1=CC(C)=NO1,CN1CCCN2C1=NCCC2,BrC1=CC=C(CC)C=C1,75.04,CCc1ccc(Nc2ccc(C)cc2)cc1
MTBD,CC(C)C(C=C(C(C)C)C=C1C(C)C)=C1C2=C(P(C(C)(C)C)C(C)(C)C)C(OC)=CC=C2OC,CC1=CC(C)=NO1,CN1CCCN2C1=NCCC2,IC1=CC=C(CC)C=C1,79.77,CCc1ccc(Nc2ccc(C)cc2)cc1
MTBD,CC(C)C(C=C(C(C)C)C=C1C(C)C)=C1C2=C(P(C(C)(C)C)C(C)(C)C)C(OC)=CC=C2OC,CC1=CC(C)=NO1,CN1CCCN2C1=NCCC2,ClC1=NC=CC=C1,79.08,Cc1ccc(Nc2ccccn2)cc1
MTBD,CC(C)C(C=C(C(C)C)C=C1C(C)C)=C1C2=C(P(C(C)(C)C)C(C)(C)C)C(OC)=CC=C2OC,CC1=CC(C)=NO1,CN1CCCN2C1=NCCC2,BrC1=NC=CC=C1,86.79,Cc1ccc(Nc2ccccn2)cc1
MTBD,CC(C)C(C=C(C(C)C)C=C1C(C)C)=C1C2=C(P(C(C)(C)C)C(C)(C)C)C(OC)=CC=C2OC,CC1=CC(C)=NO1,CN1CCCN2C1=NCCC2,IC1=NC=CC=C1,89.32,Cc1ccc(Nc2ccccn2)cc1
MTBD,CC(C)C(C=C(C(C)C)C=C1C(C)C)=C1C2=C(P(C(C)(C)C)C(C)(C)C)C(OC)=CC=C2OC,CC1=CC(C)=NO1,CN1CCCN2C1=NCCC2,ClC1=CN=CC=C1,21.0,Cc1ccc(Nc2cccnc2)cc1
MTBD,CC(C)C(C=C(C(C)C)C=C1C(C)C)=C1C2=C(P(C(C)(C)C)C(C)(C)C)C(OC)=CC=C2OC,CC1=CC(C)=NO1,CN1CCCN2C1=NCCC2,BrC1=CN=CC=C1,86.07,Cc1ccc(Nc2cccnc2)cc1
MTBD,CC(C)C(C=C(C(C)C)C=C1C(C)C)=C1C2=C(P(C(C)(C)C)C(C)(C)C)C(OC)=CC=C2OC,CC1=CC(C)=NO1,CN1CCCN2C1=NCCC2,IC1=CN=CC=C1,93.59,Cc1ccc(Nc2cccnc2)cc1
P2Et,CC(C)C(C=C(C(C)C)C=C1C(C)C)=C1C2=C(P(C(C)(C)C)C(C)(C)C)C(OC)=CC=C2OC,O=C(OC)C1=CC=NO1,CN(C)P(N(C)C)(N(C)C)=NP(N(C)C)(N(C)C)=NCC,ClC1=CC=C(C(F)(F)F)C=C1,6.95,Cc1ccc(Nc2ccc(C(F)(F)F)cc2)cc1
P2Et,CC(C)C(C=C(C(C)C)C=C1C(C)C)=C1C2=C(P(C(C)(C)C)C(C)(C)C)C(OC)=CC=C2OC,O=C(OC)C1=CC=NO1,CN(C)P(N(C)C)(N(C)C)=NP(N(C)C)(N(C)C)=NCC,BrC1=CC=C(C(F)(F)F)C=C1,8.37,Cc1ccc(Nc2ccc(C(F)(F)F)cc2)cc1
P2Et,CC(C)C(C=C(C(C)C)C=C1C(C)C)=C1C2=C(P(C(C)(C)C)C(C)(C)C)C(OC)=CC=C2OC,O=C(OC)C1=CC=NO1,CN(C)P(N(C)C)(N(C)C)=NP(N(C)C)(N(C)C)=NCC,IC1=CC=C(C(F)(F)F)C=C1,10.76,Cc1ccc(Nc2ccc(C(F)(F)F)cc2)cc1
P2Et,CC(C)C(C=C(C(C)C)C=C1C(C)C)=C1C2=C(P(C(C)(C)C)C(C)(C)C)C(OC)=CC=C2OC,O=C(OC)C1=CC=NO1,CN(C)P(N(C)C)(N(C)C)=NP(N(C)C)(N(C)C)=NCC,ClC1=CC=C(OC)C=C1,0.53,COc1ccc(Nc2ccc(C)cc2)cc1
P2Et,CC(C)C(C=C(C(C)C)C=C1C(C)C)=C1C2=C(P(C(C)(C)C)C(C)(C)C)C(OC)=CC=C2OC,O=C(OC)C1=CC=NO1,CN(C)P(N(C)C)(N(C)C)=NP(N(C)C)(N(C)C)=NCC,BrC1=CC=C(OC)C=C1,9.49,COc1ccc(Nc2ccc(C)cc2)cc1
P2Et,CC(C)C(C=C(C(C)C)C=C1C(C)C)=C1C2=C(P(C(C)(C)C)C(C)(C)C)C(OC)=CC=C2OC,O=C(OC)C1=CC=NO1,CN(C)P(N(C)C)(N(C)C)=NP(N(C)C)(N(C)C)=NCC,IC1=CC=C(OC)C=C1,12.42,COc1ccc(Nc2ccc(C)cc2)cc1
P2Et,CC(C)C(C=C(C(C)C)C=C1C(C)C)=C1C2=C(P(C(C)(C)C)C(C)(C)C)C(OC)=CC=C2OC,O=C(OC)C1=CC=NO1,CN(C)P(N(C)C)(N(C)C)=NP(N(C)C)(N(C)C)=NCC,ClC1=CC=C(CC)C=C1,3.26,CCc1ccc(Nc2ccc(C)cc2)cc1
P2Et,CC(C)C(C=C(C(C)C)C=C1C(C)C)=C1C2=C(P(C(C)(C)C)C(C)(C)C)C(OC)=CC=C2OC,O=C(OC)C1=CC=NO1,CN(C)P(N(C)C)(N(C)C)=NP(N(C)C)(N(C)C)=NCC,BrC1=CC=C(CC)C=C1,15.67,CCc1ccc(Nc2ccc(C)cc2)cc1
P2Et,CC(C)C(C=C(C(C)C)C=C1C(C)C)=C1C2=C(P(C(C)(C)C)C(C)(C)C)C(OC)=CC=C2OC,O=C(OC)C1=CC=NO1,CN(C)P(N(C)C)(N(C)C)=NP(N(C)C)(N(C)C)=NCC,IC1=CC=C(CC)C=C1,16.98,CCc1ccc(Nc2ccc(C)cc2)cc1
P2Et,CC(C)C(C=C(C(C)C)C=C1C(C)C)=C1C2=C(P(C(C)(C)C)C(C)(C)C)C(OC)=CC=C2OC,O=C(OC)C1=CC=NO1,CN(C)P(N(C)C)(N(C)C)=NP(N(C)C)(N(C)C)=NCC,ClC1=NC=CC=C1,16.32,Cc1ccc(Nc2ccccn2)cc1
P2Et,CC(C)C(C=C(C(C)C)C=C1C(C)C)=C1C2=C(P(C(C)(C)C)C(C)(C)C)C(OC)=CC=C2OC,O=C(OC)C1=CC=NO1,CN(C)P(N(C)C)(N(C)C)=NP(N(C)C)(N(C)C)=NCC,BrC1=NC=CC=C1,19.93,Cc1ccc(Nc2ccccn2)cc1
P2Et,CC(C)C(C=C(C(C)C)C=C1C(C)C)=C1C2=C(P(C(C)(C)C)C(C)(C)C)C(OC)=CC=C2OC,O=C(OC)C1=CC=NO1,CN(C)P(N(C)C)(N(C)C)=NP(N(C)C)(N(C)C)=NCC,IC1=NC=CC=C1,24.67,Cc1ccc(Nc2ccccn2)cc1
P2Et,CC(C)C(C=C(C(C)C)C=C1C(C)C)=C1C2=C(P(C(C)(C)C)C(C)(C)C)C(OC)=CC=C2OC,O=C(OC)C1=CC=NO1,CN(C)P(N(C)C)(N(C)C)=NP(N(C)C)(N(C)C)=NCC,ClC1=CN=CC=C1,7.37,Cc1ccc(Nc2cccnc2)cc1
P2Et,CC(C)C(C=C(C(C)C)C=C1C(C)C)=C1C2=C(P(C(C)(C)C)C(C)(C)C)C(OC)=CC=C2OC,O=C(OC)C1=CC=NO1,CN(C)P(N(C)C)(N(C)C)=NP(N(C)C)(N(C)C)=NCC,BrC1=CN=CC=C1,10.89,Cc1ccc(Nc2cccnc2)cc1
P2Et,CC(C)C(C=C(C(C)C)C=C1C(C)C)=C1C2=C(P(C(C)(C)C)C(C)(C)C)C(OC)=CC=C2OC,O=C(OC)C1=CC=NO1,CN(C)P(N(C)C)(N(C)C)=NP(N(C)C)(N(C)C)=NCC,IC1=CN=CC=C1,13.18,Cc1ccc(Nc2cccnc2)cc1
BTMG,CC(C)C(C=C(C(C)C)C=C1C(C)C)=C1C2=C(P(C(C)(C)C)C(C)(C)C)C(OC)=CC=C2OC,O=C(OC)C1=CC=NO1,CC(C)(C)/N=C(N(C)C)/N(C)C,ClC1=CC=C(C(F)(F)F)C=C1,0.87,Cc1ccc(Nc2ccc(C(F)(F)F)cc2)cc1
BTMG,CC(C)C(C=C(C(C)C)C=C1C(C)C)=C1C2=C(P(C(C)(C)C)C(C)(C)C)C(OC)=CC=C2OC,O=C(OC)C1=CC=NO1,CC(C)(C)/N=C(N(C)C)/N(C)C,BrC1=CC=C(C(F)(F)F)C=C1,10.2,Cc1ccc(Nc2ccc(C(F)(F)F)cc2)cc1
BTMG,CC(C)C(C=C(C(C)C)C=C1C(C)C)=C1C2=C(P(C(C)(C)C)C(C)(C)C)C(OC)=CC=C2OC,O=C(OC)C1=CC=NO1,CC(C)(C)/N=C(N(C)C)/N(C)C,IC1=CC=C(C(F)(F)F)C=C1,28.77,Cc1ccc(Nc2ccc(C(F)(F)F)cc2)cc1
BTMG,CC(C)C(C=C(C(C)C)C=C1C(C)C)=C1C2=C(P(C(C)(C)C)C(C)(C)C)C(OC)=CC=C2OC,O=C(OC)C1=CC=NO1,CC(C)(C)/N=C(N(C)C)/N(C)C,ClC1=CC=C(OC)C=C1,0.0,COc1ccc(Nc2ccc(C)cc2)cc1
BTMG,CC(C)C(C=C(C(C)C)C=C1C(C)C)=C1C2=C(P(C(C)(C)C)C(C)(C)C)C(OC)=CC=C2OC,O=C(OC)C1=CC=NO1,CC(C)(C)/N=C(N(C)C)/N(C)C,BrC1=CC=C(OC)C=C1,4.73,COc1ccc(Nc2ccc(C)cc2)cc1
BTMG,CC(C)C(C=C(C(C)C)C=C1C(C)C)=C1C2=C(P(C(C)(C)C)C(C)(C)C)C(OC)=CC=C2OC,O=C(OC)C1=CC=NO1,CC(C)(C)/N=C(N(C)C)/N(C)C,IC1=CC=C(OC)C=C1,35.24,COc1ccc(Nc2ccc(C)cc2)cc1
BTMG,CC(C)C(C=C(C(C)C)C=C1C(C)C)=C1C2=C(P(C(C)(C)C)C(C)(C)C)C(OC)=CC=C2OC,O=C(OC)C1=CC=NO1,CC(C)(C)/N=C(N(C)C)/N(C)C,ClC1=CC=C(CC)C=C1,4.1,CCc1ccc(Nc2ccc(C)cc2)cc1
BTMG,CC(C)C(C=C(C(C)C)C=C1C(C)C)=C1C2=C(P(C(C)(C)C)C(C)(C)C)C(OC)=CC=C2OC,O=C(OC)C1=CC=NO1,CC(C)(C)/N=C(N(C)C)/N(C)C,BrC1=CC=C(CC)C=C1,10.37,CCc1ccc(Nc2ccc(C)cc2)cc1
BTMG,CC(C)C(C=C(C(C)C)C=C1C(C)C)=C1C2=C(P(C(C)(C)C)C(C)(C)C)C(OC)=CC=C2OC,O=C(OC)C1=CC=NO1,CC(C)(C)/N=C(N(C)C)/N(C)C,IC1=CC=C(CC)C=C1,56.22,CCc1ccc(Nc2ccc(C)cc2)cc1
BTMG,CC(C)C(C=C(C(C)C)C=C1C(C)C)=C1C2=C(P(C(C)(C)C)C(C)(C)C)C(OC)=CC=C2OC,O=C(OC)C1=CC=NO1,CC(C)(C)/N=C(N(C)C)/N(C)C,ClC1=NC=CC=C1,13.58,Cc1ccc(Nc2ccccn2)cc1
BTMG,CC(C)C(C=C(C(C)C)C=C1C(C)C)=C1C2=C(P(C(C)(C)C)C(C)(C)C)C(OC)=CC=C2OC,O=C(OC)C1=CC=NO1,CC(C)(C)/N=C(N(C)C)/N(C)C,BrC1=NC=CC=C1,24.96,Cc1ccc(Nc2ccccn2)cc1
BTMG,CC(C)C(C=C(C(C)C)C=C1C(C)C)=C1C2=C(P(C(C)(C)C)C(C)(C)C)C(OC)=CC=C2OC,O=C(OC)C1=CC=NO1,CC(C)(C)/N=C(N(C)C)/N(C)C,IC1=NC=CC=C1,49.78,Cc1ccc(Nc2ccccn2)cc1
BTMG,CC(C)C(C=C(C(C)C)C=C1C(C)C)=C1C2=C(P(C(C)(C)C)C(C)(C)C)C(OC)=CC=C2OC,O=C(OC)C1=CC=NO1,CC(C)(C)/N=C(N(C)C)/N(C)C,ClC1=CN=CC=C1,0.0,Cc1ccc(Nc2cccnc2)cc1
BTMG,CC(C)C(C=C(C(C)C)C=C1C(C)C)=C1C2=C(P(C(C)(C)C)C(C)(C)C)C(OC)=CC=C2OC,O=C(OC)C1=CC=NO1,CC(C)(C)/N=C(N(C)C)/N(C)C,BrC1=CN=CC=C1,26.2,Cc1ccc(Nc2cccnc2)cc1
BTMG,CC(C)C(C=C(C(C)C)C=C1C(C)C)=C1C2=C(P(C(C)(C)C)C(C)(C)C)C(OC)=CC=C2OC,O=C(OC)C1=CC=NO1,CC(C)(C)/N=C(N(C)C)/N(C)C,IC1=CN=CC=C1,40.57,Cc1ccc(Nc2cccnc2)cc1
MTBD,CC(C)C(C=C(C(C)C)C=C1C(C)C)=C1C2=C(P(C(C)(C)C)C(C)(C)C)C(OC)=CC=C2OC,O=C(OC)C1=CC=NO1,CN1CCCN2C1=NCCC2,ClC1=CC=C(C(F)(F)F)C=C1,7.39,Cc1ccc(Nc2ccc(C(F)(F)F)cc2)cc1
MTBD,CC(C)C(C=C(C(C)C)C=C1C(C)C)=C1C2=C(P(C(C)(C)C)C(C)(C)C)C(OC)=CC=C2OC,O=C(OC)C1=CC=NO1,CN1CCCN2C1=NCCC2,BrC1=CC=C(C(F)(F)F)C=C1,22.35,Cc1ccc(Nc2ccc(C(F)(F)F)cc2)cc1
MTBD,CC(C)C(C=C(C(C)C)C=C1C(C)C)=C1C2=C(P(C(C)(C)C)C(C)(C)C)C(OC)=CC=C2OC,O=C(OC)C1=CC=NO1,CN1CCCN2C1=NCCC2,IC1=CC=C(C(F)(F)F)C=C1,47.06,Cc1ccc(Nc2ccc(C(F)(F)F)cc2)cc1
MTBD,CC(C)C(C=C(C(C)C)C=C1C(C)C)=C1C2=C(P(C(C)(C)C)C(C)(C)C)C(OC)=CC=C2OC,O=C(OC)C1=CC=NO1,CN1CCCN2C1=NCCC2,ClC1=CC=C(OC)C=C1,0.99,COc1ccc(Nc2ccc(C)cc2)cc1
MTBD,CC(C)C(C=C(C(C)C)C=C1C(C)C)=C1C2=C(P(C(C)(C)C)C(C)(C)C)C(OC)=CC=C2OC,O=C(OC)C1=CC=NO1,CN1CCCN2C1=NCCC2,BrC1=CC=C(OC)C=C1,17.56,COc1ccc(Nc2ccc(C)cc2)cc1
MTBD,CC(C)C(C=C(C(C)C)C=C1C(C)C)=C1C2=C(P(C(C)(C)C)C(C)(C)C)C(OC)=CC=C2OC,O=C(OC)C1=CC=NO1,CN1CCCN2C1=NCCC2,IC1=CC=C(OC)C=C1,43.58,COc1ccc(Nc2ccc(C)cc2)cc1
MTBD,CC(C)C(C=C(C(C)C)C=C1C(C)C)=C1C2=C(P(C(C)(C)C)C(C)(C)C)C(OC)=CC=C2OC,O=C(OC)C1=CC=NO1,CN1CCCN2C1=NCCC2,ClC1=CC=C(CC)C=C1,12.48,CCc1ccc(Nc2ccc(C)cc2)cc1
MTBD,CC(C)C(C=C(C(C)C)C=C1C(C)C)=C1C2=C(P(C(C)(C)C)C(C)(C)C)C(OC)=CC=C2OC,O=C(OC)C1=CC=NO1,CN1CCCN2C1=NCCC2,BrC1=CC=C(CC)C=C1,32.02,CCc1ccc(Nc2ccc(C)cc2)cc1
MTBD,CC(C)C(C=C(C(C)C)C=C1C(C)C)=C1C2=C(P(C(C)(C)C)C(C)(C)C)C(OC)=CC=C2OC,O=C(OC)C1=CC=NO1,CN1CCCN2C1=NCCC2,IC1=CC=C(CC)C=C1,72.71,CCc1ccc(Nc2ccc(C)cc2)cc1
MTBD,CC(C)C(C=C(C(C)C)C=C1C(C)C)=C1C2=C(P(C(C)(C)C)C(C)(C)C)C(OC)=CC=C2OC,O=C(OC)C1=CC=NO1,CN1CCCN2C1=NCCC2,ClC1=NC=CC=C1,36.06,Cc1ccc(Nc2ccccn2)cc1
MTBD,CC(C)C(C=C(C(C)C)C=C1C(C)C)=C1C2=C(P(C(C)(C)C)C(C)(C)C)C(OC)=CC=C2OC,O=C(OC)C1=CC=NO1,CN1CCCN2C1=NCCC2,BrC1=NC=CC=C1,46.17,Cc1ccc(Nc2ccccn2)cc1
MTBD,CC(C)C(C=C(C(C)C)C=C1C(C)C)=C1C2=C(P(C(C)(C)C)C(C)(C)C)C(OC)=CC=C2OC,O=C(OC)C1=CC=NO1,CN1CCCN2C1=NCCC2,IC1=NC=CC=C1,87.75,Cc1ccc(Nc2ccccn2)cc1
MTBD,CC(C)C(C=C(C(C)C)C=C1C(C)C)=C1C2=C(P(C(C)(C)C)C(C)(C)C)C(OC)=CC=C2OC,O=C(OC)C1=CC=NO1,CN1CCCN2C1=NCCC2,ClC1=CN=CC=C1,24.93,Cc1ccc(Nc2cccnc2)cc1
MTBD,CC(C)C(C=C(C(C)C)C=C1C(C)C)=C1C2=C(P(C(C)(C)C)C(C)(C)C)C(OC)=CC=C2OC,O=C(OC)C1=CC=NO1,CN1CCCN2C1=NCCC2,BrC1=CN=CC=C1,45.53,Cc1ccc(Nc2cccnc2)cc1
MTBD,CC(C)C(C=C(C(C)C)C=C1C(C)C)=C1C2=C(P(C(C)(C)C)C(C)(C)C)C(OC)=CC=C2OC,O=C(OC)C1=CC=NO1,CN1CCCN2C1=NCCC2,IC1=CN=CC=C1,70.19,Cc1ccc(Nc2cccnc2)cc1
P2Et,CC(C)C(C=C(C(C)C)C=C1C(C)C)=C1C2=C(P([C@@]3(C[C@@H]4C5)C[C@H](C4)C[C@H]5C3)[C@]6(C7)C[C@@H](C[C@@H]7C8)C[C@@H]8C6)C(OC)=CC=C2OC,CC1=CC=NO1,CN(C)P(N(C)C)(N(C)C)=NP(N(C)C)(N(C)C)=NCC,ClC1=CC=C(C(F)(F)F)C=C1,1.92,Cc1ccc(Nc2ccc(C(F)(F)F)cc2)cc1
P2Et,CC(C)C(C=C(C(C)C)C=C1C(C)C)=C1C2=C(P([C@@]3(C[C@@H]4C5)C[C@H](C4)C[C@H]5C3)[C@]6(C7)C[C@@H](C[C@@H]7C8)C[C@@H]8C6)C(OC)=CC=C2OC,CC1=CC=NO1,CN(C)P(N(C)C)(N(C)C)=NP(N(C)C)(N(C)C)=NCC,BrC1=CC=C(C(F)(F)F)C=C1,2.93,Cc1ccc(Nc2ccc(C(F)(F)F)cc2)cc1
P2Et,CC(C)C(C=C(C(C)C)C=C1C(C)C)=C1C2=C(P([C@@]3(C[C@@H]4C5)C[C@H](C4)C[C@H]5C3)[C@]6(C7)C[C@@H](C[C@@H]7C8)C[C@@H]8C6)C(OC)=CC=C2OC,CC1=CC=NO1,CN(C)P(N(C)C)(N(C)C)=NP(N(C)C)(N(C)C)=NCC,IC1=CC=C(C(F)(F)F)C=C1,3.45,Cc1ccc(Nc2ccc(C(F)(F)F)cc2)cc1
P2Et,CC(C)C(C=C(C(C)C)C=C1C(C)C)=C1C2=C(P([C@@]3(C[C@@H]4C5)C[C@H](C4)C[C@H]5C3)[C@]6(C7)C[C@@H](C[C@@H]7C8)C[C@@H]8C6)C(OC)=CC=C2OC,CC1=CC=NO1,CN(C)P(N(C)C)(N(C)C)=NP(N(C)C)(N(C)C)=NCC,ClC1=CC=C(OC)C=C1,0.0,COc1ccc(Nc2ccc(C)cc2)cc1
P2Et,CC(C)C(C=C(C(C)C)C=C1C(C)C)=C1C2=C(P([C@@]3(C[C@@H]4C5)C[C@H](C4)C[C@H]5C3)[C@]6(C7)C[C@@H](C[C@@H]7C8)C[C@@H]8C6)C(OC)=CC=C2OC,CC1=CC=NO1,CN(C)P(N(C)C)(N(C)C)=NP(N(C)C)(N(C)C)=NCC,BrC1=CC=C(OC)C=C1,7.83,COc1ccc(Nc2ccc(C)cc2)cc1
P2Et,CC(C)C(C=C(C(C)C)C=C1C(C)C)=C1C2=C(P([C@@]3(C[C@@H]4C5)C[C@H](C4)C[C@H]5C3)[C@]6(C7)C[C@@H](C[C@@H]7C8)C[C@@H]8C6)C(OC)=CC=C2OC,CC1=CC=NO1,CN(C)P(N(C)C)(N(C)C)=NP(N(C)C)(N(C)C)=NCC,IC1=CC=C(OC)C=C1,11.25,COc1ccc(Nc2ccc(C)cc2)cc1
P2Et,CC(C)C(C=C(C(C)C)C=C1C(C)C)=C1C2=C(P([C@@]3(C[C@@H]4C5)C[C@H](C4)C[C@H]5C3)[C@]6(C7)C[C@@H](C[C@@H]7C8)C[C@@H]8C6)C(OC)=CC=C2OC,CC1=CC=NO1,CN(C)P(N(C)C)(N(C)C)=NP(N(C)C)(N(C)C)=NCC,ClC1=CC=C(CC)C=C1,0.63,CCc1ccc(Nc2ccc(C)cc2)cc1
P2Et,CC(C)C(C=C(C(C)C)C=C1C(C)C)=C1C2=C(P([C@@]3(C[C@@H]4C5)C[C@H](C4)C[C@H]5C3)[C@]6(C7)C[C@@H](C[C@@H]7C8)C[C@@H]8C6)C(OC)=CC=C2OC,CC1=CC=NO1,CN(C)P(N(C)C)(N(C)C)=NP(N(C)C)(N(C)C)=NCC,BrC1=CC=C(CC)C=C1,12.3,CCc1ccc(Nc2ccc(C)cc2)cc1
P2Et,CC(C)C(C=C(C(C)C)C=C1C(C)C)=C1C2=C(P([C@@]3(C[C@@H]4C5)C[C@H](C4)C[C@H]5C3)[C@]6(C7)C[C@@H](C[C@@H]7C8)C[C@@H]8C6)C(OC)=CC=C2OC,CC1=CC=NO1,CN(C)P(N(C)C)(N(C)C)=NP(N(C)C)(N(C)C)=NCC,IC1=CC=C(CC)C=C1,17.3,CCc1ccc(Nc2ccc(C)cc2)cc1
P2Et,CC(C)C(C=C(C(C)C)C=C1C(C)C)=C1C2=C(P([C@@]3(C[C@@H]4C5)C[C@H](C4)C[C@H]5C3)[C@]6(C7)C[C@@H](C[C@@H]7C8)C[C@@H]8C6)C(OC)=CC=C2OC,CC1=CC=NO1,CN(C)P(N(C)C)(N(C)C)=NP(N(C)C)(N(C)C)=NCC,ClC1=NC=CC=C1,17.09,Cc1ccc(Nc2ccccn2)cc1
P2Et,CC(C)C(C=C(C(C)C)C=C1C(C)C)=C1C2=C(P([C@@]3(C[C@@H]4C5)C[C@H](C4)C[C@H]5C3)[C@]6(C7)C[C@@H](C[C@@H]7C8)C[C@@H]8C6)C(OC)=CC=C2OC,CC1=CC=NO1,CN(C)P(N(C)C)(N(C)C)=NP(N(C)C)(N(C)C)=NCC,BrC1=NC=CC=C1,21.76,Cc1ccc(Nc2ccccn2)cc1
P2Et,CC(C)C(C=C(C(C)C)C=C1C(C)C)=C1C2=C(P([C@@]3(C[C@@H]4C5)C[C@H](C4)C[C@H]5C3)[C@]6(C7)C[C@@H](C[C@@H]7C8)C[C@@H]8C6)C(OC)=CC=C2OC,CC1=CC=NO1,CN(C)P(N(C)C)(N(C)C)=NP(N(C)C)(N(C)C)=NCC,IC1=NC=CC=C1,27.06,Cc1ccc(Nc2ccccn2)cc1
P2Et,CC(C)C(C=C(C(C)C)C=C1C(C)C)=C1C2=C(P([C@@]3(C[C@@H]4C5)C[C@H](C4)C[C@H]5C3)[C@]6(C7)C[C@@H](C[C@@H]7C8)C[C@@H]8C6)C(OC)=CC=C2OC,CC1=CC=NO1,CN(C)P(N(C)C)(N(C)C)=NP(N(C)C)(N(C)C)=NCC,ClC1=CN=CC=C1,2.03,Cc1ccc(Nc2cccnc2)cc1
P2Et,CC(C)C(C=C(C(C)C)C=C1C(C)C)=C1C2=C(P([C@@]3(C[C@@H]4C5)C[C@H](C4)C[C@H]5C3)[C@]6(C7)C[C@@H](C[C@@H]7C8)C[C@@H]8C6)C(OC)=CC=C2OC,CC1=CC=NO1,CN(C)P(N(C)C)(N(C)C)=NP(N(C)C)(N(C)C)=NCC,BrC1=CN=CC=C1,3.68,Cc1ccc(Nc2cccnc2)cc1
P2Et,CC(C)C(C=C(C(C)C)C=C1C(C)C)=C1C2=C(P([C@@]3(C[C@@H]4C5)C[C@H](C4)C[C@H]5C3)[C@]6(C7)C[C@@H](C[C@@H]7C8)C[C@@H]8C6)C(OC)=CC=C2OC,CC1=CC=NO1,CN(C)P(N(C)C)(N(C)C)=NP(N(C)C)(N(C)C)=NCC,IC1=CN=CC=C1,5.4,Cc1ccc(Nc2cccnc2)cc1
BTMG,CC(C)C(C=C(C(C)C)C=C1C(C)C)=C1C2=C(P([C@@]3(C[C@@H]4C5)C[C@H](C4)C[C@H]5C3)[C@]6(C7)C[C@@H](C[C@@H]7C8)C[C@@H]8C6)C(OC)=CC=C2OC,CC1=CC=NO1,CC(C)(C)/N=C(N(C)C)/N(C)C,ClC1=CC=C(C(F)(F)F)C=C1,3.4,Cc1ccc(Nc2ccc(C(F)(F)F)cc2)cc1
BTMG,CC(C)C(C=C(C(C)C)C=C1C(C)C)=C1C2=C(P([C@@]3(C[C@@H]4C5)C[C@H](C4)C[C@H]5C3)[C@]6(C7)C[C@@H](C[C@@H]7C8)C[C@@H]8C6)C(OC)=CC=C2OC,CC1=CC=NO1,CC(C)(C)/N=C(N(C)C)/N(C)C,BrC1=CC=C(C(F)(F)F)C=C1,24.03,Cc1ccc(Nc2ccc(C(F)(F)F)cc2)cc1
BTMG,CC(C)C(C=C(C(C)C)C=C1C(C)C)=C1C2=C(P([C@@]3(C[C@@H]4C5)C[C@H](C4)C[C@H]5C3)[C@]6(C7)C[C@@H](C[C@@H]7C8)C[C@@H]8C6)C(OC)=CC=C2OC,CC1=CC=NO1,CC(C)(C)/N=C(N(C)C)/N(C)C,IC1=CC=C(C(F)(F)F)C=C1,37.05,Cc1ccc(Nc2ccc(C(F)(F)F)cc2)cc1
BTMG,CC(C)C(C=C(C(C)C)C=C1C(C)C)=C1C2=C(P([C@@]3(C[C@@H]4C5)C[C@H](C4)C[C@H]5C3)[C@]6(C7)C[C@@H](C[C@@H]7C8)C[C@@H]8C6)C(OC)=CC=C2OC,CC1=CC=NO1,CC(C)(C)/N=C(N(C)C)/N(C)C,ClC1=CC=C(OC)C=C1,0.0,COc1ccc(Nc2ccc(C)cc2)cc1
BTMG,CC(C)C(C=C(C(C)C)C=C1C(C)C)=C1C2=C(P([C@@]3(C[C@@H]4C5)C[C@H](C4)C[C@H]5C3)[C@]6(C7)C[C@@H](C[C@@H]7C8)C[C@@H]8C6)C(OC)=CC=C2OC,CC1=CC=NO1,CC(C)(C)/N=C(N(C)C)/N(C)C,BrC1=CC=C(OC)C=C1,20.37,COc1ccc(Nc2ccc(C)cc2)cc1
BTMG,CC(C)C(C=C(C(C)C)C=C1C(C)C)=C1C2=C(P([C@@]3(C[C@@H]4C5)C[C@H](C4)C[C@H]5C3)[C@]6(C7)C[C@@H](C[C@@H]7C8)C[C@@H]8C6)C(OC)=CC=C2OC,CC1=CC=NO1,CC(C)(C)/N=C(N(C)C)/N(C)C,IC1=CC=C(OC)C=C1,37.14,COc1ccc(Nc2ccc(C)cc2)cc1
BTMG,CC(C)C(C=C(C(C)C)C=C1C(C)C)=C1C2=C(P([C@@]3(C[C@@H]4C5)C[C@H](C4)C[C@H]5C3)[C@]6(C7)C[C@@H](C[C@@H]7C8)C[C@@H]8C6)C(OC)=CC=C2OC,CC1=CC=NO1,CC(C)(C)/N=C(N(C)C)/N(C)C,ClC1=CC=C(CC)C=C1,0.38,CCc1ccc(Nc2ccc(C)cc2)cc1
BTMG,CC(C)C(C=C(C(C)C)C=C1C(C)C)=C1C2=C(P([C@@]3(C[C@@H]4C5)C[C@H](C4)C[C@H]5C3)[C@]6(C7)C[C@@H](C[C@@H]7C8)C[C@@H]8C6)C(OC)=CC=C2OC,CC1=CC=NO1,CC(C)(C)/N=C(N(C)C)/N(C)C,BrC1=CC=C(CC)C=C1,34.22,CCc1ccc(Nc2ccc(C)cc2)cc1
BTMG,CC(C)C(C=C(C(C)C)C=C1C(C)C)=C1C2=C(P([C@@]3(C[C@@H]4C5)C[C@H](C4)C[C@H]5C3)[C@]6(C7)C[C@@H](C[C@@H]7C8)C[C@@H]8C6)C(OC)=CC=C2OC,CC1=CC=NO1,CC(C)(C)/N=C(N(C)C)/N(C)C,IC1=CC=C(CC)C=C1,60.33,CCc1ccc(Nc2ccc(C)cc2)cc1
BTMG,CC(C)C(C=C(C(C)C)C=C1C(C)C)=C1C2=C(P([C@@]3(C[C@@H]4C5)C[C@H](C4)C[C@H]5C3)[C@]6(C7)C[C@@H](C[C@@H]7C8)C[C@@H]8C6)C(OC)=CC=C2OC,CC1=CC=NO1,CC(C)(C)/N=C(N(C)C)/N(C)C,ClC1=NC=CC=C1,28.42,Cc1ccc(Nc2ccccn2)cc1
BTMG,CC(C)C(C=C(C(C)C)C=C1C(C)C)=C1C2=C(P([C@@]3(C[C@@H]4C5)C[C@H](C4)C[C@H]5C3)[C@]6(C7)C[C@@H](C[C@@H]7C8)C[C@@H]8C6)C(OC)=CC=C2OC,CC1=CC=NO1,CC(C)(C)/N=C(N(C)C)/N(C)C,BrC1=NC=CC=C1,37.46,Cc1ccc(Nc2ccccn2)cc1
BTMG,CC(C)C(C=C(C(C)C)C=C1C(C)C)=C1C2=C(P([C@@]3(C[C@@H]4C5)C[C@H](C4)C[C@H]5C3)[C@]6(C7)C[C@@H](C[C@@H]7C8)C[C@@H]8C6)C(OC)=CC=C2OC,CC1=CC=NO1,CC(C)(C)/N=C(N(C)C)/N(C)C,IC1=NC=CC=C1,46.34,Cc1ccc(Nc2ccccn2)cc1
BTMG,CC(C)C(C=C(C(C)C)C=C1C(C)C)=C1C2=C(P([C@@]3(C[C@@H]4C5)C[C@H](C4)C[C@H]5C3)[C@]6(C7)C[C@@H](C[C@@H]7C8)C[C@@H]8C6)C(OC)=CC=C2OC,CC1=CC=NO1,CC(C)(C)/N=C(N(C)C)/N(C)C,ClC1=CN=CC=C1,3.06,Cc1ccc(Nc2cccnc2)cc1
BTMG,CC(C)C(C=C(C(C)C)C=C1C(C)C)=C1C2=C(P([C@@]3(C[C@@H]4C5)C[C@H](C4)C[C@H]5C3)[C@]6(C7)C[C@@H](C[C@@H]7C8)C[C@@H]8C6)C(OC)=CC=C2OC,CC1=CC=NO1,CC(C)(C)/N=C(N(C)C)/N(C)C,BrC1=CN=CC=C1,43.81,Cc1ccc(Nc2cccnc2)cc1
BTMG,CC(C)C(C=C(C(C)C)C=C1C(C)C)=C1C2=C(P([C@@]3(C[C@@H]4C5)C[C@H](C4)C[C@H]5C3)[C@]6(C7)C[C@@H](C[C@@H]7C8)C[C@@H]8C6)C(OC)=CC=C2OC,CC1=CC=NO1,CC(C)(C)/N=C(N(C)C)/N(C)C,IC1=CN=CC=C1,54.92,Cc1ccc(Nc2cccnc2)cc1
MTBD,CC(C)C(C=C(C(C)C)C=C1C(C)C)=C1C2=C(P([C@@]3(C[C@@H]4C5)C[C@H](C4)C[C@H]5C3)[C@]6(C7)C[C@@H](C[C@@H]7C8)C[C@@H]8C6)C(OC)=CC=C2OC,CC1=CC=NO1,CN1CCCN2C1=NCCC2,ClC1=CC=C(C(F)(F)F)C=C1,7.26,Cc1ccc(Nc2ccc(C(F)(F)F)cc2)cc1
MTBD,CC(C)C(C=C(C(C)C)C=C1C(C)C)=C1C2=C(P([C@@]3(C[C@@H]4C5)C[C@H](C4)C[C@H]5C3)[C@]6(C7)C[C@@H](C[C@@H]7C8)C[C@@H]8C6)C(OC)=CC=C2OC,CC1=CC=NO1,CN1CCCN2C1=NCCC2,BrC1=CC=C(C(F)(F)F)C=C1,29.47,Cc1ccc(Nc2ccc(C(F)(F)F)cc2)cc1
MTBD,CC(C)C(C=C(C(C)C)C=C1C(C)C)=C1C2=C(P([C@@]3(C[C@@H]4C5)C[C@H](C4)C[C@H]5C3)[C@]6(C7)C[C@@H](C[C@@H]7C8)C[C@@H]8C6)C(OC)=CC=C2OC,CC1=CC=NO1,CN1CCCN2C1=NCCC2,IC1=CC=C(C(F)(F)F)C=C1,47.12,Cc1ccc(Nc2ccc(C(F)(F)F)cc2)cc1
MTBD,CC(C)C(C=C(C(C)C)C=C1C(C)C)=C1C2=C(P([C@@]3(C[C@@H]4C5)C[C@H](C4)C[C@H]5C3)[C@]6(C7)C[C@@H](C[C@@H]7C8)C[C@@H]8C6)C(OC)=CC=C2OC,CC1=CC=NO1,CN1CCCN2C1=NCCC2,ClC1=CC=C(OC)C=C1,0.38,COc1ccc(Nc2ccc(C)cc2)cc1
MTBD,CC(C)C(C=C(C(C)C)C=C1C(C)C)=C1C2=C(P([C@@]3(C[C@@H]4C5)C[C@H](C4)C[C@H]5C3)[C@]6(C7)C[C@@H](C[C@@H]7C8)C[C@@H]8C6)C(OC)=CC=C2OC,CC1=CC=NO1,CN1CCCN2C1=NCCC2,BrC1=CC=C(OC)C=C1,42.91,COc1ccc(Nc2ccc(C)cc2)cc1
MTBD,CC(C)C(C=C(C(C)C)C=C1C(C)C)=C1C2=C(P([C@@]3(C[C@@H]4C5)C[C@H](C4)C[C@H]5C3)[C@]6(C7)C[C@@H](C[C@@H]7C8)C[C@@H]8C6)C(OC)=CC=C2OC,CC1=CC=NO1,CN1CCCN2C1=NCCC2,IC1=CC=C(OC)C=C1,50.1,COc1ccc(Nc2ccc(C)cc2)cc1
MTBD,CC(C)C(C=C(C(C)C)C=C1C(C)C)=C1C2=C(P([C@@]3(C[C@@H]4C5)C[C@H](C4)C[C@H]5C3)[C@]6(C7)C[C@@H](C[C@@H]7C8)C[C@@H]8C6)C(OC)=CC=C2OC,CC1=CC=NO1,CN1CCCN2C1=NCCC2,ClC1=CC=C(CC)C=C1,1.38,CCc1ccc(Nc2ccc(C)cc2)cc1
MTBD,CC(C)C(C=C(C(C)C)C=C1C(C)C)=C1C2=C(P([C@@]3(C[C@@H]4C5)C[C@H](C4)C[C@H]5C3)[C@]6(C7)C[C@@H](C[C@@H]7C8)C[C@@H]8C6)C(OC)=CC=C2OC,CC1=CC=NO1,CN1CCCN2C1=NCCC2,BrC1=CC=C(CC)C=C1,66.71,CCc1ccc(Nc2ccc(C)cc2)cc1
MTBD,CC(C)C(C=C(C(C)C)C=C1C(C)C)=C1C2=C(P([C@@]3(C[C@@H]4C5)C[C@H](C4)C[C@H]5C3)[C@]6(C7)C[C@@H](C[C@@H]7C8)C[C@@H]8C6)C(OC)=CC=C2OC,CC1=CC=NO1,CN1CCCN2C1=NCCC2,IC1=CC=C(CC)C=C1,76.23,CCc1ccc(Nc2ccc(C)cc2)cc1
MTBD,CC(C)C(C=C(C(C)C)C=C1C(C)C)=C1C2=C(P([C@@]3(C[C@@H]4C5)C[C@H](C4)C[C@H]5C3)[C@]6(C7)C[C@@H](C[C@@H]7C8)C[C@@H]8C6)C(OC)=CC=C2OC,CC1=CC=NO1,CN1CCCN2C1=NCCC2,ClC1=NC=CC=C1,70.05,Cc1ccc(Nc2ccccn2)cc1
MTBD,CC(C)C(C=C(C(C)C)C=C1C(C)C)=C1C2=C(P([C@@]3(C[C@@H]4C5)C[C@H](C4)C[C@H]5C3)[C@]6(C7)C[C@@H](C[C@@H]7C8)C[C@@H]8C6)C(OC)=CC=C2OC,CC1=CC=NO1,CN1CCCN2C1=NCCC2,BrC1=NC=CC=C1,82.57,Cc1ccc(Nc2ccccn2)cc1
MTBD,CC(C)C(C=C(C(C)C)C=C1C(C)C)=C1C2=C(P([C@@]3(C[C@@H]4C5)C[C@H](C4)C[C@H]5C3)[C@]6(C7)C[C@@H](C[C@@H]7C8)C[C@@H]8C6)C(OC)=CC=C2OC,CC1=CC=NO1,CN1CCCN2C1=NCCC2,IC1=NC=CC=C1,90.32,Cc1ccc(Nc2ccccn2)cc1
MTBD,CC(C)C(C=C(C(C)C)C=C1C(C)C)=C1C2=C(P([C@@]3(C[C@@H]4C5)C[C@H](C4)C[C@H]5C3)[C@]6(C7)C[C@@H](C[C@@H]7C8)C[C@@H]8C6)C(OC)=CC=C2OC,CC1=CC=NO1,CN1CCCN2C1=NCCC2,ClC1=CN=CC=C1,11.31,Cc1ccc(Nc2cccnc2)cc1
MTBD,CC(C)C(C=C(C(C)C)C=C1C(C)C)=C1C2=C(P([C@@]3(C[C@@H]4C5)C[C@H](C4)C[C@H]5C3)[C@]6(C7)C[C@@H](C[C@@H]7C8)C[C@@H]8C6)C(OC)=CC=C2OC,CC1=CC=NO1,CN1CCCN2C1=NCCC2,BrC1=CN=CC=C1,79.69,Cc1ccc(Nc2cccnc2)cc1
MTBD,CC(C)C(C=C(C(C)C)C=C1C(C)C)=C1C2=C(P([C@@]3(C[C@@H]4C5)C[C@H](C4)C[C@H]5C3)[C@]6(C7)C[C@@H](C[C@@H]7C8)C[C@@H]8C6)C(OC)=CC=C2OC,CC1=CC=NO1,CN1CCCN2C1=NCCC2,IC1=CN=CC=C1,91.7,Cc1ccc(Nc2cccnc2)cc1
P2Et,CC(C)C(C=C(C(C)C)C=C1C(C)C)=C1C2=C(P([C@@]3(C[C@@H]4C5)C[C@H](C4)C[C@H]5C3)[C@]6(C7)C[C@@H](C[C@@H]7C8)C[C@@H]8C6)C(OC)=CC=C2OC,C12=CON=C1C=CC=C2,CN(C)P(N(C)C)(N(C)C)=NP(N(C)C)(N(C)C)=NCC,ClC1=CC=C(C(F)(F)F)C=C1,1.07,Cc1ccc(Nc2ccc(C(F)(F)F)cc2)cc1
P2Et,CC(C)C(C=C(C(C)C)C=C1C(C)C)=C1C2=C(P([C@@]3(C[C@@H]4C5)C[C@H](C4)C[C@H]5C3)[C@]6(C7)C[C@@H](C[C@@H]7C8)C[C@@H]8C6)C(OC)=CC=C2OC,C12=CON=C1C=CC=C2,CN(C)P(N(C)C)(N(C)C)=NP(N(C)C)(N(C)C)=NCC,BrC1=CC=C(C(F)(F)F)C=C1,5.11,Cc1ccc(Nc2ccc(C(F)(F)F)cc2)cc1
P2Et,CC(C)C(C=C(C(C)C)C=C1C(C)C)=C1C2=C(P([C@@]3(C[C@@H]4C5)C[C@H](C4)C[C@H]5C3)[C@]6(C7)C[C@@H](C[C@@H]7C8)C[C@@H]8C6)C(OC)=CC=C2OC,C12=CON=C1C=CC=C2,CN(C)P(N(C)C)(N(C)C)=NP(N(C)C)(N(C)C)=NCC,IC1=CC=C(C(F)(F)F)C=C1,3.28,Cc1ccc(Nc2ccc(C(F)(F)F)cc2)cc1
P2Et,CC(C)C(C=C(C(C)C)C=C1C(C)C)=C1C2=C(P([C@@]3(C[C@@H]4C5)C[C@H](C4)C[C@H]5C3)[C@]6(C7)C[C@@H](C[C@@H]7C8)C[C@@H]8C6)C(OC)=CC=C2OC,C12=CON=C1C=CC=C2,CN(C)P(N(C)C)(N(C)C)=NP(N(C)C)(N(C)C)=NCC,ClC1=CC=C(OC)C=C1,0.0,COc1ccc(Nc2ccc(C)cc2)cc1
P2Et,CC(C)C(C=C(C(C)C)C=C1C(C)C)=C1C2=C(P([C@@]3(C[C@@H]4C5)C[C@H](C4)C[C@H]5C3)[C@]6(C7)C[C@@H](C[C@@H]7C8)C[C@@H]8C6)C(OC)=CC=C2OC,C12=CON=C1C=CC=C2,CN(C)P(N(C)C)(N(C)C)=NP(N(C)C)(N(C)C)=NCC,BrC1=CC=C(OC)C=C1,3.3,COc1ccc(Nc2ccc(C)cc2)cc1
P2Et,CC(C)C(C=C(C(C)C)C=C1C(C)C)=C1C2=C(P([C@@]3(C[C@@H]4C5)C[C@H](C4)C[C@H]5C3)[C@]6(C7)C[C@@H](C[C@@H]7C8)C[C@@H]8C6)C(OC)=CC=C2OC,C12=CON=C1C=CC=C2,CN(C)P(N(C)C)(N(C)C)=NP(N(C)C)(N(C)C)=NCC,IC1=CC=C(OC)C=C1,11.01,COc1ccc(Nc2ccc(C)cc2)cc1
P2Et,CC(C)C(C=C(C(C)C)C=C1C(C)C)=C1C2=C(P([C@@]3(C[C@@H]4C5)C[C@H](C4)C[C@H]5C3)[C@]6(C7)C[C@@H](C[C@@H]7C8)C[C@@H]8C6)C(OC)=CC=C2OC,C12=CON=C1C=CC=C2,CN(C)P(N(C)C)(N(C)C)=NP(N(C)C)(N(C)C)=NCC,ClC1=CC=C(CC)C=C1,0.84,CCc1ccc(Nc2ccc(C)cc2)cc1
P2Et,CC(C)C(C=C(C(C)C)C=C1C(C)C)=C1C2=C(P([C@@]3(C[C@@H]4C5)C[C@H](C4)C[C@H]5C3)[C@]6(C7)C[C@@H](C[C@@H]7C8)C[C@@H]8C6)C(OC)=CC=C2OC,C12=CON=C1C=CC=C2,CN(C)P(N(C)C)(N(C)C)=NP(N(C)C)(N(C)C)=NCC,BrC1=CC=C(CC)C=C1,7.24,CCc1ccc(Nc2ccc(C)cc2)cc1
P2Et,CC(C)C(C=C(C(C)C)C=C1C(C)C)=C1C2=C(P([C@@]3(C[C@@H]4C5)C[C@H](C4)C[C@H]5C3)[C@]6(C7)C[C@@H](C[C@@H]7C8)C[C@@H]8C6)C(OC)=CC=C2OC,C12=CON=C1C=CC=C2,CN(C)P(N(C)C)(N(C)C)=NP(N(C)C)(N(C)C)=NCC,IC1=CC=C(CC)C=C1,7.96,CCc1ccc(Nc2ccc(C)cc2)cc1
P2Et,CC(C)C(C=C(C(C)C)C=C1C(C)C)=C1C2=C(P([C@@]3(C[C@@H]4C5)C[C@H](C4)C[C@H]5C3)[C@]6(C7)C[C@@H](C[C@@H]7C8)C[C@@H]8C6)C(OC)=CC=C2OC,C12=CON=C1C=CC=C2,CN(C)P(N(C)C)(N(C)C)=NP(N(C)C)(N(C)C)=NCC,ClC1=NC=CC=C1,5.43,Cc1ccc(Nc2ccccn2)cc1
P2Et,CC(C)C(C=C(C(C)C)C=C1C(C)C)=C1C2=C(P([C@@]3(C[C@@H]4C5)C[C@H](C4)C[C@H]5C3)[C@]6(C7)C[C@@H](C[C@@H]7C8)C[C@@H]8C6)C(OC)=CC=C2OC,C12=CON=C1C=CC=C2,CN(C)P(N(C)C)(N(C)C)=NP(N(C)C)(N(C)C)=NCC,BrC1=NC=CC=C1,4.95,Cc1ccc(Nc2ccccn2)cc1
P2Et,CC(C)C(C=C(C(C)C)C=C1C(C)C)=C1C2=C(P([C@@]3(C[C@@H]4C5)C[C@H](C4)C[C@H]5C3)[C@]6(C7)C[C@@H](C[C@@H]7C8)C[C@@H]8C6)C(OC)=CC=C2OC,C12=CON=C1C=CC=C2,CN(C)P(N(C)C)(N(C)C)=NP(N(C)C)(N(C)C)=NCC,IC1=NC=CC=C1,6.24,Cc1ccc(Nc2ccccn2)cc1
P2Et,CC(C)C(C=C(C(C)C)C=C1C(C)C)=C1C2=C(P([C@@]3(C[C@@H]4C5)C[C@H](C4)C[C@H]5C3)[C@]6(C7)C[C@@H](C[C@@H]7C8)C[C@@H]8C6)C(OC)=CC=C2OC,C12=CON=C1C=CC=C2,CN(C)P(N(C)C)(N(C)C)=NP(N(C)C)(N(C)C)=NCC,ClC1=CN=CC=C1,0.75,Cc1ccc(Nc2cccnc2)cc1
P2Et,CC(C)C(C=C(C(C)C)C=C1C(C)C)=C1C2=C(P([C@@]3(C[C@@H]4C5)C[C@H](C4)C[C@H]5C3)[C@]6(C7)C[C@@H](C[C@@H]7C8)C[C@@H]8C6)C(OC)=CC=C2OC,C12=CON=C1C=CC=C2,CN(C)P(N(C)C)(N(C)C)=NP(N(C)C)(N(C)C)=NCC,BrC1=CN=CC=C1,5.82,Cc1ccc(Nc2cccnc2)cc1
P2Et,CC(C)C(C=C(C(C)C)C=C1C(C)C)=C1C2=C(P([C@@]3(C[C@@H]4C5)C[C@H](C4)C[C@H]5C3)[C@]6(C7)C[C@@H](C[C@@H]7C8)C[C@@H]8C6)C(OC)=CC=C2OC,C12=CON=C1C=CC=C2,CN(C)P(N(C)C)(N(C)C)=NP(N(C)C)(N(C)C)=NCC,IC1=CN=CC=C1,6.21,Cc1ccc(Nc2cccnc2)cc1
BTMG,CC(C)C(C=C(C(C)C)C=C1C(C)C)=C1C2=C(P([C@@]3(C[C@@H]4C5)C[C@H](C4)C[C@H]5C3)[C@]6(C7)C[C@@H](C[C@@H]7C8)C[C@@H]8C6)C(OC)=CC=C2OC,C12=CON=C1C=CC=C2,CC(C)(C)/N=C(N(C)C)/N(C)C,ClC1=CC=C(C(F)(F)F)C=C1,0.0,Cc1ccc(Nc2ccc(C(F)(F)F)cc2)cc1
BTMG,CC(C)C(C=C(C(C)C)C=C1C(C)C)=C1C2=C(P([C@@]3(C[C@@H]4C5)C[C@H](C4)C[C@H]5C3)[C@]6(C7)C[C@@H](C[C@@H]7C8)C[C@@H]8C6)C(OC)=CC=C2OC,C12=CON=C1C=CC=C2,CC(C)(C)/N=C(N(C)C)/N(C)C,BrC1=CC=C(C(F)(F)F)C=C1,3.16,Cc1ccc(Nc2ccc(C(F)(F)F)cc2)cc1
BTMG,CC(C)C(C=C(C(C)C)C=C1C(C)C)=C1C2=C(P([C@@]3(C[C@@H]4C5)C[C@H](C4)C[C@H]5C3)[C@]6(C7)C[C@@H](C[C@@H]7C8)C[C@@H]8C6)C(OC)=CC=C2OC,C12=CON=C1C=CC=C2,CC(C)(C)/N=C(N(C)C)/N(C)C,IC1=CC=C(C(F)(F)F)C=C1,8.1,Cc1ccc(Nc2ccc(C(F)(F)F)cc2)cc1
BTMG,CC(C)C(C=C(C(C)C)C=C1C(C)C)=C1C2=C(P([C@@]3(C[C@@H]4C5)C[C@H](C4)C[C@H]5C3)[C@]6(C7)C[C@@H](C[C@@H]7C8)C[C@@H]8C6)C(OC)=CC=C2OC,C12=CON=C1C=CC=C2,CC(C)(C)/N=C(N(C)C)/N(C)C,ClC1=CC=C(OC)C=C1,0.0,COc1ccc(Nc2ccc(C)cc2)cc1
BTMG,CC(C)C(C=C(C(C)C)C=C1C(C)C)=C1C2=C(P([C@@]3(C[C@@H]4C5)C[C@H](C4)C[C@H]5C3)[C@]6(C7)C[C@@H](C[C@@H]7C8)C[C@@H]8C6)C(OC)=CC=C2OC,C12=CON=C1C=CC=C2,CC(C)(C)/N=C(N(C)C)/N(C)C,BrC1=CC=C(OC)C=C1,2.0,COc1ccc(Nc2ccc(C)cc2)cc1
BTMG,CC(C)C(C=C(C(C)C)C=C1C(C)C)=C1C2=C(P([C@@]3(C[C@@H]4C5)C[C@H](C4)C[C@H]5C3)[C@]6(C7)C[C@@H](C[C@@H]7C8)C[C@@H]8C6)C(OC)=CC=C2OC,C12=CON=C1C=CC=C2,CC(C)(C)/N=C(N(C)C)/N(C)C,IC1=CC=C(OC)C=C1,6.89,COc1ccc(Nc2ccc(C)cc2)cc1
BTMG,CC(C)C(C=C(C(C)C)C=C1C(C)C)=C1C2=C(P([C@@]3(C[C@@H]4C5)C[C@H](C4)C[C@H]5C3)[C@]6(C7)C[C@@H](C[C@@H]7C8)C[C@@H]8C6)C(OC)=CC=C2OC,C12=CON=C1C=CC=C2,CC(C)(C)/N=C(N(C)C)/N(C)C,ClC1=CC=C(CC)C=C1,0.0,CCc1ccc(Nc2ccc(C)cc2)cc1
BTMG,CC(C)C(C=C(C(C)C)C=C1C(C)C)=C1C2=C(P([C@@]3(C[C@@H]4C5)C[C@H](C4)C[C@H]5C3)[C@]6(C7)C[C@@H](C[C@@H]7C8)C[C@@H]8C6)C(OC)=CC=C2OC,C12=CON=C1C=CC=C2,CC(C)(C)/N=C(N(C)C)/N(C)C,BrC1=CC=C(CC)C=C1,4.68,CCc1ccc(Nc2ccc(C)cc2)cc1
BTMG,CC(C)C(C=C(C(C)C)C=C1C(C)C)=C1C2=C(P([C@@]3(C[C@@H]4C5)C[C@H](C4)C[C@H]5C3)[C@]6(C7)C[C@@H](C[C@@H]7C8)C[C@@H]8C6)C(OC)=CC=C2OC,C12=CON=C1C=CC=C2,CC(C)(C)/N=C(N(C)C)/N(C)C,IC1=CC=C(CC)C=C1,16.34,CCc1ccc(Nc2ccc(C)cc2)cc1
BTMG,CC(C)C(C=C(C(C)C)C=C1C(C)C)=C1C2=C(P([C@@]3(C[C@@H]4C5)C[C@H](C4)C[C@H]5C3)[C@]6(C7)C[C@@H](C[C@@H]7C8)C[C@@H]8C6)C(OC)=CC=C2OC,C12=CON=C1C=CC=C2,CC(C)(C)/N=C(N(C)C)/N(C)C,ClC1=NC=CC=C1,3.55,Cc1ccc(Nc2ccccn2)cc1
BTMG,CC(C)C(C=C(C(C)C)C=C1C(C)C)=C1C2=C(P([C@@]3(C[C@@H]4C5)C[C@H](C4)C[C@H]5C3)[C@]6(C7)C[C@@H](C[C@@H]7C8)C[C@@H]8C6)C(OC)=CC=C2OC,C12=CON=C1C=CC=C2,CC(C)(C)/N=C(N(C)C)/N(C)C,BrC1=NC=CC=C1,7.47,Cc1ccc(Nc2ccccn2)cc1
BTMG,CC(C)C(C=C(C(C)C)C=C1C(C)C)=C1C2=C(P([C@@]3(C[C@@H]4C5)C[C@H](C4)C[C@H]5C3)[C@]6(C7)C[C@@H](C[C@@H]7C8)C[C@@H]8C6)C(OC)=CC=C2OC,C12=CON=C1C=CC=C2,CC(C)(C)/N=C(N(C)C)/N(C)C,IC1=NC=CC=C1,15.1,Cc1ccc(Nc2ccccn2)cc1
BTMG,CC(C)C(C=C(C(C)C)C=C1C(C)C)=C1C2=C(P([C@@]3(C[C@@H]4C5)C[C@H](C4)C[C@H]5C3)[C@]6(C7)C[C@@H](C[C@@H]7C8)C[C@@H]8C6)C(OC)=CC=C2OC,C12=CON=C1C=CC=C2,CC(C)(C)/N=C(N(C)C)/N(C)C,ClC1=CN=CC=C1,0.0,Cc1ccc(Nc2cccnc2)cc1
BTMG,CC(C)C(C=C(C(C)C)C=C1C(C)C)=C1C2=C(P([C@@]3(C[C@@H]4C5)C[C@H](C4)C[C@H]5C3)[C@]6(C7)C[C@@H](C[C@@H]7C8)C[C@@H]8C6)C(OC)=CC=C2OC,C12=CON=C1C=CC=C2,CC(C)(C)/N=C(N(C)C)/N(C)C,BrC1=CN=CC=C1,6.28,Cc1ccc(Nc2cccnc2)cc1
BTMG,CC(C)C(C=C(C(C)C)C=C1C(C)C)=C1C2=C(P([C@@]3(C[C@@H]4C5)C[C@H](C4)C[C@H]5C3)[C@]6(C7)C[C@@H](C[C@@H]7C8)C[C@@H]8C6)C(OC)=CC=C2OC,C12=CON=C1C=CC=C2,CC(C)(C)/N=C(N(C)C)/N(C)C,IC1=CN=CC=C1,6.7,Cc1ccc(Nc2cccnc2)cc1
MTBD,CC(C)C(C=C(C(C)C)C=C1C(C)C)=C1C2=C(P([C@@]3(C[C@@H]4C5)C[C@H](C4)C[C@H]5C3)[C@]6(C7)C[C@@H](C[C@@H]7C8)C[C@@H]8C6)C(OC)=CC=C2OC,C12=CON=C1C=CC=C2,CN1CCCN2C1=NCCC2,ClC1=CC=C(C(F)(F)F)C=C1,0.3,Cc1ccc(Nc2ccc(C(F)(F)F)cc2)cc1
MTBD,CC(C)C(C=C(C(C)C)C=C1C(C)C)=C1C2=C(P([C@@]3(C[C@@H]4C5)C[C@H](C4)C[C@H]5C3)[C@]6(C7)C[C@@H](C[C@@H]7C8)C[C@@H]8C6)C(OC)=CC=C2OC,C12=CON=C1C=CC=C2,CN1CCCN2C1=NCCC2,BrC1=CC=C(C(F)(F)F)C=C1,6.95,Cc1ccc(Nc2ccc(C(F)(F)F)cc2)cc1
MTBD,CC(C)C(C=C(C(C)C)C=C1C(C)C)=C1C2=C(P([C@@]3(C[C@@H]4C5)C[C@H](C4)C[C@H]5C3)[C@]6(C7)C[C@@H](C[C@@H]7C8)C[C@@H]8C6)C(OC)=CC=C2OC,C12=CON=C1C=CC=C2,CN1CCCN2C1=NCCC2,IC1=CC=C(C(F)(F)F)C=C1,39.57,Cc1ccc(Nc2ccc(C(F)(F)F)cc2)cc1
MTBD,CC(C)C(C=C(C(C)C)C=C1C(C)C)=C1C2=C(P([C@@]3(C[C@@H]4C5)C[C@H](C4)C[C@H]5C3)[C@]6(C7)C[C@@H](C[C@@H]7C8)C[C@@H]8C6)C(OC)=CC=C2OC,C12=CON=C1C=CC=C2,CN1CCCN2C1=NCCC2,ClC1=CC=C(OC)C=C1,0.0,COc1ccc(Nc2ccc(C)cc2)cc1
MTBD,CC(C)C(C=C(C(C)C)C=C1C(C)C)=C1C2=C(P([C@@]3(C[C@@H]4C5)C[C@H](C4)C[C@H]5C3)[C@]6(C7)C[C@@H](C[C@@H]7C8)C[C@@H]8C6)C(OC)=CC=C2OC,C12=CON=C1C=CC=C2,CN1CCCN2C1=NCCC2,BrC1=CC=C(OC)C=C1,4.99,COc1ccc(Nc2ccc(C)cc2)cc1
MTBD,CC(C)C(C=C(C(C)C)C=C1C(C)C)=C1C2=C(P([C@@]3(C[C@@H]4C5)C[C@H](C4)C[C@H]5C3)[C@]6(C7)C[C@@H](C[C@@H]7C8)C[C@@H]8C6)C(OC)=CC=C2OC,C12=CON=C1C=CC=C2,CN1CCCN2C1=NCCC2,IC1=CC=C(OC)C=C1,39.28,COc1ccc(Nc2ccc(C)cc2)cc1
MTBD,CC(C)C(C=C(C(C)C)C=C1C(C)C)=C1C2=C(P([C@@]3(C[C@@H]4C5)C[C@H](C4)C[C@H]5C3)[C@]6(C7)C[C@@H](C[C@@H]7C8)C[C@@H]8C6)C(OC)=CC=C2OC,C12=CON=C1C=CC=C2,CN1CCCN2C1=NCCC2,ClC1=CC=C(CC)C=C1,0.0,CCc1ccc(Nc2ccc(C)cc2)cc1
MTBD,CC(C)C(C=C(C(C)C)C=C1C(C)C)=C1C2=C(P([C@@]3(C[C@@H]4C5)C[C@H](C4)C[C@H]5C3)[C@]6(C7)C[C@@H](C[C@@H]7C8)C[C@@H]8C6)C(OC)=CC=C2OC,C12=CON=C1C=CC=C2,CN1CCCN2C1=NCCC2,BrC1=CC=C(CC)C=C1,10.47,CCc1ccc(Nc2ccc(C)cc2)cc1
MTBD,CC(C)C(C=C(C(C)C)C=C1C(C)C)=C1C2=C(P([C@@]3(C[C@@H]4C5)C[C@H](C4)C[C@H]5C3)[C@]6(C7)C[C@@H](C[C@@H]7C8)C[C@@H]8C6)C(OC)=CC=C2OC,C12=CON=C1C=CC=C2,CN1CCCN2C1=NCCC2,IC1=CC=C(CC)C=C1,70.27,CCc1ccc(Nc2ccc(C)cc2)cc1
MTBD,CC(C)C(C=C(C(C)C)C=C1C(C)C)=C1C2=C(P([C@@]3(C[C@@H]4C5)C[C@H](C4)C[C@H]5C3)[C@]6(C7)C[C@@H](C[C@@H]7C8)C[C@@H]8C6)C(OC)=CC=C2OC,C12=CON=C1C=CC=C2,CN1CCCN2C1=NCCC2,ClC1=NC=CC=C1,13.56,Cc1ccc(Nc2ccccn2)cc1
MTBD,CC(C)C(C=C(C(C)C)C=C1C(C)C)=C1C2=C(P([C@@]3(C[C@@H]4C5)C[C@H](C4)C[C@H]5C3)[C@]6(C7)C[C@@H](C[C@@H]7C8)C[C@@H]8C6)C(OC)=CC=C2OC,C12=CON=C1C=CC=C2,CN1CCCN2C1=NCCC2,BrC1=NC=CC=C1,36.36,Cc1ccc(Nc2ccccn2)cc1
MTBD,CC(C)C(C=C(C(C)C)C=C1C(C)C)=C1C2=C(P([C@@]3(C[C@@H]4C5)C[C@H](C4)C[C@H]5C3)[C@]6(C7)C[C@@H](C[C@@H]7C8)C[C@@H]8C6)C(OC)=CC=C2OC,C12=CON=C1C=CC=C2,CN1CCCN2C1=NCCC2,IC1=NC=CC=C1,79.02,Cc1ccc(Nc2ccccn2)cc1
MTBD,CC(C)C(C=C(C(C)C)C=C1C(C)C)=C1C2=C(P([C@@]3(C[C@@H]4C5)C[C@H](C4)C[C@H]5C3)[C@]6(C7)C[C@@H](C[C@@H]7C8)C[C@@H]8C6)C(OC)=CC=C2OC,C12=CON=C1C=CC=C2,CN1CCCN2C1=NCCC2,ClC1=CN=CC=C1,0.0,Cc1ccc(Nc2cccnc2)cc1
MTBD,CC(C)C(C=C(C(C)C)C=C1C(C)C)=C1C2=C(P([C@@]3(C[C@@H]4C5)C[C@H](C4)C[C@H]5C3)[C@]6(C7)C[C@@H](C[C@@H]7C8)C[C@@H]8C6)C(OC)=CC=C2OC,C12=CON=C1C=CC=C2,CN1CCCN2C1=NCCC2,BrC1=CN=CC=C1,14.39,Cc1ccc(Nc2cccnc2)cc1
MTBD,CC(C)C(C=C(C(C)C)C=C1C(C)C)=C1C2=C(P([C@@]3(C[C@@H]4C5)C[C@H](C4)C[C@H]5C3)[C@]6(C7)C[C@@H](C[C@@H]7C8)C[C@@H]8C6)C(OC)=CC=C2OC,C12=CON=C1C=CC=C2,CN1CCCN2C1=NCCC2,IC1=CN=CC=C1,47.31,Cc1ccc(Nc2cccnc2)cc1
P2Et,CC(C)C(C=C(C(C)C)C=C1C(C)C)=C1C2=C(P([C@@]3(C[C@@H]4C5)C[C@H](C4)C[C@H]5C3)[C@]6(C7)C[C@@H](C[C@@H]7C8)C[C@@H]8C6)C(OC)=CC=C2OC,CC1=CC(C)=NO1,CN(C)P(N(C)C)(N(C)C)=NP(N(C)C)(N(C)C)=NCC,ClC1=CC=C(C(F)(F)F)C=C1,1.83,Cc1ccc(Nc2ccc(C(F)(F)F)cc2)cc1
P2Et,CC(C)C(C=C(C(C)C)C=C1C(C)C)=C1C2=C(P([C@@]3(C[C@@H]4C5)C[C@H](C4)C[C@H]5C3)[C@]6(C7)C[C@@H](C[C@@H]7C8)C[C@@H]8C6)C(OC)=CC=C2OC,CC1=CC(C)=NO1,CN(C)P(N(C)C)(N(C)C)=NP(N(C)C)(N(C)C)=NCC,BrC1=CC=C(C(F)(F)F)C=C1,9.03,Cc1ccc(Nc2ccc(C(F)(F)F)cc2)cc1
P2Et,CC(C)C(C=C(C(C)C)C=C1C(C)C)=C1C2=C(P([C@@]3(C[C@@H]4C5)C[C@H](C4)C[C@H]5C3)[C@]6(C7)C[C@@H](C[C@@H]7C8)C[C@@H]8C6)C(OC)=CC=C2OC,CC1=CC(C)=NO1,CN(C)P(N(C)C)(N(C)C)=NP(N(C)C)(N(C)C)=NCC,IC1=CC=C(C(F)(F)F)C=C1,31.75,Cc1ccc(Nc2ccc(C(F)(F)F)cc2)cc1
P2Et,CC(C)C(C=C(C(C)C)C=C1C(C)C)=C1C2=C(P([C@@]3(C[C@@H]4C5)C[C@H](C4)C[C@H]5C3)[C@]6(C7)C[C@@H](C[C@@H]7C8)C[C@@H]8C6)C(OC)=CC=C2OC,CC1=CC(C)=NO1,CN(C)P(N(C)C)(N(C)C)=NP(N(C)C)(N(C)C)=NCC,ClC1=CC=C(OC)C=C1,0.0,COc1ccc(Nc2ccc(C)cc2)cc1
P2Et,CC(C)C(C=C(C(C)C)C=C1C(C)C)=C1C2=C(P([C@@]3(C[C@@H]4C5)C[C@H](C4)C[C@H]5C3)[C@]6(C7)C[C@@H](C[C@@H]7C8)C[C@@H]8C6)C(OC)=CC=C2OC,CC1=CC(C)=NO1,CN(C)P(N(C)C)(N(C)C)=NP(N(C)C)(N(C)C)=NCC,BrC1=CC=C(OC)C=C1,45.98,COc1ccc(Nc2ccc(C)cc2)cc1
P2Et,CC(C)C(C=C(C(C)C)C=C1C(C)C)=C1C2=C(P([C@@]3(C[C@@H]4C5)C[C@H](C4)C[C@H]5C3)[C@]6(C7)C[C@@H](C[C@@H]7C8)C[C@@H]8C6)C(OC)=CC=C2OC,CC1=CC(C)=NO1,CN(C)P(N(C)C)(N(C)C)=NP(N(C)C)(N(C)C)=NCC,IC1=CC=C(OC)C=C1,46.94,COc1ccc(Nc2ccc(C)cc2)cc1
P2Et,CC(C)C(C=C(C(C)C)C=C1C(C)C)=C1C2=C(P([C@@]3(C[C@@H]4C5)C[C@H](C4)C[C@H]5C3)[C@]6(C7)C[C@@H](C[C@@H]7C8)C[C@@H]8C6)C(OC)=CC=C2OC,CC1=CC(C)=NO1,CN(C)P(N(C)C)(N(C)C)=NP(N(C)C)(N(C)C)=NCC,ClC1=CC=C(CC)C=C1,0.67,CCc1ccc(Nc2ccc(C)cc2)cc1
P2Et,CC(C)C(C=C(C(C)C)C=C1C(C)C)=C1C2=C(P([C@@]3(C[C@@H]4C5)C[C@H](C4)C[C@H]5C3)[C@]6(C7)C[C@@H](C[C@@H]7C8)C[C@@H]8C6)C(OC)=CC=C2OC,CC1=CC(C)=NO1,CN(C)P(N(C)C)(N(C)C)=NP(N(C)C)(N(C)C)=NCC,BrC1=CC=C(CC)C=C1,61.8,CCc1ccc(Nc2ccc(C)cc2)cc1
P2Et,CC(C)C(C=C(C(C)C)C=C1C(C)C)=C1C2=C(P([C@@]3(C[C@@H]4C5)C[C@H](C4)C[C@H]5C3)[C@]6(C7)C[C@@H](C[C@@H]7C8)C[C@@H]8C6)C(OC)=CC=C2OC,CC1=CC(C)=NO1,CN(C)P(N(C)C)(N(C)C)=NP(N(C)C)(N(C)C)=NCC,IC1=CC=C(CC)C=C1,68.33,CCc1ccc(Nc2ccc(C)cc2)cc1
P2Et,CC(C)C(C=C(C(C)C)C=C1C(C)C)=C1C2=C(P([C@@]3(C[C@@H]4C5)C[C@H](C4)C[C@H]5C3)[C@]6(C7)C[C@@H](C[C@@H]7C8)C[C@@H]8C6)C(OC)=CC=C2OC,CC1=CC(C)=NO1,CN(C)P(N(C)C)(N(C)C)=NP(N(C)C)(N(C)C)=NCC,ClC1=NC=CC=C1,70.41,Cc1ccc(Nc2ccccn2)cc1
P2Et,CC(C)C(C=C(C(C)C)C=C1C(C)C)=C1C2=C(P([C@@]3(C[C@@H]4C5)C[C@H](C4)C[C@H]5C3)[C@]6(C7)C[C@@H](C[C@@H]7C8)C[C@@H]8C6)C(OC)=CC=C2OC,CC1=CC(C)=NO1,CN(C)P(N(C)C)(N(C)C)=NP(N(C)C)(N(C)C)=NCC,BrC1=NC=CC=C1,77.63,Cc1ccc(Nc2ccccn2)cc1
P2Et,CC(C)C(C=C(C(C)C)C=C1C(C)C)=C1C2=C(P([C@@]3(C[C@@H]4C5)C[C@H](C4)C[C@H]5C3)[C@]6(C7)C[C@@H](C[C@@H]7C8)C[C@@H]8C6)C(OC)=CC=C2OC,CC1=CC(C)=NO1,CN(C)P(N(C)C)(N(C)C)=NP(N(C)C)(N(C)C)=NCC,IC1=NC=CC=C1,79.77,Cc1ccc(Nc2ccccn2)cc1
P2Et,CC(C)C(C=C(C(C)C)C=C1C(C)C)=C1C2=C(P([C@@]3(C[C@@H]4C5)C[C@H](C4)C[C@H]5C3)[C@]6(C7)C[C@@H](C[C@@H]7C8)C[C@@H]8C6)C(OC)=CC=C2OC,CC1=CC(C)=NO1,CN(C)P(N(C)C)(N(C)C)=NP(N(C)C)(N(C)C)=NCC,ClC1=CN=CC=C1,1.78,Cc1ccc(Nc2cccnc2)cc1
P2Et,CC(C)C(C=C(C(C)C)C=C1C(C)C)=C1C2=C(P([C@@]3(C[C@@H]4C5)C[C@H](C4)C[C@H]5C3)[C@]6(C7)C[C@@H](C[C@@H]7C8)C[C@@H]8C6)C(OC)=CC=C2OC,CC1=CC(C)=NO1,CN(C)P(N(C)C)(N(C)C)=NP(N(C)C)(N(C)C)=NCC,BrC1=CN=CC=C1,31.5,Cc1ccc(Nc2cccnc2)cc1
P2Et,CC(C)C(C=C(C(C)C)C=C1C(C)C)=C1C2=C(P([C@@]3(C[C@@H]4C5)C[C@H](C4)C[C@H]5C3)[C@]6(C7)C[C@@H](C[C@@H]7C8)C[C@@H]8C6)C(OC)=CC=C2OC,CC1=CC(C)=NO1,CN(C)P(N(C)C)(N(C)C)=NP(N(C)C)(N(C)C)=NCC,IC1=CN=CC=C1,70.32,Cc1ccc(Nc2cccnc2)cc1
BTMG,CC(C)C(C=C(C(C)C)C=C1C(C)C)=C1C2=C(P([C@@]3(C[C@@H]4C5)C[C@H](C4)C[C@H]5C3)[C@]6(C7)C[C@@H](C[C@@H]7C8)C[C@@H]8C6)C(OC)=CC=C2OC,CC1=CC(C)=NO1,CC(C)(C)/N=C(N(C)C)/N(C)C,ClC1=CC=C(C(F)(F)F)C=C1,9.55,Cc1ccc(Nc2ccc(C(F)(F)F)cc2)cc1
BTMG,CC(C)C(C=C(C(C)C)C=C1C(C)C)=C1C2=C(P([C@@]3(C[C@@H]4C5)C[C@H](C4)C[C@H]5C3)[C@]6(C7)C[C@@H](C[C@@H]7C8)C[C@@H]8C6)C(OC)=CC=C2OC,CC1=CC(C)=NO1,CC(C)(C)/N=C(N(C)C)/N(C)C,BrC1=CC=C(C(F)(F)F)C=C1,33.31,Cc1ccc(Nc2ccc(C(F)(F)F)cc2)cc1
BTMG,CC(C)C(C=C(C(C)C)C=C1C(C)C)=C1C2=C(P([C@@]3(C[C@@H]4C5)C[C@H](C4)C[C@H]5C3)[C@]6(C7)C[C@@H](C[C@@H]7C8)C[C@@H]8C6)C(OC)=CC=C2OC,CC1=CC(C)=NO1,CC(C)(C)/N=C(N(C)C)/N(C)C,IC1=CC=C(C(F)(F)F)C=C1,34.84,Cc1ccc(Nc2ccc(C(F)(F)F)cc2)cc1
BTMG,CC(C)C(C=C(C(C)C)C=C1C(C)C)=C1C2=C(P([C@@]3(C[C@@H]4C5)C[C@H](C4)C[C@H]5C3)[C@]6(C7)C[C@@H](C[C@@H]7C8)C[C@@H]8C6)C(OC)=CC=C2OC,CC1=CC(C)=NO1,CC(C)(C)/N=C(N(C)C)/N(C)C,ClC1=CC=C(OC)C=C1,0.32,COc1ccc(Nc2ccc(C)cc2)cc1
BTMG,CC(C)C(C=C(C(C)C)C=C1C(C)C)=C1C2=C(P([C@@]3(C[C@@H]4C5)C[C@H](C4)C[C@H]5C3)[C@]6(C7)C[C@@H](C[C@@H]7C8)C[C@@H]8C6)C(OC)=CC=C2OC,CC1=CC(C)=NO1,CC(C)(C)/N=C(N(C)C)/N(C)C,BrC1=CC=C(OC)C=C1,31.39,COc1ccc(Nc2ccc(C)cc2)cc1
BTMG,CC(C)C(C=C(C(C)C)C=C1C(C)C)=C1C2=C(P([C@@]3(C[C@@H]4C5)C[C@H](C4)C[C@H]5C3)[C@]6(C7)C[C@@H](C[C@@H]7C8)C[C@@H]8C6)C(OC)=CC=C2OC,CC1=CC(C)=NO1,CC(C)(C)/N=C(N(C)C)/N(C)C,IC1=CC=C(OC)C=C1,35.26,COc1ccc(Nc2ccc(C)cc2)cc1
BTMG,CC(C)C(C=C(C(C)C)C=C1C(C)C)=C1C2=C(P([C@@]3(C[C@@H]4C5)C[C@H](C4)C[C@H]5C3)[C@]6(C7)C[C@@H](C[C@@H]7C8)C[C@@H]8C6)C(OC)=CC=C2OC,CC1=CC(C)=NO1,CC(C)(C)/N=C(N(C)C)/N(C)C,ClC1=CC=C(CC)C=C1,1.28,CCc1ccc(Nc2ccc(C)cc2)cc1
BTMG,CC(C)C(C=C(C(C)C)C=C1C(C)C)=C1C2=C(P([C@@]3(C[C@@H]4C5)C[C@H](C4)C[C@H]5C3)[C@]6(C7)C[C@@H](C[C@@H]7C8)C[C@@H]8C6)C(OC)=CC=C2OC,CC1=CC(C)=NO1,CC(C)(C)/N=C(N(C)C)/N(C)C,BrC1=CC=C(CC)C=C1,50.42,CCc1ccc(Nc2ccc(C)cc2)cc1
BTMG,CC(C)C(C=C(C(C)C)C=C1C(C)C)=C1C2=C(P([C@@]3(C[C@@H]4C5)C[C@H](C4)C[C@H]5C3)[C@]6(C7)C[C@@H](C[C@@H]7C8)C[C@@H]8C6)C(OC)=CC=C2OC,CC1=CC(C)=NO1,CC(C)(C)/N=C(N(C)C)/N(C)C,IC1=CC=C(CC)C=C1,57.65,CCc1ccc(Nc2ccc(C)cc2)cc1
BTMG,CC(C)C(C=C(C(C)C)C=C1C(C)C)=C1C2=C(P([C@@]3(C[C@@H]4C5)C[C@H](C4)C[C@H]5C3)[C@]6(C7)C[C@@H](C[C@@H]7C8)C[C@@H]8C6)C(OC)=CC=C2OC,CC1=CC(C)=NO1,CC(C)(C)/N=C(N(C)C)/N(C)C,ClC1=NC=CC=C1,33.1,Cc1ccc(Nc2ccccn2)cc1
BTMG,CC(C)C(C=C(C(C)C)C=C1C(C)C)=C1C2=C(P([C@@]3(C[C@@H]4C5)C[C@H](C4)C[C@H]5C3)[C@]6(C7)C[C@@H](C[C@@H]7C8)C[C@@H]8C6)C(OC)=CC=C2OC,CC1=CC(C)=NO1,CC(C)(C)/N=C(N(C)C)/N(C)C,BrC1=NC=CC=C1,40.91,Cc1ccc(Nc2ccccn2)cc1
BTMG,CC(C)C(C=C(C(C)C)C=C1C(C)C)=C1C2=C(P([C@@]3(C[C@@H]4C5)C[C@H](C4)C[C@H]5C3)[C@]6(C7)C[C@@H](C[C@@H]7C8)C[C@@H]8C6)C(OC)=CC=C2OC,CC1=CC(C)=NO1,CC(C)(C)/N=C(N(C)C)/N(C)C,IC1=NC=CC=C1,46.39,Cc1ccc(Nc2ccccn2)cc1
BTMG,CC(C)C(C=C(C(C)C)C=C1C(C)C)=C1C2=C(P([C@@]3(C[C@@H]4C5)C[C@H](C4)C[C@H]5C3)[C@]6(C7)C[C@@H](C[C@@H]7C8)C[C@@H]8C6)C(OC)=CC=C2OC,CC1=CC(C)=NO1,CC(C)(C)/N=C(N(C)C)/N(C)C,ClC1=CN=CC=C1,13.32,Cc1ccc(Nc2cccnc2)cc1
BTMG,CC(C)C(C=C(C(C)C)C=C1C(C)C)=C1C2=C(P([C@@]3(C[C@@H]4C5)C[C@H](C4)C[C@H]5C3)[C@]6(C7)C[C@@H](C[C@@H]7C8)C[C@@H]8C6)C(OC)=CC=C2OC,CC1=CC(C)=NO1,CC(C)(C)/N=C(N(C)C)/N(C)C,BrC1=CN=CC=C1,53.12,Cc1ccc(Nc2cccnc2)cc1
BTMG,CC(C)C(C=C(C(C)C)C=C1C(C)C)=C1C2=C(P([C@@]3(C[C@@H]4C5)C[C@H](C4)C[C@H]5C3)[C@]6(C7)C[C@@H](C[C@@H]7C8)C[C@@H]8C6)C(OC)=CC=C2OC,CC1=CC(C)=NO1,CC(C)(C)/N=C(N(C)C)/N(C)C,IC1=CN=CC=C1,57.26,Cc1ccc(Nc2cccnc2)cc1
MTBD,CC(C)C(C=C(C(C)C)C=C1C(C)C)=C1C2=C(P([C@@]3(C[C@@H]4C5)C[C@H](C4)C[C@H]5C3)[C@]6(C7)C[C@@H](C[C@@H]7C8)C[C@@H]8C6)C(OC)=CC=C2OC,CC1=CC(C)=NO1,CN1CCCN2C1=NCCC2,ClC1=CC=C(C(F)(F)F)C=C1,10.68,Cc1ccc(Nc2ccc(C(F)(F)F)cc2)cc1
MTBD,CC(C)C(C=C(C(C)C)C=C1C(C)C)=C1C2=C(P([C@@]3(C[C@@H]4C5)C[C@H](C4)C[C@H]5C3)[C@]6(C7)C[C@@H](C[C@@H]7C8)C[C@@H]8C6)C(OC)=CC=C2OC,CC1=CC(C)=NO1,CN1CCCN2C1=NCCC2,BrC1=CC=C(C(F)(F)F)C=C1,33.95,Cc1ccc(Nc2ccc(C(F)(F)F)cc2)cc1
MTBD,CC(C)C(C=C(C(C)C)C=C1C(C)C)=C1C2=C(P([C@@]3(C[C@@H]4C5)C[C@H](C4)C[C@H]5C3)[C@]6(C7)C[C@@H](C[C@@H]7C8)C[C@@H]8C6)C(OC)=CC=C2OC,CC1=CC(C)=NO1,CN1CCCN2C1=NCCC2,IC1=CC=C(C(F)(F)F)C=C1,47.09,Cc1ccc(Nc2ccc(C(F)(F)F)cc2)cc1
MTBD,CC(C)C(C=C(C(C)C)C=C1C(C)C)=C1C2=C(P([C@@]3(C[C@@H]4C5)C[C@H](C4)C[C@H]5C3)[C@]6(C7)C[C@@H](C[C@@H]7C8)C[C@@H]8C6)C(OC)=CC=C2OC,CC1=CC(C)=NO1,CN1CCCN2C1=NCCC2,ClC1=CC=C(OC)C=C1,0.49,COc1ccc(Nc2ccc(C)cc2)cc1
MTBD,CC(C)C(C=C(C(C)C)C=C1C(C)C)=C1C2=C(P([C@@]3(C[C@@H]4C5)C[C@H](C4)C[C@H]5C3)[C@]6(C7)C[C@@H](C[C@@H]7C8)C[C@@H]8C6)C(OC)=CC=C2OC,CC1=CC(C)=NO1,CN1CCCN2C1=NCCC2,BrC1=CC=C(OC)C=C1,48.42,COc1ccc(Nc2ccc(C)cc2)cc1
MTBD,CC(C)C(C=C(C(C)C)C=C1C(C)C)=C1C2=C(P([C@@]3(C[C@@H]4C5)C[C@H](C4)C[C@H]5C3)[C@]6(C7)C[C@@H](C[C@@H]7C8)C[C@@H]8C6)C(OC)=CC=C2OC,CC1=CC(C)=NO1,CN1CCCN2C1=NCCC2,IC1=CC=C(OC)C=C1,50.21,COc1ccc(Nc2ccc(C)cc2)cc1
MTBD,CC(C)C(C=C(C(C)C)C=C1C(C)C)=C1C2=C(P([C@@]3(C[C@@H]4C5)C[C@H](C4)C[C@H]5C3)[C@]6(C7)C[C@@H](C[C@@H]7C8)C[C@@H]8C6)C(OC)=CC=C2OC,CC1=CC(C)=NO1,CN1CCCN2C1=NCCC2,ClC1=CC=C(CC)C=C1,1.54,CCc1ccc(Nc2ccc(C)cc2)cc1
MTBD,CC(C)C(C=C(C(C)C)C=C1C(C)C)=C1C2=C(P([C@@]3(C[C@@H]4C5)C[C@H](C4)C[C@H]5C3)[C@]6(C7)C[C@@H](C[C@@H]7C8)C[C@@H]8C6)C(OC)=CC=C2OC,CC1=CC(C)=NO1,CN1CCCN2C1=NCCC2,BrC1=CC=C(CC)C=C1,74.4,CCc1ccc(Nc2ccc(C)cc2)cc1
MTBD,CC(C)C(C=C(C(C)C)C=C1C(C)C)=C1C2=C(P([C@@]3(C[C@@H]4C5)C[C@H](C4)C[C@H]5C3)[C@]6(C7)C[C@@H](C[C@@H]7C8)C[C@@H]8C6)C(OC)=CC=C2OC,CC1=CC(C)=NO1,CN1CCCN2C1=NCCC2,IC1=CC=C(CC)C=C1,76.99,CCc1ccc(Nc2ccc(C)cc2)cc1
MTBD,CC(C)C(C=C(C(C)C)C=C1C(C)C)=C1C2=C(P([C@@]3(C[C@@H]4C5)C[C@H](C4)C[C@H]5C3)[C@]6(C7)C[C@@H](C[C@@H]7C8)C[C@@H]8C6)C(OC)=CC=C2OC,CC1=CC(C)=NO1,CN1CCCN2C1=NCCC2,ClC1=NC=CC=C1,75.55,Cc1ccc(Nc2ccccn2)cc1
MTBD,CC(C)C(C=C(C(C)C)C=C1C(C)C)=C1C2=C(P([C@@]3(C[C@@H]4C5)C[C@H](C4)C[C@H]5C3)[C@]6(C7)C[C@@H](C[C@@H]7C8)C[C@@H]8C6)C(OC)=CC=C2OC,CC1=CC(C)=NO1,CN1CCCN2C1=NCCC2,BrC1=NC=CC=C1,87.36,Cc1ccc(Nc2ccccn2)cc1
MTBD,CC(C)C(C=C(C(C)C)C=C1C(C)C)=C1C2=C(P([C@@]3(C[C@@H]4C5)C[C@H](C4)C[C@H]5C3)[C@]6(C7)C[C@@H](C[C@@H]7C8)C[C@@H]8C6)C(OC)=CC=C2OC,CC1=CC(C)=NO1,CN1CCCN2C1=NCCC2,IC1=NC=CC=C1,86.76,Cc1ccc(Nc2ccccn2)cc1
MTBD,CC(C)C(C=C(C(C)C)C=C1C(C)C)=C1C2=C(P([C@@]3(C[C@@H]4C5)C[C@H](C4)C[C@H]5C3)[C@]6(C7)C[C@@H](C[C@@H]7C8)C[C@@H]8C6)C(OC)=CC=C2OC,CC1=CC(C)=NO1,CN1CCCN2C1=NCCC2,ClC1=CN=CC=C1,11.84,Cc1ccc(Nc2cccnc2)cc1
MTBD,CC(C)C(C=C(C(C)C)C=C1C(C)C)=C1C2=C(P([C@@]3(C[C@@H]4C5)C[C@H](C4)C[C@H]5C3)[C@]6(C7)C[C@@H](C[C@@H]7C8)C[C@@H]8C6)C(OC)=CC=C2OC,CC1=CC(C)=NO1,CN1CCCN2C1=NCCC2,BrC1=CN=CC=C1,83.8,Cc1ccc(Nc2cccnc2)cc1
MTBD,CC(C)C(C=C(C(C)C)C=C1C(C)C)=C1C2=C(P([C@@]3(C[C@@H]4C5)C[C@H](C4)C[C@H]5C3)[C@]6(C7)C[C@@H](C[C@@H]7C8)C[C@@H]8C6)C(OC)=CC=C2OC,CC1=CC(C)=NO1,CN1CCCN2C1=NCCC2,IC1=CN=CC=C1,92.13,Cc1ccc(Nc2cccnc2)cc1
P2Et,CC(C)C(C=C(C(C)C)C=C1C(C)C)=C1C2=C(P([C@@]3(C[C@@H]4C5)C[C@H](C4)C[C@H]5C3)[C@]6(C7)C[C@@H](C[C@@H]7C8)C[C@@H]8C6)C(OC)=CC=C2OC,O=C(OC)C1=CC=NO1,CN(C)P(N(C)C)(N(C)C)=NP(N(C)C)(N(C)C)=NCC,ClC1=CC=C(C(F)(F)F)C=C1,3.45,Cc1ccc(Nc2ccc(C(F)(F)F)cc2)cc1
P2Et,CC(C)C(C=C(C(C)C)C=C1C(C)C)=C1C2=C(P([C@@]3(C[C@@H]4C5)C[C@H](C4)C[C@H]5C3)[C@]6(C7)C[C@@H](C[C@@H]7C8)C[C@@H]8C6)C(OC)=CC=C2OC,O=C(OC)C1=CC=NO1,CN(C)P(N(C)C)(N(C)C)=NP(N(C)C)(N(C)C)=NCC,BrC1=CC=C(C(F)(F)F)C=C1,3.93,Cc1ccc(Nc2ccc(C(F)(F)F)cc2)cc1
P2Et,CC(C)C(C=C(C(C)C)C=C1C(C)C)=C1C2=C(P([C@@]3(C[C@@H]4C5)C[C@H](C4)C[C@H]5C3)[C@]6(C7)C[C@@H](C[C@@H]7C8)C[C@@H]8C6)C(OC)=CC=C2OC,O=C(OC)C1=CC=NO1,CN(C)P(N(C)C)(N(C)C)=NP(N(C)C)(N(C)C)=NCC,IC1=CC=C(C(F)(F)F)C=C1,5.42,Cc1ccc(Nc2ccc(C(F)(F)F)cc2)cc1
P2Et,CC(C)C(C=C(C(C)C)C=C1C(C)C)=C1C2=C(P([C@@]3(C[C@@H]4C5)C[C@H](C4)C[C@H]5C3)[C@]6(C7)C[C@@H](C[C@@H]7C8)C[C@@H]8C6)C(OC)=CC=C2OC,O=C(OC)C1=CC=NO1,CN(C)P(N(C)C)(N(C)C)=NP(N(C)C)(N(C)C)=NCC,ClC1=CC=C(OC)C=C1,0.0,COc1ccc(Nc2ccc(C)cc2)cc1
P2Et,CC(C)C(C=C(C(C)C)C=C1C(C)C)=C1C2=C(P([C@@]3(C[C@@H]4C5)C[C@H](C4)C[C@H]5C3)[C@]6(C7)C[C@@H](C[C@@H]7C8)C[C@@H]8C6)C(OC)=CC=C2OC,O=C(OC)C1=CC=NO1,CN(C)P(N(C)C)(N(C)C)=NP(N(C)C)(N(C)C)=NCC,BrC1=CC=C(OC)C=C1,4.78,COc1ccc(Nc2ccc(C)cc2)cc1
P2Et,CC(C)C(C=C(C(C)C)C=C1C(C)C)=C1C2=C(P([C@@]3(C[C@@H]4C5)C[C@H](C4)C[C@H]5C3)[C@]6(C7)C[C@@H](C[C@@H]7C8)C[C@@H]8C6)C(OC)=CC=C2OC,O=C(OC)C1=CC=NO1,CN(C)P(N(C)C)(N(C)C)=NP(N(C)C)(N(C)C)=NCC,IC1=CC=C(OC)C=C1,8.07,COc1ccc(Nc2ccc(C)cc2)cc1
P2Et,CC(C)C(C=C(C(C)C)C=C1C(C)C)=C1C2=C(P([C@@]3(C[C@@H]4C5)C[C@H](C4)C[C@H]5C3)[C@]6(C7)C[C@@H](C[C@@H]7C8)C[C@@H]8C6)C(OC)=CC=C2OC,O=C(OC)C1=CC=NO1,CN(C)P(N(C)C)(N(C)C)=NP(N(C)C)(N(C)C)=NCC,ClC1=CC=C(CC)C=C1,0.53,CCc1ccc(Nc2ccc(C)cc2)cc1
P2Et,CC(C)C(C=C(C(C)C)C=C1C(C)C)=C1C2=C(P([C@@]3(C[C@@H]4C5)C[C@H](C4)C[C@H]5C3)[C@]6(C7)C[C@@H](C[C@@H]7C8)C[C@@H]8C6)C(OC)=CC=C2OC,O=C(OC)C1=CC=NO1,CN(C)P(N(C)C)(N(C)C)=NP(N(C)C)(N(C)C)=NCC,BrC1=CC=C(CC)C=C1,9.75,CCc1ccc(Nc2ccc(C)cc2)cc1
P2Et,CC(C)C(C=C(C(C)C)C=C1C(C)C)=C1C2=C(P([C@@]3(C[C@@H]4C5)C[C@H](C4)C[C@H]5C3)[C@]6(C7)C[C@@H](C[C@@H]7C8)C[C@@H]8C6)C(OC)=CC=C2OC,O=C(OC)C1=CC=NO1,CN(C)P(N(C)C)(N(C)C)=NP(N(C)C)(N(C)C)=NCC,IC1=CC=C(CC)C=C1,14.44,CCc1ccc(Nc2ccc(C)cc2)cc1
P2Et,CC(C)C(C=C(C(C)C)C=C1C(C)C)=C1C2=C(P([C@@]3(C[C@@H]4C5)C[C@H](C4)C[C@H]5C3)[C@]6(C7)C[C@@H](C[C@@H]7C8)C[C@@H]8C6)C(OC)=CC=C2OC,O=C(OC)C1=CC=NO1,CN(C)P(N(C)C)(N(C)C)=NP(N(C)C)(N(C)C)=NCC,ClC1=NC=CC=C1,8.59,Cc1ccc(Nc2ccccn2)cc1
P2Et,CC(C)C(C=C(C(C)C)C=C1C(C)C)=C1C2=C(P([C@@]3(C[C@@H]4C5)C[C@H](C4)C[C@H]5C3)[C@]6(C7)C[C@@H](C[C@@H]7C8)C[C@@H]8C6)C(OC)=CC=C2OC,O=C(OC)C1=CC=NO1,CN(C)P(N(C)C)(N(C)C)=NP(N(C)C)(N(C)C)=NCC,BrC1=NC=CC=C1,11.06,Cc1ccc(Nc2ccccn2)cc1
P2Et,CC(C)C(C=C(C(C)C)C=C1C(C)C)=C1C2=C(P([C@@]3(C[C@@H]4C5)C[C@H](C4)C[C@H]5C3)[C@]6(C7)C[C@@H](C[C@@H]7C8)C[C@@H]8C6)C(OC)=CC=C2OC,O=C(OC)C1=CC=NO1,CN(C)P(N(C)C)(N(C)C)=NP(N(C)C)(N(C)C)=NCC,IC1=NC=CC=C1,15.42,Cc1ccc(Nc2ccccn2)cc1
P2Et,CC(C)C(C=C(C(C)C)C=C1C(C)C)=C1C2=C(P([C@@]3(C[C@@H]4C5)C[C@H](C4)C[C@H]5C3)[C@]6(C7)C[C@@H](C[C@@H]7C8)C[C@@H]8C6)C(OC)=CC=C2OC,O=C(OC)C1=CC=NO1,CN(C)P(N(C)C)(N(C)C)=NP(N(C)C)(N(C)C)=NCC,ClC1=CN=CC=C1,2.24,Cc1ccc(Nc2cccnc2)cc1
P2Et,CC(C)C(C=C(C(C)C)C=C1C(C)C)=C1C2=C(P([C@@]3(C[C@@H]4C5)C[C@H](C4)C[C@H]5C3)[C@]6(C7)C[C@@H](C[C@@H]7C8)C[C@@H]8C6)C(OC)=CC=C2OC,O=C(OC)C1=CC=NO1,CN(C)P(N(C)C)(N(C)C)=NP(N(C)C)(N(C)C)=NCC,BrC1=CN=CC=C1,8.86,Cc1ccc(Nc2cccnc2)cc1
P2Et,CC(C)C(C=C(C(C)C)C=C1C(C)C)=C1C2=C(P([C@@]3(C[C@@H]4C5)C[C@H](C4)C[C@H]5C3)[C@]6(C7)C[C@@H](C[C@@H]7C8)C[C@@H]8C6)C(OC)=CC=C2OC,O=C(OC)C1=CC=NO1,CN(C)P(N(C)C)(N(C)C)=NP(N(C)C)(N(C)C)=NCC,IC1=CN=CC=C1,10.83,Cc1ccc(Nc2cccnc2)cc1
BTMG,CC(C)C(C=C(C(C)C)C=C1C(C)C)=C1C2=C(P([C@@]3(C[C@@H]4C5)C[C@H](C4)C[C@H]5C3)[C@]6(C7)C[C@@H](C[C@@H]7C8)C[C@@H]8C6)C(OC)=CC=C2OC,O=C(OC)C1=CC=NO1,CC(C)(C)/N=C(N(C)C)/N(C)C,ClC1=CC=C(C(F)(F)F)C=C1,0.43,Cc1ccc(Nc2ccc(C(F)(F)F)cc2)cc1
BTMG,CC(C)C(C=C(C(C)C)C=C1C(C)C)=C1C2=C(P([C@@]3(C[C@@H]4C5)C[C@H](C4)C[C@H]5C3)[C@]6(C7)C[C@@H](C[C@@H]7C8)C[C@@H]8C6)C(OC)=CC=C2OC,O=C(OC)C1=CC=NO1,CC(C)(C)/N=C(N(C)C)/N(C)C,BrC1=CC=C(C(F)(F)F)C=C1,4.47,Cc1ccc(Nc2ccc(C(F)(F)F)cc2)cc1
BTMG,CC(C)C(C=C(C(C)C)C=C1C(C)C)=C1C2=C(P([C@@]3(C[C@@H]4C5)C[C@H](C4)C[C@H]5C3)[C@]6(C7)C[C@@H](C[C@@H]7C8)C[C@@H]8C6)C(OC)=CC=C2OC,O=C(OC)C1=CC=NO1,CC(C)(C)/N=C(N(C)C)/N(C)C,IC1=CC=C(C(F)(F)F)C=C1,18.54,Cc1ccc(Nc2ccc(C(F)(F)F)cc2)cc1
BTMG,CC(C)C(C=C(C(C)C)C=C1C(C)C)=C1C2=C(P([C@@]3(C[C@@H]4C5)C[C@H](C4)C[C@H]5C3)[C@]6(C7)C[C@@H](C[C@@H]7C8)C[C@@H]8C6)C(OC)=CC=C2OC,O=C(OC)C1=CC=NO1,CC(C)(C)/N=C(N(C)C)/N(C)C,ClC1=CC=C(OC)C=C1,0.0,COc1ccc(Nc2ccc(C)cc2)cc1
BTMG,CC(C)C(C=C(C(C)C)C=C1C(C)C)=C1C2=C(P([C@@]3(C[C@@H]4C5)C[C@H](C4)C[C@H]5C3)[C@]6(C7)C[C@@H](C[C@@H]7C8)C[C@@H]8C6)C(OC)=CC=C2OC,O=C(OC)C1=CC=NO1,CC(C)(C)/N=C(N(C)C)/N(C)C,BrC1=CC=C(OC)C=C1,3.05,COc1ccc(Nc2ccc(C)cc2)cc1
BTMG,CC(C)C(C=C(C(C)C)C=C1C(C)C)=C1C2=C(P([C@@]3(C[C@@H]4C5)C[C@H](C4)C[C@H]5C3)[C@]6(C7)C[C@@H](C[C@@H]7C8)C[C@@H]8C6)C(OC)=CC=C2OC,O=C(OC)C1=CC=NO1,CC(C)(C)/N=C(N(C)C)/N(C)C,IC1=CC=C(OC)C=C1,24.02,COc1ccc(Nc2ccc(C)cc2)cc1
BTMG,CC(C)C(C=C(C(C)C)C=C1C(C)C)=C1C2=C(P([C@@]3(C[C@@H]4C5)C[C@H](C4)C[C@H]5C3)[C@]6(C7)C[C@@H](C[C@@H]7C8)C[C@@H]8C6)C(OC)=CC=C2OC,O=C(OC)C1=CC=NO1,CC(C)(C)/N=C(N(C)C)/N(C)C,ClC1=CC=C(CC)C=C1,0.0,CCc1ccc(Nc2ccc(C)cc2)cc1
BTMG,CC(C)C(C=C(C(C)C)C=C1C(C)C)=C1C2=C(P([C@@]3(C[C@@H]4C5)C[C@H](C4)C[C@H]5C3)[C@]6(C7)C[C@@H](C[C@@H]7C8)C[C@@H]8C6)C(OC)=CC=C2OC,O=C(OC)C1=CC=NO1,CC(C)(C)/N=C(N(C)C)/N(C)C,BrC1=CC=C(CC)C=C1,5.61,CCc1ccc(Nc2ccc(C)cc2)cc1
BTMG,CC(C)C(C=C(C(C)C)C=C1C(C)C)=C1C2=C(P([C@@]3(C[C@@H]4C5)C[C@H](C4)C[C@H]5C3)[C@]6(C7)C[C@@H](C[C@@H]7C8)C[C@@H]8C6)C(OC)=CC=C2OC,O=C(OC)C1=CC=NO1,CC(C)(C)/N=C(N(C)C)/N(C)C,IC1=CC=C(CC)C=C1,39.24,CCc1ccc(Nc2ccc(C)cc2)cc1
BTMG,CC(C)C(C=C(C(C)C)C=C1C(C)C)=C1C2=C(P([C@@]3(C[C@@H]4C5)C[C@H](C4)C[C@H]5C3)[C@]6(C7)C[C@@H](C[C@@H]7C8)C[C@@H]8C6)C(OC)=CC=C2OC,O=C(OC)C1=CC=NO1,CC(C)(C)/N=C(N(C)C)/N(C)C,ClC1=NC=CC=C1,3.75,Cc1ccc(Nc2ccccn2)cc1
BTMG,CC(C)C(C=C(C(C)C)C=C1C(C)C)=C1C2=C(P([C@@]3(C[C@@H]4C5)C[C@H](C4)C[C@H]5C3)[C@]6(C7)C[C@@H](C[C@@H]7C8)C[C@@H]8C6)C(OC)=CC=C2OC,O=C(OC)C1=CC=NO1,CC(C)(C)/N=C(N(C)C)/N(C)C,BrC1=NC=CC=C1,6.7,Cc1ccc(Nc2ccccn2)cc1
BTMG,CC(C)C(C=C(C(C)C)C=C1C(C)C)=C1C2=C(P([C@@]3(C[C@@H]4C5)C[C@H](C4)C[C@H]5C3)[C@]6(C7)C[C@@H](C[C@@H]7C8)C[C@@H]8C6)C(OC)=CC=C2OC,O=C(OC)C1=CC=NO1,CC(C)(C)/N=C(N(C)C)/N(C)C,IC1=NC=CC=C1,17.35,Cc1ccc(Nc2ccccn2)cc1
BTMG,CC(C)C(C=C(C(C)C)C=C1C(C)C)=C1C2=C(P([C@@]3(C[C@@H]4C5)C[C@H](C4)C[C@H]5C3)[C@]6(C7)C[C@@H](C[C@@H]7C8)C[C@@H]8C6)C(OC)=CC=C2OC,O=C(OC)C1=CC=NO1,CC(C)(C)/N=C(N(C)C)/N(C)C,ClC1=CN=CC=C1,0.0,Cc1ccc(Nc2cccnc2)cc1
BTMG,CC(C)C(C=C(C(C)C)C=C1C(C)C)=C1C2=C(P([C@@]3(C[C@@H]4C5)C[C@H](C4)C[C@H]5C3)[C@]6(C7)C[C@@H](C[C@@H]7C8)C[C@@H]8C6)C(OC)=CC=C2OC,O=C(OC)C1=CC=NO1,CC(C)(C)/N=C(N(C)C)/N(C)C,BrC1=CN=CC=C1,12.57,Cc1ccc(Nc2cccnc2)cc1
BTMG,CC(C)C(C=C(C(C)C)C=C1C(C)C)=C1C2=C(P([C@@]3(C[C@@H]4C5)C[C@H](C4)C[C@H]5C3)[C@]6(C7)C[C@@H](C[C@@H]7C8)C[C@@H]8C6)C(OC)=CC=C2OC,O=C(OC)C1=CC=NO1,CC(C)(C)/N=C(N(C)C)/N(C)C,IC1=CN=CC=C1,29.3,Cc1ccc(Nc2cccnc2)cc1
MTBD,CC(C)C(C=C(C(C)C)C=C1C(C)C)=C1C2=C(P([C@@]3(C[C@@H]4C5)C[C@H](C4)C[C@H]5C3)[C@]6(C7)C[C@@H](C[C@@H]7C8)C[C@@H]8C6)C(OC)=CC=C2OC,O=C(OC)C1=CC=NO1,CN1CCCN2C1=NCCC2,ClC1=CC=C(C(F)(F)F)C=C1,6.92,Cc1ccc(Nc2ccc(C(F)(F)F)cc2)cc1
MTBD,CC(C)C(C=C(C(C)C)C=C1C(C)C)=C1C2=C(P([C@@]3(C[C@@H]4C5)C[C@H](C4)C[C@H]5C3)[C@]6(C7)C[C@@H](C[C@@H]7C8)C[C@@H]8C6)C(OC)=CC=C2OC,O=C(OC)C1=CC=NO1,CN1CCCN2C1=NCCC2,BrC1=CC=C(C(F)(F)F)C=C1,19.6,Cc1ccc(Nc2ccc(C(F)(F)F)cc2)cc1
MTBD,CC(C)C(C=C(C(C)C)C=C1C(C)C)=C1C2=C(P([C@@]3(C[C@@H]4C5)C[C@H](C4)C[C@H]5C3)[C@]6(C7)C[C@@H](C[C@@H]7C8)C[C@@H]8C6)C(OC)=CC=C2OC,O=C(OC)C1=CC=NO1,CN1CCCN2C1=NCCC2,IC1=CC=C(C(F)(F)F)C=C1,43.94,Cc1ccc(Nc2ccc(C(F)(F)F)cc2)cc1
MTBD,CC(C)C(C=C(C(C)C)C=C1C(C)C)=C1C2=C(P([C@@]3(C[C@@H]4C5)C[C@H](C4)C[C@H]5C3)[C@]6(C7)C[C@@H](C[C@@H]7C8)C[C@@H]8C6)C(OC)=CC=C2OC,O=C(OC)C1=CC=NO1,CN1CCCN2C1=NCCC2,ClC1=CC=C(OC)C=C1,1.06,COc1ccc(Nc2ccc(C)cc2)cc1
MTBD,CC(C)C(C=C(C(C)C)C=C1C(C)C)=C1C2=C(P([C@@]3(C[C@@H]4C5)C[C@H](C4)C[C@H]5C3)[C@]6(C7)C[C@@H](C[C@@H]7C8)C[C@@H]8C6)C(OC)=CC=C2OC,O=C(OC)C1=CC=NO1,CN1CCCN2C1=NCCC2,BrC1=CC=C(OC)C=C1,17.85,COc1ccc(Nc2ccc(C)cc2)cc1
MTBD,CC(C)C(C=C(C(C)C)C=C1C(C)C)=C1C2=C(P([C@@]3(C[C@@H]4C5)C[C@H](C4)C[C@H]5C3)[C@]6(C7)C[C@@H](C[C@@H]7C8)C[C@@H]8C6)C(OC)=CC=C2OC,O=C(OC)C1=CC=NO1,CN1CCCN2C1=NCCC2,IC1=CC=C(OC)C=C1,39.01,COc1ccc(Nc2ccc(C)cc2)cc1
MTBD,CC(C)C(C=C(C(C)C)C=C1C(C)C)=C1C2=C(P([C@@]3(C[C@@H]4C5)C[C@H](C4)C[C@H]5C3)[C@]6(C7)C[C@@H](C[C@@H]7C8)C[C@@H]8C6)C(OC)=CC=C2OC,O=C(OC)C1=CC=NO1,CN1CCCN2C1=NCCC2,ClC1=CC=C(CC)C=C1,2.37,CCc1ccc(Nc2ccc(C)cc2)cc1
MTBD,CC(C)C(C=C(C(C)C)C=C1C(C)C)=C1C2=C(P([C@@]3(C[C@@H]4C5)C[C@H](C4)C[C@H]5C3)[C@]6(C7)C[C@@H](C[C@@H]7C8)C[C@@H]8C6)C(OC)=CC=C2OC,O=C(OC)C1=CC=NO1,CN1CCCN2C1=NCCC2,BrC1=CC=C(CC)C=C1,29.36,CCc1ccc(Nc2ccc(C)cc2)cc1
MTBD,CC(C)C(C=C(C(C)C)C=C1C(C)C)=C1C2=C(P([C@@]3(C[C@@H]4C5)C[C@H](C4)C[C@H]5C3)[C@]6(C7)C[C@@H](C[C@@H]7C8)C[C@@H]8C6)C(OC)=CC=C2OC,O=C(OC)C1=CC=NO1,CN1CCCN2C1=NCCC2,IC1=CC=C(CC)C=C1,68.19,CCc1ccc(Nc2ccc(C)cc2)cc1
MTBD,CC(C)C(C=C(C(C)C)C=C1C(C)C)=C1C2=C(P([C@@]3(C[C@@H]4C5)C[C@H](C4)C[C@H]5C3)[C@]6(C7)C[C@@H](C[C@@H]7C8)C[C@@H]8C6)C(OC)=CC=C2OC,O=C(OC)C1=CC=NO1,CN1CCCN2C1=NCCC2,ClC1=NC=CC=C1,29.36,Cc1ccc(Nc2ccccn2)cc1
MTBD,CC(C)C(C=C(C(C)C)C=C1C(C)C)=C1C2=C(P([C@@]3(C[C@@H]4C5)C[C@H](C4)C[C@H]5C3)[C@]6(C7)C[C@@H](C[C@@H]7C8)C[C@@H]8C6)C(OC)=CC=C2OC,O=C(OC)C1=CC=NO1,CN1CCCN2C1=NCCC2,BrC1=NC=CC=C1,35.65,Cc1ccc(Nc2ccccn2)cc1
MTBD,CC(C)C(C=C(C(C)C)C=C1C(C)C)=C1C2=C(P([C@@]3(C[C@@H]4C5)C[C@H](C4)C[C@H]5C3)[C@]6(C7)C[C@@H](C[C@@H]7C8)C[C@@H]8C6)C(OC)=CC=C2OC,O=C(OC)C1=CC=NO1,CN1CCCN2C1=NCCC2,IC1=NC=CC=C1,77.55,Cc1ccc(Nc2ccccn2)cc1
MTBD,CC(C)C(C=C(C(C)C)C=C1C(C)C)=C1C2=C(P([C@@]3(C[C@@H]4C5)C[C@H](C4)C[C@H]5C3)[C@]6(C7)C[C@@H](C[C@@H]7C8)C[C@@H]8C6)C(OC)=CC=C2OC,O=C(OC)C1=CC=NO1,CN1CCCN2C1=NCCC2,ClC1=CN=CC=C1,7.73,Cc1ccc(Nc2cccnc2)cc1
MTBD,CC(C)C(C=C(C(C)C)C=C1C(C)C)=C1C2=C(P([C@@]3(C[C@@H]4C5)C[C@H](C4)C[C@H]5C3)[C@]6(C7)C[C@@H](C[C@@H]7C8)C[C@@H]8C6)C(OC)=CC=C2OC,O=C(OC)C1=CC=NO1,CN1CCCN2C1=NCCC2,BrC1=CN=CC=C1,36.03,Cc1ccc(Nc2cccnc2)cc1
MTBD,CC(C)C(C=C(C(C)C)C=C1C(C)C)=C1C2=C(P([C@@]3(C[C@@H]4C5)C[C@H](C4)C[C@H]5C3)[C@]6(C7)C[C@@H](C[C@@H]7C8)C[C@@H]8C6)C(OC)=CC=C2OC,O=C(OC)C1=CC=NO1,CN1CCCN2C1=NCCC2,IC1=CN=CC=C1,63.99,Cc1ccc(Nc2cccnc2)cc1
P2Et,CC(C)C(C=C(C(C)C)C=C1C(C)C)=C1C2=C(P(C3CCCCC3)C4CCCCC4)C=CC=C2,CCOC(C1=NOC=C1)=O,CN(C)P(N(C)C)(N(C)C)=NP(N(C)C)(N(C)C)=NCC,ClC1=CC=C(C(F)(F)F)C=C1,0.0,Cc1ccc(Nc2ccc(C(F)(F)F)cc2)cc1
P2Et,CC(C)C(C=C(C(C)C)C=C1C(C)C)=C1C2=C(P(C3CCCCC3)C4CCCCC4)C=CC=C2,CCOC(C1=NOC=C1)=O,CN(C)P(N(C)C)(N(C)C)=NP(N(C)C)(N(C)C)=NCC,BrC1=CC=C(C(F)(F)F)C=C1,0.3,Cc1ccc(Nc2ccc(C(F)(F)F)cc2)cc1
P2Et,CC(C)C(C=C(C(C)C)C=C1C(C)C)=C1C2=C(P(C3CCCCC3)C4CCCCC4)C=CC=C2,CCOC(C1=NOC=C1)=O,CN(C)P(N(C)C)(N(C)C)=NP(N(C)C)(N(C)C)=NCC,IC1=CC=C(C(F)(F)F)C=C1,0.0,Cc1ccc(Nc2ccc(C(F)(F)F)cc2)cc1
P2Et,CC(C)C(C=C(C(C)C)C=C1C(C)C)=C1C2=C(P(C3CCCCC3)C4CCCCC4)C=CC=C2,CCOC(C1=NOC=C1)=O,CN(C)P(N(C)C)(N(C)C)=NP(N(C)C)(N(C)C)=NCC,ClC1=CC=C(OC)C=C1,0.0,COc1ccc(Nc2ccc(C)cc2)cc1
P2Et,CC(C)C(C=C(C(C)C)C=C1C(C)C)=C1C2=C(P(C3CCCCC3)C4CCCCC4)C=CC=C2,CCOC(C1=NOC=C1)=O,CN(C)P(N(C)C)(N(C)C)=NP(N(C)C)(N(C)C)=NCC,BrC1=CC=C(OC)C=C1,0.0,COc1ccc(Nc2ccc(C)cc2)cc1
P2Et,CC(C)C(C=C(C(C)C)C=C1C(C)C)=C1C2=C(P(C3CCCCC3)C4CCCCC4)C=CC=C2,CCOC(C1=NOC=C1)=O,CN(C)P(N(C)C)(N(C)C)=NP(N(C)C)(N(C)C)=NCC,IC1=CC=C(OC)C=C1,0.0,COc1ccc(Nc2ccc(C)cc2)cc1
P2Et,CC(C)C(C=C(C(C)C)C=C1C(C)C)=C1C2=C(P(C3CCCCC3)C4CCCCC4)C=CC=C2,CCOC(C1=NOC=C1)=O,CN(C)P(N(C)C)(N(C)C)=NP(N(C)C)(N(C)C)=NCC,ClC1=CC=C(CC)C=C1,0.0,CCc1ccc(Nc2ccc(C)cc2)cc1
P2Et,CC(C)C(C=C(C(C)C)C=C1C(C)C)=C1C2=C(P(C3CCCCC3)C4CCCCC4)C=CC=C2,CCOC(C1=NOC=C1)=O,CN(C)P(N(C)C)(N(C)C)=NP(N(C)C)(N(C)C)=NCC,BrC1=CC=C(CC)C=C1,0.0,CCc1ccc(Nc2ccc(C)cc2)cc1
P2Et,CC(C)C(C=C(C(C)C)C=C1C(C)C)=C1C2=C(P(C3CCCCC3)C4CCCCC4)C=CC=C2,CCOC(C1=NOC=C1)=O,CN(C)P(N(C)C)(N(C)C)=NP(N(C)C)(N(C)C)=NCC,IC1=CC=C(CC)C=C1,0.0,CCc1ccc(Nc2ccc(C)cc2)cc1
P2Et,CC(C)C(C=C(C(C)C)C=C1C(C)C)=C1C2=C(P(C3CCCCC3)C4CCCCC4)C=CC=C2,CCOC(C1=NOC=C1)=O,CN(C)P(N(C)C)(N(C)C)=NP(N(C)C)(N(C)C)=NCC,ClC1=NC=CC=C1,0.0,Cc1ccc(Nc2ccccn2)cc1
P2Et,CC(C)C(C=C(C(C)C)C=C1C(C)C)=C1C2=C(P(C3CCCCC3)C4CCCCC4)C=CC=C2,CCOC(C1=NOC=C1)=O,CN(C)P(N(C)C)(N(C)C)=NP(N(C)C)(N(C)C)=NCC,BrC1=NC=CC=C1,0.0,Cc1ccc(Nc2ccccn2)cc1
P2Et,CC(C)C(C=C(C(C)C)C=C1C(C)C)=C1C2=C(P(C3CCCCC3)C4CCCCC4)C=CC=C2,CCOC(C1=NOC=C1)=O,CN(C)P(N(C)C)(N(C)C)=NP(N(C)C)(N(C)C)=NCC,IC1=NC=CC=C1,0.0,Cc1ccc(Nc2ccccn2)cc1
P2Et,CC(C)C(C=C(C(C)C)C=C1C(C)C)=C1C2=C(P(C3CCCCC3)C4CCCCC4)C=CC=C2,CCOC(C1=NOC=C1)=O,CN(C)P(N(C)C)(N(C)C)=NP(N(C)C)(N(C)C)=NCC,ClC1=CN=CC=C1,0.0,Cc1ccc(Nc2cccnc2)cc1
P2Et,CC(C)C(C=C(C(C)C)C=C1C(C)C)=C1C2=C(P(C3CCCCC3)C4CCCCC4)C=CC=C2,CCOC(C1=NOC=C1)=O,CN(C)P(N(C)C)(N(C)C)=NP(N(C)C)(N(C)C)=NCC,BrC1=CN=CC=C1,0.0,Cc1ccc(Nc2cccnc2)cc1
P2Et,CC(C)C(C=C(C(C)C)C=C1C(C)C)=C1C2=C(P(C3CCCCC3)C4CCCCC4)C=CC=C2,CCOC(C1=NOC=C1)=O,CN(C)P(N(C)C)(N(C)C)=NP(N(C)C)(N(C)C)=NCC,IC1=CN=CC=C1,0.0,Cc1ccc(Nc2cccnc2)cc1
BTMG,CC(C)C(C=C(C(C)C)C=C1C(C)C)=C1C2=C(P(C3CCCCC3)C4CCCCC4)C=CC=C2,CCOC(C1=NOC=C1)=O,CC(C)(C)/N=C(N(C)C)/N(C)C,ClC1=CC=C(C(F)(F)F)C=C1,17.36,Cc1ccc(Nc2ccc(C(F)(F)F)cc2)cc1
BTMG,CC(C)C(C=C(C(C)C)C=C1C(C)C)=C1C2=C(P(C3CCCCC3)C4CCCCC4)C=CC=C2,CCOC(C1=NOC=C1)=O,CC(C)(C)/N=C(N(C)C)/N(C)C,BrC1=CC=C(C(F)(F)F)C=C1,27.47,Cc1ccc(Nc2ccc(C(F)(F)F)cc2)cc1
BTMG,CC(C)C(C=C(C(C)C)C=C1C(C)C)=C1C2=C(P(C3CCCCC3)C4CCCCC4)C=CC=C2,CCOC(C1=NOC=C1)=O,CC(C)(C)/N=C(N(C)C)/N(C)C,IC1=CC=C(C(F)(F)F)C=C1,34.9,Cc1ccc(Nc2ccc(C(F)(F)F)cc2)cc1
BTMG,CC(C)C(C=C(C(C)C)C=C1C(C)C)=C1C2=C(P(C3CCCCC3)C4CCCCC4)C=CC=C2,CCOC(C1=NOC=C1)=O,CC(C)(C)/N=C(N(C)C)/N(C)C,ClC1=CC=C(OC)C=C1,0.43,COc1ccc(Nc2ccc(C)cc2)cc1
BTMG,CC(C)C(C=C(C(C)C)C=C1C(C)C)=C1C2=C(P(C3CCCCC3)C4CCCCC4)C=CC=C2,CCOC(C1=NOC=C1)=O,CC(C)(C)/N=C(N(C)C)/N(C)C,BrC1=CC=C(OC)C=C1,9.91,COc1ccc(Nc2ccc(C)cc2)cc1
BTMG,CC(C)C(C=C(C(C)C)C=C1C(C)C)=C1C2=C(P(C3CCCCC3)C4CCCCC4)C=CC=C2,CCOC(C1=NOC=C1)=O,CC(C)(C)/N=C(N(C)C)/N(C)C,IC1=CC=C(OC)C=C1,21.8,COc1ccc(Nc2ccc(C)cc2)cc1
BTMG,CC(C)C(C=C(C(C)C)C=C1C(C)C)=C1C2=C(P(C3CCCCC3)C4CCCCC4)C=CC=C2,CCOC(C1=NOC=C1)=O,CC(C)(C)/N=C(N(C)C)/N(C)C,ClC1=CC=C(CC)C=C1,2.87,CCc1ccc(Nc2ccc(C)cc2)cc1
BTMG,CC(C)C(C=C(C(C)C)C=C1C(C)C)=C1C2=C(P(C3CCCCC3)C4CCCCC4)C=CC=C2,CCOC(C1=NOC=C1)=O,CC(C)(C)/N=C(N(C)C)/N(C)C,BrC1=CC=C(CC)C=C1,34.68,CCc1ccc(Nc2ccc(C)cc2)cc1
BTMG,CC(C)C(C=C(C(C)C)C=C1C(C)C)=C1C2=C(P(C3CCCCC3)C4CCCCC4)C=CC=C2,CCOC(C1=NOC=C1)=O,CC(C)(C)/N=C(N(C)C)/N(C)C,IC1=CC=C(CC)C=C1,42.18,CCc1ccc(Nc2ccc(C)cc2)cc1
BTMG,CC(C)C(C=C(C(C)C)C=C1C(C)C)=C1C2=C(P(C3CCCCC3)C4CCCCC4)C=CC=C2,CCOC(C1=NOC=C1)=O,CC(C)(C)/N=C(N(C)C)/N(C)C,ClC1=NC=CC=C1,26.15,Cc1ccc(Nc2ccccn2)cc1
BTMG,CC(C)C(C=C(C(C)C)C=C1C(C)C)=C1C2=C(P(C3CCCCC3)C4CCCCC4)C=CC=C2,CCOC(C1=NOC=C1)=O,CC(C)(C)/N=C(N(C)C)/N(C)C,BrC1=NC=CC=C1,49.4,Cc1ccc(Nc2ccccn2)cc1
BTMG,CC(C)C(C=C(C(C)C)C=C1C(C)C)=C1C2=C(P(C3CCCCC3)C4CCCCC4)C=CC=C2,CCOC(C1=NOC=C1)=O,CC(C)(C)/N=C(N(C)C)/N(C)C,IC1=NC=CC=C1,40.97,Cc1ccc(Nc2ccccn2)cc1
BTMG,CC(C)C(C=C(C(C)C)C=C1C(C)C)=C1C2=C(P(C3CCCCC3)C4CCCCC4)C=CC=C2,CCOC(C1=NOC=C1)=O,CC(C)(C)/N=C(N(C)C)/N(C)C,ClC1=CN=CC=C1,11.67,Cc1ccc(Nc2cccnc2)cc1
BTMG,CC(C)C(C=C(C(C)C)C=C1C(C)C)=C1C2=C(P(C3CCCCC3)C4CCCCC4)C=CC=C2,CCOC(C1=NOC=C1)=O,CC(C)(C)/N=C(N(C)C)/N(C)C,BrC1=CN=CC=C1,26.56,Cc1ccc(Nc2cccnc2)cc1
BTMG,CC(C)C(C=C(C(C)C)C=C1C(C)C)=C1C2=C(P(C3CCCCC3)C4CCCCC4)C=CC=C2,CCOC(C1=NOC=C1)=O,CC(C)(C)/N=C(N(C)C)/N(C)C,IC1=CN=CC=C1,38.42,Cc1ccc(Nc2cccnc2)cc1
MTBD,CC(C)C(C=C(C(C)C)C=C1C(C)C)=C1C2=C(P(C3CCCCC3)C4CCCCC4)C=CC=C2,CCOC(C1=NOC=C1)=O,CN1CCCN2C1=NCCC2,ClC1=CC=C(C(F)(F)F)C=C1,18.15,Cc1ccc(Nc2ccc(C(F)(F)F)cc2)cc1
MTBD,CC(C)C(C=C(C(C)C)C=C1C(C)C)=C1C2=C(P(C3CCCCC3)C4CCCCC4)C=CC=C2,CCOC(C1=NOC=C1)=O,CN1CCCN2C1=NCCC2,BrC1=CC=C(C(F)(F)F)C=C1,31.22,Cc1ccc(Nc2ccc(C(F)(F)F)cc2)cc1
MTBD,CC(C)C(C=C(C(C)C)C=C1C(C)C)=C1C2=C(P(C3CCCCC3)C4CCCCC4)C=CC=C2,CCOC(C1=NOC=C1)=O,CN1CCCN2C1=NCCC2,IC1=CC=C(C(F)(F)F)C=C1,45.91,Cc1ccc(Nc2ccc(C(F)(F)F)cc2)cc1
MTBD,CC(C)C(C=C(C(C)C)C=C1C(C)C)=C1C2=C(P(C3CCCCC3)C4CCCCC4)C=CC=C2,CCOC(C1=NOC=C1)=O,CN1CCCN2C1=NCCC2,ClC1=CC=C(OC)C=C1,0.34,COc1ccc(Nc2ccc(C)cc2)cc1
MTBD,CC(C)C(C=C(C(C)C)C=C1C(C)C)=C1C2=C(P(C3CCCCC3)C4CCCCC4)C=CC=C2,CCOC(C1=NOC=C1)=O,CN1CCCN2C1=NCCC2,BrC1=CC=C(OC)C=C1,6.41,COc1ccc(Nc2ccc(C)cc2)cc1
MTBD,CC(C)C(C=C(C(C)C)C=C1C(C)C)=C1C2=C(P(C3CCCCC3)C4CCCCC4)C=CC=C2,CCOC(C1=NOC=C1)=O,CN1CCCN2C1=NCCC2,IC1=CC=C(OC)C=C1,15.48,COc1ccc(Nc2ccc(C)cc2)cc1
MTBD,CC(C)C(C=C(C(C)C)C=C1C(C)C)=C1C2=C(P(C3CCCCC3)C4CCCCC4)C=CC=C2,CCOC(C1=NOC=C1)=O,CN1CCCN2C1=NCCC2,ClC1=CC=C(CC)C=C1,2.69,CCc1ccc(Nc2ccc(C)cc2)cc1
MTBD,CC(C)C(C=C(C(C)C)C=C1C(C)C)=C1C2=C(P(C3CCCCC3)C4CCCCC4)C=CC=C2,CCOC(C1=NOC=C1)=O,CN1CCCN2C1=NCCC2,BrC1=CC=C(CC)C=C1,23.14,CCc1ccc(Nc2ccc(C)cc2)cc1
MTBD,CC(C)C(C=C(C(C)C)C=C1C(C)C)=C1C2=C(P(C3CCCCC3)C4CCCCC4)C=CC=C2,CCOC(C1=NOC=C1)=O,CN1CCCN2C1=NCCC2,IC1=CC=C(CC)C=C1,50.86,CCc1ccc(Nc2ccc(C)cc2)cc1
MTBD,CC(C)C(C=C(C(C)C)C=C1C(C)C)=C1C2=C(P(C3CCCCC3)C4CCCCC4)C=CC=C2,CCOC(C1=NOC=C1)=O,CN1CCCN2C1=NCCC2,ClC1=NC=CC=C1,28.88,Cc1ccc(Nc2ccccn2)cc1
MTBD,CC(C)C(C=C(C(C)C)C=C1C(C)C)=C1C2=C(P(C3CCCCC3)C4CCCCC4)C=CC=C2,CCOC(C1=NOC=C1)=O,CN1CCCN2C1=NCCC2,BrC1=NC=CC=C1,51.53,Cc1ccc(Nc2ccccn2)cc1
MTBD,CC(C)C(C=C(C(C)C)C=C1C(C)C)=C1C2=C(P(C3CCCCC3)C4CCCCC4)C=CC=C2,CCOC(C1=NOC=C1)=O,CN1CCCN2C1=NCCC2,IC1=NC=CC=C1,59.07,Cc1ccc(Nc2ccccn2)cc1
MTBD,CC(C)C(C=C(C(C)C)C=C1C(C)C)=C1C2=C(P(C3CCCCC3)C4CCCCC4)C=CC=C2,CCOC(C1=NOC=C1)=O,CN1CCCN2C1=NCCC2,ClC1=CN=CC=C1,8.43,Cc1ccc(Nc2cccnc2)cc1
MTBD,CC(C)C(C=C(C(C)C)C=C1C(C)C)=C1C2=C(P(C3CCCCC3)C4CCCCC4)C=CC=C2,CCOC(C1=NOC=C1)=O,CN1CCCN2C1=NCCC2,BrC1=CN=CC=C1,22.07,Cc1ccc(Nc2cccnc2)cc1
MTBD,CC(C)C(C=C(C(C)C)C=C1C(C)C)=C1C2=C(P(C3CCCCC3)C4CCCCC4)C=CC=C2,CCOC(C1=NOC=C1)=O,CN1CCCN2C1=NCCC2,IC1=CN=CC=C1,34.75,Cc1ccc(Nc2cccnc2)cc1
P2Et,CC(C)C(C=C(C(C)C)C=C1C(C)C)=C1C2=C(P(C3CCCCC3)C4CCCCC4)C=CC=C2,CC1=C(C(OCC)=O)C=NO1,CN(C)P(N(C)C)(N(C)C)=NP(N(C)C)(N(C)C)=NCC,ClC1=CC=C(C(F)(F)F)C=C1,11.13,Cc1ccc(Nc2ccc(C(F)(F)F)cc2)cc1
P2Et,CC(C)C(C=C(C(C)C)C=C1C(C)C)=C1C2=C(P(C3CCCCC3)C4CCCCC4)C=CC=C2,CC1=C(C(OCC)=O)C=NO1,CN(C)P(N(C)C)(N(C)C)=NP(N(C)C)(N(C)C)=NCC,BrC1=CC=C(C(F)(F)F)C=C1,15.03,Cc1ccc(Nc2ccc(C(F)(F)F)cc2)cc1
P2Et,CC(C)C(C=C(C(C)C)C=C1C(C)C)=C1C2=C(P(C3CCCCC3)C4CCCCC4)C=CC=C2,CC1=C(C(OCC)=O)C=NO1,CN(C)P(N(C)C)(N(C)C)=NP(N(C)C)(N(C)C)=NCC,IC1=CC=C(C(F)(F)F)C=C1,14.02,Cc1ccc(Nc2ccc(C(F)(F)F)cc2)cc1
P2Et,CC(C)C(C=C(C(C)C)C=C1C(C)C)=C1C2=C(P(C3CCCCC3)C4CCCCC4)C=CC=C2,CC1=C(C(OCC)=O)C=NO1,CN(C)P(N(C)C)(N(C)C)=NP(N(C)C)(N(C)C)=NCC,ClC1=CC=C(OC)C=C1,3.02,COc1ccc(Nc2ccc(C)cc2)cc1
P2Et,CC(C)C(C=C(C(C)C)C=C1C(C)C)=C1C2=C(P(C3CCCCC3)C4CCCCC4)C=CC=C2,CC1=C(C(OCC)=O)C=NO1,CN(C)P(N(C)C)(N(C)C)=NP(N(C)C)(N(C)C)=NCC,BrC1=CC=C(OC)C=C1,9.07,COc1ccc(Nc2ccc(C)cc2)cc1
P2Et,CC(C)C(C=C(C(C)C)C=C1C(C)C)=C1C2=C(P(C3CCCCC3)C4CCCCC4)C=CC=C2,CC1=C(C(OCC)=O)C=NO1,CN(C)P(N(C)C)(N(C)C)=NP(N(C)C)(N(C)C)=NCC,IC1=CC=C(OC)C=C1,7.0,COc1ccc(Nc2ccc(C)cc2)cc1
P2Et,CC(C)C(C=C(C(C)C)C=C1C(C)C)=C1C2=C(P(C3CCCCC3)C4CCCCC4)C=CC=C2,CC1=C(C(OCC)=O)C=NO1,CN(C)P(N(C)C)(N(C)C)=NP(N(C)C)(N(C)C)=NCC,ClC1=CC=C(CC)C=C1,14.86,CCc1ccc(Nc2ccc(C)cc2)cc1
P2Et,CC(C)C(C=C(C(C)C)C=C1C(C)C)=C1C2=C(P(C3CCCCC3)C4CCCCC4)C=CC=C2,CC1=C(C(OCC)=O)C=NO1,CN(C)P(N(C)C)(N(C)C)=NP(N(C)C)(N(C)C)=NCC,BrC1=CC=C(CC)C=C1,19.33,CCc1ccc(Nc2ccc(C)cc2)cc1
P2Et,CC(C)C(C=C(C(C)C)C=C1C(C)C)=C1C2=C(P(C3CCCCC3)C4CCCCC4)C=CC=C2,CC1=C(C(OCC)=O)C=NO1,CN(C)P(N(C)C)(N(C)C)=NP(N(C)C)(N(C)C)=NCC,IC1=CC=C(CC)C=C1,12.44,CCc1ccc(Nc2ccc(C)cc2)cc1
P2Et,CC(C)C(C=C(C(C)C)C=C1C(C)C)=C1C2=C(P(C3CCCCC3)C4CCCCC4)C=CC=C2,CC1=C(C(OCC)=O)C=NO1,CN(C)P(N(C)C)(N(C)C)=NP(N(C)C)(N(C)C)=NCC,ClC1=NC=CC=C1,12.44,Cc1ccc(Nc2ccccn2)cc1
P2Et,CC(C)C(C=C(C(C)C)C=C1C(C)C)=C1C2=C(P(C3CCCCC3)C4CCCCC4)C=CC=C2,CC1=C(C(OCC)=O)C=NO1,CN(C)P(N(C)C)(N(C)C)=NP(N(C)C)(N(C)C)=NCC,BrC1=NC=CC=C1,18.58,Cc1ccc(Nc2ccccn2)cc1
P2Et,CC(C)C(C=C(C(C)C)C=C1C(C)C)=C1C2=C(P(C3CCCCC3)C4CCCCC4)C=CC=C2,CC1=C(C(OCC)=O)C=NO1,CN(C)P(N(C)C)(N(C)C)=NP(N(C)C)(N(C)C)=NCC,IC1=NC=CC=C1,17.4,Cc1ccc(Nc2ccccn2)cc1
P2Et,CC(C)C(C=C(C(C)C)C=C1C(C)C)=C1C2=C(P(C3CCCCC3)C4CCCCC4)C=CC=C2,CC1=C(C(OCC)=O)C=NO1,CN(C)P(N(C)C)(N(C)C)=NP(N(C)C)(N(C)C)=NCC,ClC1=CN=CC=C1,17.23,Cc1ccc(Nc2cccnc2)cc1
P2Et,CC(C)C(C=C(C(C)C)C=C1C(C)C)=C1C2=C(P(C3CCCCC3)C4CCCCC4)C=CC=C2,CC1=C(C(OCC)=O)C=NO1,CN(C)P(N(C)C)(N(C)C)=NP(N(C)C)(N(C)C)=NCC,BrC1=CN=CC=C1,8.8,Cc1ccc(Nc2cccnc2)cc1
P2Et,CC(C)C(C=C(C(C)C)C=C1C(C)C)=C1C2=C(P(C3CCCCC3)C4CCCCC4)C=CC=C2,CC1=C(C(OCC)=O)C=NO1,CN(C)P(N(C)C)(N(C)C)=NP(N(C)C)(N(C)C)=NCC,IC1=CN=CC=C1,11.59,Cc1ccc(Nc2cccnc2)cc1
BTMG,CC(C)C(C=C(C(C)C)C=C1C(C)C)=C1C2=C(P(C3CCCCC3)C4CCCCC4)C=CC=C2,CC1=C(C(OCC)=O)C=NO1,CC(C)(C)/N=C(N(C)C)/N(C)C,ClC1=CC=C(C(F)(F)F)C=C1,2.55,Cc1ccc(Nc2ccc(C(F)(F)F)cc2)cc1
BTMG,CC(C)C(C=C(C(C)C)C=C1C(C)C)=C1C2=C(P(C3CCCCC3)C4CCCCC4)C=CC=C2,CC1=C(C(OCC)=O)C=NO1,CC(C)(C)/N=C(N(C)C)/N(C)C,BrC1=CC=C(C(F)(F)F)C=C1,9.8,Cc1ccc(Nc2ccc(C(F)(F)F)cc2)cc1
BTMG,CC(C)C(C=C(C(C)C)C=C1C(C)C)=C1C2=C(P(C3CCCCC3)C4CCCCC4)C=CC=C2,CC1=C(C(OCC)=O)C=NO1,CC(C)(C)/N=C(N(C)C)/N(C)C,IC1=CC=C(C(F)(F)F)C=C1,19.55,Cc1ccc(Nc2ccc(C(F)(F)F)cc2)cc1
BTMG,CC(C)C(C=C(C(C)C)C=C1C(C)C)=C1C2=C(P(C3CCCCC3)C4CCCCC4)C=CC=C2,CC1=C(C(OCC)=O)C=NO1,CC(C)(C)/N=C(N(C)C)/N(C)C,ClC1=CC=C(OC)C=C1,0.0,COc1ccc(Nc2ccc(C)cc2)cc1
BTMG,CC(C)C(C=C(C(C)C)C=C1C(C)C)=C1C2=C(P(C3CCCCC3)C4CCCCC4)C=CC=C2,CC1=C(C(OCC)=O)C=NO1,CC(C)(C)/N=C(N(C)C)/N(C)C,BrC1=CC=C(OC)C=C1,0.6,COc1ccc(Nc2ccc(C)cc2)cc1
BTMG,CC(C)C(C=C(C(C)C)C=C1C(C)C)=C1C2=C(P(C3CCCCC3)C4CCCCC4)C=CC=C2,CC1=C(C(OCC)=O)C=NO1,CC(C)(C)/N=C(N(C)C)/N(C)C,IC1=CC=C(OC)C=C1,2.61,COc1ccc(Nc2ccc(C)cc2)cc1
BTMG,CC(C)C(C=C(C(C)C)C=C1C(C)C)=C1C2=C(P(C3CCCCC3)C4CCCCC4)C=CC=C2,CC1=C(C(OCC)=O)C=NO1,CC(C)(C)/N=C(N(C)C)/N(C)C,ClC1=CC=C(CC)C=C1,0.0,CCc1ccc(Nc2ccc(C)cc2)cc1
BTMG,CC(C)C(C=C(C(C)C)C=C1C(C)C)=C1C2=C(P(C3CCCCC3)C4CCCCC4)C=CC=C2,CC1=C(C(OCC)=O)C=NO1,CC(C)(C)/N=C(N(C)C)/N(C)C,BrC1=CC=C(CC)C=C1,3.34,CCc1ccc(Nc2ccc(C)cc2)cc1
BTMG,CC(C)C(C=C(C(C)C)C=C1C(C)C)=C1C2=C(P(C3CCCCC3)C4CCCCC4)C=CC=C2,CC1=C(C(OCC)=O)C=NO1,CC(C)(C)/N=C(N(C)C)/N(C)C,IC1=CC=C(CC)C=C1,3.55,CCc1ccc(Nc2ccc(C)cc2)cc1
BTMG,CC(C)C(C=C(C(C)C)C=C1C(C)C)=C1C2=C(P(C3CCCCC3)C4CCCCC4)C=CC=C2,CC1=C(C(OCC)=O)C=NO1,CC(C)(C)/N=C(N(C)C)/N(C)C,ClC1=NC=CC=C1,10.0,Cc1ccc(Nc2ccccn2)cc1
BTMG,CC(C)C(C=C(C(C)C)C=C1C(C)C)=C1C2=C(P(C3CCCCC3)C4CCCCC4)C=CC=C2,CC1=C(C(OCC)=O)C=NO1,CC(C)(C)/N=C(N(C)C)/N(C)C,BrC1=NC=CC=C1,18.53,Cc1ccc(Nc2ccccn2)cc1
BTMG,CC(C)C(C=C(C(C)C)C=C1C(C)C)=C1C2=C(P(C3CCCCC3)C4CCCCC4)C=CC=C2,CC1=C(C(OCC)=O)C=NO1,CC(C)(C)/N=C(N(C)C)/N(C)C,IC1=NC=CC=C1,21.49,Cc1ccc(Nc2ccccn2)cc1
BTMG,CC(C)C(C=C(C(C)C)C=C1C(C)C)=C1C2=C(P(C3CCCCC3)C4CCCCC4)C=CC=C2,CC1=C(C(OCC)=O)C=NO1,CC(C)(C)/N=C(N(C)C)/N(C)C,ClC1=CN=CC=C1,1.45,Cc1ccc(Nc2cccnc2)cc1
BTMG,CC(C)C(C=C(C(C)C)C=C1C(C)C)=C1C2=C(P(C3CCCCC3)C4CCCCC4)C=CC=C2,CC1=C(C(OCC)=O)C=NO1,CC(C)(C)/N=C(N(C)C)/N(C)C,BrC1=CN=CC=C1,0.93,Cc1ccc(Nc2cccnc2)cc1
BTMG,CC(C)C(C=C(C(C)C)C=C1C(C)C)=C1C2=C(P(C3CCCCC3)C4CCCCC4)C=CC=C2,CC1=C(C(OCC)=O)C=NO1,CC(C)(C)/N=C(N(C)C)/N(C)C,IC1=CN=CC=C1,3.66,Cc1ccc(Nc2cccnc2)cc1
MTBD,CC(C)C(C=C(C(C)C)C=C1C(C)C)=C1C2=C(P(C3CCCCC3)C4CCCCC4)C=CC=C2,CC1=C(C(OCC)=O)C=NO1,CN1CCCN2C1=NCCC2,ClC1=CC=C(C(F)(F)F)C=C1,10.78,Cc1ccc(Nc2ccc(C(F)(F)F)cc2)cc1
MTBD,CC(C)C(C=C(C(C)C)C=C1C(C)C)=C1C2=C(P(C3CCCCC3)C4CCCCC4)C=CC=C2,CC1=C(C(OCC)=O)C=NO1,CN1CCCN2C1=NCCC2,BrC1=CC=C(C(F)(F)F)C=C1,27.1,Cc1ccc(Nc2ccc(C(F)(F)F)cc2)cc1
MTBD,CC(C)C(C=C(C(C)C)C=C1C(C)C)=C1C2=C(P(C3CCCCC3)C4CCCCC4)C=CC=C2,CC1=C(C(OCC)=O)C=NO1,CN1CCCN2C1=NCCC2,IC1=CC=C(C(F)(F)F)C=C1,23.35,Cc1ccc(Nc2ccc(C(F)(F)F)cc2)cc1
MTBD,CC(C)C(C=C(C(C)C)C=C1C(C)C)=C1C2=C(P(C3CCCCC3)C4CCCCC4)C=CC=C2,CC1=C(C(OCC)=O)C=NO1,CN1CCCN2C1=NCCC2,ClC1=CC=C(OC)C=C1,0.0,COc1ccc(Nc2ccc(C)cc2)cc1
MTBD,CC(C)C(C=C(C(C)C)C=C1C(C)C)=C1C2=C(P(C3CCCCC3)C4CCCCC4)C=CC=C2,CC1=C(C(OCC)=O)C=NO1,CN1CCCN2C1=NCCC2,BrC1=CC=C(OC)C=C1,5.3,COc1ccc(Nc2ccc(C)cc2)cc1
MTBD,CC(C)C(C=C(C(C)C)C=C1C(C)C)=C1C2=C(P(C3CCCCC3)C4CCCCC4)C=CC=C2,CC1=C(C(OCC)=O)C=NO1,CN1CCCN2C1=NCCC2,IC1=CC=C(OC)C=C1,10.27,COc1ccc(Nc2ccc(C)cc2)cc1
MTBD,CC(C)C(C=C(C(C)C)C=C1C(C)C)=C1C2=C(P(C3CCCCC3)C4CCCCC4)C=CC=C2,CC1=C(C(OCC)=O)C=NO1,CN1CCCN2C1=NCCC2,ClC1=CC=C(CC)C=C1,1.53,CCc1ccc(Nc2ccc(C)cc2)cc1
MTBD,CC(C)C(C=C(C(C)C)C=C1C(C)C)=C1C2=C(P(C3CCCCC3)C4CCCCC4)C=CC=C2,CC1=C(C(OCC)=O)C=NO1,CN1CCCN2C1=NCCC2,BrC1=CC=C(CC)C=C1,19.27,CCc1ccc(Nc2ccc(C)cc2)cc1
MTBD,CC(C)C(C=C(C(C)C)C=C1C(C)C)=C1C2=C(P(C3CCCCC3)C4CCCCC4)C=CC=C2,CC1=C(C(OCC)=O)C=NO1,CN1CCCN2C1=NCCC2,IC1=CC=C(CC)C=C1,30.98,CCc1ccc(Nc2ccc(C)cc2)cc1
MTBD,CC(C)C(C=C(C(C)C)C=C1C(C)C)=C1C2=C(P(C3CCCCC3)C4CCCCC4)C=CC=C2,CC1=C(C(OCC)=O)C=NO1,CN1CCCN2C1=NCCC2,ClC1=NC=CC=C1,18.83,Cc1ccc(Nc2ccccn2)cc1
MTBD,CC(C)C(C=C(C(C)C)C=C1C(C)C)=C1C2=C(P(C3CCCCC3)C4CCCCC4)C=CC=C2,CC1=C(C(OCC)=O)C=NO1,CN1CCCN2C1=NCCC2,BrC1=NC=CC=C1,28.7,Cc1ccc(Nc2ccccn2)cc1
MTBD,CC(C)C(C=C(C(C)C)C=C1C(C)C)=C1C2=C(P(C3CCCCC3)C4CCCCC4)C=CC=C2,CC1=C(C(OCC)=O)C=NO1,CN1CCCN2C1=NCCC2,IC1=NC=CC=C1,28.03,Cc1ccc(Nc2ccccn2)cc1
MTBD,CC(C)C(C=C(C(C)C)C=C1C(C)C)=C1C2=C(P(C3CCCCC3)C4CCCCC4)C=CC=C2,CC1=C(C(OCC)=O)C=NO1,CN1CCCN2C1=NCCC2,ClC1=CN=CC=C1,4.25,Cc1ccc(Nc2cccnc2)cc1
MTBD,CC(C)C(C=C(C(C)C)C=C1C(C)C)=C1C2=C(P(C3CCCCC3)C4CCCCC4)C=CC=C2,CC1=C(C(OCC)=O)C=NO1,CN1CCCN2C1=NCCC2,BrC1=CN=CC=C1,18.77,Cc1ccc(Nc2cccnc2)cc1
MTBD,CC(C)C(C=C(C(C)C)C=C1C(C)C)=C1C2=C(P(C3CCCCC3)C4CCCCC4)C=CC=C2,CC1=C(C(OCC)=O)C=NO1,CN1CCCN2C1=NCCC2,IC1=CN=CC=C1,26.76,Cc1ccc(Nc2cccnc2)cc1
P2Et,CC(C)C(C=C(C(C)C)C=C1C(C)C)=C1C2=C(P(C3CCCCC3)C4CCCCC4)C=CC=C2,CCOC(C1=CON=C1)=O,CN(C)P(N(C)C)(N(C)C)=NP(N(C)C)(N(C)C)=NCC,ClC1=CC=C(C(F)(F)F)C=C1,0.52,Cc1ccc(Nc2ccc(C(F)(F)F)cc2)cc1
P2Et,CC(C)C(C=C(C(C)C)C=C1C(C)C)=C1C2=C(P(C3CCCCC3)C4CCCCC4)C=CC=C2,CCOC(C1=CON=C1)=O,CN(C)P(N(C)C)(N(C)C)=NP(N(C)C)(N(C)C)=NCC,BrC1=CC=C(C(F)(F)F)C=C1,0.0,Cc1ccc(Nc2ccc(C(F)(F)F)cc2)cc1
P2Et,CC(C)C(C=C(C(C)C)C=C1C(C)C)=C1C2=C(P(C3CCCCC3)C4CCCCC4)C=CC=C2,CCOC(C1=CON=C1)=O,CN(C)P(N(C)C)(N(C)C)=NP(N(C)C)(N(C)C)=NCC,IC1=CC=C(C(F)(F)F)C=C1,0.0,Cc1ccc(Nc2ccc(C(F)(F)F)cc2)cc1
P2Et,CC(C)C(C=C(C(C)C)C=C1C(C)C)=C1C2=C(P(C3CCCCC3)C4CCCCC4)C=CC=C2,CCOC(C1=CON=C1)=O,CN(C)P(N(C)C)(N(C)C)=NP(N(C)C)(N(C)C)=NCC,ClC1=CC=C(OC)C=C1,0.0,COc1ccc(Nc2ccc(C)cc2)cc1
P2Et,CC(C)C(C=C(C(C)C)C=C1C(C)C)=C1C2=C(P(C3CCCCC3)C4CCCCC4)C=CC=C2,CCOC(C1=CON=C1)=O,CN(C)P(N(C)C)(N(C)C)=NP(N(C)C)(N(C)C)=NCC,BrC1=CC=C(OC)C=C1,0.0,COc1ccc(Nc2ccc(C)cc2)cc1
P2Et,CC(C)C(C=C(C(C)C)C=C1C(C)C)=C1C2=C(P(C3CCCCC3)C4CCCCC4)C=CC=C2,CCOC(C1=CON=C1)=O,CN(C)P(N(C)C)(N(C)C)=NP(N(C)C)(N(C)C)=NCC,IC1=CC=C(OC)C=C1,0.0,COc1ccc(Nc2ccc(C)cc2)cc1
P2Et,CC(C)C(C=C(C(C)C)C=C1C(C)C)=C1C2=C(P(C3CCCCC3)C4CCCCC4)C=CC=C2,CCOC(C1=CON=C1)=O,CN(C)P(N(C)C)(N(C)C)=NP(N(C)C)(N(C)C)=NCC,ClC1=CC=C(CC)C=C1,0.0,CCc1ccc(Nc2ccc(C)cc2)cc1
P2Et,CC(C)C(C=C(C(C)C)C=C1C(C)C)=C1C2=C(P(C3CCCCC3)C4CCCCC4)C=CC=C2,CCOC(C1=CON=C1)=O,CN(C)P(N(C)C)(N(C)C)=NP(N(C)C)(N(C)C)=NCC,BrC1=CC=C(CC)C=C1,0.0,CCc1ccc(Nc2ccc(C)cc2)cc1
P2Et,CC(C)C(C=C(C(C)C)C=C1C(C)C)=C1C2=C(P(C3CCCCC3)C4CCCCC4)C=CC=C2,CCOC(C1=CON=C1)=O,CN(C)P(N(C)C)(N(C)C)=NP(N(C)C)(N(C)C)=NCC,IC1=CC=C(CC)C=C1,0.0,CCc1ccc(Nc2ccc(C)cc2)cc1
P2Et,CC(C)C(C=C(C(C)C)C=C1C(C)C)=C1C2=C(P(C3CCCCC3)C4CCCCC4)C=CC=C2,CCOC(C1=CON=C1)=O,CN(C)P(N(C)C)(N(C)C)=NP(N(C)C)(N(C)C)=NCC,ClC1=NC=CC=C1,0.0,Cc1ccc(Nc2ccccn2)cc1
P2Et,CC(C)C(C=C(C(C)C)C=C1C(C)C)=C1C2=C(P(C3CCCCC3)C4CCCCC4)C=CC=C2,CCOC(C1=CON=C1)=O,CN(C)P(N(C)C)(N(C)C)=NP(N(C)C)(N(C)C)=NCC,BrC1=NC=CC=C1,0.0,Cc1ccc(Nc2ccccn2)cc1
P2Et,CC(C)C(C=C(C(C)C)C=C1C(C)C)=C1C2=C(P(C3CCCCC3)C4CCCCC4)C=CC=C2,CCOC(C1=CON=C1)=O,CN(C)P(N(C)C)(N(C)C)=NP(N(C)C)(N(C)C)=NCC,IC1=NC=CC=C1,0.0,Cc1ccc(Nc2ccccn2)cc1
P2Et,CC(C)C(C=C(C(C)C)C=C1C(C)C)=C1C2=C(P(C3CCCCC3)C4CCCCC4)C=CC=C2,CCOC(C1=CON=C1)=O,CN(C)P(N(C)C)(N(C)C)=NP(N(C)C)(N(C)C)=NCC,ClC1=CN=CC=C1,0.0,Cc1ccc(Nc2cccnc2)cc1
P2Et,CC(C)C(C=C(C(C)C)C=C1C(C)C)=C1C2=C(P(C3CCCCC3)C4CCCCC4)C=CC=C2,CCOC(C1=CON=C1)=O,CN(C)P(N(C)C)(N(C)C)=NP(N(C)C)(N(C)C)=NCC,BrC1=CN=CC=C1,0.0,Cc1ccc(Nc2cccnc2)cc1
P2Et,CC(C)C(C=C(C(C)C)C=C1C(C)C)=C1C2=C(P(C3CCCCC3)C4CCCCC4)C=CC=C2,CCOC(C1=CON=C1)=O,CN(C)P(N(C)C)(N(C)C)=NP(N(C)C)(N(C)C)=NCC,IC1=CN=CC=C1,0.0,Cc1ccc(Nc2cccnc2)cc1
BTMG,CC(C)C(C=C(C(C)C)C=C1C(C)C)=C1C2=C(P(C3CCCCC3)C4CCCCC4)C=CC=C2,CCOC(C1=CON=C1)=O,CC(C)(C)/N=C(N(C)C)/N(C)C,ClC1=CC=C(C(F)(F)F)C=C1,0.76,Cc1ccc(Nc2ccc(C(F)(F)F)cc2)cc1
BTMG,CC(C)C(C=C(C(C)C)C=C1C(C)C)=C1C2=C(P(C3CCCCC3)C4CCCCC4)C=CC=C2,CCOC(C1=CON=C1)=O,CC(C)(C)/N=C(N(C)C)/N(C)C,BrC1=CC=C(C(F)(F)F)C=C1,0.55,Cc1ccc(Nc2ccc(C(F)(F)F)cc2)cc1
BTMG,CC(C)C(C=C(C(C)C)C=C1C(C)C)=C1C2=C(P(C3CCCCC3)C4CCCCC4)C=CC=C2,CCOC(C1=CON=C1)=O,CC(C)(C)/N=C(N(C)C)/N(C)C,IC1=CC=C(C(F)(F)F)C=C1,0.71,Cc1ccc(Nc2ccc(C(F)(F)F)cc2)cc1
BTMG,CC(C)C(C=C(C(C)C)C=C1C(C)C)=C1C2=C(P(C3CCCCC3)C4CCCCC4)C=CC=C2,CCOC(C1=CON=C1)=O,CC(C)(C)/N=C(N(C)C)/N(C)C,ClC1=CC=C(OC)C=C1,0.0,COc1ccc(Nc2ccc(C)cc2)cc1
BTMG,CC(C)C(C=C(C(C)C)C=C1C(C)C)=C1C2=C(P(C3CCCCC3)C4CCCCC4)C=CC=C2,CCOC(C1=CON=C1)=O,CC(C)(C)/N=C(N(C)C)/N(C)C,BrC1=CC=C(OC)C=C1,0.0,COc1ccc(Nc2ccc(C)cc2)cc1
BTMG,CC(C)C(C=C(C(C)C)C=C1C(C)C)=C1C2=C(P(C3CCCCC3)C4CCCCC4)C=CC=C2,CCOC(C1=CON=C1)=O,CC(C)(C)/N=C(N(C)C)/N(C)C,IC1=CC=C(OC)C=C1,1.93,COc1ccc(Nc2ccc(C)cc2)cc1
BTMG,CC(C)C(C=C(C(C)C)C=C1C(C)C)=C1C2=C(P(C3CCCCC3)C4CCCCC4)C=CC=C2,CCOC(C1=CON=C1)=O,CC(C)(C)/N=C(N(C)C)/N(C)C,ClC1=CC=C(CC)C=C1,0.0,CCc1ccc(Nc2ccc(C)cc2)cc1
BTMG,CC(C)C(C=C(C(C)C)C=C1C(C)C)=C1C2=C(P(C3CCCCC3)C4CCCCC4)C=CC=C2,CCOC(C1=CON=C1)=O,CC(C)(C)/N=C(N(C)C)/N(C)C,BrC1=CC=C(CC)C=C1,1.2,CCc1ccc(Nc2ccc(C)cc2)cc1
BTMG,CC(C)C(C=C(C(C)C)C=C1C(C)C)=C1C2=C(P(C3CCCCC3)C4CCCCC4)C=CC=C2,CCOC(C1=CON=C1)=O,CC(C)(C)/N=C(N(C)C)/N(C)C,IC1=CC=C(CC)C=C1,0.6,CCc1ccc(Nc2ccc(C)cc2)cc1
BTMG,CC(C)C(C=C(C(C)C)C=C1C(C)C)=C1C2=C(P(C3CCCCC3)C4CCCCC4)C=CC=C2,CCOC(C1=CON=C1)=O,CC(C)(C)/N=C(N(C)C)/N(C)C,ClC1=NC=CC=C1,0.0,Cc1ccc(Nc2ccccn2)cc1
BTMG,CC(C)C(C=C(C(C)C)C=C1C(C)C)=C1C2=C(P(C3CCCCC3)C4CCCCC4)C=CC=C2,CCOC(C1=CON=C1)=O,CC(C)(C)/N=C(N(C)C)/N(C)C,BrC1=NC=CC=C1,1.44,Cc1ccc(Nc2ccccn2)cc1
BTMG,CC(C)C(C=C(C(C)C)C=C1C(C)C)=C1C2=C(P(C3CCCCC3)C4CCCCC4)C=CC=C2,CCOC(C1=CON=C1)=O,CC(C)(C)/N=C(N(C)C)/N(C)C,IC1=NC=CC=C1,1.53,Cc1ccc(Nc2ccccn2)cc1
BTMG,CC(C)C(C=C(C(C)C)C=C1C(C)C)=C1C2=C(P(C3CCCCC3)C4CCCCC4)C=CC=C2,CCOC(C1=CON=C1)=O,CC(C)(C)/N=C(N(C)C)/N(C)C,ClC1=CN=CC=C1,0.0,Cc1ccc(Nc2cccnc2)cc1
BTMG,CC(C)C(C=C(C(C)C)C=C1C(C)C)=C1C2=C(P(C3CCCCC3)C4CCCCC4)C=CC=C2,CCOC(C1=CON=C1)=O,CC(C)(C)/N=C(N(C)C)/N(C)C,BrC1=CN=CC=C1,0.0,Cc1ccc(Nc2cccnc2)cc1
BTMG,CC(C)C(C=C(C(C)C)C=C1C(C)C)=C1C2=C(P(C3CCCCC3)C4CCCCC4)C=CC=C2,CCOC(C1=CON=C1)=O,CC(C)(C)/N=C(N(C)C)/N(C)C,IC1=CN=CC=C1,0.03,Cc1ccc(Nc2cccnc2)cc1
MTBD,CC(C)C(C=C(C(C)C)C=C1C(C)C)=C1C2=C(P(C3CCCCC3)C4CCCCC4)C=CC=C2,CCOC(C1=CON=C1)=O,CN1CCCN2C1=NCCC2,ClC1=CC=C(C(F)(F)F)C=C1,16.82,Cc1ccc(Nc2ccc(C(F)(F)F)cc2)cc1
MTBD,CC(C)C(C=C(C(C)C)C=C1C(C)C)=C1C2=C(P(C3CCCCC3)C4CCCCC4)C=CC=C2,CCOC(C1=CON=C1)=O,CN1CCCN2C1=NCCC2,BrC1=CC=C(C(F)(F)F)C=C1,21.42,Cc1ccc(Nc2ccc(C(F)(F)F)cc2)cc1
MTBD,CC(C)C(C=C(C(C)C)C=C1C(C)C)=C1C2=C(P(C3CCCCC3)C4CCCCC4)C=CC=C2,CCOC(C1=CON=C1)=O,CN1CCCN2C1=NCCC2,IC1=CC=C(C(F)(F)F)C=C1,19.15,Cc1ccc(Nc2ccc(C(F)(F)F)cc2)cc1
MTBD,CC(C)C(C=C(C(C)C)C=C1C(C)C)=C1C2=C(P(C3CCCCC3)C4CCCCC4)C=CC=C2,CCOC(C1=CON=C1)=O,CN1CCCN2C1=NCCC2,ClC1=CC=C(OC)C=C1,0.42,COc1ccc(Nc2ccc(C)cc2)cc1
MTBD,CC(C)C(C=C(C(C)C)C=C1C(C)C)=C1C2=C(P(C3CCCCC3)C4CCCCC4)C=CC=C2,CCOC(C1=CON=C1)=O,CN1CCCN2C1=NCCC2,BrC1=CC=C(OC)C=C1,4.73,COc1ccc(Nc2ccc(C)cc2)cc1
MTBD,CC(C)C(C=C(C(C)C)C=C1C(C)C)=C1C2=C(P(C3CCCCC3)C4CCCCC4)C=CC=C2,CCOC(C1=CON=C1)=O,CN1CCCN2C1=NCCC2,IC1=CC=C(OC)C=C1,9.36,COc1ccc(Nc2ccc(C)cc2)cc1
MTBD,CC(C)C(C=C(C(C)C)C=C1C(C)C)=C1C2=C(P(C3CCCCC3)C4CCCCC4)C=CC=C2,CCOC(C1=CON=C1)=O,CN1CCCN2C1=NCCC2,ClC1=CC=C(CC)C=C1,3.53,CCc1ccc(Nc2ccc(C)cc2)cc1
MTBD,CC(C)C(C=C(C(C)C)C=C1C(C)C)=C1C2=C(P(C3CCCCC3)C4CCCCC4)C=CC=C2,CCOC(C1=CON=C1)=O,CN1CCCN2C1=NCCC2,BrC1=CC=C(CC)C=C1,17.86,CCc1ccc(Nc2ccc(C)cc2)cc1
MTBD,CC(C)C(C=C(C(C)C)C=C1C(C)C)=C1C2=C(P(C3CCCCC3)C4CCCCC4)C=CC=C2,CCOC(C1=CON=C1)=O,CN1CCCN2C1=NCCC2,IC1=CC=C(CC)C=C1,21.49,CCc1ccc(Nc2ccc(C)cc2)cc1
MTBD,CC(C)C(C=C(C(C)C)C=C1C(C)C)=C1C2=C(P(C3CCCCC3)C4CCCCC4)C=CC=C2,CCOC(C1=CON=C1)=O,CN1CCCN2C1=NCCC2,ClC1=NC=CC=C1,7.16,Cc1ccc(Nc2ccccn2)cc1
MTBD,CC(C)C(C=C(C(C)C)C=C1C(C)C)=C1C2=C(P(C3CCCCC3)C4CCCCC4)C=CC=C2,CCOC(C1=CON=C1)=O,CN1CCCN2C1=NCCC2,BrC1=NC=CC=C1,11.85,Cc1ccc(Nc2ccccn2)cc1
MTBD,CC(C)C(C=C(C(C)C)C=C1C(C)C)=C1C2=C(P(C3CCCCC3)C4CCCCC4)C=CC=C2,CCOC(C1=CON=C1)=O,CN1CCCN2C1=NCCC2,IC1=NC=CC=C1,13.5,Cc1ccc(Nc2ccccn2)cc1
MTBD,CC(C)C(C=C(C(C)C)C=C1C(C)C)=C1C2=C(P(C3CCCCC3)C4CCCCC4)C=CC=C2,CCOC(C1=CON=C1)=O,CN1CCCN2C1=NCCC2,ClC1=CN=CC=C1,4.33,Cc1ccc(Nc2cccnc2)cc1
MTBD,CC(C)C(C=C(C(C)C)C=C1C(C)C)=C1C2=C(P(C3CCCCC3)C4CCCCC4)C=CC=C2,CCOC(C1=CON=C1)=O,CN1CCCN2C1=NCCC2,BrC1=CN=CC=C1,12.52,Cc1ccc(Nc2cccnc2)cc1
MTBD,CC(C)C(C=C(C(C)C)C=C1C(C)C)=C1C2=C(P(C3CCCCC3)C4CCCCC4)C=CC=C2,CCOC(C1=CON=C1)=O,CN1CCCN2C1=NCCC2,IC1=CN=CC=C1,18.55,Cc1ccc(Nc2cccnc2)cc1
P2Et,CC(C)C(C=C(C(C)C)C=C1C(C)C)=C1C2=C(P(C3CCCCC3)C4CCCCC4)C=CC=C2,C12=C(C=CC=C2)ON=C1,CN(C)P(N(C)C)(N(C)C)=NP(N(C)C)(N(C)C)=NCC,ClC1=CC=C(C(F)(F)F)C=C1,16.77,Cc1ccc(Nc2ccc(C(F)(F)F)cc2)cc1
P2Et,CC(C)C(C=C(C(C)C)C=C1C(C)C)=C1C2=C(P(C3CCCCC3)C4CCCCC4)C=CC=C2,C12=C(C=CC=C2)ON=C1,CN(C)P(N(C)C)(N(C)C)=NP(N(C)C)(N(C)C)=NCC,BrC1=CC=C(C(F)(F)F)C=C1,27.47,Cc1ccc(Nc2ccc(C(F)(F)F)cc2)cc1
P2Et,CC(C)C(C=C(C(C)C)C=C1C(C)C)=C1C2=C(P(C3CCCCC3)C4CCCCC4)C=CC=C2,C12=C(C=CC=C2)ON=C1,CN(C)P(N(C)C)(N(C)C)=NP(N(C)C)(N(C)C)=NCC,IC1=CC=C(C(F)(F)F)C=C1,35.9,Cc1ccc(Nc2ccc(C(F)(F)F)cc2)cc1
P2Et,CC(C)C(C=C(C(C)C)C=C1C(C)C)=C1C2=C(P(C3CCCCC3)C4CCCCC4)C=CC=C2,C12=C(C=CC=C2)ON=C1,CN(C)P(N(C)C)(N(C)C)=NP(N(C)C)(N(C)C)=NCC,ClC1=CC=C(OC)C=C1,0.85,COc1ccc(Nc2ccc(C)cc2)cc1
P2Et,CC(C)C(C=C(C(C)C)C=C1C(C)C)=C1C2=C(P(C3CCCCC3)C4CCCCC4)C=CC=C2,C12=C(C=CC=C2)ON=C1,CN(C)P(N(C)C)(N(C)C)=NP(N(C)C)(N(C)C)=NCC,BrC1=CC=C(OC)C=C1,9.61,COc1ccc(Nc2ccc(C)cc2)cc1
P2Et,CC(C)C(C=C(C(C)C)C=C1C(C)C)=C1C2=C(P(C3CCCCC3)C4CCCCC4)C=CC=C2,C12=C(C=CC=C2)ON=C1,CN(C)P(N(C)C)(N(C)C)=NP(N(C)C)(N(C)C)=NCC,IC1=CC=C(OC)C=C1,11.83,COc1ccc(Nc2ccc(C)cc2)cc1
P2Et,CC(C)C(C=C(C(C)C)C=C1C(C)C)=C1C2=C(P(C3CCCCC3)C4CCCCC4)C=CC=C2,C12=C(C=CC=C2)ON=C1,CN(C)P(N(C)C)(N(C)C)=NP(N(C)C)(N(C)C)=NCC,ClC1=CC=C(CC)C=C1,8.82,CCc1ccc(Nc2ccc(C)cc2)cc1
P2Et,CC(C)C(C=C(C(C)C)C=C1C(C)C)=C1C2=C(P(C3CCCCC3)C4CCCCC4)C=CC=C2,C12=C(C=CC=C2)ON=C1,CN(C)P(N(C)C)(N(C)C)=NP(N(C)C)(N(C)C)=NCC,BrC1=CC=C(CC)C=C1,25.88,CCc1ccc(Nc2ccc(C)cc2)cc1
P2Et,CC(C)C(C=C(C(C)C)C=C1C(C)C)=C1C2=C(P(C3CCCCC3)C4CCCCC4)C=CC=C2,C12=C(C=CC=C2)ON=C1,CN(C)P(N(C)C)(N(C)C)=NP(N(C)C)(N(C)C)=NCC,IC1=CC=C(CC)C=C1,34.3,CCc1ccc(Nc2ccc(C)cc2)cc1
P2Et,CC(C)C(C=C(C(C)C)C=C1C(C)C)=C1C2=C(P(C3CCCCC3)C4CCCCC4)C=CC=C2,C12=C(C=CC=C2)ON=C1,CN(C)P(N(C)C)(N(C)C)=NP(N(C)C)(N(C)C)=NCC,ClC1=NC=CC=C1,17.2,Cc1ccc(Nc2ccccn2)cc1
P2Et,CC(C)C(C=C(C(C)C)C=C1C(C)C)=C1C2=C(P(C3CCCCC3)C4CCCCC4)C=CC=C2,C12=C(C=CC=C2)ON=C1,CN(C)P(N(C)C)(N(C)C)=NP(N(C)C)(N(C)C)=NCC,BrC1=NC=CC=C1,24.04,Cc1ccc(Nc2ccccn2)cc1
P2Et,CC(C)C(C=C(C(C)C)C=C1C(C)C)=C1C2=C(P(C3CCCCC3)C4CCCCC4)C=CC=C2,C12=C(C=CC=C2)ON=C1,CN(C)P(N(C)C)(N(C)C)=NP(N(C)C)(N(C)C)=NCC,IC1=NC=CC=C1,23.95,Cc1ccc(Nc2ccccn2)cc1
P2Et,CC(C)C(C=C(C(C)C)C=C1C(C)C)=C1C2=C(P(C3CCCCC3)C4CCCCC4)C=CC=C2,C12=C(C=CC=C2)ON=C1,CN(C)P(N(C)C)(N(C)C)=NP(N(C)C)(N(C)C)=NCC,ClC1=CN=CC=C1,15.22,Cc1ccc(Nc2cccnc2)cc1
P2Et,CC(C)C(C=C(C(C)C)C=C1C(C)C)=C1C2=C(P(C3CCCCC3)C4CCCCC4)C=CC=C2,C12=C(C=CC=C2)ON=C1,CN(C)P(N(C)C)(N(C)C)=NP(N(C)C)(N(C)C)=NCC,BrC1=CN=CC=C1,20.46,Cc1ccc(Nc2cccnc2)cc1
P2Et,CC(C)C(C=C(C(C)C)C=C1C(C)C)=C1C2=C(P(C3CCCCC3)C4CCCCC4)C=CC=C2,C12=C(C=CC=C2)ON=C1,CN(C)P(N(C)C)(N(C)C)=NP(N(C)C)(N(C)C)=NCC,IC1=CN=CC=C1,28.55,Cc1ccc(Nc2cccnc2)cc1
BTMG,CC(C)C(C=C(C(C)C)C=C1C(C)C)=C1C2=C(P(C3CCCCC3)C4CCCCC4)C=CC=C2,C12=C(C=CC=C2)ON=C1,CC(C)(C)/N=C(N(C)C)/N(C)C,ClC1=CC=C(C(F)(F)F)C=C1,13.87,Cc1ccc(Nc2ccc(C(F)(F)F)cc2)cc1
BTMG,CC(C)C(C=C(C(C)C)C=C1C(C)C)=C1C2=C(P(C3CCCCC3)C4CCCCC4)C=CC=C2,C12=C(C=CC=C2)ON=C1,CC(C)(C)/N=C(N(C)C)/N(C)C,BrC1=CC=C(C(F)(F)F)C=C1,22.22,Cc1ccc(Nc2ccc(C(F)(F)F)cc2)cc1
BTMG,CC(C)C(C=C(C(C)C)C=C1C(C)C)=C1C2=C(P(C3CCCCC3)C4CCCCC4)C=CC=C2,C12=C(C=CC=C2)ON=C1,CC(C)(C)/N=C(N(C)C)/N(C)C,IC1=CC=C(C(F)(F)F)C=C1,26.64,Cc1ccc(Nc2ccc(C(F)(F)F)cc2)cc1
BTMG,CC(C)C(C=C(C(C)C)C=C1C(C)C)=C1C2=C(P(C3CCCCC3)C4CCCCC4)C=CC=C2,C12=C(C=CC=C2)ON=C1,CC(C)(C)/N=C(N(C)C)/N(C)C,ClC1=CC=C(OC)C=C1,0.0,COc1ccc(Nc2ccc(C)cc2)cc1
BTMG,CC(C)C(C=C(C(C)C)C=C1C(C)C)=C1C2=C(P(C3CCCCC3)C4CCCCC4)C=CC=C2,C12=C(C=CC=C2)ON=C1,CC(C)(C)/N=C(N(C)C)/N(C)C,BrC1=CC=C(OC)C=C1,1.63,COc1ccc(Nc2ccc(C)cc2)cc1
BTMG,CC(C)C(C=C(C(C)C)C=C1C(C)C)=C1C2=C(P(C3CCCCC3)C4CCCCC4)C=CC=C2,C12=C(C=CC=C2)ON=C1,CC(C)(C)/N=C(N(C)C)/N(C)C,IC1=CC=C(OC)C=C1,2.13,COc1ccc(Nc2ccc(C)cc2)cc1
BTMG,CC(C)C(C=C(C(C)C)C=C1C(C)C)=C1C2=C(P(C3CCCCC3)C4CCCCC4)C=CC=C2,C12=C(C=CC=C2)ON=C1,CC(C)(C)/N=C(N(C)C)/N(C)C,ClC1=CC=C(CC)C=C1,2.57,CCc1ccc(Nc2ccc(C)cc2)cc1
BTMG,CC(C)C(C=C(C(C)C)C=C1C(C)C)=C1C2=C(P(C3CCCCC3)C4CCCCC4)C=CC=C2,C12=C(C=CC=C2)ON=C1,CC(C)(C)/N=C(N(C)C)/N(C)C,BrC1=CC=C(CC)C=C1,8.38,CCc1ccc(Nc2ccc(C)cc2)cc1
BTMG,CC(C)C(C=C(C(C)C)C=C1C(C)C)=C1C2=C(P(C3CCCCC3)C4CCCCC4)C=CC=C2,C12=C(C=CC=C2)ON=C1,CC(C)(C)/N=C(N(C)C)/N(C)C,IC1=CC=C(CC)C=C1,11.21,CCc1ccc(Nc2ccc(C)cc2)cc1
BTMG,CC(C)C(C=C(C(C)C)C=C1C(C)C)=C1C2=C(P(C3CCCCC3)C4CCCCC4)C=CC=C2,C12=C(C=CC=C2)ON=C1,CC(C)(C)/N=C(N(C)C)/N(C)C,ClC1=NC=CC=C1,6.82,Cc1ccc(Nc2ccccn2)cc1
BTMG,CC(C)C(C=C(C(C)C)C=C1C(C)C)=C1C2=C(P(C3CCCCC3)C4CCCCC4)C=CC=C2,C12=C(C=CC=C2)ON=C1,CC(C)(C)/N=C(N(C)C)/N(C)C,BrC1=NC=CC=C1,13.15,Cc1ccc(Nc2ccccn2)cc1
BTMG,CC(C)C(C=C(C(C)C)C=C1C(C)C)=C1C2=C(P(C3CCCCC3)C4CCCCC4)C=CC=C2,C12=C(C=CC=C2)ON=C1,CC(C)(C)/N=C(N(C)C)/N(C)C,IC1=NC=CC=C1,12.69,Cc1ccc(Nc2ccccn2)cc1
BTMG,CC(C)C(C=C(C(C)C)C=C1C(C)C)=C1C2=C(P(C3CCCCC3)C4CCCCC4)C=CC=C2,C12=C(C=CC=C2)ON=C1,CC(C)(C)/N=C(N(C)C)/N(C)C,ClC1=CN=CC=C1,3.24,Cc1ccc(Nc2cccnc2)cc1
BTMG,CC(C)C(C=C(C(C)C)C=C1C(C)C)=C1C2=C(P(C3CCCCC3)C4CCCCC4)C=CC=C2,C12=C(C=CC=C2)ON=C1,CC(C)(C)/N=C(N(C)C)/N(C)C,BrC1=CN=CC=C1,5.97,Cc1ccc(Nc2cccnc2)cc1
BTMG,CC(C)C(C=C(C(C)C)C=C1C(C)C)=C1C2=C(P(C3CCCCC3)C4CCCCC4)C=CC=C2,C12=C(C=CC=C2)ON=C1,CC(C)(C)/N=C(N(C)C)/N(C)C,IC1=CN=CC=C1,8.04,Cc1ccc(Nc2cccnc2)cc1
MTBD,CC(C)C(C=C(C(C)C)C=C1C(C)C)=C1C2=C(P(C3CCCCC3)C4CCCCC4)C=CC=C2,C12=C(C=CC=C2)ON=C1,CN1CCCN2C1=NCCC2,ClC1=CC=C(C(F)(F)F)C=C1,18.98,Cc1ccc(Nc2ccc(C(F)(F)F)cc2)cc1
MTBD,CC(C)C(C=C(C(C)C)C=C1C(C)C)=C1C2=C(P(C3CCCCC3)C4CCCCC4)C=CC=C2,C12=C(C=CC=C2)ON=C1,CN1CCCN2C1=NCCC2,BrC1=CC=C(C(F)(F)F)C=C1,28.6,Cc1ccc(Nc2ccc(C(F)(F)F)cc2)cc1
MTBD,CC(C)C(C=C(C(C)C)C=C1C(C)C)=C1C2=C(P(C3CCCCC3)C4CCCCC4)C=CC=C2,C12=C(C=CC=C2)ON=C1,CN1CCCN2C1=NCCC2,IC1=CC=C(C(F)(F)F)C=C1,40.27,Cc1ccc(Nc2ccc(C(F)(F)F)cc2)cc1
MTBD,CC(C)C(C=C(C(C)C)C=C1C(C)C)=C1C2=C(P(C3CCCCC3)C4CCCCC4)C=CC=C2,C12=C(C=CC=C2)ON=C1,CN1CCCN2C1=NCCC2,ClC1=CC=C(OC)C=C1,0.0,COc1ccc(Nc2ccc(C)cc2)cc1
MTBD,CC(C)C(C=C(C(C)C)C=C1C(C)C)=C1C2=C(P(C3CCCCC3)C4CCCCC4)C=CC=C2,C12=C(C=CC=C2)ON=C1,CN1CCCN2C1=NCCC2,BrC1=CC=C(OC)C=C1,1.79,COc1ccc(Nc2ccc(C)cc2)cc1
MTBD,CC(C)C(C=C(C(C)C)C=C1C(C)C)=C1C2=C(P(C3CCCCC3)C4CCCCC4)C=CC=C2,C12=C(C=CC=C2)ON=C1,CN1CCCN2C1=NCCC2,IC1=CC=C(OC)C=C1,2.07,COc1ccc(Nc2ccc(C)cc2)cc1
MTBD,CC(C)C(C=C(C(C)C)C=C1C(C)C)=C1C2=C(P(C3CCCCC3)C4CCCCC4)C=CC=C2,C12=C(C=CC=C2)ON=C1,CN1CCCN2C1=NCCC2,ClC1=CC=C(CC)C=C1,5.16,CCc1ccc(Nc2ccc(C)cc2)cc1
MTBD,CC(C)C(C=C(C(C)C)C=C1C(C)C)=C1C2=C(P(C3CCCCC3)C4CCCCC4)C=CC=C2,C12=C(C=CC=C2)ON=C1,CN1CCCN2C1=NCCC2,BrC1=CC=C(CC)C=C1,11.89,CCc1ccc(Nc2ccc(C)cc2)cc1
MTBD,CC(C)C(C=C(C(C)C)C=C1C(C)C)=C1C2=C(P(C3CCCCC3)C4CCCCC4)C=CC=C2,C12=C(C=CC=C2)ON=C1,CN1CCCN2C1=NCCC2,IC1=CC=C(CC)C=C1,29.84,CCc1ccc(Nc2ccc(C)cc2)cc1
MTBD,CC(C)C(C=C(C(C)C)C=C1C(C)C)=C1C2=C(P(C3CCCCC3)C4CCCCC4)C=CC=C2,C12=C(C=CC=C2)ON=C1,CN1CCCN2C1=NCCC2,ClC1=NC=CC=C1,16.58,Cc1ccc(Nc2ccccn2)cc1
MTBD,CC(C)C(C=C(C(C)C)C=C1C(C)C)=C1C2=C(P(C3CCCCC3)C4CCCCC4)C=CC=C2,C12=C(C=CC=C2)ON=C1,CN1CCCN2C1=NCCC2,BrC1=NC=CC=C1,26.94,Cc1ccc(Nc2ccccn2)cc1
MTBD,CC(C)C(C=C(C(C)C)C=C1C(C)C)=C1C2=C(P(C3CCCCC3)C4CCCCC4)C=CC=C2,C12=C(C=CC=C2)ON=C1,CN1CCCN2C1=NCCC2,IC1=NC=CC=C1,27.31,Cc1ccc(Nc2ccccn2)cc1
MTBD,CC(C)C(C=C(C(C)C)C=C1C(C)C)=C1C2=C(P(C3CCCCC3)C4CCCCC4)C=CC=C2,C12=C(C=CC=C2)ON=C1,CN1CCCN2C1=NCCC2,ClC1=CN=CC=C1,5.54,Cc1ccc(Nc2cccnc2)cc1
MTBD,CC(C)C(C=C(C(C)C)C=C1C(C)C)=C1C2=C(P(C3CCCCC3)C4CCCCC4)C=CC=C2,C12=C(C=CC=C2)ON=C1,CN1CCCN2C1=NCCC2,BrC1=CN=CC=C1,10.25,Cc1ccc(Nc2cccnc2)cc1
MTBD,CC(C)C(C=C(C(C)C)C=C1C(C)C)=C1C2=C(P(C3CCCCC3)C4CCCCC4)C=CC=C2,C12=C(C=CC=C2)ON=C1,CN1CCCN2C1=NCCC2,IC1=CN=CC=C1,14.87,Cc1ccc(Nc2cccnc2)cc1
P2Et,CC(C)C(C=C(C(C)C)C=C1C(C)C)=C1C2=C(P(C(C)(C)C)C(C)(C)C)C=CC=C2,CCOC(C1=NOC=C1)=O,CN(C)P(N(C)C)(N(C)C)=NP(N(C)C)(N(C)C)=NCC,ClC1=CC=C(C(F)(F)F)C=C1,0.0,Cc1ccc(Nc2ccc(C(F)(F)F)cc2)cc1
P2Et,CC(C)C(C=C(C(C)C)C=C1C(C)C)=C1C2=C(P(C(C)(C)C)C(C)(C)C)C=CC=C2,CCOC(C1=NOC=C1)=O,CN(C)P(N(C)C)(N(C)C)=NP(N(C)C)(N(C)C)=NCC,BrC1=CC=C(C(F)(F)F)C=C1,0.0,Cc1ccc(Nc2ccc(C(F)(F)F)cc2)cc1
P2Et,CC(C)C(C=C(C(C)C)C=C1C(C)C)=C1C2=C(P(C(C)(C)C)C(C)(C)C)C=CC=C2,CCOC(C1=NOC=C1)=O,CN(C)P(N(C)C)(N(C)C)=NP(N(C)C)(N(C)C)=NCC,IC1=CC=C(C(F)(F)F)C=C1,0.0,Cc1ccc(Nc2ccc(C(F)(F)F)cc2)cc1
P2Et,CC(C)C(C=C(C(C)C)C=C1C(C)C)=C1C2=C(P(C(C)(C)C)C(C)(C)C)C=CC=C2,CCOC(C1=NOC=C1)=O,CN(C)P(N(C)C)(N(C)C)=NP(N(C)C)(N(C)C)=NCC,ClC1=CC=C(OC)C=C1,0.0,COc1ccc(Nc2ccc(C)cc2)cc1
P2Et,CC(C)C(C=C(C(C)C)C=C1C(C)C)=C1C2=C(P(C(C)(C)C)C(C)(C)C)C=CC=C2,CCOC(C1=NOC=C1)=O,CN(C)P(N(C)C)(N(C)C)=NP(N(C)C)(N(C)C)=NCC,BrC1=CC=C(OC)C=C1,0.8,COc1ccc(Nc2ccc(C)cc2)cc1
P2Et,CC(C)C(C=C(C(C)C)C=C1C(C)C)=C1C2=C(P(C(C)(C)C)C(C)(C)C)C=CC=C2,CCOC(C1=NOC=C1)=O,CN(C)P(N(C)C)(N(C)C)=NP(N(C)C)(N(C)C)=NCC,IC1=CC=C(OC)C=C1,2.97,COc1ccc(Nc2ccc(C)cc2)cc1
P2Et,CC(C)C(C=C(C(C)C)C=C1C(C)C)=C1C2=C(P(C(C)(C)C)C(C)(C)C)C=CC=C2,CCOC(C1=NOC=C1)=O,CN(C)P(N(C)C)(N(C)C)=NP(N(C)C)(N(C)C)=NCC,ClC1=CC=C(CC)C=C1,0.0,CCc1ccc(Nc2ccc(C)cc2)cc1
P2Et,CC(C)C(C=C(C(C)C)C=C1C(C)C)=C1C2=C(P(C(C)(C)C)C(C)(C)C)C=CC=C2,CCOC(C1=NOC=C1)=O,CN(C)P(N(C)C)(N(C)C)=NP(N(C)C)(N(C)C)=NCC,BrC1=CC=C(CC)C=C1,1.6,CCc1ccc(Nc2ccc(C)cc2)cc1
P2Et,CC(C)C(C=C(C(C)C)C=C1C(C)C)=C1C2=C(P(C(C)(C)C)C(C)(C)C)C=CC=C2,CCOC(C1=NOC=C1)=O,CN(C)P(N(C)C)(N(C)C)=NP(N(C)C)(N(C)C)=NCC,IC1=CC=C(CC)C=C1,2.6,CCc1ccc(Nc2ccc(C)cc2)cc1
P2Et,CC(C)C(C=C(C(C)C)C=C1C(C)C)=C1C2=C(P(C(C)(C)C)C(C)(C)C)C=CC=C2,CCOC(C1=NOC=C1)=O,CN(C)P(N(C)C)(N(C)C)=NP(N(C)C)(N(C)C)=NCC,ClC1=NC=CC=C1,3.51,Cc1ccc(Nc2ccccn2)cc1
P2Et,CC(C)C(C=C(C(C)C)C=C1C(C)C)=C1C2=C(P(C(C)(C)C)C(C)(C)C)C=CC=C2,CCOC(C1=NOC=C1)=O,CN(C)P(N(C)C)(N(C)C)=NP(N(C)C)(N(C)C)=NCC,BrC1=NC=CC=C1,8.01,Cc1ccc(Nc2ccccn2)cc1
P2Et,CC(C)C(C=C(C(C)C)C=C1C(C)C)=C1C2=C(P(C(C)(C)C)C(C)(C)C)C=CC=C2,CCOC(C1=NOC=C1)=O,CN(C)P(N(C)C)(N(C)C)=NP(N(C)C)(N(C)C)=NCC,IC1=NC=CC=C1,9.01,Cc1ccc(Nc2ccccn2)cc1
P2Et,CC(C)C(C=C(C(C)C)C=C1C(C)C)=C1C2=C(P(C(C)(C)C)C(C)(C)C)C=CC=C2,CCOC(C1=NOC=C1)=O,CN(C)P(N(C)C)(N(C)C)=NP(N(C)C)(N(C)C)=NCC,ClC1=CN=CC=C1,0.0,Cc1ccc(Nc2cccnc2)cc1
P2Et,CC(C)C(C=C(C(C)C)C=C1C(C)C)=C1C2=C(P(C(C)(C)C)C(C)(C)C)C=CC=C2,CCOC(C1=NOC=C1)=O,CN(C)P(N(C)C)(N(C)C)=NP(N(C)C)(N(C)C)=NCC,BrC1=CN=CC=C1,0.0,Cc1ccc(Nc2cccnc2)cc1
P2Et,CC(C)C(C=C(C(C)C)C=C1C(C)C)=C1C2=C(P(C(C)(C)C)C(C)(C)C)C=CC=C2,CCOC(C1=NOC=C1)=O,CN(C)P(N(C)C)(N(C)C)=NP(N(C)C)(N(C)C)=NCC,IC1=CN=CC=C1,1.17,Cc1ccc(Nc2cccnc2)cc1
BTMG,CC(C)C(C=C(C(C)C)C=C1C(C)C)=C1C2=C(P(C(C)(C)C)C(C)(C)C)C=CC=C2,CCOC(C1=NOC=C1)=O,CC(C)(C)/N=C(N(C)C)/N(C)C,ClC1=CC=C(C(F)(F)F)C=C1,24.21,Cc1ccc(Nc2ccc(C(F)(F)F)cc2)cc1
BTMG,CC(C)C(C=C(C(C)C)C=C1C(C)C)=C1C2=C(P(C(C)(C)C)C(C)(C)C)C=CC=C2,CCOC(C1=NOC=C1)=O,CC(C)(C)/N=C(N(C)C)/N(C)C,BrC1=CC=C(C(F)(F)F)C=C1,35.92,Cc1ccc(Nc2ccc(C(F)(F)F)cc2)cc1
BTMG,CC(C)C(C=C(C(C)C)C=C1C(C)C)=C1C2=C(P(C(C)(C)C)C(C)(C)C)C=CC=C2,CCOC(C1=NOC=C1)=O,CC(C)(C)/N=C(N(C)C)/N(C)C,IC1=CC=C(C(F)(F)F)C=C1,35.33,Cc1ccc(Nc2ccc(C(F)(F)F)cc2)cc1
BTMG,CC(C)C(C=C(C(C)C)C=C1C(C)C)=C1C2=C(P(C(C)(C)C)C(C)(C)C)C=CC=C2,CCOC(C1=NOC=C1)=O,CC(C)(C)/N=C(N(C)C)/N(C)C,ClC1=CC=C(OC)C=C1,0.55,COc1ccc(Nc2ccc(C)cc2)cc1
BTMG,CC(C)C(C=C(C(C)C)C=C1C(C)C)=C1C2=C(P(C(C)(C)C)C(C)(C)C)C=CC=C2,CCOC(C1=NOC=C1)=O,CC(C)(C)/N=C(N(C)C)/N(C)C,BrC1=CC=C(OC)C=C1,36.53,COc1ccc(Nc2ccc(C)cc2)cc1
BTMG,CC(C)C(C=C(C(C)C)C=C1C(C)C)=C1C2=C(P(C(C)(C)C)C(C)(C)C)C=CC=C2,CCOC(C1=NOC=C1)=O,CC(C)(C)/N=C(N(C)C)/N(C)C,IC1=CC=C(OC)C=C1,40.65,COc1ccc(Nc2ccc(C)cc2)cc1
BTMG,CC(C)C(C=C(C(C)C)C=C1C(C)C)=C1C2=C(P(C(C)(C)C)C(C)(C)C)C=CC=C2,CCOC(C1=NOC=C1)=O,CC(C)(C)/N=C(N(C)C)/N(C)C,ClC1=CC=C(CC)C=C1,2.41,CCc1ccc(Nc2ccc(C)cc2)cc1
BTMG,CC(C)C(C=C(C(C)C)C=C1C(C)C)=C1C2=C(P(C(C)(C)C)C(C)(C)C)C=CC=C2,CCOC(C1=NOC=C1)=O,CC(C)(C)/N=C(N(C)C)/N(C)C,BrC1=CC=C(CC)C=C1,56.84,CCc1ccc(Nc2ccc(C)cc2)cc1
BTMG,CC(C)C(C=C(C(C)C)C=C1C(C)C)=C1C2=C(P(C(C)(C)C)C(C)(C)C)C=CC=C2,CCOC(C1=NOC=C1)=O,CC(C)(C)/N=C(N(C)C)/N(C)C,IC1=CC=C(CC)C=C1,58.99,CCc1ccc(Nc2ccc(C)cc2)cc1
BTMG,CC(C)C(C=C(C(C)C)C=C1C(C)C)=C1C2=C(P(C(C)(C)C)C(C)(C)C)C=CC=C2,CCOC(C1=NOC=C1)=O,CC(C)(C)/N=C(N(C)C)/N(C)C,ClC1=NC=CC=C1,60.26,Cc1ccc(Nc2ccccn2)cc1
BTMG,CC(C)C(C=C(C(C)C)C=C1C(C)C)=C1C2=C(P(C(C)(C)C)C(C)(C)C)C=CC=C2,CCOC(C1=NOC=C1)=O,CC(C)(C)/N=C(N(C)C)/N(C)C,BrC1=NC=CC=C1,60.25,Cc1ccc(Nc2ccccn2)cc1
BTMG,CC(C)C(C=C(C(C)C)C=C1C(C)C)=C1C2=C(P(C(C)(C)C)C(C)(C)C)C=CC=C2,CCOC(C1=NOC=C1)=O,CC(C)(C)/N=C(N(C)C)/N(C)C,IC1=NC=CC=C1,63.43,Cc1ccc(Nc2ccccn2)cc1
BTMG,CC(C)C(C=C(C(C)C)C=C1C(C)C)=C1C2=C(P(C(C)(C)C)C(C)(C)C)C=CC=C2,CCOC(C1=NOC=C1)=O,CC(C)(C)/N=C(N(C)C)/N(C)C,ClC1=CN=CC=C1,25.83,Cc1ccc(Nc2cccnc2)cc1
BTMG,CC(C)C(C=C(C(C)C)C=C1C(C)C)=C1C2=C(P(C(C)(C)C)C(C)(C)C)C=CC=C2,CCOC(C1=NOC=C1)=O,CC(C)(C)/N=C(N(C)C)/N(C)C,BrC1=CN=CC=C1,60.28,Cc1ccc(Nc2cccnc2)cc1
BTMG,CC(C)C(C=C(C(C)C)C=C1C(C)C)=C1C2=C(P(C(C)(C)C)C(C)(C)C)C=CC=C2,CCOC(C1=NOC=C1)=O,CC(C)(C)/N=C(N(C)C)/N(C)C,IC1=CN=CC=C1,61.93,Cc1ccc(Nc2cccnc2)cc1
MTBD,CC(C)C(C=C(C(C)C)C=C1C(C)C)=C1C2=C(P(C(C)(C)C)C(C)(C)C)C=CC=C2,CCOC(C1=NOC=C1)=O,CN1CCCN2C1=NCCC2,ClC1=CC=C(C(F)(F)F)C=C1,28.13,Cc1ccc(Nc2ccc(C(F)(F)F)cc2)cc1
MTBD,CC(C)C(C=C(C(C)C)C=C1C(C)C)=C1C2=C(P(C(C)(C)C)C(C)(C)C)C=CC=C2,CCOC(C1=NOC=C1)=O,CN1CCCN2C1=NCCC2,BrC1=CC=C(C(F)(F)F)C=C1,40.1,Cc1ccc(Nc2ccc(C(F)(F)F)cc2)cc1
MTBD,CC(C)C(C=C(C(C)C)C=C1C(C)C)=C1C2=C(P(C(C)(C)C)C(C)(C)C)C=CC=C2,CCOC(C1=NOC=C1)=O,CN1CCCN2C1=NCCC2,IC1=CC=C(C(F)(F)F)C=C1,48.7,Cc1ccc(Nc2ccc(C(F)(F)F)cc2)cc1
MTBD,CC(C)C(C=C(C(C)C)C=C1C(C)C)=C1C2=C(P(C(C)(C)C)C(C)(C)C)C=CC=C2,CCOC(C1=NOC=C1)=O,CN1CCCN2C1=NCCC2,ClC1=CC=C(OC)C=C1,0.72,COc1ccc(Nc2ccc(C)cc2)cc1
MTBD,CC(C)C(C=C(C(C)C)C=C1C(C)C)=C1C2=C(P(C(C)(C)C)C(C)(C)C)C=CC=C2,CCOC(C1=NOC=C1)=O,CN1CCCN2C1=NCCC2,BrC1=CC=C(OC)C=C1,51.39,COc1ccc(Nc2ccc(C)cc2)cc1
MTBD,CC(C)C(C=C(C(C)C)C=C1C(C)C)=C1C2=C(P(C(C)(C)C)C(C)(C)C)C=CC=C2,CCOC(C1=NOC=C1)=O,CN1CCCN2C1=NCCC2,IC1=CC=C(OC)C=C1,56.62,COc1ccc(Nc2ccc(C)cc2)cc1
MTBD,CC(C)C(C=C(C(C)C)C=C1C(C)C)=C1C2=C(P(C(C)(C)C)C(C)(C)C)C=CC=C2,CCOC(C1=NOC=C1)=O,CN1CCCN2C1=NCCC2,ClC1=CC=C(CC)C=C1,2.85,CCc1ccc(Nc2ccc(C)cc2)cc1
MTBD,CC(C)C(C=C(C(C)C)C=C1C(C)C)=C1C2=C(P(C(C)(C)C)C(C)(C)C)C=CC=C2,CCOC(C1=NOC=C1)=O,CN1CCCN2C1=NCCC2,BrC1=CC=C(CC)C=C1,73.32,CCc1ccc(Nc2ccc(C)cc2)cc1
MTBD,CC(C)C(C=C(C(C)C)C=C1C(C)C)=C1C2=C(P(C(C)(C)C)C(C)(C)C)C=CC=C2,CCOC(C1=NOC=C1)=O,CN1CCCN2C1=NCCC2,IC1=CC=C(CC)C=C1,74.44,CCc1ccc(Nc2ccc(C)cc2)cc1
MTBD,CC(C)C(C=C(C(C)C)C=C1C(C)C)=C1C2=C(P(C(C)(C)C)C(C)(C)C)C=CC=C2,CCOC(C1=NOC=C1)=O,CN1CCCN2C1=NCCC2,ClC1=NC=CC=C1,81.54,Cc1ccc(Nc2ccccn2)cc1
MTBD,CC(C)C(C=C(C(C)C)C=C1C(C)C)=C1C2=C(P(C(C)(C)C)C(C)(C)C)C=CC=C2,CCOC(C1=NOC=C1)=O,CN1CCCN2C1=NCCC2,BrC1=NC=CC=C1,85.4,Cc1ccc(Nc2ccccn2)cc1
MTBD,CC(C)C(C=C(C(C)C)C=C1C(C)C)=C1C2=C(P(C(C)(C)C)C(C)(C)C)C=CC=C2,CCOC(C1=NOC=C1)=O,CN1CCCN2C1=NCCC2,IC1=NC=CC=C1,88.51,Cc1ccc(Nc2ccccn2)cc1
MTBD,CC(C)C(C=C(C(C)C)C=C1C(C)C)=C1C2=C(P(C(C)(C)C)C(C)(C)C)C=CC=C2,CCOC(C1=NOC=C1)=O,CN1CCCN2C1=NCCC2,ClC1=CN=CC=C1,31.87,Cc1ccc(Nc2cccnc2)cc1
MTBD,CC(C)C(C=C(C(C)C)C=C1C(C)C)=C1C2=C(P(C(C)(C)C)C(C)(C)C)C=CC=C2,CCOC(C1=NOC=C1)=O,CN1CCCN2C1=NCCC2,BrC1=CN=CC=C1,85.81,Cc1ccc(Nc2cccnc2)cc1
MTBD,CC(C)C(C=C(C(C)C)C=C1C(C)C)=C1C2=C(P(C(C)(C)C)C(C)(C)C)C=CC=C2,CCOC(C1=NOC=C1)=O,CN1CCCN2C1=NCCC2,IC1=CN=CC=C1,83.31,Cc1ccc(Nc2cccnc2)cc1
P2Et,CC(C)C(C=C(C(C)C)C=C1C(C)C)=C1C2=C(P(C(C)(C)C)C(C)(C)C)C=CC=C2,CC1=C(C(OCC)=O)C=NO1,CN(C)P(N(C)C)(N(C)C)=NP(N(C)C)(N(C)C)=NCC,ClC1=CC=C(C(F)(F)F)C=C1,13.03,Cc1ccc(Nc2ccc(C(F)(F)F)cc2)cc1
P2Et,CC(C)C(C=C(C(C)C)C=C1C(C)C)=C1C2=C(P(C(C)(C)C)C(C)(C)C)C=CC=C2,CC1=C(C(OCC)=O)C=NO1,CN(C)P(N(C)C)(N(C)C)=NP(N(C)C)(N(C)C)=NCC,BrC1=CC=C(C(F)(F)F)C=C1,16.1,Cc1ccc(Nc2ccc(C(F)(F)F)cc2)cc1
P2Et,CC(C)C(C=C(C(C)C)C=C1C(C)C)=C1C2=C(P(C(C)(C)C)C(C)(C)C)C=CC=C2,CC1=C(C(OCC)=O)C=NO1,CN(C)P(N(C)C)(N(C)C)=NP(N(C)C)(N(C)C)=NCC,IC1=CC=C(C(F)(F)F)C=C1,15.87,Cc1ccc(Nc2ccc(C(F)(F)F)cc2)cc1
P2Et,CC(C)C(C=C(C(C)C)C=C1C(C)C)=C1C2=C(P(C(C)(C)C)C(C)(C)C)C=CC=C2,CC1=C(C(OCC)=O)C=NO1,CN(C)P(N(C)C)(N(C)C)=NP(N(C)C)(N(C)C)=NCC,ClC1=CC=C(OC)C=C1,1.88,COc1ccc(Nc2ccc(C)cc2)cc1
P2Et,CC(C)C(C=C(C(C)C)C=C1C(C)C)=C1C2=C(P(C(C)(C)C)C(C)(C)C)C=CC=C2,CC1=C(C(OCC)=O)C=NO1,CN(C)P(N(C)C)(N(C)C)=NP(N(C)C)(N(C)C)=NCC,BrC1=CC=C(OC)C=C1,14.86,COc1ccc(Nc2ccc(C)cc2)cc1
P2Et,CC(C)C(C=C(C(C)C)C=C1C(C)C)=C1C2=C(P(C(C)(C)C)C(C)(C)C)C=CC=C2,CC1=C(C(OCC)=O)C=NO1,CN(C)P(N(C)C)(N(C)C)=NP(N(C)C)(N(C)C)=NCC,IC1=CC=C(OC)C=C1,19.38,COc1ccc(Nc2ccc(C)cc2)cc1
P2Et,CC(C)C(C=C(C(C)C)C=C1C(C)C)=C1C2=C(P(C(C)(C)C)C(C)(C)C)C=CC=C2,CC1=C(C(OCC)=O)C=NO1,CN(C)P(N(C)C)(N(C)C)=NP(N(C)C)(N(C)C)=NCC,ClC1=CC=C(CC)C=C1,4.58,CCc1ccc(Nc2ccc(C)cc2)cc1
P2Et,CC(C)C(C=C(C(C)C)C=C1C(C)C)=C1C2=C(P(C(C)(C)C)C(C)(C)C)C=CC=C2,CC1=C(C(OCC)=O)C=NO1,CN(C)P(N(C)C)(N(C)C)=NP(N(C)C)(N(C)C)=NCC,BrC1=CC=C(CC)C=C1,22.01,CCc1ccc(Nc2ccc(C)cc2)cc1
P2Et,CC(C)C(C=C(C(C)C)C=C1C(C)C)=C1C2=C(P(C(C)(C)C)C(C)(C)C)C=CC=C2,CC1=C(C(OCC)=O)C=NO1,CN(C)P(N(C)C)(N(C)C)=NP(N(C)C)(N(C)C)=NCC,IC1=CC=C(CC)C=C1,22.22,CCc1ccc(Nc2ccc(C)cc2)cc1
P2Et,CC(C)C(C=C(C(C)C)C=C1C(C)C)=C1C2=C(P(C(C)(C)C)C(C)(C)C)C=CC=C2,CC1=C(C(OCC)=O)C=NO1,CN(C)P(N(C)C)(N(C)C)=NP(N(C)C)(N(C)C)=NCC,ClC1=NC=CC=C1,21.68,Cc1ccc(Nc2ccccn2)cc1
P2Et,CC(C)C(C=C(C(C)C)C=C1C(C)C)=C1C2=C(P(C(C)(C)C)C(C)(C)C)C=CC=C2,CC1=C(C(OCC)=O)C=NO1,CN(C)P(N(C)C)(N(C)C)=NP(N(C)C)(N(C)C)=NCC,BrC1=NC=CC=C1,35.06,Cc1ccc(Nc2ccccn2)cc1
P2Et,CC(C)C(C=C(C(C)C)C=C1C(C)C)=C1C2=C(P(C(C)(C)C)C(C)(C)C)C=CC=C2,CC1=C(C(OCC)=O)C=NO1,CN(C)P(N(C)C)(N(C)C)=NP(N(C)C)(N(C)C)=NCC,IC1=NC=CC=C1,30.72,Cc1ccc(Nc2ccccn2)cc1
P2Et,CC(C)C(C=C(C(C)C)C=C1C(C)C)=C1C2=C(P(C(C)(C)C)C(C)(C)C)C=CC=C2,CC1=C(C(OCC)=O)C=NO1,CN(C)P(N(C)C)(N(C)C)=NP(N(C)C)(N(C)C)=NCC,ClC1=CN=CC=C1,10.88,Cc1ccc(Nc2cccnc2)cc1
P2Et,CC(C)C(C=C(C(C)C)C=C1C(C)C)=C1C2=C(P(C(C)(C)C)C(C)(C)C)C=CC=C2,CC1=C(C(OCC)=O)C=NO1,CN(C)P(N(C)C)(N(C)C)=NP(N(C)C)(N(C)C)=NCC,BrC1=CN=CC=C1,21.38,Cc1ccc(Nc2cccnc2)cc1
P2Et,CC(C)C(C=C(C(C)C)C=C1C(C)C)=C1C2=C(P(C(C)(C)C)C(C)(C)C)C=CC=C2,CC1=C(C(OCC)=O)C=NO1,CN(C)P(N(C)C)(N(C)C)=NP(N(C)C)(N(C)C)=NCC,IC1=CN=CC=C1,23.67,Cc1ccc(Nc2cccnc2)cc1
BTMG,CC(C)C(C=C(C(C)C)C=C1C(C)C)=C1C2=C(P(C(C)(C)C)C(C)(C)C)C=CC=C2,CC1=C(C(OCC)=O)C=NO1,CC(C)(C)/N=C(N(C)C)/N(C)C,ClC1=CC=C(C(F)(F)F)C=C1,0.75,Cc1ccc(Nc2ccc(C(F)(F)F)cc2)cc1
BTMG,CC(C)C(C=C(C(C)C)C=C1C(C)C)=C1C2=C(P(C(C)(C)C)C(C)(C)C)C=CC=C2,CC1=C(C(OCC)=O)C=NO1,CC(C)(C)/N=C(N(C)C)/N(C)C,BrC1=CC=C(C(F)(F)F)C=C1,9.79,Cc1ccc(Nc2ccc(C(F)(F)F)cc2)cc1
BTMG,CC(C)C(C=C(C(C)C)C=C1C(C)C)=C1C2=C(P(C(C)(C)C)C(C)(C)C)C=CC=C2,CC1=C(C(OCC)=O)C=NO1,CC(C)(C)/N=C(N(C)C)/N(C)C,IC1=CC=C(C(F)(F)F)C=C1,23.97,Cc1ccc(Nc2ccc(C(F)(F)F)cc2)cc1
BTMG,CC(C)C(C=C(C(C)C)C=C1C(C)C)=C1C2=C(P(C(C)(C)C)C(C)(C)C)C=CC=C2,CC1=C(C(OCC)=O)C=NO1,CC(C)(C)/N=C(N(C)C)/N(C)C,ClC1=CC=C(OC)C=C1,0.0,COc1ccc(Nc2ccc(C)cc2)cc1
BTMG,CC(C)C(C=C(C(C)C)C=C1C(C)C)=C1C2=C(P(C(C)(C)C)C(C)(C)C)C=CC=C2,CC1=C(C(OCC)=O)C=NO1,CC(C)(C)/N=C(N(C)C)/N(C)C,BrC1=CC=C(OC)C=C1,6.68,COc1ccc(Nc2ccc(C)cc2)cc1
BTMG,CC(C)C(C=C(C(C)C)C=C1C(C)C)=C1C2=C(P(C(C)(C)C)C(C)(C)C)C=CC=C2,CC1=C(C(OCC)=O)C=NO1,CC(C)(C)/N=C(N(C)C)/N(C)C,IC1=CC=C(OC)C=C1,25.47,COc1ccc(Nc2ccc(C)cc2)cc1
BTMG,CC(C)C(C=C(C(C)C)C=C1C(C)C)=C1C2=C(P(C(C)(C)C)C(C)(C)C)C=CC=C2,CC1=C(C(OCC)=O)C=NO1,CC(C)(C)/N=C(N(C)C)/N(C)C,ClC1=CC=C(CC)C=C1,0.0,CCc1ccc(Nc2ccc(C)cc2)cc1
BTMG,CC(C)C(C=C(C(C)C)C=C1C(C)C)=C1C2=C(P(C(C)(C)C)C(C)(C)C)C=CC=C2,CC1=C(C(OCC)=O)C=NO1,CC(C)(C)/N=C(N(C)C)/N(C)C,BrC1=CC=C(CC)C=C1,14.44,CCc1ccc(Nc2ccc(C)cc2)cc1
BTMG,CC(C)C(C=C(C(C)C)C=C1C(C)C)=C1C2=C(P(C(C)(C)C)C(C)(C)C)C=CC=C2,CC1=C(C(OCC)=O)C=NO1,CC(C)(C)/N=C(N(C)C)/N(C)C,IC1=CC=C(CC)C=C1,41.97,CCc1ccc(Nc2ccc(C)cc2)cc1
BTMG,CC(C)C(C=C(C(C)C)C=C1C(C)C)=C1C2=C(P(C(C)(C)C)C(C)(C)C)C=CC=C2,CC1=C(C(OCC)=O)C=NO1,CC(C)(C)/N=C(N(C)C)/N(C)C,ClC1=NC=CC=C1,12.36,Cc1ccc(Nc2ccccn2)cc1
BTMG,CC(C)C(C=C(C(C)C)C=C1C(C)C)=C1C2=C(P(C(C)(C)C)C(C)(C)C)C=CC=C2,CC1=C(C(OCC)=O)C=NO1,CC(C)(C)/N=C(N(C)C)/N(C)C,BrC1=NC=CC=C1,33.74,Cc1ccc(Nc2ccccn2)cc1
BTMG,CC(C)C(C=C(C(C)C)C=C1C(C)C)=C1C2=C(P(C(C)(C)C)C(C)(C)C)C=CC=C2,CC1=C(C(OCC)=O)C=NO1,CC(C)(C)/N=C(N(C)C)/N(C)C,IC1=NC=CC=C1,44.54,Cc1ccc(Nc2ccccn2)cc1
BTMG,CC(C)C(C=C(C(C)C)C=C1C(C)C)=C1C2=C(P(C(C)(C)C)C(C)(C)C)C=CC=C2,CC1=C(C(OCC)=O)C=NO1,CC(C)(C)/N=C(N(C)C)/N(C)C,ClC1=CN=CC=C1,0.0,Cc1ccc(Nc2cccnc2)cc1
BTMG,CC(C)C(C=C(C(C)C)C=C1C(C)C)=C1C2=C(P(C(C)(C)C)C(C)(C)C)C=CC=C2,CC1=C(C(OCC)=O)C=NO1,CC(C)(C)/N=C(N(C)C)/N(C)C,BrC1=CN=CC=C1,30.44,Cc1ccc(Nc2cccnc2)cc1
BTMG,CC(C)C(C=C(C(C)C)C=C1C(C)C)=C1C2=C(P(C(C)(C)C)C(C)(C)C)C=CC=C2,CC1=C(C(OCC)=O)C=NO1,CC(C)(C)/N=C(N(C)C)/N(C)C,IC1=CN=CC=C1,39.11,Cc1ccc(Nc2cccnc2)cc1
MTBD,CC(C)C(C=C(C(C)C)C=C1C(C)C)=C1C2=C(P(C(C)(C)C)C(C)(C)C)C=CC=C2,CC1=C(C(OCC)=O)C=NO1,CN1CCCN2C1=NCCC2,ClC1=CC=C(C(F)(F)F)C=C1,22.89,Cc1ccc(Nc2ccc(C(F)(F)F)cc2)cc1
MTBD,CC(C)C(C=C(C(C)C)C=C1C(C)C)=C1C2=C(P(C(C)(C)C)C(C)(C)C)C=CC=C2,CC1=C(C(OCC)=O)C=NO1,CN1CCCN2C1=NCCC2,BrC1=CC=C(C(F)(F)F)C=C1,27.11,Cc1ccc(Nc2ccc(C(F)(F)F)cc2)cc1
MTBD,CC(C)C(C=C(C(C)C)C=C1C(C)C)=C1C2=C(P(C(C)(C)C)C(C)(C)C)C=CC=C2,CC1=C(C(OCC)=O)C=NO1,CN1CCCN2C1=NCCC2,IC1=CC=C(C(F)(F)F)C=C1,41.67,Cc1ccc(Nc2ccc(C(F)(F)F)cc2)cc1
MTBD,CC(C)C(C=C(C(C)C)C=C1C(C)C)=C1C2=C(P(C(C)(C)C)C(C)(C)C)C=CC=C2,CC1=C(C(OCC)=O)C=NO1,CN1CCCN2C1=NCCC2,ClC1=CC=C(OC)C=C1,2.86,COc1ccc(Nc2ccc(C)cc2)cc1
MTBD,CC(C)C(C=C(C(C)C)C=C1C(C)C)=C1C2=C(P(C(C)(C)C)C(C)(C)C)C=CC=C2,CC1=C(C(OCC)=O)C=NO1,CN1CCCN2C1=NCCC2,BrC1=CC=C(OC)C=C1,21.62,COc1ccc(Nc2ccc(C)cc2)cc1
MTBD,CC(C)C(C=C(C(C)C)C=C1C(C)C)=C1C2=C(P(C(C)(C)C)C(C)(C)C)C=CC=C2,CC1=C(C(OCC)=O)C=NO1,CN1CCCN2C1=NCCC2,IC1=CC=C(OC)C=C1,35.07,COc1ccc(Nc2ccc(C)cc2)cc1
MTBD,CC(C)C(C=C(C(C)C)C=C1C(C)C)=C1C2=C(P(C(C)(C)C)C(C)(C)C)C=CC=C2,CC1=C(C(OCC)=O)C=NO1,CN1CCCN2C1=NCCC2,ClC1=CC=C(CC)C=C1,13.57,CCc1ccc(Nc2ccc(C)cc2)cc1
MTBD,CC(C)C(C=C(C(C)C)C=C1C(C)C)=C1C2=C(P(C(C)(C)C)C(C)(C)C)C=CC=C2,CC1=C(C(OCC)=O)C=NO1,CN1CCCN2C1=NCCC2,BrC1=CC=C(CC)C=C1,44.18,CCc1ccc(Nc2ccc(C)cc2)cc1
MTBD,CC(C)C(C=C(C(C)C)C=C1C(C)C)=C1C2=C(P(C(C)(C)C)C(C)(C)C)C=CC=C2,CC1=C(C(OCC)=O)C=NO1,CN1CCCN2C1=NCCC2,IC1=CC=C(CC)C=C1,61.5,CCc1ccc(Nc2ccc(C)cc2)cc1
MTBD,CC(C)C(C=C(C(C)C)C=C1C(C)C)=C1C2=C(P(C(C)(C)C)C(C)(C)C)C=CC=C2,CC1=C(C(OCC)=O)C=NO1,CN1CCCN2C1=NCCC2,ClC1=NC=CC=C1,48.36,Cc1ccc(Nc2ccccn2)cc1
MTBD,CC(C)C(C=C(C(C)C)C=C1C(C)C)=C1C2=C(P(C(C)(C)C)C(C)(C)C)C=CC=C2,CC1=C(C(OCC)=O)C=NO1,CN1CCCN2C1=NCCC2,BrC1=NC=CC=C1,61.12,Cc1ccc(Nc2ccccn2)cc1
MTBD,CC(C)C(C=C(C(C)C)C=C1C(C)C)=C1C2=C(P(C(C)(C)C)C(C)(C)C)C=CC=C2,CC1=C(C(OCC)=O)C=NO1,CN1CCCN2C1=NCCC2,IC1=NC=CC=C1,70.87,Cc1ccc(Nc2ccccn2)cc1
MTBD,CC(C)C(C=C(C(C)C)C=C1C(C)C)=C1C2=C(P(C(C)(C)C)C(C)(C)C)C=CC=C2,CC1=C(C(OCC)=O)C=NO1,CN1CCCN2C1=NCCC2,ClC1=CN=CC=C1,39.36,Cc1ccc(Nc2cccnc2)cc1
MTBD,CC(C)C(C=C(C(C)C)C=C1C(C)C)=C1C2=C(P(C(C)(C)C)C(C)(C)C)C=CC=C2,CC1=C(C(OCC)=O)C=NO1,CN1CCCN2C1=NCCC2,BrC1=CN=CC=C1,54.84,Cc1ccc(Nc2cccnc2)cc1
MTBD,CC(C)C(C=C(C(C)C)C=C1C(C)C)=C1C2=C(P(C(C)(C)C)C(C)(C)C)C=CC=C2,CC1=C(C(OCC)=O)C=NO1,CN1CCCN2C1=NCCC2,IC1=CN=CC=C1,60.07,Cc1ccc(Nc2cccnc2)cc1
P2Et,CC(C)C(C=C(C(C)C)C=C1C(C)C)=C1C2=C(P(C(C)(C)C)C(C)(C)C)C=CC=C2,CCOC(C1=CON=C1)=O,CN(C)P(N(C)C)(N(C)C)=NP(N(C)C)(N(C)C)=NCC,ClC1=CC=C(C(F)(F)F)C=C1,1.01,Cc1ccc(Nc2ccc(C(F)(F)F)cc2)cc1
P2Et,CC(C)C(C=C(C(C)C)C=C1C(C)C)=C1C2=C(P(C(C)(C)C)C(C)(C)C)C=CC=C2,CCOC(C1=CON=C1)=O,CN(C)P(N(C)C)(N(C)C)=NP(N(C)C)(N(C)C)=NCC,BrC1=CC=C(C(F)(F)F)C=C1,5.03,Cc1ccc(Nc2ccc(C(F)(F)F)cc2)cc1
P2Et,CC(C)C(C=C(C(C)C)C=C1C(C)C)=C1C2=C(P(C(C)(C)C)C(C)(C)C)C=CC=C2,CCOC(C1=CON=C1)=O,CN(C)P(N(C)C)(N(C)C)=NP(N(C)C)(N(C)C)=NCC,IC1=CC=C(C(F)(F)F)C=C1,4.77,Cc1ccc(Nc2ccc(C(F)(F)F)cc2)cc1
P2Et,CC(C)C(C=C(C(C)C)C=C1C(C)C)=C1C2=C(P(C(C)(C)C)C(C)(C)C)C=CC=C2,CCOC(C1=CON=C1)=O,CN(C)P(N(C)C)(N(C)C)=NP(N(C)C)(N(C)C)=NCC,ClC1=CC=C(OC)C=C1,0.36,COc1ccc(Nc2ccc(C)cc2)cc1
P2Et,CC(C)C(C=C(C(C)C)C=C1C(C)C)=C1C2=C(P(C(C)(C)C)C(C)(C)C)C=CC=C2,CCOC(C1=CON=C1)=O,CN(C)P(N(C)C)(N(C)C)=NP(N(C)C)(N(C)C)=NCC,BrC1=CC=C(OC)C=C1,4.62,COc1ccc(Nc2ccc(C)cc2)cc1
P2Et,CC(C)C(C=C(C(C)C)C=C1C(C)C)=C1C2=C(P(C(C)(C)C)C(C)(C)C)C=CC=C2,CCOC(C1=CON=C1)=O,CN(C)P(N(C)C)(N(C)C)=NP(N(C)C)(N(C)C)=NCC,IC1=CC=C(OC)C=C1,3.88,COc1ccc(Nc2ccc(C)cc2)cc1
P2Et,CC(C)C(C=C(C(C)C)C=C1C(C)C)=C1C2=C(P(C(C)(C)C)C(C)(C)C)C=CC=C2,CCOC(C1=CON=C1)=O,CN(C)P(N(C)C)(N(C)C)=NP(N(C)C)(N(C)C)=NCC,ClC1=CC=C(CC)C=C1,0.4,CCc1ccc(Nc2ccc(C)cc2)cc1
P2Et,CC(C)C(C=C(C(C)C)C=C1C(C)C)=C1C2=C(P(C(C)(C)C)C(C)(C)C)C=CC=C2,CCOC(C1=CON=C1)=O,CN(C)P(N(C)C)(N(C)C)=NP(N(C)C)(N(C)C)=NCC,BrC1=CC=C(CC)C=C1,5.43,CCc1ccc(Nc2ccc(C)cc2)cc1
P2Et,CC(C)C(C=C(C(C)C)C=C1C(C)C)=C1C2=C(P(C(C)(C)C)C(C)(C)C)C=CC=C2,CCOC(C1=CON=C1)=O,CN(C)P(N(C)C)(N(C)C)=NP(N(C)C)(N(C)C)=NCC,IC1=CC=C(CC)C=C1,8.37,CCc1ccc(Nc2ccc(C)cc2)cc1
P2Et,CC(C)C(C=C(C(C)C)C=C1C(C)C)=C1C2=C(P(C(C)(C)C)C(C)(C)C)C=CC=C2,CCOC(C1=CON=C1)=O,CN(C)P(N(C)C)(N(C)C)=NP(N(C)C)(N(C)C)=NCC,ClC1=NC=CC=C1,3.45,Cc1ccc(Nc2ccccn2)cc1
P2Et,CC(C)C(C=C(C(C)C)C=C1C(C)C)=C1C2=C(P(C(C)(C)C)C(C)(C)C)C=CC=C2,CCOC(C1=CON=C1)=O,CN(C)P(N(C)C)(N(C)C)=NP(N(C)C)(N(C)C)=NCC,BrC1=NC=CC=C1,4.84,Cc1ccc(Nc2ccccn2)cc1
P2Et,CC(C)C(C=C(C(C)C)C=C1C(C)C)=C1C2=C(P(C(C)(C)C)C(C)(C)C)C=CC=C2,CCOC(C1=CON=C1)=O,CN(C)P(N(C)C)(N(C)C)=NP(N(C)C)(N(C)C)=NCC,IC1=NC=CC=C1,10.04,Cc1ccc(Nc2ccccn2)cc1
P2Et,CC(C)C(C=C(C(C)C)C=C1C(C)C)=C1C2=C(P(C(C)(C)C)C(C)(C)C)C=CC=C2,CCOC(C1=CON=C1)=O,CN(C)P(N(C)C)(N(C)C)=NP(N(C)C)(N(C)C)=NCC,ClC1=CN=CC=C1,1.31,Cc1ccc(Nc2cccnc2)cc1
P2Et,CC(C)C(C=C(C(C)C)C=C1C(C)C)=C1C2=C(P(C(C)(C)C)C(C)(C)C)C=CC=C2,CCOC(C1=CON=C1)=O,CN(C)P(N(C)C)(N(C)C)=NP(N(C)C)(N(C)C)=NCC,BrC1=CN=CC=C1,2.69,Cc1ccc(Nc2cccnc2)cc1
P2Et,CC(C)C(C=C(C(C)C)C=C1C(C)C)=C1C2=C(P(C(C)(C)C)C(C)(C)C)C=CC=C2,CCOC(C1=CON=C1)=O,CN(C)P(N(C)C)(N(C)C)=NP(N(C)C)(N(C)C)=NCC,IC1=CN=CC=C1,4.42,Cc1ccc(Nc2cccnc2)cc1
BTMG,CC(C)C(C=C(C(C)C)C=C1C(C)C)=C1C2=C(P(C(C)(C)C)C(C)(C)C)C=CC=C2,CCOC(C1=CON=C1)=O,CC(C)(C)/N=C(N(C)C)/N(C)C,ClC1=CC=C(C(F)(F)F)C=C1,0.0,Cc1ccc(Nc2ccc(C(F)(F)F)cc2)cc1
BTMG,CC(C)C(C=C(C(C)C)C=C1C(C)C)=C1C2=C(P(C(C)(C)C)C(C)(C)C)C=CC=C2,CCOC(C1=CON=C1)=O,CC(C)(C)/N=C(N(C)C)/N(C)C,BrC1=CC=C(C(F)(F)F)C=C1,1.79,Cc1ccc(Nc2ccc(C(F)(F)F)cc2)cc1
BTMG,CC(C)C(C=C(C(C)C)C=C1C(C)C)=C1C2=C(P(C(C)(C)C)C(C)(C)C)C=CC=C2,CCOC(C1=CON=C1)=O,CC(C)(C)/N=C(N(C)C)/N(C)C,IC1=CC=C(C(F)(F)F)C=C1,3.14,Cc1ccc(Nc2ccc(C(F)(F)F)cc2)cc1
BTMG,CC(C)C(C=C(C(C)C)C=C1C(C)C)=C1C2=C(P(C(C)(C)C)C(C)(C)C)C=CC=C2,CCOC(C1=CON=C1)=O,CC(C)(C)/N=C(N(C)C)/N(C)C,ClC1=CC=C(OC)C=C1,0.0,COc1ccc(Nc2ccc(C)cc2)cc1
BTMG,CC(C)C(C=C(C(C)C)C=C1C(C)C)=C1C2=C(P(C(C)(C)C)C(C)(C)C)C=CC=C2,CCOC(C1=CON=C1)=O,CC(C)(C)/N=C(N(C)C)/N(C)C,BrC1=CC=C(OC)C=C1,0.75,COc1ccc(Nc2ccc(C)cc2)cc1
BTMG,CC(C)C(C=C(C(C)C)C=C1C(C)C)=C1C2=C(P(C(C)(C)C)C(C)(C)C)C=CC=C2,CCOC(C1=CON=C1)=O,CC(C)(C)/N=C(N(C)C)/N(C)C,IC1=CC=C(OC)C=C1,2.73,COc1ccc(Nc2ccc(C)cc2)cc1
BTMG,CC(C)C(C=C(C(C)C)C=C1C(C)C)=C1C2=C(P(C(C)(C)C)C(C)(C)C)C=CC=C2,CCOC(C1=CON=C1)=O,CC(C)(C)/N=C(N(C)C)/N(C)C,ClC1=CC=C(CC)C=C1,0.52,CCc1ccc(Nc2ccc(C)cc2)cc1
BTMG,CC(C)C(C=C(C(C)C)C=C1C(C)C)=C1C2=C(P(C(C)(C)C)C(C)(C)C)C=CC=C2,CCOC(C1=CON=C1)=O,CC(C)(C)/N=C(N(C)C)/N(C)C,BrC1=CC=C(CC)C=C1,2.39,CCc1ccc(Nc2ccc(C)cc2)cc1
BTMG,CC(C)C(C=C(C(C)C)C=C1C(C)C)=C1C2=C(P(C(C)(C)C)C(C)(C)C)C=CC=C2,CCOC(C1=CON=C1)=O,CC(C)(C)/N=C(N(C)C)/N(C)C,IC1=CC=C(CC)C=C1,6.36,CCc1ccc(Nc2ccc(C)cc2)cc1
BTMG,CC(C)C(C=C(C(C)C)C=C1C(C)C)=C1C2=C(P(C(C)(C)C)C(C)(C)C)C=CC=C2,CCOC(C1=CON=C1)=O,CC(C)(C)/N=C(N(C)C)/N(C)C,ClC1=NC=CC=C1,1.99,Cc1ccc(Nc2ccccn2)cc1
BTMG,CC(C)C(C=C(C(C)C)C=C1C(C)C)=C1C2=C(P(C(C)(C)C)C(C)(C)C)C=CC=C2,CCOC(C1=CON=C1)=O,CC(C)(C)/N=C(N(C)C)/N(C)C,BrC1=NC=CC=C1,6.32,Cc1ccc(Nc2ccccn2)cc1
BTMG,CC(C)C(C=C(C(C)C)C=C1C(C)C)=C1C2=C(P(C(C)(C)C)C(C)(C)C)C=CC=C2,CCOC(C1=CON=C1)=O,CC(C)(C)/N=C(N(C)C)/N(C)C,IC1=NC=CC=C1,8.14,Cc1ccc(Nc2ccccn2)cc1
BTMG,CC(C)C(C=C(C(C)C)C=C1C(C)C)=C1C2=C(P(C(C)(C)C)C(C)(C)C)C=CC=C2,CCOC(C1=CON=C1)=O,CC(C)(C)/N=C(N(C)C)/N(C)C,ClC1=CN=CC=C1,0.0,Cc1ccc(Nc2cccnc2)cc1
BTMG,CC(C)C(C=C(C(C)C)C=C1C(C)C)=C1C2=C(P(C(C)(C)C)C(C)(C)C)C=CC=C2,CCOC(C1=CON=C1)=O,CC(C)(C)/N=C(N(C)C)/N(C)C,BrC1=CN=CC=C1,2.4,Cc1ccc(Nc2cccnc2)cc1
BTMG,CC(C)C(C=C(C(C)C)C=C1C(C)C)=C1C2=C(P(C(C)(C)C)C(C)(C)C)C=CC=C2,CCOC(C1=CON=C1)=O,CC(C)(C)/N=C(N(C)C)/N(C)C,IC1=CN=CC=C1,3.97,Cc1ccc(Nc2cccnc2)cc1
MTBD,CC(C)C(C=C(C(C)C)C=C1C(C)C)=C1C2=C(P(C(C)(C)C)C(C)(C)C)C=CC=C2,CCOC(C1=CON=C1)=O,CN1CCCN2C1=NCCC2,ClC1=CC=C(C(F)(F)F)C=C1,21.37,Cc1ccc(Nc2ccc(C(F)(F)F)cc2)cc1
MTBD,CC(C)C(C=C(C(C)C)C=C1C(C)C)=C1C2=C(P(C(C)(C)C)C(C)(C)C)C=CC=C2,CCOC(C1=CON=C1)=O,CN1CCCN2C1=NCCC2,BrC1=CC=C(C(F)(F)F)C=C1,21.55,Cc1ccc(Nc2ccc(C(F)(F)F)cc2)cc1
MTBD,CC(C)C(C=C(C(C)C)C=C1C(C)C)=C1C2=C(P(C(C)(C)C)C(C)(C)C)C=CC=C2,CCOC(C1=CON=C1)=O,CN1CCCN2C1=NCCC2,IC1=CC=C(C(F)(F)F)C=C1,23.07,Cc1ccc(Nc2ccc(C(F)(F)F)cc2)cc1
MTBD,CC(C)C(C=C(C(C)C)C=C1C(C)C)=C1C2=C(P(C(C)(C)C)C(C)(C)C)C=CC=C2,CCOC(C1=CON=C1)=O,CN1CCCN2C1=NCCC2,ClC1=CC=C(OC)C=C1,2.72,COc1ccc(Nc2ccc(C)cc2)cc1
MTBD,CC(C)C(C=C(C(C)C)C=C1C(C)C)=C1C2=C(P(C(C)(C)C)C(C)(C)C)C=CC=C2,CCOC(C1=CON=C1)=O,CN1CCCN2C1=NCCC2,BrC1=CC=C(OC)C=C1,15.47,COc1ccc(Nc2ccc(C)cc2)cc1
MTBD,CC(C)C(C=C(C(C)C)C=C1C(C)C)=C1C2=C(P(C(C)(C)C)C(C)(C)C)C=CC=C2,CCOC(C1=CON=C1)=O,CN1CCCN2C1=NCCC2,IC1=CC=C(OC)C=C1,19.4,COc1ccc(Nc2ccc(C)cc2)cc1
MTBD,CC(C)C(C=C(C(C)C)C=C1C(C)C)=C1C2=C(P(C(C)(C)C)C(C)(C)C)C=CC=C2,CCOC(C1=CON=C1)=O,CN1CCCN2C1=NCCC2,ClC1=CC=C(CC)C=C1,14.32,CCc1ccc(Nc2ccc(C)cc2)cc1
MTBD,CC(C)C(C=C(C(C)C)C=C1C(C)C)=C1C2=C(P(C(C)(C)C)C(C)(C)C)C=CC=C2,CCOC(C1=CON=C1)=O,CN1CCCN2C1=NCCC2,BrC1=CC=C(CC)C=C1,28.13,CCc1ccc(Nc2ccc(C)cc2)cc1
MTBD,CC(C)C(C=C(C(C)C)C=C1C(C)C)=C1C2=C(P(C(C)(C)C)C(C)(C)C)C=CC=C2,CCOC(C1=CON=C1)=O,CN1CCCN2C1=NCCC2,IC1=CC=C(CC)C=C1,30.76,CCc1ccc(Nc2ccc(C)cc2)cc1
MTBD,CC(C)C(C=C(C(C)C)C=C1C(C)C)=C1C2=C(P(C(C)(C)C)C(C)(C)C)C=CC=C2,CCOC(C1=CON=C1)=O,CN1CCCN2C1=NCCC2,ClC1=NC=CC=C1,40.22,Cc1ccc(Nc2ccccn2)cc1
MTBD,CC(C)C(C=C(C(C)C)C=C1C(C)C)=C1C2=C(P(C(C)(C)C)C(C)(C)C)C=CC=C2,CCOC(C1=CON=C1)=O,CN1CCCN2C1=NCCC2,BrC1=NC=CC=C1,46.06,Cc1ccc(Nc2ccccn2)cc1
MTBD,CC(C)C(C=C(C(C)C)C=C1C(C)C)=C1C2=C(P(C(C)(C)C)C(C)(C)C)C=CC=C2,CCOC(C1=CON=C1)=O,CN1CCCN2C1=NCCC2,IC1=NC=CC=C1,51.15,Cc1ccc(Nc2ccccn2)cc1
MTBD,CC(C)C(C=C(C(C)C)C=C1C(C)C)=C1C2=C(P(C(C)(C)C)C(C)(C)C)C=CC=C2,CCOC(C1=CON=C1)=O,CN1CCCN2C1=NCCC2,ClC1=CN=CC=C1,30.06,Cc1ccc(Nc2cccnc2)cc1
MTBD,CC(C)C(C=C(C(C)C)C=C1C(C)C)=C1C2=C(P(C(C)(C)C)C(C)(C)C)C=CC=C2,CCOC(C1=CON=C1)=O,CN1CCCN2C1=NCCC2,BrC1=CN=CC=C1,30.12,Cc1ccc(Nc2cccnc2)cc1
MTBD,CC(C)C(C=C(C(C)C)C=C1C(C)C)=C1C2=C(P(C(C)(C)C)C(C)(C)C)C=CC=C2,CCOC(C1=CON=C1)=O,CN1CCCN2C1=NCCC2,IC1=CN=CC=C1,33.81,Cc1ccc(Nc2cccnc2)cc1
P2Et,CC(C)C(C=C(C(C)C)C=C1C(C)C)=C1C2=C(P(C(C)(C)C)C(C)(C)C)C=CC=C2,C12=C(C=CC=C2)ON=C1,CN(C)P(N(C)C)(N(C)C)=NP(N(C)C)(N(C)C)=NCC,ClC1=CC=C(C(F)(F)F)C=C1,20.06,Cc1ccc(Nc2ccc(C(F)(F)F)cc2)cc1
P2Et,CC(C)C(C=C(C(C)C)C=C1C(C)C)=C1C2=C(P(C(C)(C)C)C(C)(C)C)C=CC=C2,C12=C(C=CC=C2)ON=C1,CN(C)P(N(C)C)(N(C)C)=NP(N(C)C)(N(C)C)=NCC,BrC1=CC=C(C(F)(F)F)C=C1,34.22,Cc1ccc(Nc2ccc(C(F)(F)F)cc2)cc1
P2Et,CC(C)C(C=C(C(C)C)C=C1C(C)C)=C1C2=C(P(C(C)(C)C)C(C)(C)C)C=CC=C2,C12=C(C=CC=C2)ON=C1,CN(C)P(N(C)C)(N(C)C)=NP(N(C)C)(N(C)C)=NCC,IC1=CC=C(C(F)(F)F)C=C1,40.3,Cc1ccc(Nc2ccc(C(F)(F)F)cc2)cc1
P2Et,CC(C)C(C=C(C(C)C)C=C1C(C)C)=C1C2=C(P(C(C)(C)C)C(C)(C)C)C=CC=C2,C12=C(C=CC=C2)ON=C1,CN(C)P(N(C)C)(N(C)C)=NP(N(C)C)(N(C)C)=NCC,ClC1=CC=C(OC)C=C1,1.19,COc1ccc(Nc2ccc(C)cc2)cc1
P2Et,CC(C)C(C=C(C(C)C)C=C1C(C)C)=C1C2=C(P(C(C)(C)C)C(C)(C)C)C=CC=C2,C12=C(C=CC=C2)ON=C1,CN(C)P(N(C)C)(N(C)C)=NP(N(C)C)(N(C)C)=NCC,BrC1=CC=C(OC)C=C1,27.35,COc1ccc(Nc2ccc(C)cc2)cc1
P2Et,CC(C)C(C=C(C(C)C)C=C1C(C)C)=C1C2=C(P(C(C)(C)C)C(C)(C)C)C=CC=C2,C12=C(C=CC=C2)ON=C1,CN(C)P(N(C)C)(N(C)C)=NP(N(C)C)(N(C)C)=NCC,IC1=CC=C(OC)C=C1,26.91,COc1ccc(Nc2ccc(C)cc2)cc1
P2Et,CC(C)C(C=C(C(C)C)C=C1C(C)C)=C1C2=C(P(C(C)(C)C)C(C)(C)C)C=CC=C2,C12=C(C=CC=C2)ON=C1,CN(C)P(N(C)C)(N(C)C)=NP(N(C)C)(N(C)C)=NCC,ClC1=CC=C(CC)C=C1,5.63,CCc1ccc(Nc2ccc(C)cc2)cc1
P2Et,CC(C)C(C=C(C(C)C)C=C1C(C)C)=C1C2=C(P(C(C)(C)C)C(C)(C)C)C=CC=C2,C12=C(C=CC=C2)ON=C1,CN(C)P(N(C)C)(N(C)C)=NP(N(C)C)(N(C)C)=NCC,BrC1=CC=C(CC)C=C1,51.86,CCc1ccc(Nc2ccc(C)cc2)cc1
P2Et,CC(C)C(C=C(C(C)C)C=C1C(C)C)=C1C2=C(P(C(C)(C)C)C(C)(C)C)C=CC=C2,C12=C(C=CC=C2)ON=C1,CN(C)P(N(C)C)(N(C)C)=NP(N(C)C)(N(C)C)=NCC,IC1=CC=C(CC)C=C1,49.62,CCc1ccc(Nc2ccc(C)cc2)cc1
P2Et,CC(C)C(C=C(C(C)C)C=C1C(C)C)=C1C2=C(P(C(C)(C)C)C(C)(C)C)C=CC=C2,C12=C(C=CC=C2)ON=C1,CN(C)P(N(C)C)(N(C)C)=NP(N(C)C)(N(C)C)=NCC,ClC1=NC=CC=C1,53.94,Cc1ccc(Nc2ccccn2)cc1
P2Et,CC(C)C(C=C(C(C)C)C=C1C(C)C)=C1C2=C(P(C(C)(C)C)C(C)(C)C)C=CC=C2,C12=C(C=CC=C2)ON=C1,CN(C)P(N(C)C)(N(C)C)=NP(N(C)C)(N(C)C)=NCC,BrC1=NC=CC=C1,65.49,Cc1ccc(Nc2ccccn2)cc1
P2Et,CC(C)C(C=C(C(C)C)C=C1C(C)C)=C1C2=C(P(C(C)(C)C)C(C)(C)C)C=CC=C2,C12=C(C=CC=C2)ON=C1,CN(C)P(N(C)C)(N(C)C)=NP(N(C)C)(N(C)C)=NCC,IC1=NC=CC=C1,66.14,Cc1ccc(Nc2ccccn2)cc1
P2Et,CC(C)C(C=C(C(C)C)C=C1C(C)C)=C1C2=C(P(C(C)(C)C)C(C)(C)C)C=CC=C2,C12=C(C=CC=C2)ON=C1,CN(C)P(N(C)C)(N(C)C)=NP(N(C)C)(N(C)C)=NCC,ClC1=CN=CC=C1,38.12,Cc1ccc(Nc2cccnc2)cc1
P2Et,CC(C)C(C=C(C(C)C)C=C1C(C)C)=C1C2=C(P(C(C)(C)C)C(C)(C)C)C=CC=C2,C12=C(C=CC=C2)ON=C1,CN(C)P(N(C)C)(N(C)C)=NP(N(C)C)(N(C)C)=NCC,BrC1=CN=CC=C1,64.27,Cc1ccc(Nc2cccnc2)cc1
P2Et,CC(C)C(C=C(C(C)C)C=C1C(C)C)=C1C2=C(P(C(C)(C)C)C(C)(C)C)C=CC=C2,C12=C(C=CC=C2)ON=C1,CN(C)P(N(C)C)(N(C)C)=NP(N(C)C)(N(C)C)=NCC,IC1=CN=CC=C1,65.73,Cc1ccc(Nc2cccnc2)cc1
BTMG,CC(C)C(C=C(C(C)C)C=C1C(C)C)=C1C2=C(P(C(C)(C)C)C(C)(C)C)C=CC=C2,C12=C(C=CC=C2)ON=C1,CC(C)(C)/N=C(N(C)C)/N(C)C,ClC1=CC=C(C(F)(F)F)C=C1,18.76,Cc1ccc(Nc2ccc(C(F)(F)F)cc2)cc1
BTMG,CC(C)C(C=C(C(C)C)C=C1C(C)C)=C1C2=C(P(C(C)(C)C)C(C)(C)C)C=CC=C2,C12=C(C=CC=C2)ON=C1,CC(C)(C)/N=C(N(C)C)/N(C)C,BrC1=CC=C(C(F)(F)F)C=C1,28.59,Cc1ccc(Nc2ccc(C(F)(F)F)cc2)cc1
BTMG,CC(C)C(C=C(C(C)C)C=C1C(C)C)=C1C2=C(P(C(C)(C)C)C(C)(C)C)C=CC=C2,C12=C(C=CC=C2)ON=C1,CC(C)(C)/N=C(N(C)C)/N(C)C,IC1=CC=C(C(F)(F)F)C=C1,31.84,Cc1ccc(Nc2ccc(C(F)(F)F)cc2)cc1
BTMG,CC(C)C(C=C(C(C)C)C=C1C(C)C)=C1C2=C(P(C(C)(C)C)C(C)(C)C)C=CC=C2,C12=C(C=CC=C2)ON=C1,CC(C)(C)/N=C(N(C)C)/N(C)C,ClC1=CC=C(OC)C=C1,0.71,COc1ccc(Nc2ccc(C)cc2)cc1
BTMG,CC(C)C(C=C(C(C)C)C=C1C(C)C)=C1C2=C(P(C(C)(C)C)C(C)(C)C)C=CC=C2,C12=C(C=CC=C2)ON=C1,CC(C)(C)/N=C(N(C)C)/N(C)C,BrC1=CC=C(OC)C=C1,13.25,COc1ccc(Nc2ccc(C)cc2)cc1
BTMG,CC(C)C(C=C(C(C)C)C=C1C(C)C)=C1C2=C(P(C(C)(C)C)C(C)(C)C)C=CC=C2,C12=C(C=CC=C2)ON=C1,CC(C)(C)/N=C(N(C)C)/N(C)C,IC1=CC=C(OC)C=C1,15.93,COc1ccc(Nc2ccc(C)cc2)cc1
BTMG,CC(C)C(C=C(C(C)C)C=C1C(C)C)=C1C2=C(P(C(C)(C)C)C(C)(C)C)C=CC=C2,C12=C(C=CC=C2)ON=C1,CC(C)(C)/N=C(N(C)C)/N(C)C,ClC1=CC=C(CC)C=C1,4.06,CCc1ccc(Nc2ccc(C)cc2)cc1
BTMG,CC(C)C(C=C(C(C)C)C=C1C(C)C)=C1C2=C(P(C(C)(C)C)C(C)(C)C)C=CC=C2,C12=C(C=CC=C2)ON=C1,CC(C)(C)/N=C(N(C)C)/N(C)C,BrC1=CC=C(CC)C=C1,32.63,CCc1ccc(Nc2ccc(C)cc2)cc1
BTMG,CC(C)C(C=C(C(C)C)C=C1C(C)C)=C1C2=C(P(C(C)(C)C)C(C)(C)C)C=CC=C2,C12=C(C=CC=C2)ON=C1,CC(C)(C)/N=C(N(C)C)/N(C)C,IC1=CC=C(CC)C=C1,32.04,CCc1ccc(Nc2ccc(C)cc2)cc1
BTMG,CC(C)C(C=C(C(C)C)C=C1C(C)C)=C1C2=C(P(C(C)(C)C)C(C)(C)C)C=CC=C2,C12=C(C=CC=C2)ON=C1,CC(C)(C)/N=C(N(C)C)/N(C)C,ClC1=NC=CC=C1,38.04,Cc1ccc(Nc2ccccn2)cc1
BTMG,CC(C)C(C=C(C(C)C)C=C1C(C)C)=C1C2=C(P(C(C)(C)C)C(C)(C)C)C=CC=C2,C12=C(C=CC=C2)ON=C1,CC(C)(C)/N=C(N(C)C)/N(C)C,BrC1=NC=CC=C1,50.51,Cc1ccc(Nc2ccccn2)cc1
BTMG,CC(C)C(C=C(C(C)C)C=C1C(C)C)=C1C2=C(P(C(C)(C)C)C(C)(C)C)C=CC=C2,C12=C(C=CC=C2)ON=C1,CC(C)(C)/N=C(N(C)C)/N(C)C,IC1=NC=CC=C1,46.64,Cc1ccc(Nc2ccccn2)cc1
BTMG,CC(C)C(C=C(C(C)C)C=C1C(C)C)=C1C2=C(P(C(C)(C)C)C(C)(C)C)C=CC=C2,C12=C(C=CC=C2)ON=C1,CC(C)(C)/N=C(N(C)C)/N(C)C,ClC1=CN=CC=C1,27.15,Cc1ccc(Nc2cccnc2)cc1
BTMG,CC(C)C(C=C(C(C)C)C=C1C(C)C)=C1C2=C(P(C(C)(C)C)C(C)(C)C)C=CC=C2,C12=C(C=CC=C2)ON=C1,CC(C)(C)/N=C(N(C)C)/N(C)C,BrC1=CN=CC=C1,46.97,Cc1ccc(Nc2cccnc2)cc1
BTMG,CC(C)C(C=C(C(C)C)C=C1C(C)C)=C1C2=C(P(C(C)(C)C)C(C)(C)C)C=CC=C2,C12=C(C=CC=C2)ON=C1,CC(C)(C)/N=C(N(C)C)/N(C)C,IC1=CN=CC=C1,47.28,Cc1ccc(Nc2cccnc2)cc1
MTBD,CC(C)C(C=C(C(C)C)C=C1C(C)C)=C1C2=C(P(C(C)(C)C)C(C)(C)C)C=CC=C2,C12=C(C=CC=C2)ON=C1,CN1CCCN2C1=NCCC2,ClC1=CC=C(C(F)(F)F)C=C1,29.18,Cc1ccc(Nc2ccc(C(F)(F)F)cc2)cc1
MTBD,CC(C)C(C=C(C(C)C)C=C1C(C)C)=C1C2=C(P(C(C)(C)C)C(C)(C)C)C=CC=C2,C12=C(C=CC=C2)ON=C1,CN1CCCN2C1=NCCC2,BrC1=CC=C(C(F)(F)F)C=C1,36.56,Cc1ccc(Nc2ccc(C(F)(F)F)cc2)cc1
MTBD,CC(C)C(C=C(C(C)C)C=C1C(C)C)=C1C2=C(P(C(C)(C)C)C(C)(C)C)C=CC=C2,C12=C(C=CC=C2)ON=C1,CN1CCCN2C1=NCCC2,IC1=CC=C(C(F)(F)F)C=C1,49.47,Cc1ccc(Nc2ccc(C(F)(F)F)cc2)cc1
MTBD,CC(C)C(C=C(C(C)C)C=C1C(C)C)=C1C2=C(P(C(C)(C)C)C(C)(C)C)C=CC=C2,C12=C(C=CC=C2)ON=C1,CN1CCCN2C1=NCCC2,ClC1=CC=C(OC)C=C1,1.86,COc1ccc(Nc2ccc(C)cc2)cc1
MTBD,CC(C)C(C=C(C(C)C)C=C1C(C)C)=C1C2=C(P(C(C)(C)C)C(C)(C)C)C=CC=C2,C12=C(C=CC=C2)ON=C1,CN1CCCN2C1=NCCC2,BrC1=CC=C(OC)C=C1,31.26,COc1ccc(Nc2ccc(C)cc2)cc1
MTBD,CC(C)C(C=C(C(C)C)C=C1C(C)C)=C1C2=C(P(C(C)(C)C)C(C)(C)C)C=CC=C2,C12=C(C=CC=C2)ON=C1,CN1CCCN2C1=NCCC2,IC1=CC=C(OC)C=C1,34.04,COc1ccc(Nc2ccc(C)cc2)cc1
MTBD,CC(C)C(C=C(C(C)C)C=C1C(C)C)=C1C2=C(P(C(C)(C)C)C(C)(C)C)C=CC=C2,C12=C(C=CC=C2)ON=C1,CN1CCCN2C1=NCCC2,ClC1=CC=C(CC)C=C1,11.32,CCc1ccc(Nc2ccc(C)cc2)cc1
MTBD,CC(C)C(C=C(C(C)C)C=C1C(C)C)=C1C2=C(P(C(C)(C)C)C(C)(C)C)C=CC=C2,C12=C(C=CC=C2)ON=C1,CN1CCCN2C1=NCCC2,BrC1=CC=C(CC)C=C1,62.65,CCc1ccc(Nc2ccc(C)cc2)cc1
MTBD,CC(C)C(C=C(C(C)C)C=C1C(C)C)=C1C2=C(P(C(C)(C)C)C(C)(C)C)C=CC=C2,C12=C(C=CC=C2)ON=C1,CN1CCCN2C1=NCCC2,IC1=CC=C(CC)C=C1,60.29,CCc1ccc(Nc2ccc(C)cc2)cc1
MTBD,CC(C)C(C=C(C(C)C)C=C1C(C)C)=C1C2=C(P(C(C)(C)C)C(C)(C)C)C=CC=C2,C12=C(C=CC=C2)ON=C1,CN1CCCN2C1=NCCC2,ClC1=NC=CC=C1,77.4,Cc1ccc(Nc2ccccn2)cc1
MTBD,CC(C)C(C=C(C(C)C)C=C1C(C)C)=C1C2=C(P(C(C)(C)C)C(C)(C)C)C=CC=C2,C12=C(C=CC=C2)ON=C1,CN1CCCN2C1=NCCC2,BrC1=NC=CC=C1,83.68,Cc1ccc(Nc2ccccn2)cc1
MTBD,CC(C)C(C=C(C(C)C)C=C1C(C)C)=C1C2=C(P(C(C)(C)C)C(C)(C)C)C=CC=C2,C12=C(C=CC=C2)ON=C1,CN1CCCN2C1=NCCC2,IC1=NC=CC=C1,84.54,Cc1ccc(Nc2ccccn2)cc1
MTBD,CC(C)C(C=C(C(C)C)C=C1C(C)C)=C1C2=C(P(C(C)(C)C)C(C)(C)C)C=CC=C2,C12=C(C=CC=C2)ON=C1,CN1CCCN2C1=NCCC2,ClC1=CN=CC=C1,49.16,Cc1ccc(Nc2cccnc2)cc1
MTBD,CC(C)C(C=C(C(C)C)C=C1C(C)C)=C1C2=C(P(C(C)(C)C)C(C)(C)C)C=CC=C2,C12=C(C=CC=C2)ON=C1,CN1CCCN2C1=NCCC2,BrC1=CN=CC=C1,76.23,Cc1ccc(Nc2cccnc2)cc1
MTBD,CC(C)C(C=C(C(C)C)C=C1C(C)C)=C1C2=C(P(C(C)(C)C)C(C)(C)C)C=CC=C2,C12=C(C=CC=C2)ON=C1,CN1CCCN2C1=NCCC2,IC1=CN=CC=C1,75.21,Cc1ccc(Nc2cccnc2)cc1
P2Et,CC(C)C(C=C(C(C)C)C=C1C(C)C)=C1C2=C(P(C(C)(C)C)C(C)(C)C)C(OC)=CC=C2OC,CCOC(C1=NOC=C1)=O,CN(C)P(N(C)C)(N(C)C)=NP(N(C)C)(N(C)C)=NCC,ClC1=CC=C(C(F)(F)F)C=C1,0.0,Cc1ccc(Nc2ccc(C(F)(F)F)cc2)cc1
P2Et,CC(C)C(C=C(C(C)C)C=C1C(C)C)=C1C2=C(P(C(C)(C)C)C(C)(C)C)C(OC)=CC=C2OC,CCOC(C1=NOC=C1)=O,CN(C)P(N(C)C)(N(C)C)=NP(N(C)C)(N(C)C)=NCC,BrC1=CC=C(C(F)(F)F)C=C1,0.0,Cc1ccc(Nc2ccc(C(F)(F)F)cc2)cc1
P2Et,CC(C)C(C=C(C(C)C)C=C1C(C)C)=C1C2=C(P(C(C)(C)C)C(C)(C)C)C(OC)=CC=C2OC,CCOC(C1=NOC=C1)=O,CN(C)P(N(C)C)(N(C)C)=NP(N(C)C)(N(C)C)=NCC,IC1=CC=C(C(F)(F)F)C=C1,10.53,Cc1ccc(Nc2ccc(C(F)(F)F)cc2)cc1
P2Et,CC(C)C(C=C(C(C)C)C=C1C(C)C)=C1C2=C(P(C(C)(C)C)C(C)(C)C)C(OC)=CC=C2OC,CCOC(C1=NOC=C1)=O,CN(C)P(N(C)C)(N(C)C)=NP(N(C)C)(N(C)C)=NCC,ClC1=CC=C(OC)C=C1,0.0,COc1ccc(Nc2ccc(C)cc2)cc1
P2Et,CC(C)C(C=C(C(C)C)C=C1C(C)C)=C1C2=C(P(C(C)(C)C)C(C)(C)C)C(OC)=CC=C2OC,CCOC(C1=NOC=C1)=O,CN(C)P(N(C)C)(N(C)C)=NP(N(C)C)(N(C)C)=NCC,BrC1=CC=C(OC)C=C1,0.0,COc1ccc(Nc2ccc(C)cc2)cc1
P2Et,CC(C)C(C=C(C(C)C)C=C1C(C)C)=C1C2=C(P(C(C)(C)C)C(C)(C)C)C(OC)=CC=C2OC,CCOC(C1=NOC=C1)=O,CN(C)P(N(C)C)(N(C)C)=NP(N(C)C)(N(C)C)=NCC,IC1=CC=C(OC)C=C1,2.46,COc1ccc(Nc2ccc(C)cc2)cc1
P2Et,CC(C)C(C=C(C(C)C)C=C1C(C)C)=C1C2=C(P(C(C)(C)C)C(C)(C)C)C(OC)=CC=C2OC,CCOC(C1=NOC=C1)=O,CN(C)P(N(C)C)(N(C)C)=NP(N(C)C)(N(C)C)=NCC,ClC1=CC=C(CC)C=C1,9.08,CCc1ccc(Nc2ccc(C)cc2)cc1
P2Et,CC(C)C(C=C(C(C)C)C=C1C(C)C)=C1C2=C(P(C(C)(C)C)C(C)(C)C)C(OC)=CC=C2OC,CCOC(C1=NOC=C1)=O,CN(C)P(N(C)C)(N(C)C)=NP(N(C)C)(N(C)C)=NCC,BrC1=CC=C(CC)C=C1,9.64,CCc1ccc(Nc2ccc(C)cc2)cc1
P2Et,CC(C)C(C=C(C(C)C)C=C1C(C)C)=C1C2=C(P(C(C)(C)C)C(C)(C)C)C(OC)=CC=C2OC,CCOC(C1=NOC=C1)=O,CN(C)P(N(C)C)(N(C)C)=NP(N(C)C)(N(C)C)=NCC,IC1=CC=C(CC)C=C1,10.37,CCc1ccc(Nc2ccc(C)cc2)cc1
P2Et,CC(C)C(C=C(C(C)C)C=C1C(C)C)=C1C2=C(P(C(C)(C)C)C(C)(C)C)C(OC)=CC=C2OC,CCOC(C1=NOC=C1)=O,CN(C)P(N(C)C)(N(C)C)=NP(N(C)C)(N(C)C)=NCC,ClC1=NC=CC=C1,1.66,Cc1ccc(Nc2ccccn2)cc1
P2Et,CC(C)C(C=C(C(C)C)C=C1C(C)C)=C1C2=C(P(C(C)(C)C)C(C)(C)C)C(OC)=CC=C2OC,CCOC(C1=NOC=C1)=O,CN(C)P(N(C)C)(N(C)C)=NP(N(C)C)(N(C)C)=NCC,BrC1=NC=CC=C1,2.15,Cc1ccc(Nc2ccccn2)cc1
P2Et,CC(C)C(C=C(C(C)C)C=C1C(C)C)=C1C2=C(P(C(C)(C)C)C(C)(C)C)C(OC)=CC=C2OC,CCOC(C1=NOC=C1)=O,CN(C)P(N(C)C)(N(C)C)=NP(N(C)C)(N(C)C)=NCC,IC1=NC=CC=C1,27.05,Cc1ccc(Nc2ccccn2)cc1
P2Et,CC(C)C(C=C(C(C)C)C=C1C(C)C)=C1C2=C(P(C(C)(C)C)C(C)(C)C)C(OC)=CC=C2OC,CCOC(C1=NOC=C1)=O,CN(C)P(N(C)C)(N(C)C)=NP(N(C)C)(N(C)C)=NCC,ClC1=CN=CC=C1,0.0,Cc1ccc(Nc2cccnc2)cc1
P2Et,CC(C)C(C=C(C(C)C)C=C1C(C)C)=C1C2=C(P(C(C)(C)C)C(C)(C)C)C(OC)=CC=C2OC,CCOC(C1=NOC=C1)=O,CN(C)P(N(C)C)(N(C)C)=NP(N(C)C)(N(C)C)=NCC,BrC1=CN=CC=C1,0.0,Cc1ccc(Nc2cccnc2)cc1
P2Et,CC(C)C(C=C(C(C)C)C=C1C(C)C)=C1C2=C(P(C(C)(C)C)C(C)(C)C)C(OC)=CC=C2OC,CCOC(C1=NOC=C1)=O,CN(C)P(N(C)C)(N(C)C)=NP(N(C)C)(N(C)C)=NCC,IC1=CN=CC=C1,0.0,Cc1ccc(Nc2cccnc2)cc1
BTMG,CC(C)C(C=C(C(C)C)C=C1C(C)C)=C1C2=C(P(C(C)(C)C)C(C)(C)C)C(OC)=CC=C2OC,CCOC(C1=NOC=C1)=O,CC(C)(C)/N=C(N(C)C)/N(C)C,ClC1=CC=C(C(F)(F)F)C=C1,15.09,Cc1ccc(Nc2ccc(C(F)(F)F)cc2)cc1
BTMG,CC(C)C(C=C(C(C)C)C=C1C(C)C)=C1C2=C(P(C(C)(C)C)C(C)(C)C)C(OC)=CC=C2OC,CCOC(C1=NOC=C1)=O,CC(C)(C)/N=C(N(C)C)/N(C)C,BrC1=CC=C(C(F)(F)F)C=C1,34.51,Cc1ccc(Nc2ccc(C(F)(F)F)cc2)cc1
BTMG,CC(C)C(C=C(C(C)C)C=C1C(C)C)=C1C2=C(P(C(C)(C)C)C(C)(C)C)C(OC)=CC=C2OC,CCOC(C1=NOC=C1)=O,CC(C)(C)/N=C(N(C)C)/N(C)C,IC1=CC=C(C(F)(F)F)C=C1,35.61,Cc1ccc(Nc2ccc(C(F)(F)F)cc2)cc1
BTMG,CC(C)C(C=C(C(C)C)C=C1C(C)C)=C1C2=C(P(C(C)(C)C)C(C)(C)C)C(OC)=CC=C2OC,CCOC(C1=NOC=C1)=O,CC(C)(C)/N=C(N(C)C)/N(C)C,ClC1=CC=C(OC)C=C1,0.44,COc1ccc(Nc2ccc(C)cc2)cc1
BTMG,CC(C)C(C=C(C(C)C)C=C1C(C)C)=C1C2=C(P(C(C)(C)C)C(C)(C)C)C(OC)=CC=C2OC,CCOC(C1=NOC=C1)=O,CC(C)(C)/N=C(N(C)C)/N(C)C,BrC1=CC=C(OC)C=C1,31.26,COc1ccc(Nc2ccc(C)cc2)cc1
BTMG,CC(C)C(C=C(C(C)C)C=C1C(C)C)=C1C2=C(P(C(C)(C)C)C(C)(C)C)C(OC)=CC=C2OC,CCOC(C1=NOC=C1)=O,CC(C)(C)/N=C(N(C)C)/N(C)C,IC1=CC=C(OC)C=C1,34.24,COc1ccc(Nc2ccc(C)cc2)cc1
BTMG,CC(C)C(C=C(C(C)C)C=C1C(C)C)=C1C2=C(P(C(C)(C)C)C(C)(C)C)C(OC)=CC=C2OC,CCOC(C1=NOC=C1)=O,CC(C)(C)/N=C(N(C)C)/N(C)C,ClC1=CC=C(CC)C=C1,6.87,CCc1ccc(Nc2ccc(C)cc2)cc1
BTMG,CC(C)C(C=C(C(C)C)C=C1C(C)C)=C1C2=C(P(C(C)(C)C)C(C)(C)C)C(OC)=CC=C2OC,CCOC(C1=NOC=C1)=O,CC(C)(C)/N=C(N(C)C)/N(C)C,BrC1=CC=C(CC)C=C1,62.45,CCc1ccc(Nc2ccc(C)cc2)cc1
BTMG,CC(C)C(C=C(C(C)C)C=C1C(C)C)=C1C2=C(P(C(C)(C)C)C(C)(C)C)C(OC)=CC=C2OC,CCOC(C1=NOC=C1)=O,CC(C)(C)/N=C(N(C)C)/N(C)C,IC1=CC=C(CC)C=C1,65.94,CCc1ccc(Nc2ccc(C)cc2)cc1
BTMG,CC(C)C(C=C(C(C)C)C=C1C(C)C)=C1C2=C(P(C(C)(C)C)C(C)(C)C)C(OC)=CC=C2OC,CCOC(C1=NOC=C1)=O,CC(C)(C)/N=C(N(C)C)/N(C)C,ClC1=NC=CC=C1,58.33,Cc1ccc(Nc2ccccn2)cc1
BTMG,CC(C)C(C=C(C(C)C)C=C1C(C)C)=C1C2=C(P(C(C)(C)C)C(C)(C)C)C(OC)=CC=C2OC,CCOC(C1=NOC=C1)=O,CC(C)(C)/N=C(N(C)C)/N(C)C,BrC1=NC=CC=C1,60.48,Cc1ccc(Nc2ccccn2)cc1
BTMG,CC(C)C(C=C(C(C)C)C=C1C(C)C)=C1C2=C(P(C(C)(C)C)C(C)(C)C)C(OC)=CC=C2OC,CCOC(C1=NOC=C1)=O,CC(C)(C)/N=C(N(C)C)/N(C)C,IC1=NC=CC=C1,63.19,Cc1ccc(Nc2ccccn2)cc1
BTMG,CC(C)C(C=C(C(C)C)C=C1C(C)C)=C1C2=C(P(C(C)(C)C)C(C)(C)C)C(OC)=CC=C2OC,CCOC(C1=NOC=C1)=O,CC(C)(C)/N=C(N(C)C)/N(C)C,ClC1=CN=CC=C1,18.37,Cc1ccc(Nc2cccnc2)cc1
BTMG,CC(C)C(C=C(C(C)C)C=C1C(C)C)=C1C2=C(P(C(C)(C)C)C(C)(C)C)C(OC)=CC=C2OC,CCOC(C1=NOC=C1)=O,CC(C)(C)/N=C(N(C)C)/N(C)C,BrC1=CN=CC=C1,59.79,Cc1ccc(Nc2cccnc2)cc1
BTMG,CC(C)C(C=C(C(C)C)C=C1C(C)C)=C1C2=C(P(C(C)(C)C)C(C)(C)C)C(OC)=CC=C2OC,CCOC(C1=NOC=C1)=O,CC(C)(C)/N=C(N(C)C)/N(C)C,IC1=CN=CC=C1,64.64,Cc1ccc(Nc2cccnc2)cc1
MTBD,CC(C)C(C=C(C(C)C)C=C1C(C)C)=C1C2=C(P(C(C)(C)C)C(C)(C)C)C(OC)=CC=C2OC,CCOC(C1=NOC=C1)=O,CN1CCCN2C1=NCCC2,ClC1=CC=C(C(F)(F)F)C=C1,17.38,Cc1ccc(Nc2ccc(C(F)(F)F)cc2)cc1
MTBD,CC(C)C(C=C(C(C)C)C=C1C(C)C)=C1C2=C(P(C(C)(C)C)C(C)(C)C)C(OC)=CC=C2OC,CCOC(C1=NOC=C1)=O,CN1CCCN2C1=NCCC2,BrC1=CC=C(C(F)(F)F)C=C1,38.46,Cc1ccc(Nc2ccc(C(F)(F)F)cc2)cc1
MTBD,CC(C)C(C=C(C(C)C)C=C1C(C)C)=C1C2=C(P(C(C)(C)C)C(C)(C)C)C(OC)=CC=C2OC,CCOC(C1=NOC=C1)=O,CN1CCCN2C1=NCCC2,IC1=CC=C(C(F)(F)F)C=C1,51.12,Cc1ccc(Nc2ccc(C(F)(F)F)cc2)cc1
MTBD,CC(C)C(C=C(C(C)C)C=C1C(C)C)=C1C2=C(P(C(C)(C)C)C(C)(C)C)C(OC)=CC=C2OC,CCOC(C1=NOC=C1)=O,CN1CCCN2C1=NCCC2,ClC1=CC=C(OC)C=C1,0.58,COc1ccc(Nc2ccc(C)cc2)cc1
MTBD,CC(C)C(C=C(C(C)C)C=C1C(C)C)=C1C2=C(P(C(C)(C)C)C(C)(C)C)C(OC)=CC=C2OC,CCOC(C1=NOC=C1)=O,CN1CCCN2C1=NCCC2,BrC1=CC=C(OC)C=C1,45.97,COc1ccc(Nc2ccc(C)cc2)cc1
MTBD,CC(C)C(C=C(C(C)C)C=C1C(C)C)=C1C2=C(P(C(C)(C)C)C(C)(C)C)C(OC)=CC=C2OC,CCOC(C1=NOC=C1)=O,CN1CCCN2C1=NCCC2,IC1=CC=C(OC)C=C1,47.7,COc1ccc(Nc2ccc(C)cc2)cc1
MTBD,CC(C)C(C=C(C(C)C)C=C1C(C)C)=C1C2=C(P(C(C)(C)C)C(C)(C)C)C(OC)=CC=C2OC,CCOC(C1=NOC=C1)=O,CN1CCCN2C1=NCCC2,ClC1=CC=C(CC)C=C1,7.23,CCc1ccc(Nc2ccc(C)cc2)cc1
MTBD,CC(C)C(C=C(C(C)C)C=C1C(C)C)=C1C2=C(P(C(C)(C)C)C(C)(C)C)C(OC)=CC=C2OC,CCOC(C1=NOC=C1)=O,CN1CCCN2C1=NCCC2,BrC1=CC=C(CC)C=C1,79.89,CCc1ccc(Nc2ccc(C)cc2)cc1
MTBD,CC(C)C(C=C(C(C)C)C=C1C(C)C)=C1C2=C(P(C(C)(C)C)C(C)(C)C)C(OC)=CC=C2OC,CCOC(C1=NOC=C1)=O,CN1CCCN2C1=NCCC2,IC1=CC=C(CC)C=C1,80.58,CCc1ccc(Nc2ccc(C)cc2)cc1
MTBD,CC(C)C(C=C(C(C)C)C=C1C(C)C)=C1C2=C(P(C(C)(C)C)C(C)(C)C)C(OC)=CC=C2OC,CCOC(C1=NOC=C1)=O,CN1CCCN2C1=NCCC2,ClC1=NC=CC=C1,84.93,Cc1ccc(Nc2ccccn2)cc1
MTBD,CC(C)C(C=C(C(C)C)C=C1C(C)C)=C1C2=C(P(C(C)(C)C)C(C)(C)C)C(OC)=CC=C2OC,CCOC(C1=NOC=C1)=O,CN1CCCN2C1=NCCC2,BrC1=NC=CC=C1,89.42,Cc1ccc(Nc2ccccn2)cc1
MTBD,CC(C)C(C=C(C(C)C)C=C1C(C)C)=C1C2=C(P(C(C)(C)C)C(C)(C)C)C(OC)=CC=C2OC,CCOC(C1=NOC=C1)=O,CN1CCCN2C1=NCCC2,IC1=NC=CC=C1,89.56,Cc1ccc(Nc2ccccn2)cc1
MTBD,CC(C)C(C=C(C(C)C)C=C1C(C)C)=C1C2=C(P(C(C)(C)C)C(C)(C)C)C(OC)=CC=C2OC,CCOC(C1=NOC=C1)=O,CN1CCCN2C1=NCCC2,ClC1=CN=CC=C1,13.66,Cc1ccc(Nc2cccnc2)cc1
MTBD,CC(C)C(C=C(C(C)C)C=C1C(C)C)=C1C2=C(P(C(C)(C)C)C(C)(C)C)C(OC)=CC=C2OC,CCOC(C1=NOC=C1)=O,CN1CCCN2C1=NCCC2,BrC1=CN=CC=C1,86.9,Cc1ccc(Nc2cccnc2)cc1
MTBD,CC(C)C(C=C(C(C)C)C=C1C(C)C)=C1C2=C(P(C(C)(C)C)C(C)(C)C)C(OC)=CC=C2OC,CCOC(C1=NOC=C1)=O,CN1CCCN2C1=NCCC2,IC1=CN=CC=C1,87.24,Cc1ccc(Nc2cccnc2)cc1
P2Et,CC(C)C(C=C(C(C)C)C=C1C(C)C)=C1C2=C(P(C(C)(C)C)C(C)(C)C)C(OC)=CC=C2OC,CC1=C(C(OCC)=O)C=NO1,CN(C)P(N(C)C)(N(C)C)=NP(N(C)C)(N(C)C)=NCC,ClC1=CC=C(C(F)(F)F)C=C1,11.3,Cc1ccc(Nc2ccc(C(F)(F)F)cc2)cc1
P2Et,CC(C)C(C=C(C(C)C)C=C1C(C)C)=C1C2=C(P(C(C)(C)C)C(C)(C)C)C(OC)=CC=C2OC,CC1=C(C(OCC)=O)C=NO1,CN(C)P(N(C)C)(N(C)C)=NP(N(C)C)(N(C)C)=NCC,BrC1=CC=C(C(F)(F)F)C=C1,10.83,Cc1ccc(Nc2ccc(C(F)(F)F)cc2)cc1
P2Et,CC(C)C(C=C(C(C)C)C=C1C(C)C)=C1C2=C(P(C(C)(C)C)C(C)(C)C)C(OC)=CC=C2OC,CC1=C(C(OCC)=O)C=NO1,CN(C)P(N(C)C)(N(C)C)=NP(N(C)C)(N(C)C)=NCC,IC1=CC=C(C(F)(F)F)C=C1,12.11,Cc1ccc(Nc2ccc(C(F)(F)F)cc2)cc1
P2Et,CC(C)C(C=C(C(C)C)C=C1C(C)C)=C1C2=C(P(C(C)(C)C)C(C)(C)C)C(OC)=CC=C2OC,CC1=C(C(OCC)=O)C=NO1,CN(C)P(N(C)C)(N(C)C)=NP(N(C)C)(N(C)C)=NCC,ClC1=CC=C(OC)C=C1,1.04,COc1ccc(Nc2ccc(C)cc2)cc1
P2Et,CC(C)C(C=C(C(C)C)C=C1C(C)C)=C1C2=C(P(C(C)(C)C)C(C)(C)C)C(OC)=CC=C2OC,CC1=C(C(OCC)=O)C=NO1,CN(C)P(N(C)C)(N(C)C)=NP(N(C)C)(N(C)C)=NCC,BrC1=CC=C(OC)C=C1,15.16,COc1ccc(Nc2ccc(C)cc2)cc1
P2Et,CC(C)C(C=C(C(C)C)C=C1C(C)C)=C1C2=C(P(C(C)(C)C)C(C)(C)C)C(OC)=CC=C2OC,CC1=C(C(OCC)=O)C=NO1,CN(C)P(N(C)C)(N(C)C)=NP(N(C)C)(N(C)C)=NCC,IC1=CC=C(OC)C=C1,19.47,COc1ccc(Nc2ccc(C)cc2)cc1
P2Et,CC(C)C(C=C(C(C)C)C=C1C(C)C)=C1C2=C(P(C(C)(C)C)C(C)(C)C)C(OC)=CC=C2OC,CC1=C(C(OCC)=O)C=NO1,CN(C)P(N(C)C)(N(C)C)=NP(N(C)C)(N(C)C)=NCC,ClC1=CC=C(CC)C=C1,8.04,CCc1ccc(Nc2ccc(C)cc2)cc1
P2Et,CC(C)C(C=C(C(C)C)C=C1C(C)C)=C1C2=C(P(C(C)(C)C)C(C)(C)C)C(OC)=CC=C2OC,CC1=C(C(OCC)=O)C=NO1,CN(C)P(N(C)C)(N(C)C)=NP(N(C)C)(N(C)C)=NCC,BrC1=CC=C(CC)C=C1,23.74,CCc1ccc(Nc2ccc(C)cc2)cc1
P2Et,CC(C)C(C=C(C(C)C)C=C1C(C)C)=C1C2=C(P(C(C)(C)C)C(C)(C)C)C(OC)=CC=C2OC,CC1=C(C(OCC)=O)C=NO1,CN(C)P(N(C)C)(N(C)C)=NP(N(C)C)(N(C)C)=NCC,IC1=CC=C(CC)C=C1,30.46,CCc1ccc(Nc2ccc(C)cc2)cc1
P2Et,CC(C)C(C=C(C(C)C)C=C1C(C)C)=C1C2=C(P(C(C)(C)C)C(C)(C)C)C(OC)=CC=C2OC,CC1=C(C(OCC)=O)C=NO1,CN(C)P(N(C)C)(N(C)C)=NP(N(C)C)(N(C)C)=NCC,ClC1=NC=CC=C1,24.62,Cc1ccc(Nc2ccccn2)cc1
P2Et,CC(C)C(C=C(C(C)C)C=C1C(C)C)=C1C2=C(P(C(C)(C)C)C(C)(C)C)C(OC)=CC=C2OC,CC1=C(C(OCC)=O)C=NO1,CN(C)P(N(C)C)(N(C)C)=NP(N(C)C)(N(C)C)=NCC,BrC1=NC=CC=C1,28.58,Cc1ccc(Nc2ccccn2)cc1
P2Et,CC(C)C(C=C(C(C)C)C=C1C(C)C)=C1C2=C(P(C(C)(C)C)C(C)(C)C)C(OC)=CC=C2OC,CC1=C(C(OCC)=O)C=NO1,CN(C)P(N(C)C)(N(C)C)=NP(N(C)C)(N(C)C)=NCC,IC1=NC=CC=C1,36.15,Cc1ccc(Nc2ccccn2)cc1
P2Et,CC(C)C(C=C(C(C)C)C=C1C(C)C)=C1C2=C(P(C(C)(C)C)C(C)(C)C)C(OC)=CC=C2OC,CC1=C(C(OCC)=O)C=NO1,CN(C)P(N(C)C)(N(C)C)=NP(N(C)C)(N(C)C)=NCC,ClC1=CN=CC=C1,13.72,Cc1ccc(Nc2cccnc2)cc1
P2Et,CC(C)C(C=C(C(C)C)C=C1C(C)C)=C1C2=C(P(C(C)(C)C)C(C)(C)C)C(OC)=CC=C2OC,CC1=C(C(OCC)=O)C=NO1,CN(C)P(N(C)C)(N(C)C)=NP(N(C)C)(N(C)C)=NCC,BrC1=CN=CC=C1,13.98,Cc1ccc(Nc2cccnc2)cc1
P2Et,CC(C)C(C=C(C(C)C)C=C1C(C)C)=C1C2=C(P(C(C)(C)C)C(C)(C)C)C(OC)=CC=C2OC,CC1=C(C(OCC)=O)C=NO1,CN(C)P(N(C)C)(N(C)C)=NP(N(C)C)(N(C)C)=NCC,IC1=CN=CC=C1,18.14,Cc1ccc(Nc2cccnc2)cc1
BTMG,CC(C)C(C=C(C(C)C)C=C1C(C)C)=C1C2=C(P(C(C)(C)C)C(C)(C)C)C(OC)=CC=C2OC,CC1=C(C(OCC)=O)C=NO1,CC(C)(C)/N=C(N(C)C)/N(C)C,ClC1=CC=C(C(F)(F)F)C=C1,0.93,Cc1ccc(Nc2ccc(C(F)(F)F)cc2)cc1
BTMG,CC(C)C(C=C(C(C)C)C=C1C(C)C)=C1C2=C(P(C(C)(C)C)C(C)(C)C)C(OC)=CC=C2OC,CC1=C(C(OCC)=O)C=NO1,CC(C)(C)/N=C(N(C)C)/N(C)C,BrC1=CC=C(C(F)(F)F)C=C1,7.32,Cc1ccc(Nc2ccc(C(F)(F)F)cc2)cc1
BTMG,CC(C)C(C=C(C(C)C)C=C1C(C)C)=C1C2=C(P(C(C)(C)C)C(C)(C)C)C(OC)=CC=C2OC,CC1=C(C(OCC)=O)C=NO1,CC(C)(C)/N=C(N(C)C)/N(C)C,IC1=CC=C(C(F)(F)F)C=C1,21.43,Cc1ccc(Nc2ccc(C(F)(F)F)cc2)cc1
BTMG,CC(C)C(C=C(C(C)C)C=C1C(C)C)=C1C2=C(P(C(C)(C)C)C(C)(C)C)C(OC)=CC=C2OC,CC1=C(C(OCC)=O)C=NO1,CC(C)(C)/N=C(N(C)C)/N(C)C,ClC1=CC=C(OC)C=C1,0.0,COc1ccc(Nc2ccc(C)cc2)cc1
BTMG,CC(C)C(C=C(C(C)C)C=C1C(C)C)=C1C2=C(P(C(C)(C)C)C(C)(C)C)C(OC)=CC=C2OC,CC1=C(C(OCC)=O)C=NO1,CC(C)(C)/N=C(N(C)C)/N(C)C,BrC1=CC=C(OC)C=C1,3.29,COc1ccc(Nc2ccc(C)cc2)cc1
BTMG,CC(C)C(C=C(C(C)C)C=C1C(C)C)=C1C2=C(P(C(C)(C)C)C(C)(C)C)C(OC)=CC=C2OC,CC1=C(C(OCC)=O)C=NO1,CC(C)(C)/N=C(N(C)C)/N(C)C,IC1=CC=C(OC)C=C1,23.04,COc1ccc(Nc2ccc(C)cc2)cc1
BTMG,CC(C)C(C=C(C(C)C)C=C1C(C)C)=C1C2=C(P(C(C)(C)C)C(C)(C)C)C(OC)=CC=C2OC,CC1=C(C(OCC)=O)C=NO1,CC(C)(C)/N=C(N(C)C)/N(C)C,ClC1=CC=C(CC)C=C1,0.0,CCc1ccc(Nc2ccc(C)cc2)cc1
BTMG,CC(C)C(C=C(C(C)C)C=C1C(C)C)=C1C2=C(P(C(C)(C)C)C(C)(C)C)C(OC)=CC=C2OC,CC1=C(C(OCC)=O)C=NO1,CC(C)(C)/N=C(N(C)C)/N(C)C,BrC1=CC=C(CC)C=C1,7.48,CCc1ccc(Nc2ccc(C)cc2)cc1
BTMG,CC(C)C(C=C(C(C)C)C=C1C(C)C)=C1C2=C(P(C(C)(C)C)C(C)(C)C)C(OC)=CC=C2OC,CC1=C(C(OCC)=O)C=NO1,CC(C)(C)/N=C(N(C)C)/N(C)C,IC1=CC=C(CC)C=C1,40.0,CCc1ccc(Nc2ccc(C)cc2)cc1
BTMG,CC(C)C(C=C(C(C)C)C=C1C(C)C)=C1C2=C(P(C(C)(C)C)C(C)(C)C)C(OC)=CC=C2OC,CC1=C(C(OCC)=O)C=NO1,CC(C)(C)/N=C(N(C)C)/N(C)C,ClC1=NC=CC=C1,9.84,Cc1ccc(Nc2ccccn2)cc1
BTMG,CC(C)C(C=C(C(C)C)C=C1C(C)C)=C1C2=C(P(C(C)(C)C)C(C)(C)C)C(OC)=CC=C2OC,CC1=C(C(OCC)=O)C=NO1,CC(C)(C)/N=C(N(C)C)/N(C)C,BrC1=NC=CC=C1,16.26,Cc1ccc(Nc2ccccn2)cc1
BTMG,CC(C)C(C=C(C(C)C)C=C1C(C)C)=C1C2=C(P(C(C)(C)C)C(C)(C)C)C(OC)=CC=C2OC,CC1=C(C(OCC)=O)C=NO1,CC(C)(C)/N=C(N(C)C)/N(C)C,IC1=NC=CC=C1,36.06,Cc1ccc(Nc2ccccn2)cc1
BTMG,CC(C)C(C=C(C(C)C)C=C1C(C)C)=C1C2=C(P(C(C)(C)C)C(C)(C)C)C(OC)=CC=C2OC,CC1=C(C(OCC)=O)C=NO1,CC(C)(C)/N=C(N(C)C)/N(C)C,ClC1=CN=CC=C1,0.0,Cc1ccc(Nc2cccnc2)cc1
BTMG,CC(C)C(C=C(C(C)C)C=C1C(C)C)=C1C2=C(P(C(C)(C)C)C(C)(C)C)C(OC)=CC=C2OC,CC1=C(C(OCC)=O)C=NO1,CC(C)(C)/N=C(N(C)C)/N(C)C,BrC1=CN=CC=C1,15.39,Cc1ccc(Nc2cccnc2)cc1
BTMG,CC(C)C(C=C(C(C)C)C=C1C(C)C)=C1C2=C(P(C(C)(C)C)C(C)(C)C)C(OC)=CC=C2OC,CC1=C(C(OCC)=O)C=NO1,CC(C)(C)/N=C(N(C)C)/N(C)C,IC1=CN=CC=C1,27.68,Cc1ccc(Nc2cccnc2)cc1
MTBD,CC(C)C(C=C(C(C)C)C=C1C(C)C)=C1C2=C(P(C(C)(C)C)C(C)(C)C)C(OC)=CC=C2OC,CC1=C(C(OCC)=O)C=NO1,CN1CCCN2C1=NCCC2,ClC1=CC=C(C(F)(F)F)C=C1,20.25,Cc1ccc(Nc2ccc(C(F)(F)F)cc2)cc1
MTBD,CC(C)C(C=C(C(C)C)C=C1C(C)C)=C1C2=C(P(C(C)(C)C)C(C)(C)C)C(OC)=CC=C2OC,CC1=C(C(OCC)=O)C=NO1,CN1CCCN2C1=NCCC2,BrC1=CC=C(C(F)(F)F)C=C1,29.08,Cc1ccc(Nc2ccc(C(F)(F)F)cc2)cc1
MTBD,CC(C)C(C=C(C(C)C)C=C1C(C)C)=C1C2=C(P(C(C)(C)C)C(C)(C)C)C(OC)=CC=C2OC,CC1=C(C(OCC)=O)C=NO1,CN1CCCN2C1=NCCC2,IC1=CC=C(C(F)(F)F)C=C1,38.8,Cc1ccc(Nc2ccc(C(F)(F)F)cc2)cc1
MTBD,CC(C)C(C=C(C(C)C)C=C1C(C)C)=C1C2=C(P(C(C)(C)C)C(C)(C)C)C(OC)=CC=C2OC,CC1=C(C(OCC)=O)C=NO1,CN1CCCN2C1=NCCC2,ClC1=CC=C(OC)C=C1,0.85,COc1ccc(Nc2ccc(C)cc2)cc1
MTBD,CC(C)C(C=C(C(C)C)C=C1C(C)C)=C1C2=C(P(C(C)(C)C)C(C)(C)C)C(OC)=CC=C2OC,CC1=C(C(OCC)=O)C=NO1,CN1CCCN2C1=NCCC2,BrC1=CC=C(OC)C=C1,26.78,COc1ccc(Nc2ccc(C)cc2)cc1
MTBD,CC(C)C(C=C(C(C)C)C=C1C(C)C)=C1C2=C(P(C(C)(C)C)C(C)(C)C)C(OC)=CC=C2OC,CC1=C(C(OCC)=O)C=NO1,CN1CCCN2C1=NCCC2,IC1=CC=C(OC)C=C1,29.42,COc1ccc(Nc2ccc(C)cc2)cc1
MTBD,CC(C)C(C=C(C(C)C)C=C1C(C)C)=C1C2=C(P(C(C)(C)C)C(C)(C)C)C(OC)=CC=C2OC,CC1=C(C(OCC)=O)C=NO1,CN1CCCN2C1=NCCC2,ClC1=CC=C(CC)C=C1,7.69,CCc1ccc(Nc2ccc(C)cc2)cc1
MTBD,CC(C)C(C=C(C(C)C)C=C1C(C)C)=C1C2=C(P(C(C)(C)C)C(C)(C)C)C(OC)=CC=C2OC,CC1=C(C(OCC)=O)C=NO1,CN1CCCN2C1=NCCC2,BrC1=CC=C(CC)C=C1,45.39,CCc1ccc(Nc2ccc(C)cc2)cc1
MTBD,CC(C)C(C=C(C(C)C)C=C1C(C)C)=C1C2=C(P(C(C)(C)C)C(C)(C)C)C(OC)=CC=C2OC,CC1=C(C(OCC)=O)C=NO1,CN1CCCN2C1=NCCC2,IC1=CC=C(CC)C=C1,59.86,CCc1ccc(Nc2ccc(C)cc2)cc1
MTBD,CC(C)C(C=C(C(C)C)C=C1C(C)C)=C1C2=C(P(C(C)(C)C)C(C)(C)C)C(OC)=CC=C2OC,CC1=C(C(OCC)=O)C=NO1,CN1CCCN2C1=NCCC2,ClC1=NC=CC=C1,49.95,Cc1ccc(Nc2ccccn2)cc1
MTBD,CC(C)C(C=C(C(C)C)C=C1C(C)C)=C1C2=C(P(C(C)(C)C)C(C)(C)C)C(OC)=CC=C2OC,CC1=C(C(OCC)=O)C=NO1,CN1CCCN2C1=NCCC2,BrC1=NC=CC=C1,50.71,Cc1ccc(Nc2ccccn2)cc1
MTBD,CC(C)C(C=C(C(C)C)C=C1C(C)C)=C1C2=C(P(C(C)(C)C)C(C)(C)C)C(OC)=CC=C2OC,CC1=C(C(OCC)=O)C=NO1,CN1CCCN2C1=NCCC2,IC1=NC=CC=C1,77.96,Cc1ccc(Nc2ccccn2)cc1
MTBD,CC(C)C(C=C(C(C)C)C=C1C(C)C)=C1C2=C(P(C(C)(C)C)C(C)(C)C)C(OC)=CC=C2OC,CC1=C(C(OCC)=O)C=NO1,CN1CCCN2C1=NCCC2,ClC1=CN=CC=C1,15.12,Cc1ccc(Nc2cccnc2)cc1
MTBD,CC(C)C(C=C(C(C)C)C=C1C(C)C)=C1C2=C(P(C(C)(C)C)C(C)(C)C)C(OC)=CC=C2OC,CC1=C(C(OCC)=O)C=NO1,CN1CCCN2C1=NCCC2,BrC1=CN=CC=C1,45.5,Cc1ccc(Nc2cccnc2)cc1
MTBD,CC(C)C(C=C(C(C)C)C=C1C(C)C)=C1C2=C(P(C(C)(C)C)C(C)(C)C)C(OC)=CC=C2OC,CC1=C(C(OCC)=O)C=NO1,CN1CCCN2C1=NCCC2,IC1=CN=CC=C1,48.18,Cc1ccc(Nc2cccnc2)cc1
P2Et,CC(C)C(C=C(C(C)C)C=C1C(C)C)=C1C2=C(P(C(C)(C)C)C(C)(C)C)C(OC)=CC=C2OC,CCOC(C1=CON=C1)=O,CN(C)P(N(C)C)(N(C)C)=NP(N(C)C)(N(C)C)=NCC,ClC1=CC=C(C(F)(F)F)C=C1,1.23,Cc1ccc(Nc2ccc(C(F)(F)F)cc2)cc1
P2Et,CC(C)C(C=C(C(C)C)C=C1C(C)C)=C1C2=C(P(C(C)(C)C)C(C)(C)C)C(OC)=CC=C2OC,CCOC(C1=CON=C1)=O,CN(C)P(N(C)C)(N(C)C)=NP(N(C)C)(N(C)C)=NCC,BrC1=CC=C(C(F)(F)F)C=C1,5.99,Cc1ccc(Nc2ccc(C(F)(F)F)cc2)cc1
P2Et,CC(C)C(C=C(C(C)C)C=C1C(C)C)=C1C2=C(P(C(C)(C)C)C(C)(C)C)C(OC)=CC=C2OC,CCOC(C1=CON=C1)=O,CN(C)P(N(C)C)(N(C)C)=NP(N(C)C)(N(C)C)=NCC,IC1=CC=C(C(F)(F)F)C=C1,4.02,Cc1ccc(Nc2ccc(C(F)(F)F)cc2)cc1
P2Et,CC(C)C(C=C(C(C)C)C=C1C(C)C)=C1C2=C(P(C(C)(C)C)C(C)(C)C)C(OC)=CC=C2OC,CCOC(C1=CON=C1)=O,CN(C)P(N(C)C)(N(C)C)=NP(N(C)C)(N(C)C)=NCC,ClC1=CC=C(OC)C=C1,0.0,COc1ccc(Nc2ccc(C)cc2)cc1
P2Et,CC(C)C(C=C(C(C)C)C=C1C(C)C)=C1C2=C(P(C(C)(C)C)C(C)(C)C)C(OC)=CC=C2OC,CCOC(C1=CON=C1)=O,CN(C)P(N(C)C)(N(C)C)=NP(N(C)C)(N(C)C)=NCC,BrC1=CC=C(OC)C=C1,3.26,COc1ccc(Nc2ccc(C)cc2)cc1
P2Et,CC(C)C(C=C(C(C)C)C=C1C(C)C)=C1C2=C(P(C(C)(C)C)C(C)(C)C)C(OC)=CC=C2OC,CCOC(C1=CON=C1)=O,CN(C)P(N(C)C)(N(C)C)=NP(N(C)C)(N(C)C)=NCC,IC1=CC=C(OC)C=C1,6.29,COc1ccc(Nc2ccc(C)cc2)cc1
P2Et,CC(C)C(C=C(C(C)C)C=C1C(C)C)=C1C2=C(P(C(C)(C)C)C(C)(C)C)C(OC)=CC=C2OC,CCOC(C1=CON=C1)=O,CN(C)P(N(C)C)(N(C)C)=NP(N(C)C)(N(C)C)=NCC,ClC1=CC=C(CC)C=C1,9.61,CCc1ccc(Nc2ccc(C)cc2)cc1
P2Et,CC(C)C(C=C(C(C)C)C=C1C(C)C)=C1C2=C(P(C(C)(C)C)C(C)(C)C)C(OC)=CC=C2OC,CCOC(C1=CON=C1)=O,CN(C)P(N(C)C)(N(C)C)=NP(N(C)C)(N(C)C)=NCC,BrC1=CC=C(CC)C=C1,13.6,CCc1ccc(Nc2ccc(C)cc2)cc1
P2Et,CC(C)C(C=C(C(C)C)C=C1C(C)C)=C1C2=C(P(C(C)(C)C)C(C)(C)C)C(OC)=CC=C2OC,CCOC(C1=CON=C1)=O,CN(C)P(N(C)C)(N(C)C)=NP(N(C)C)(N(C)C)=NCC,IC1=CC=C(CC)C=C1,10.04,CCc1ccc(Nc2ccc(C)cc2)cc1
P2Et,CC(C)C(C=C(C(C)C)C=C1C(C)C)=C1C2=C(P(C(C)(C)C)C(C)(C)C)C(OC)=CC=C2OC,CCOC(C1=CON=C1)=O,CN(C)P(N(C)C)(N(C)C)=NP(N(C)C)(N(C)C)=NCC,ClC1=NC=CC=C1,4.44,Cc1ccc(Nc2ccccn2)cc1
P2Et,CC(C)C(C=C(C(C)C)C=C1C(C)C)=C1C2=C(P(C(C)(C)C)C(C)(C)C)C(OC)=CC=C2OC,CCOC(C1=CON=C1)=O,CN(C)P(N(C)C)(N(C)C)=NP(N(C)C)(N(C)C)=NCC,BrC1=NC=CC=C1,2.41,Cc1ccc(Nc2ccccn2)cc1
P2Et,CC(C)C(C=C(C(C)C)C=C1C(C)C)=C1C2=C(P(C(C)(C)C)C(C)(C)C)C(OC)=CC=C2OC,CCOC(C1=CON=C1)=O,CN(C)P(N(C)C)(N(C)C)=NP(N(C)C)(N(C)C)=NCC,IC1=NC=CC=C1,12.05,Cc1ccc(Nc2ccccn2)cc1
P2Et,CC(C)C(C=C(C(C)C)C=C1C(C)C)=C1C2=C(P(C(C)(C)C)C(C)(C)C)C(OC)=CC=C2OC,CCOC(C1=CON=C1)=O,CN(C)P(N(C)C)(N(C)C)=NP(N(C)C)(N(C)C)=NCC,ClC1=CN=CC=C1,0.0,Cc1ccc(Nc2cccnc2)cc1
P2Et,CC(C)C(C=C(C(C)C)C=C1C(C)C)=C1C2=C(P(C(C)(C)C)C(C)(C)C)C(OC)=CC=C2OC,CCOC(C1=CON=C1)=O,CN(C)P(N(C)C)(N(C)C)=NP(N(C)C)(N(C)C)=NCC,BrC1=CN=CC=C1,6.36,Cc1ccc(Nc2cccnc2)cc1
P2Et,CC(C)C(C=C(C(C)C)C=C1C(C)C)=C1C2=C(P(C(C)(C)C)C(C)(C)C)C(OC)=CC=C2OC,CCOC(C1=CON=C1)=O,CN(C)P(N(C)C)(N(C)C)=NP(N(C)C)(N(C)C)=NCC,IC1=CN=CC=C1,6.5,Cc1ccc(Nc2cccnc2)cc1
BTMG,CC(C)C(C=C(C(C)C)C=C1C(C)C)=C1C2=C(P(C(C)(C)C)C(C)(C)C)C(OC)=CC=C2OC,CCOC(C1=CON=C1)=O,CC(C)(C)/N=C(N(C)C)/N(C)C,ClC1=CC=C(C(F)(F)F)C=C1,0.7,Cc1ccc(Nc2ccc(C(F)(F)F)cc2)cc1
BTMG,CC(C)C(C=C(C(C)C)C=C1C(C)C)=C1C2=C(P(C(C)(C)C)C(C)(C)C)C(OC)=CC=C2OC,CCOC(C1=CON=C1)=O,CC(C)(C)/N=C(N(C)C)/N(C)C,BrC1=CC=C(C(F)(F)F)C=C1,2.07,Cc1ccc(Nc2ccc(C(F)(F)F)cc2)cc1
BTMG,CC(C)C(C=C(C(C)C)C=C1C(C)C)=C1C2=C(P(C(C)(C)C)C(C)(C)C)C(OC)=CC=C2OC,CCOC(C1=CON=C1)=O,CC(C)(C)/N=C(N(C)C)/N(C)C,IC1=CC=C(C(F)(F)F)C=C1,3.57,Cc1ccc(Nc2ccc(C(F)(F)F)cc2)cc1
BTMG,CC(C)C(C=C(C(C)C)C=C1C(C)C)=C1C2=C(P(C(C)(C)C)C(C)(C)C)C(OC)=CC=C2OC,CCOC(C1=CON=C1)=O,CC(C)(C)/N=C(N(C)C)/N(C)C,ClC1=CC=C(OC)C=C1,0.0,COc1ccc(Nc2ccc(C)cc2)cc1
BTMG,CC(C)C(C=C(C(C)C)C=C1C(C)C)=C1C2=C(P(C(C)(C)C)C(C)(C)C)C(OC)=CC=C2OC,CCOC(C1=CON=C1)=O,CC(C)(C)/N=C(N(C)C)/N(C)C,BrC1=CC=C(OC)C=C1,0.65,COc1ccc(Nc2ccc(C)cc2)cc1
BTMG,CC(C)C(C=C(C(C)C)C=C1C(C)C)=C1C2=C(P(C(C)(C)C)C(C)(C)C)C(OC)=CC=C2OC,CCOC(C1=CON=C1)=O,CC(C)(C)/N=C(N(C)C)/N(C)C,IC1=CC=C(OC)C=C1,2.04,COc1ccc(Nc2ccc(C)cc2)cc1
BTMG,CC(C)C(C=C(C(C)C)C=C1C(C)C)=C1C2=C(P(C(C)(C)C)C(C)(C)C)C(OC)=CC=C2OC,CCOC(C1=CON=C1)=O,CC(C)(C)/N=C(N(C)C)/N(C)C,ClC1=CC=C(CC)C=C1,0.86,CCc1ccc(Nc2ccc(C)cc2)cc1
BTMG,CC(C)C(C=C(C(C)C)C=C1C(C)C)=C1C2=C(P(C(C)(C)C)C(C)(C)C)C(OC)=CC=C2OC,CCOC(C1=CON=C1)=O,CC(C)(C)/N=C(N(C)C)/N(C)C,BrC1=CC=C(CC)C=C1,2.37,CCc1ccc(Nc2ccc(C)cc2)cc1
BTMG,CC(C)C(C=C(C(C)C)C=C1C(C)C)=C1C2=C(P(C(C)(C)C)C(C)(C)C)C(OC)=CC=C2OC,CCOC(C1=CON=C1)=O,CC(C)(C)/N=C(N(C)C)/N(C)C,IC1=CC=C(CC)C=C1,6.03,CCc1ccc(Nc2ccc(C)cc2)cc1
BTMG,CC(C)C(C=C(C(C)C)C=C1C(C)C)=C1C2=C(P(C(C)(C)C)C(C)(C)C)C(OC)=CC=C2OC,CCOC(C1=CON=C1)=O,CC(C)(C)/N=C(N(C)C)/N(C)C,ClC1=NC=CC=C1,0.0,Cc1ccc(Nc2ccccn2)cc1
BTMG,CC(C)C(C=C(C(C)C)C=C1C(C)C)=C1C2=C(P(C(C)(C)C)C(C)(C)C)C(OC)=CC=C2OC,CCOC(C1=CON=C1)=O,CC(C)(C)/N=C(N(C)C)/N(C)C,BrC1=NC=CC=C1,1.59,Cc1ccc(Nc2ccccn2)cc1
BTMG,CC(C)C(C=C(C(C)C)C=C1C(C)C)=C1C2=C(P(C(C)(C)C)C(C)(C)C)C(OC)=CC=C2OC,CCOC(C1=CON=C1)=O,CC(C)(C)/N=C(N(C)C)/N(C)C,IC1=NC=CC=C1,2.63,Cc1ccc(Nc2ccccn2)cc1
BTMG,CC(C)C(C=C(C(C)C)C=C1C(C)C)=C1C2=C(P(C(C)(C)C)C(C)(C)C)C(OC)=CC=C2OC,CCOC(C1=CON=C1)=O,CC(C)(C)/N=C(N(C)C)/N(C)C,ClC1=CN=CC=C1,0.0,Cc1ccc(Nc2cccnc2)cc1
BTMG,CC(C)C(C=C(C(C)C)C=C1C(C)C)=C1C2=C(P(C(C)(C)C)C(C)(C)C)C(OC)=CC=C2OC,CCOC(C1=CON=C1)=O,CC(C)(C)/N=C(N(C)C)/N(C)C,BrC1=CN=CC=C1,1.73,Cc1ccc(Nc2cccnc2)cc1
BTMG,CC(C)C(C=C(C(C)C)C=C1C(C)C)=C1C2=C(P(C(C)(C)C)C(C)(C)C)C(OC)=CC=C2OC,CCOC(C1=CON=C1)=O,CC(C)(C)/N=C(N(C)C)/N(C)C,IC1=CN=CC=C1,2.66,Cc1ccc(Nc2cccnc2)cc1
MTBD,CC(C)C(C=C(C(C)C)C=C1C(C)C)=C1C2=C(P(C(C)(C)C)C(C)(C)C)C(OC)=CC=C2OC,CCOC(C1=CON=C1)=O,CN1CCCN2C1=NCCC2,ClC1=CC=C(C(F)(F)F)C=C1,20.08,Cc1ccc(Nc2ccc(C(F)(F)F)cc2)cc1
MTBD,CC(C)C(C=C(C(C)C)C=C1C(C)C)=C1C2=C(P(C(C)(C)C)C(C)(C)C)C(OC)=CC=C2OC,CCOC(C1=CON=C1)=O,CN1CCCN2C1=NCCC2,BrC1=CC=C(C(F)(F)F)C=C1,22.44,Cc1ccc(Nc2ccc(C(F)(F)F)cc2)cc1
MTBD,CC(C)C(C=C(C(C)C)C=C1C(C)C)=C1C2=C(P(C(C)(C)C)C(C)(C)C)C(OC)=CC=C2OC,CCOC(C1=CON=C1)=O,CN1CCCN2C1=NCCC2,IC1=CC=C(C(F)(F)F)C=C1,22.47,Cc1ccc(Nc2ccc(C(F)(F)F)cc2)cc1
MTBD,CC(C)C(C=C(C(C)C)C=C1C(C)C)=C1C2=C(P(C(C)(C)C)C(C)(C)C)C(OC)=CC=C2OC,CCOC(C1=CON=C1)=O,CN1CCCN2C1=NCCC2,ClC1=CC=C(OC)C=C1,0.79,COc1ccc(Nc2ccc(C)cc2)cc1
MTBD,CC(C)C(C=C(C(C)C)C=C1C(C)C)=C1C2=C(P(C(C)(C)C)C(C)(C)C)C(OC)=CC=C2OC,CCOC(C1=CON=C1)=O,CN1CCCN2C1=NCCC2,BrC1=CC=C(OC)C=C1,15.38,COc1ccc(Nc2ccc(C)cc2)cc1
MTBD,CC(C)C(C=C(C(C)C)C=C1C(C)C)=C1C2=C(P(C(C)(C)C)C(C)(C)C)C(OC)=CC=C2OC,CCOC(C1=CON=C1)=O,CN1CCCN2C1=NCCC2,IC1=CC=C(OC)C=C1,15.73,COc1ccc(Nc2ccc(C)cc2)cc1
MTBD,CC(C)C(C=C(C(C)C)C=C1C(C)C)=C1C2=C(P(C(C)(C)C)C(C)(C)C)C(OC)=CC=C2OC,CCOC(C1=CON=C1)=O,CN1CCCN2C1=NCCC2,ClC1=CC=C(CC)C=C1,13.65,CCc1ccc(Nc2ccc(C)cc2)cc1
MTBD,CC(C)C(C=C(C(C)C)C=C1C(C)C)=C1C2=C(P(C(C)(C)C)C(C)(C)C)C(OC)=CC=C2OC,CCOC(C1=CON=C1)=O,CN1CCCN2C1=NCCC2,BrC1=CC=C(CC)C=C1,30.88,CCc1ccc(Nc2ccc(C)cc2)cc1
MTBD,CC(C)C(C=C(C(C)C)C=C1C(C)C)=C1C2=C(P(C(C)(C)C)C(C)(C)C)C(OC)=CC=C2OC,CCOC(C1=CON=C1)=O,CN1CCCN2C1=NCCC2,IC1=CC=C(CC)C=C1,33.7,CCc1ccc(Nc2ccc(C)cc2)cc1
MTBD,CC(C)C(C=C(C(C)C)C=C1C(C)C)=C1C2=C(P(C(C)(C)C)C(C)(C)C)C(OC)=CC=C2OC,CCOC(C1=CON=C1)=O,CN1CCCN2C1=NCCC2,ClC1=NC=CC=C1,40.01,Cc1ccc(Nc2ccccn2)cc1
MTBD,CC(C)C(C=C(C(C)C)C=C1C(C)C)=C1C2=C(P(C(C)(C)C)C(C)(C)C)C(OC)=CC=C2OC,CCOC(C1=CON=C1)=O,CN1CCCN2C1=NCCC2,BrC1=NC=CC=C1,40.9,Cc1ccc(Nc2ccccn2)cc1
MTBD,CC(C)C(C=C(C(C)C)C=C1C(C)C)=C1C2=C(P(C(C)(C)C)C(C)(C)C)C(OC)=CC=C2OC,CCOC(C1=CON=C1)=O,CN1CCCN2C1=NCCC2,IC1=NC=CC=C1,44.94,Cc1ccc(Nc2ccccn2)cc1
MTBD,CC(C)C(C=C(C(C)C)C=C1C(C)C)=C1C2=C(P(C(C)(C)C)C(C)(C)C)C(OC)=CC=C2OC,CCOC(C1=CON=C1)=O,CN1CCCN2C1=NCCC2,ClC1=CN=CC=C1,28.91,Cc1ccc(Nc2cccnc2)cc1
MTBD,CC(C)C(C=C(C(C)C)C=C1C(C)C)=C1C2=C(P(C(C)(C)C)C(C)(C)C)C(OC)=CC=C2OC,CCOC(C1=CON=C1)=O,CN1CCCN2C1=NCCC2,BrC1=CN=CC=C1,32.17,Cc1ccc(Nc2cccnc2)cc1
MTBD,CC(C)C(C=C(C(C)C)C=C1C(C)C)=C1C2=C(P(C(C)(C)C)C(C)(C)C)C(OC)=CC=C2OC,CCOC(C1=CON=C1)=O,CN1CCCN2C1=NCCC2,IC1=CN=CC=C1,33.39,Cc1ccc(Nc2cccnc2)cc1
P2Et,CC(C)C(C=C(C(C)C)C=C1C(C)C)=C1C2=C(P(C(C)(C)C)C(C)(C)C)C(OC)=CC=C2OC,C12=C(C=CC=C2)ON=C1,CN(C)P(N(C)C)(N(C)C)=NP(N(C)C)(N(C)C)=NCC,ClC1=CC=C(C(F)(F)F)C=C1,16.27,Cc1ccc(Nc2ccc(C(F)(F)F)cc2)cc1
P2Et,CC(C)C(C=C(C(C)C)C=C1C(C)C)=C1C2=C(P(C(C)(C)C)C(C)(C)C)C(OC)=CC=C2OC,C12=C(C=CC=C2)ON=C1,CN(C)P(N(C)C)(N(C)C)=NP(N(C)C)(N(C)C)=NCC,BrC1=CC=C(C(F)(F)F)C=C1,30.61,Cc1ccc(Nc2ccc(C(F)(F)F)cc2)cc1
P2Et,CC(C)C(C=C(C(C)C)C=C1C(C)C)=C1C2=C(P(C(C)(C)C)C(C)(C)C)C(OC)=CC=C2OC,C12=C(C=CC=C2)ON=C1,CN(C)P(N(C)C)(N(C)C)=NP(N(C)C)(N(C)C)=NCC,IC1=CC=C(C(F)(F)F)C=C1,42.7,Cc1ccc(Nc2ccc(C(F)(F)F)cc2)cc1
P2Et,CC(C)C(C=C(C(C)C)C=C1C(C)C)=C1C2=C(P(C(C)(C)C)C(C)(C)C)C(OC)=CC=C2OC,C12=C(C=CC=C2)ON=C1,CN(C)P(N(C)C)(N(C)C)=NP(N(C)C)(N(C)C)=NCC,ClC1=CC=C(OC)C=C1,0.59,COc1ccc(Nc2ccc(C)cc2)cc1
P2Et,CC(C)C(C=C(C(C)C)C=C1C(C)C)=C1C2=C(P(C(C)(C)C)C(C)(C)C)C(OC)=CC=C2OC,C12=C(C=CC=C2)ON=C1,CN(C)P(N(C)C)(N(C)C)=NP(N(C)C)(N(C)C)=NCC,BrC1=CC=C(OC)C=C1,23.1,COc1ccc(Nc2ccc(C)cc2)cc1
P2Et,CC(C)C(C=C(C(C)C)C=C1C(C)C)=C1C2=C(P(C(C)(C)C)C(C)(C)C)C(OC)=CC=C2OC,C12=C(C=CC=C2)ON=C1,CN(C)P(N(C)C)(N(C)C)=NP(N(C)C)(N(C)C)=NCC,IC1=CC=C(OC)C=C1,29.85,COc1ccc(Nc2ccc(C)cc2)cc1
P2Et,CC(C)C(C=C(C(C)C)C=C1C(C)C)=C1C2=C(P(C(C)(C)C)C(C)(C)C)C(OC)=CC=C2OC,C12=C(C=CC=C2)ON=C1,CN(C)P(N(C)C)(N(C)C)=NP(N(C)C)(N(C)C)=NCC,ClC1=CC=C(CC)C=C1,9.23,CCc1ccc(Nc2ccc(C)cc2)cc1
P2Et,CC(C)C(C=C(C(C)C)C=C1C(C)C)=C1C2=C(P(C(C)(C)C)C(C)(C)C)C(OC)=CC=C2OC,C12=C(C=CC=C2)ON=C1,CN(C)P(N(C)C)(N(C)C)=NP(N(C)C)(N(C)C)=NCC,BrC1=CC=C(CC)C=C1,54.91,CCc1ccc(Nc2ccc(C)cc2)cc1
P2Et,CC(C)C(C=C(C(C)C)C=C1C(C)C)=C1C2=C(P(C(C)(C)C)C(C)(C)C)C(OC)=CC=C2OC,C12=C(C=CC=C2)ON=C1,CN(C)P(N(C)C)(N(C)C)=NP(N(C)C)(N(C)C)=NCC,IC1=CC=C(CC)C=C1,59.29,CCc1ccc(Nc2ccc(C)cc2)cc1
P2Et,CC(C)C(C=C(C(C)C)C=C1C(C)C)=C1C2=C(P(C(C)(C)C)C(C)(C)C)C(OC)=CC=C2OC,C12=C(C=CC=C2)ON=C1,CN(C)P(N(C)C)(N(C)C)=NP(N(C)C)(N(C)C)=NCC,ClC1=NC=CC=C1,56.5,Cc1ccc(Nc2ccccn2)cc1
P2Et,CC(C)C(C=C(C(C)C)C=C1C(C)C)=C1C2=C(P(C(C)(C)C)C(C)(C)C)C(OC)=CC=C2OC,C12=C(C=CC=C2)ON=C1,CN(C)P(N(C)C)(N(C)C)=NP(N(C)C)(N(C)C)=NCC,BrC1=NC=CC=C1,63.57,Cc1ccc(Nc2ccccn2)cc1
P2Et,CC(C)C(C=C(C(C)C)C=C1C(C)C)=C1C2=C(P(C(C)(C)C)C(C)(C)C)C(OC)=CC=C2OC,C12=C(C=CC=C2)ON=C1,CN(C)P(N(C)C)(N(C)C)=NP(N(C)C)(N(C)C)=NCC,IC1=NC=CC=C1,68.44,Cc1ccc(Nc2ccccn2)cc1
P2Et,CC(C)C(C=C(C(C)C)C=C1C(C)C)=C1C2=C(P(C(C)(C)C)C(C)(C)C)C(OC)=CC=C2OC,C12=C(C=CC=C2)ON=C1,CN(C)P(N(C)C)(N(C)C)=NP(N(C)C)(N(C)C)=NCC,ClC1=CN=CC=C1,36.11,Cc1ccc(Nc2cccnc2)cc1
P2Et,CC(C)C(C=C(C(C)C)C=C1C(C)C)=C1C2=C(P(C(C)(C)C)C(C)(C)C)C(OC)=CC=C2OC,C12=C(C=CC=C2)ON=C1,CN(C)P(N(C)C)(N(C)C)=NP(N(C)C)(N(C)C)=NCC,BrC1=CN=CC=C1,70.74,Cc1ccc(Nc2cccnc2)cc1
P2Et,CC(C)C(C=C(C(C)C)C=C1C(C)C)=C1C2=C(P(C(C)(C)C)C(C)(C)C)C(OC)=CC=C2OC,C12=C(C=CC=C2)ON=C1,CN(C)P(N(C)C)(N(C)C)=NP(N(C)C)(N(C)C)=NCC,IC1=CN=CC=C1,73.25,Cc1ccc(Nc2cccnc2)cc1
BTMG,CC(C)C(C=C(C(C)C)C=C1C(C)C)=C1C2=C(P(C(C)(C)C)C(C)(C)C)C(OC)=CC=C2OC,C12=C(C=CC=C2)ON=C1,CC(C)(C)/N=C(N(C)C)/N(C)C,ClC1=CC=C(C(F)(F)F)C=C1,16.1,Cc1ccc(Nc2ccc(C(F)(F)F)cc2)cc1
BTMG,CC(C)C(C=C(C(C)C)C=C1C(C)C)=C1C2=C(P(C(C)(C)C)C(C)(C)C)C(OC)=CC=C2OC,C12=C(C=CC=C2)ON=C1,CC(C)(C)/N=C(N(C)C)/N(C)C,BrC1=CC=C(C(F)(F)F)C=C1,29.9,Cc1ccc(Nc2ccc(C(F)(F)F)cc2)cc1
BTMG,CC(C)C(C=C(C(C)C)C=C1C(C)C)=C1C2=C(P(C(C)(C)C)C(C)(C)C)C(OC)=CC=C2OC,C12=C(C=CC=C2)ON=C1,CC(C)(C)/N=C(N(C)C)/N(C)C,IC1=CC=C(C(F)(F)F)C=C1,33.01,Cc1ccc(Nc2ccc(C(F)(F)F)cc2)cc1
BTMG,CC(C)C(C=C(C(C)C)C=C1C(C)C)=C1C2=C(P(C(C)(C)C)C(C)(C)C)C(OC)=CC=C2OC,C12=C(C=CC=C2)ON=C1,CC(C)(C)/N=C(N(C)C)/N(C)C,ClC1=CC=C(OC)C=C1,0.0,COc1ccc(Nc2ccc(C)cc2)cc1
BTMG,CC(C)C(C=C(C(C)C)C=C1C(C)C)=C1C2=C(P(C(C)(C)C)C(C)(C)C)C(OC)=CC=C2OC,C12=C(C=CC=C2)ON=C1,CC(C)(C)/N=C(N(C)C)/N(C)C,BrC1=CC=C(OC)C=C1,11.92,COc1ccc(Nc2ccc(C)cc2)cc1
BTMG,CC(C)C(C=C(C(C)C)C=C1C(C)C)=C1C2=C(P(C(C)(C)C)C(C)(C)C)C(OC)=CC=C2OC,C12=C(C=CC=C2)ON=C1,CC(C)(C)/N=C(N(C)C)/N(C)C,IC1=CC=C(OC)C=C1,18.21,COc1ccc(Nc2ccc(C)cc2)cc1
BTMG,CC(C)C(C=C(C(C)C)C=C1C(C)C)=C1C2=C(P(C(C)(C)C)C(C)(C)C)C(OC)=CC=C2OC,C12=C(C=CC=C2)ON=C1,CC(C)(C)/N=C(N(C)C)/N(C)C,ClC1=CC=C(CC)C=C1,9.58,CCc1ccc(Nc2ccc(C)cc2)cc1
BTMG,CC(C)C(C=C(C(C)C)C=C1C(C)C)=C1C2=C(P(C(C)(C)C)C(C)(C)C)C(OC)=CC=C2OC,C12=C(C=CC=C2)ON=C1,CC(C)(C)/N=C(N(C)C)/N(C)C,BrC1=CC=C(CC)C=C1,38.52,CCc1ccc(Nc2ccc(C)cc2)cc1
BTMG,CC(C)C(C=C(C(C)C)C=C1C(C)C)=C1C2=C(P(C(C)(C)C)C(C)(C)C)C(OC)=CC=C2OC,C12=C(C=CC=C2)ON=C1,CC(C)(C)/N=C(N(C)C)/N(C)C,IC1=CC=C(CC)C=C1,44.02,CCc1ccc(Nc2ccc(C)cc2)cc1
BTMG,CC(C)C(C=C(C(C)C)C=C1C(C)C)=C1C2=C(P(C(C)(C)C)C(C)(C)C)C(OC)=CC=C2OC,C12=C(C=CC=C2)ON=C1,CC(C)(C)/N=C(N(C)C)/N(C)C,ClC1=NC=CC=C1,36.67,Cc1ccc(Nc2ccccn2)cc1
BTMG,CC(C)C(C=C(C(C)C)C=C1C(C)C)=C1C2=C(P(C(C)(C)C)C(C)(C)C)C(OC)=CC=C2OC,C12=C(C=CC=C2)ON=C1,CC(C)(C)/N=C(N(C)C)/N(C)C,BrC1=NC=CC=C1,43.48,Cc1ccc(Nc2ccccn2)cc1
BTMG,CC(C)C(C=C(C(C)C)C=C1C(C)C)=C1C2=C(P(C(C)(C)C)C(C)(C)C)C(OC)=CC=C2OC,C12=C(C=CC=C2)ON=C1,CC(C)(C)/N=C(N(C)C)/N(C)C,IC1=NC=CC=C1,47.63,Cc1ccc(Nc2ccccn2)cc1
BTMG,CC(C)C(C=C(C(C)C)C=C1C(C)C)=C1C2=C(P(C(C)(C)C)C(C)(C)C)C(OC)=CC=C2OC,C12=C(C=CC=C2)ON=C1,CC(C)(C)/N=C(N(C)C)/N(C)C,ClC1=CN=CC=C1,24.8,Cc1ccc(Nc2cccnc2)cc1
BTMG,CC(C)C(C=C(C(C)C)C=C1C(C)C)=C1C2=C(P(C(C)(C)C)C(C)(C)C)C(OC)=CC=C2OC,C12=C(C=CC=C2)ON=C1,CC(C)(C)/N=C(N(C)C)/N(C)C,BrC1=CN=CC=C1,53.55,Cc1ccc(Nc2cccnc2)cc1
BTMG,CC(C)C(C=C(C(C)C)C=C1C(C)C)=C1C2=C(P(C(C)(C)C)C(C)(C)C)C(OC)=CC=C2OC,C12=C(C=CC=C2)ON=C1,CC(C)(C)/N=C(N(C)C)/N(C)C,IC1=CN=CC=C1,58.68,Cc1ccc(Nc2cccnc2)cc1
MTBD,CC(C)C(C=C(C(C)C)C=C1C(C)C)=C1C2=C(P(C(C)(C)C)C(C)(C)C)C(OC)=CC=C2OC,C12=C(C=CC=C2)ON=C1,CN1CCCN2C1=NCCC2,ClC1=CC=C(C(F)(F)F)C=C1,22.91,Cc1ccc(Nc2ccc(C(F)(F)F)cc2)cc1
MTBD,CC(C)C(C=C(C(C)C)C=C1C(C)C)=C1C2=C(P(C(C)(C)C)C(C)(C)C)C(OC)=CC=C2OC,C12=C(C=CC=C2)ON=C1,CN1CCCN2C1=NCCC2,BrC1=CC=C(C(F)(F)F)C=C1,36.55,Cc1ccc(Nc2ccc(C(F)(F)F)cc2)cc1
MTBD,CC(C)C(C=C(C(C)C)C=C1C(C)C)=C1C2=C(P(C(C)(C)C)C(C)(C)C)C(OC)=CC=C2OC,C12=C(C=CC=C2)ON=C1,CN1CCCN2C1=NCCC2,IC1=CC=C(C(F)(F)F)C=C1,49.3,Cc1ccc(Nc2ccc(C(F)(F)F)cc2)cc1
MTBD,CC(C)C(C=C(C(C)C)C=C1C(C)C)=C1C2=C(P(C(C)(C)C)C(C)(C)C)C(OC)=CC=C2OC,C12=C(C=CC=C2)ON=C1,CN1CCCN2C1=NCCC2,ClC1=CC=C(OC)C=C1,0.71,COc1ccc(Nc2ccc(C)cc2)cc1
MTBD,CC(C)C(C=C(C(C)C)C=C1C(C)C)=C1C2=C(P(C(C)(C)C)C(C)(C)C)C(OC)=CC=C2OC,C12=C(C=CC=C2)ON=C1,CN1CCCN2C1=NCCC2,BrC1=CC=C(OC)C=C1,29.58,COc1ccc(Nc2ccc(C)cc2)cc1
MTBD,CC(C)C(C=C(C(C)C)C=C1C(C)C)=C1C2=C(P(C(C)(C)C)C(C)(C)C)C(OC)=CC=C2OC,C12=C(C=CC=C2)ON=C1,CN1CCCN2C1=NCCC2,IC1=CC=C(OC)C=C1,35.51,COc1ccc(Nc2ccc(C)cc2)cc1
MTBD,CC(C)C(C=C(C(C)C)C=C1C(C)C)=C1C2=C(P(C(C)(C)C)C(C)(C)C)C(OC)=CC=C2OC,C12=C(C=CC=C2)ON=C1,CN1CCCN2C1=NCCC2,ClC1=CC=C(CC)C=C1,13.45,CCc1ccc(Nc2ccc(C)cc2)cc1
MTBD,CC(C)C(C=C(C(C)C)C=C1C(C)C)=C1C2=C(P(C(C)(C)C)C(C)(C)C)C(OC)=CC=C2OC,C12=C(C=CC=C2)ON=C1,CN1CCCN2C1=NCCC2,BrC1=CC=C(CC)C=C1,65.07,CCc1ccc(Nc2ccc(C)cc2)cc1
MTBD,CC(C)C(C=C(C(C)C)C=C1C(C)C)=C1C2=C(P(C(C)(C)C)C(C)(C)C)C(OC)=CC=C2OC,C12=C(C=CC=C2)ON=C1,CN1CCCN2C1=NCCC2,IC1=CC=C(CC)C=C1,69.13,CCc1ccc(Nc2ccc(C)cc2)cc1
MTBD,CC(C)C(C=C(C(C)C)C=C1C(C)C)=C1C2=C(P(C(C)(C)C)C(C)(C)C)C(OC)=CC=C2OC,C12=C(C=CC=C2)ON=C1,CN1CCCN2C1=NCCC2,ClC1=NC=CC=C1,80.1,Cc1ccc(Nc2ccccn2)cc1
MTBD,CC(C)C(C=C(C(C)C)C=C1C(C)C)=C1C2=C(P(C(C)(C)C)C(C)(C)C)C(OC)=CC=C2OC,C12=C(C=CC=C2)ON=C1,CN1CCCN2C1=NCCC2,BrC1=NC=CC=C1,85.13,Cc1ccc(Nc2ccccn2)cc1
MTBD,CC(C)C(C=C(C(C)C)C=C1C(C)C)=C1C2=C(P(C(C)(C)C)C(C)(C)C)C(OC)=CC=C2OC,C12=C(C=CC=C2)ON=C1,CN1CCCN2C1=NCCC2,IC1=NC=CC=C1,89.6,Cc1ccc(Nc2ccccn2)cc1
MTBD,CC(C)C(C=C(C(C)C)C=C1C(C)C)=C1C2=C(P(C(C)(C)C)C(C)(C)C)C(OC)=CC=C2OC,C12=C(C=CC=C2)ON=C1,CN1CCCN2C1=NCCC2,ClC1=CN=CC=C1,40.91,Cc1ccc(Nc2cccnc2)cc1
MTBD,CC(C)C(C=C(C(C)C)C=C1C(C)C)=C1C2=C(P(C(C)(C)C)C(C)(C)C)C(OC)=CC=C2OC,C12=C(C=CC=C2)ON=C1,CN1CCCN2C1=NCCC2,BrC1=CN=CC=C1,80.0,Cc1ccc(Nc2cccnc2)cc1
MTBD,CC(C)C(C=C(C(C)C)C=C1C(C)C)=C1C2=C(P(C(C)(C)C)C(C)(C)C)C(OC)=CC=C2OC,C12=C(C=CC=C2)ON=C1,CN1CCCN2C1=NCCC2,IC1=CN=CC=C1,83.41,Cc1ccc(Nc2cccnc2)cc1
P2Et,CC(C)C(C=C(C(C)C)C=C1C(C)C)=C1C2=C(P([C@@]3(C[C@@H]4C5)C[C@H](C4)C[C@H]5C3)[C@]6(C7)C[C@@H](C[C@@H]7C8)C[C@@H]8C6)C(OC)=CC=C2OC,CCOC(C1=NOC=C1)=O,CN(C)P(N(C)C)(N(C)C)=NP(N(C)C)(N(C)C)=NCC,ClC1=CC=C(C(F)(F)F)C=C1,0.0,Cc1ccc(Nc2ccc(C(F)(F)F)cc2)cc1
P2Et,CC(C)C(C=C(C(C)C)C=C1C(C)C)=C1C2=C(P([C@@]3(C[C@@H]4C5)C[C@H](C4)C[C@H]5C3)[C@]6(C7)C[C@@H](C[C@@H]7C8)C[C@@H]8C6)C(OC)=CC=C2OC,CCOC(C1=NOC=C1)=O,CN(C)P(N(C)C)(N(C)C)=NP(N(C)C)(N(C)C)=NCC,BrC1=CC=C(C(F)(F)F)C=C1,0.0,Cc1ccc(Nc2ccc(C(F)(F)F)cc2)cc1
P2Et,CC(C)C(C=C(C(C)C)C=C1C(C)C)=C1C2=C(P([C@@]3(C[C@@H]4C5)C[C@H](C4)C[C@H]5C3)[C@]6(C7)C[C@@H](C[C@@H]7C8)C[C@@H]8C6)C(OC)=CC=C2OC,CCOC(C1=NOC=C1)=O,CN(C)P(N(C)C)(N(C)C)=NP(N(C)C)(N(C)C)=NCC,IC1=CC=C(C(F)(F)F)C=C1,12.15,Cc1ccc(Nc2ccc(C(F)(F)F)cc2)cc1
P2Et,CC(C)C(C=C(C(C)C)C=C1C(C)C)=C1C2=C(P([C@@]3(C[C@@H]4C5)C[C@H](C4)C[C@H]5C3)[C@]6(C7)C[C@@H](C[C@@H]7C8)C[C@@H]8C6)C(OC)=CC=C2OC,CCOC(C1=NOC=C1)=O,CN(C)P(N(C)C)(N(C)C)=NP(N(C)C)(N(C)C)=NCC,ClC1=CC=C(OC)C=C1,0.0,COc1ccc(Nc2ccc(C)cc2)cc1
P2Et,CC(C)C(C=C(C(C)C)C=C1C(C)C)=C1C2=C(P([C@@]3(C[C@@H]4C5)C[C@H](C4)C[C@H]5C3)[C@]6(C7)C[C@@H](C[C@@H]7C8)C[C@@H]8C6)C(OC)=CC=C2OC,CCOC(C1=NOC=C1)=O,CN(C)P(N(C)C)(N(C)C)=NP(N(C)C)(N(C)C)=NCC,BrC1=CC=C(OC)C=C1,0.0,COc1ccc(Nc2ccc(C)cc2)cc1
P2Et,CC(C)C(C=C(C(C)C)C=C1C(C)C)=C1C2=C(P([C@@]3(C[C@@H]4C5)C[C@H](C4)C[C@H]5C3)[C@]6(C7)C[C@@H](C[C@@H]7C8)C[C@@H]8C6)C(OC)=CC=C2OC,CCOC(C1=NOC=C1)=O,CN(C)P(N(C)C)(N(C)C)=NP(N(C)C)(N(C)C)=NCC,IC1=CC=C(OC)C=C1,7.84,COc1ccc(Nc2ccc(C)cc2)cc1
P2Et,CC(C)C(C=C(C(C)C)C=C1C(C)C)=C1C2=C(P([C@@]3(C[C@@H]4C5)C[C@H](C4)C[C@H]5C3)[C@]6(C7)C[C@@H](C[C@@H]7C8)C[C@@H]8C6)C(OC)=CC=C2OC,CCOC(C1=NOC=C1)=O,CN(C)P(N(C)C)(N(C)C)=NP(N(C)C)(N(C)C)=NCC,ClC1=CC=C(CC)C=C1,0.0,CCc1ccc(Nc2ccc(C)cc2)cc1
P2Et,CC(C)C(C=C(C(C)C)C=C1C(C)C)=C1C2=C(P([C@@]3(C[C@@H]4C5)C[C@H](C4)C[C@H]5C3)[C@]6(C7)C[C@@H](C[C@@H]7C8)C[C@@H]8C6)C(OC)=CC=C2OC,CCOC(C1=NOC=C1)=O,CN(C)P(N(C)C)(N(C)C)=NP(N(C)C)(N(C)C)=NCC,BrC1=CC=C(CC)C=C1,1.02,CCc1ccc(Nc2ccc(C)cc2)cc1
P2Et,CC(C)C(C=C(C(C)C)C=C1C(C)C)=C1C2=C(P([C@@]3(C[C@@H]4C5)C[C@H](C4)C[C@H]5C3)[C@]6(C7)C[C@@H](C[C@@H]7C8)C[C@@H]8C6)C(OC)=CC=C2OC,CCOC(C1=NOC=C1)=O,CN(C)P(N(C)C)(N(C)C)=NP(N(C)C)(N(C)C)=NCC,IC1=CC=C(CC)C=C1,14.18,CCc1ccc(Nc2ccc(C)cc2)cc1
P2Et,CC(C)C(C=C(C(C)C)C=C1C(C)C)=C1C2=C(P([C@@]3(C[C@@H]4C5)C[C@H](C4)C[C@H]5C3)[C@]6(C7)C[C@@H](C[C@@H]7C8)C[C@@H]8C6)C(OC)=CC=C2OC,CCOC(C1=NOC=C1)=O,CN(C)P(N(C)C)(N(C)C)=NP(N(C)C)(N(C)C)=NCC,ClC1=NC=CC=C1,0.0,Cc1ccc(Nc2ccccn2)cc1
P2Et,CC(C)C(C=C(C(C)C)C=C1C(C)C)=C1C2=C(P([C@@]3(C[C@@H]4C5)C[C@H](C4)C[C@H]5C3)[C@]6(C7)C[C@@H](C[C@@H]7C8)C[C@@H]8C6)C(OC)=CC=C2OC,CCOC(C1=NOC=C1)=O,CN(C)P(N(C)C)(N(C)C)=NP(N(C)C)(N(C)C)=NCC,BrC1=NC=CC=C1,0.0,Cc1ccc(Nc2ccccn2)cc1
P2Et,CC(C)C(C=C(C(C)C)C=C1C(C)C)=C1C2=C(P([C@@]3(C[C@@H]4C5)C[C@H](C4)C[C@H]5C3)[C@]6(C7)C[C@@H](C[C@@H]7C8)C[C@@H]8C6)C(OC)=CC=C2OC,CCOC(C1=NOC=C1)=O,CN(C)P(N(C)C)(N(C)C)=NP(N(C)C)(N(C)C)=NCC,IC1=NC=CC=C1,17.54,Cc1ccc(Nc2ccccn2)cc1
P2Et,CC(C)C(C=C(C(C)C)C=C1C(C)C)=C1C2=C(P([C@@]3(C[C@@H]4C5)C[C@H](C4)C[C@H]5C3)[C@]6(C7)C[C@@H](C[C@@H]7C8)C[C@@H]8C6)C(OC)=CC=C2OC,CCOC(C1=NOC=C1)=O,CN(C)P(N(C)C)(N(C)C)=NP(N(C)C)(N(C)C)=NCC,ClC1=CN=CC=C1,0.0,Cc1ccc(Nc2cccnc2)cc1
P2Et,CC(C)C(C=C(C(C)C)C=C1C(C)C)=C1C2=C(P([C@@]3(C[C@@H]4C5)C[C@H](C4)C[C@H]5C3)[C@]6(C7)C[C@@H](C[C@@H]7C8)C[C@@H]8C6)C(OC)=CC=C2OC,CCOC(C1=NOC=C1)=O,CN(C)P(N(C)C)(N(C)C)=NP(N(C)C)(N(C)C)=NCC,BrC1=CN=CC=C1,0.0,Cc1ccc(Nc2cccnc2)cc1
P2Et,CC(C)C(C=C(C(C)C)C=C1C(C)C)=C1C2=C(P([C@@]3(C[C@@H]4C5)C[C@H](C4)C[C@H]5C3)[C@]6(C7)C[C@@H](C[C@@H]7C8)C[C@@H]8C6)C(OC)=CC=C2OC,CCOC(C1=NOC=C1)=O,CN(C)P(N(C)C)(N(C)C)=NP(N(C)C)(N(C)C)=NCC,IC1=CN=CC=C1,16.77,Cc1ccc(Nc2cccnc2)cc1
BTMG,CC(C)C(C=C(C(C)C)C=C1C(C)C)=C1C2=C(P([C@@]3(C[C@@H]4C5)C[C@H](C4)C[C@H]5C3)[C@]6(C7)C[C@@H](C[C@@H]7C8)C[C@@H]8C6)C(OC)=CC=C2OC,CCOC(C1=NOC=C1)=O,CC(C)(C)/N=C(N(C)C)/N(C)C,ClC1=CC=C(C(F)(F)F)C=C1,12.19,Cc1ccc(Nc2ccc(C(F)(F)F)cc2)cc1
BTMG,CC(C)C(C=C(C(C)C)C=C1C(C)C)=C1C2=C(P([C@@]3(C[C@@H]4C5)C[C@H](C4)C[C@H]5C3)[C@]6(C7)C[C@@H](C[C@@H]7C8)C[C@@H]8C6)C(OC)=CC=C2OC,CCOC(C1=NOC=C1)=O,CC(C)(C)/N=C(N(C)C)/N(C)C,BrC1=CC=C(C(F)(F)F)C=C1,34.44,Cc1ccc(Nc2ccc(C(F)(F)F)cc2)cc1
BTMG,CC(C)C(C=C(C(C)C)C=C1C(C)C)=C1C2=C(P([C@@]3(C[C@@H]4C5)C[C@H](C4)C[C@H]5C3)[C@]6(C7)C[C@@H](C[C@@H]7C8)C[C@@H]8C6)C(OC)=CC=C2OC,CCOC(C1=NOC=C1)=O,CC(C)(C)/N=C(N(C)C)/N(C)C,IC1=CC=C(C(F)(F)F)C=C1,36.63,Cc1ccc(Nc2ccc(C(F)(F)F)cc2)cc1
BTMG,CC(C)C(C=C(C(C)C)C=C1C(C)C)=C1C2=C(P([C@@]3(C[C@@H]4C5)C[C@H](C4)C[C@H]5C3)[C@]6(C7)C[C@@H](C[C@@H]7C8)C[C@@H]8C6)C(OC)=CC=C2OC,CCOC(C1=NOC=C1)=O,CC(C)(C)/N=C(N(C)C)/N(C)C,ClC1=CC=C(OC)C=C1,0.41,COc1ccc(Nc2ccc(C)cc2)cc1
BTMG,CC(C)C(C=C(C(C)C)C=C1C(C)C)=C1C2=C(P([C@@]3(C[C@@H]4C5)C[C@H](C4)C[C@H]5C3)[C@]6(C7)C[C@@H](C[C@@H]7C8)C[C@@H]8C6)C(OC)=CC=C2OC,CCOC(C1=NOC=C1)=O,CC(C)(C)/N=C(N(C)C)/N(C)C,BrC1=CC=C(OC)C=C1,33.22,COc1ccc(Nc2ccc(C)cc2)cc1
BTMG,CC(C)C(C=C(C(C)C)C=C1C(C)C)=C1C2=C(P([C@@]3(C[C@@H]4C5)C[C@H](C4)C[C@H]5C3)[C@]6(C7)C[C@@H](C[C@@H]7C8)C[C@@H]8C6)C(OC)=CC=C2OC,CCOC(C1=NOC=C1)=O,CC(C)(C)/N=C(N(C)C)/N(C)C,IC1=CC=C(OC)C=C1,37.49,COc1ccc(Nc2ccc(C)cc2)cc1
BTMG,CC(C)C(C=C(C(C)C)C=C1C(C)C)=C1C2=C(P([C@@]3(C[C@@H]4C5)C[C@H](C4)C[C@H]5C3)[C@]6(C7)C[C@@H](C[C@@H]7C8)C[C@@H]8C6)C(OC)=CC=C2OC,CCOC(C1=NOC=C1)=O,CC(C)(C)/N=C(N(C)C)/N(C)C,ClC1=CC=C(CC)C=C1,1.16,CCc1ccc(Nc2ccc(C)cc2)cc1
BTMG,CC(C)C(C=C(C(C)C)C=C1C(C)C)=C1C2=C(P([C@@]3(C[C@@H]4C5)C[C@H](C4)C[C@H]5C3)[C@]6(C7)C[C@@H](C[C@@H]7C8)C[C@@H]8C6)C(OC)=CC=C2OC,CCOC(C1=NOC=C1)=O,CC(C)(C)/N=C(N(C)C)/N(C)C,BrC1=CC=C(CC)C=C1,50.13,CCc1ccc(Nc2ccc(C)cc2)cc1
BTMG,CC(C)C(C=C(C(C)C)C=C1C(C)C)=C1C2=C(P([C@@]3(C[C@@H]4C5)C[C@H](C4)C[C@H]5C3)[C@]6(C7)C[C@@H](C[C@@H]7C8)C[C@@H]8C6)C(OC)=CC=C2OC,CCOC(C1=NOC=C1)=O,CC(C)(C)/N=C(N(C)C)/N(C)C,IC1=CC=C(CC)C=C1,58.15,CCc1ccc(Nc2ccc(C)cc2)cc1
BTMG,CC(C)C(C=C(C(C)C)C=C1C(C)C)=C1C2=C(P([C@@]3(C[C@@H]4C5)C[C@H](C4)C[C@H]5C3)[C@]6(C7)C[C@@H](C[C@@H]7C8)C[C@@H]8C6)C(OC)=CC=C2OC,CCOC(C1=NOC=C1)=O,CC(C)(C)/N=C(N(C)C)/N(C)C,ClC1=NC=CC=C1,43.95,Cc1ccc(Nc2ccccn2)cc1
BTMG,CC(C)C(C=C(C(C)C)C=C1C(C)C)=C1C2=C(P([C@@]3(C[C@@H]4C5)C[C@H](C4)C[C@H]5C3)[C@]6(C7)C[C@@H](C[C@@H]7C8)C[C@@H]8C6)C(OC)=CC=C2OC,CCOC(C1=NOC=C1)=O,CC(C)(C)/N=C(N(C)C)/N(C)C,BrC1=NC=CC=C1,46.59,Cc1ccc(Nc2ccccn2)cc1
BTMG,CC(C)C(C=C(C(C)C)C=C1C(C)C)=C1C2=C(P([C@@]3(C[C@@H]4C5)C[C@H](C4)C[C@H]5C3)[C@]6(C7)C[C@@H](C[C@@H]7C8)C[C@@H]8C6)C(OC)=CC=C2OC,CCOC(C1=NOC=C1)=O,CC(C)(C)/N=C(N(C)C)/N(C)C,IC1=NC=CC=C1,51.26,Cc1ccc(Nc2ccccn2)cc1
BTMG,CC(C)C(C=C(C(C)C)C=C1C(C)C)=C1C2=C(P([C@@]3(C[C@@H]4C5)C[C@H](C4)C[C@H]5C3)[C@]6(C7)C[C@@H](C[C@@H]7C8)C[C@@H]8C6)C(OC)=CC=C2OC,CCOC(C1=NOC=C1)=O,CC(C)(C)/N=C(N(C)C)/N(C)C,ClC1=CN=CC=C1,14.93,Cc1ccc(Nc2cccnc2)cc1
BTMG,CC(C)C(C=C(C(C)C)C=C1C(C)C)=C1C2=C(P([C@@]3(C[C@@H]4C5)C[C@H](C4)C[C@H]5C3)[C@]6(C7)C[C@@H](C[C@@H]7C8)C[C@@H]8C6)C(OC)=CC=C2OC,CCOC(C1=NOC=C1)=O,CC(C)(C)/N=C(N(C)C)/N(C)C,BrC1=CN=CC=C1,55.59,Cc1ccc(Nc2cccnc2)cc1
BTMG,CC(C)C(C=C(C(C)C)C=C1C(C)C)=C1C2=C(P([C@@]3(C[C@@H]4C5)C[C@H](C4)C[C@H]5C3)[C@]6(C7)C[C@@H](C[C@@H]7C8)C[C@@H]8C6)C(OC)=CC=C2OC,CCOC(C1=NOC=C1)=O,CC(C)(C)/N=C(N(C)C)/N(C)C,IC1=CN=CC=C1,55.79,Cc1ccc(Nc2cccnc2)cc1
MTBD,CC(C)C(C=C(C(C)C)C=C1C(C)C)=C1C2=C(P([C@@]3(C[C@@H]4C5)C[C@H](C4)C[C@H]5C3)[C@]6(C7)C[C@@H](C[C@@H]7C8)C[C@@H]8C6)C(OC)=CC=C2OC,CCOC(C1=NOC=C1)=O,CN1CCCN2C1=NCCC2,ClC1=CC=C(C(F)(F)F)C=C1,14.51,Cc1ccc(Nc2ccc(C(F)(F)F)cc2)cc1
MTBD,CC(C)C(C=C(C(C)C)C=C1C(C)C)=C1C2=C(P([C@@]3(C[C@@H]4C5)C[C@H](C4)C[C@H]5C3)[C@]6(C7)C[C@@H](C[C@@H]7C8)C[C@@H]8C6)C(OC)=CC=C2OC,CCOC(C1=NOC=C1)=O,CN1CCCN2C1=NCCC2,BrC1=CC=C(C(F)(F)F)C=C1,38.38,Cc1ccc(Nc2ccc(C(F)(F)F)cc2)cc1
MTBD,CC(C)C(C=C(C(C)C)C=C1C(C)C)=C1C2=C(P([C@@]3(C[C@@H]4C5)C[C@H](C4)C[C@H]5C3)[C@]6(C7)C[C@@H](C[C@@H]7C8)C[C@@H]8C6)C(OC)=CC=C2OC,CCOC(C1=NOC=C1)=O,CN1CCCN2C1=NCCC2,IC1=CC=C(C(F)(F)F)C=C1,52.49,Cc1ccc(Nc2ccc(C(F)(F)F)cc2)cc1
MTBD,CC(C)C(C=C(C(C)C)C=C1C(C)C)=C1C2=C(P([C@@]3(C[C@@H]4C5)C[C@H](C4)C[C@H]5C3)[C@]6(C7)C[C@@H](C[C@@H]7C8)C[C@@H]8C6)C(OC)=CC=C2OC,CCOC(C1=NOC=C1)=O,CN1CCCN2C1=NCCC2,ClC1=CC=C(OC)C=C1,0.79,COc1ccc(Nc2ccc(C)cc2)cc1
MTBD,CC(C)C(C=C(C(C)C)C=C1C(C)C)=C1C2=C(P([C@@]3(C[C@@H]4C5)C[C@H](C4)C[C@H]5C3)[C@]6(C7)C[C@@H](C[C@@H]7C8)C[C@@H]8C6)C(OC)=CC=C2OC,CCOC(C1=NOC=C1)=O,CN1CCCN2C1=NCCC2,BrC1=CC=C(OC)C=C1,47.61,COc1ccc(Nc2ccc(C)cc2)cc1
MTBD,CC(C)C(C=C(C(C)C)C=C1C(C)C)=C1C2=C(P([C@@]3(C[C@@H]4C5)C[C@H](C4)C[C@H]5C3)[C@]6(C7)C[C@@H](C[C@@H]7C8)C[C@@H]8C6)C(OC)=CC=C2OC,CCOC(C1=NOC=C1)=O,CN1CCCN2C1=NCCC2,IC1=CC=C(OC)C=C1,50.84,COc1ccc(Nc2ccc(C)cc2)cc1
MTBD,CC(C)C(C=C(C(C)C)C=C1C(C)C)=C1C2=C(P([C@@]3(C[C@@H]4C5)C[C@H](C4)C[C@H]5C3)[C@]6(C7)C[C@@H](C[C@@H]7C8)C[C@@H]8C6)C(OC)=CC=C2OC,CCOC(C1=NOC=C1)=O,CN1CCCN2C1=NCCC2,ClC1=CC=C(CC)C=C1,1.23,CCc1ccc(Nc2ccc(C)cc2)cc1
MTBD,CC(C)C(C=C(C(C)C)C=C1C(C)C)=C1C2=C(P([C@@]3(C[C@@H]4C5)C[C@H](C4)C[C@H]5C3)[C@]6(C7)C[C@@H](C[C@@H]7C8)C[C@@H]8C6)C(OC)=CC=C2OC,CCOC(C1=NOC=C1)=O,CN1CCCN2C1=NCCC2,BrC1=CC=C(CC)C=C1,75.29,CCc1ccc(Nc2ccc(C)cc2)cc1
MTBD,CC(C)C(C=C(C(C)C)C=C1C(C)C)=C1C2=C(P([C@@]3(C[C@@H]4C5)C[C@H](C4)C[C@H]5C3)[C@]6(C7)C[C@@H](C[C@@H]7C8)C[C@@H]8C6)C(OC)=CC=C2OC,CCOC(C1=NOC=C1)=O,CN1CCCN2C1=NCCC2,IC1=CC=C(CC)C=C1,79.2,CCc1ccc(Nc2ccc(C)cc2)cc1
MTBD,CC(C)C(C=C(C(C)C)C=C1C(C)C)=C1C2=C(P([C@@]3(C[C@@H]4C5)C[C@H](C4)C[C@H]5C3)[C@]6(C7)C[C@@H](C[C@@H]7C8)C[C@@H]8C6)C(OC)=CC=C2OC,CCOC(C1=NOC=C1)=O,CN1CCCN2C1=NCCC2,ClC1=NC=CC=C1,83.03,Cc1ccc(Nc2ccccn2)cc1
MTBD,CC(C)C(C=C(C(C)C)C=C1C(C)C)=C1C2=C(P([C@@]3(C[C@@H]4C5)C[C@H](C4)C[C@H]5C3)[C@]6(C7)C[C@@H](C[C@@H]7C8)C[C@@H]8C6)C(OC)=CC=C2OC,CCOC(C1=NOC=C1)=O,CN1CCCN2C1=NCCC2,BrC1=NC=CC=C1,93.56,Cc1ccc(Nc2ccccn2)cc1
MTBD,CC(C)C(C=C(C(C)C)C=C1C(C)C)=C1C2=C(P([C@@]3(C[C@@H]4C5)C[C@H](C4)C[C@H]5C3)[C@]6(C7)C[C@@H](C[C@@H]7C8)C[C@@H]8C6)C(OC)=CC=C2OC,CCOC(C1=NOC=C1)=O,CN1CCCN2C1=NCCC2,IC1=NC=CC=C1,96.13,Cc1ccc(Nc2ccccn2)cc1
MTBD,CC(C)C(C=C(C(C)C)C=C1C(C)C)=C1C2=C(P([C@@]3(C[C@@H]4C5)C[C@H](C4)C[C@H]5C3)[C@]6(C7)C[C@@H](C[C@@H]7C8)C[C@@H]8C6)C(OC)=CC=C2OC,CCOC(C1=NOC=C1)=O,CN1CCCN2C1=NCCC2,ClC1=CN=CC=C1,11.54,Cc1ccc(Nc2cccnc2)cc1
MTBD,CC(C)C(C=C(C(C)C)C=C1C(C)C)=C1C2=C(P([C@@]3(C[C@@H]4C5)C[C@H](C4)C[C@H]5C3)[C@]6(C7)C[C@@H](C[C@@H]7C8)C[C@@H]8C6)C(OC)=CC=C2OC,CCOC(C1=NOC=C1)=O,CN1CCCN2C1=NCCC2,BrC1=CN=CC=C1,89.97,Cc1ccc(Nc2cccnc2)cc1
MTBD,CC(C)C(C=C(C(C)C)C=C1C(C)C)=C1C2=C(P([C@@]3(C[C@@H]4C5)C[C@H](C4)C[C@H]5C3)[C@]6(C7)C[C@@H](C[C@@H]7C8)C[C@@H]8C6)C(OC)=CC=C2OC,CCOC(C1=NOC=C1)=O,CN1CCCN2C1=NCCC2,IC1=CN=CC=C1,86.79,Cc1ccc(Nc2cccnc2)cc1
P2Et,CC(C)C(C=C(C(C)C)C=C1C(C)C)=C1C2=C(P([C@@]3(C[C@@H]4C5)C[C@H](C4)C[C@H]5C3)[C@]6(C7)C[C@@H](C[C@@H]7C8)C[C@@H]8C6)C(OC)=CC=C2OC,CC1=C(C(OCC)=O)C=NO1,CN(C)P(N(C)C)(N(C)C)=NP(N(C)C)(N(C)C)=NCC,ClC1=CC=C(C(F)(F)F)C=C1,7.26,Cc1ccc(Nc2ccc(C(F)(F)F)cc2)cc1
P2Et,CC(C)C(C=C(C(C)C)C=C1C(C)C)=C1C2=C(P([C@@]3(C[C@@H]4C5)C[C@H](C4)C[C@H]5C3)[C@]6(C7)C[C@@H](C[C@@H]7C8)C[C@@H]8C6)C(OC)=CC=C2OC,CC1=C(C(OCC)=O)C=NO1,CN(C)P(N(C)C)(N(C)C)=NP(N(C)C)(N(C)C)=NCC,BrC1=CC=C(C(F)(F)F)C=C1,9.58,Cc1ccc(Nc2ccc(C(F)(F)F)cc2)cc1
P2Et,CC(C)C(C=C(C(C)C)C=C1C(C)C)=C1C2=C(P([C@@]3(C[C@@H]4C5)C[C@H](C4)C[C@H]5C3)[C@]6(C7)C[C@@H](C[C@@H]7C8)C[C@@H]8C6)C(OC)=CC=C2OC,CC1=C(C(OCC)=O)C=NO1,CN(C)P(N(C)C)(N(C)C)=NP(N(C)C)(N(C)C)=NCC,IC1=CC=C(C(F)(F)F)C=C1,10.76,Cc1ccc(Nc2ccc(C(F)(F)F)cc2)cc1
P2Et,CC(C)C(C=C(C(C)C)C=C1C(C)C)=C1C2=C(P([C@@]3(C[C@@H]4C5)C[C@H](C4)C[C@H]5C3)[C@]6(C7)C[C@@H](C[C@@H]7C8)C[C@@H]8C6)C(OC)=CC=C2OC,CC1=C(C(OCC)=O)C=NO1,CN(C)P(N(C)C)(N(C)C)=NP(N(C)C)(N(C)C)=NCC,ClC1=CC=C(OC)C=C1,0.61,COc1ccc(Nc2ccc(C)cc2)cc1
P2Et,CC(C)C(C=C(C(C)C)C=C1C(C)C)=C1C2=C(P([C@@]3(C[C@@H]4C5)C[C@H](C4)C[C@H]5C3)[C@]6(C7)C[C@@H](C[C@@H]7C8)C[C@@H]8C6)C(OC)=CC=C2OC,CC1=C(C(OCC)=O)C=NO1,CN(C)P(N(C)C)(N(C)C)=NP(N(C)C)(N(C)C)=NCC,BrC1=CC=C(OC)C=C1,10.64,COc1ccc(Nc2ccc(C)cc2)cc1
P2Et,CC(C)C(C=C(C(C)C)C=C1C(C)C)=C1C2=C(P([C@@]3(C[C@@H]4C5)C[C@H](C4)C[C@H]5C3)[C@]6(C7)C[C@@H](C[C@@H]7C8)C[C@@H]8C6)C(OC)=CC=C2OC,CC1=C(C(OCC)=O)C=NO1,CN(C)P(N(C)C)(N(C)C)=NP(N(C)C)(N(C)C)=NCC,IC1=CC=C(OC)C=C1,14.36,COc1ccc(Nc2ccc(C)cc2)cc1
P2Et,CC(C)C(C=C(C(C)C)C=C1C(C)C)=C1C2=C(P([C@@]3(C[C@@H]4C5)C[C@H](C4)C[C@H]5C3)[C@]6(C7)C[C@@H](C[C@@H]7C8)C[C@@H]8C6)C(OC)=CC=C2OC,CC1=C(C(OCC)=O)C=NO1,CN(C)P(N(C)C)(N(C)C)=NP(N(C)C)(N(C)C)=NCC,ClC1=CC=C(CC)C=C1,1.58,CCc1ccc(Nc2ccc(C)cc2)cc1
P2Et,CC(C)C(C=C(C(C)C)C=C1C(C)C)=C1C2=C(P([C@@]3(C[C@@H]4C5)C[C@H](C4)C[C@H]5C3)[C@]6(C7)C[C@@H](C[C@@H]7C8)C[C@@H]8C6)C(OC)=CC=C2OC,CC1=C(C(OCC)=O)C=NO1,CN(C)P(N(C)C)(N(C)C)=NP(N(C)C)(N(C)C)=NCC,BrC1=CC=C(CC)C=C1,13.89,CCc1ccc(Nc2ccc(C)cc2)cc1
P2Et,CC(C)C(C=C(C(C)C)C=C1C(C)C)=C1C2=C(P([C@@]3(C[C@@H]4C5)C[C@H](C4)C[C@H]5C3)[C@]6(C7)C[C@@H](C[C@@H]7C8)C[C@@H]8C6)C(OC)=CC=C2OC,CC1=C(C(OCC)=O)C=NO1,CN(C)P(N(C)C)(N(C)C)=NP(N(C)C)(N(C)C)=NCC,IC1=CC=C(CC)C=C1,23.26,CCc1ccc(Nc2ccc(C)cc2)cc1
P2Et,CC(C)C(C=C(C(C)C)C=C1C(C)C)=C1C2=C(P([C@@]3(C[C@@H]4C5)C[C@H](C4)C[C@H]5C3)[C@]6(C7)C[C@@H](C[C@@H]7C8)C[C@@H]8C6)C(OC)=CC=C2OC,CC1=C(C(OCC)=O)C=NO1,CN(C)P(N(C)C)(N(C)C)=NP(N(C)C)(N(C)C)=NCC,ClC1=NC=CC=C1,15.65,Cc1ccc(Nc2ccccn2)cc1
P2Et,CC(C)C(C=C(C(C)C)C=C1C(C)C)=C1C2=C(P([C@@]3(C[C@@H]4C5)C[C@H](C4)C[C@H]5C3)[C@]6(C7)C[C@@H](C[C@@H]7C8)C[C@@H]8C6)C(OC)=CC=C2OC,CC1=C(C(OCC)=O)C=NO1,CN(C)P(N(C)C)(N(C)C)=NP(N(C)C)(N(C)C)=NCC,BrC1=NC=CC=C1,16.41,Cc1ccc(Nc2ccccn2)cc1
P2Et,CC(C)C(C=C(C(C)C)C=C1C(C)C)=C1C2=C(P([C@@]3(C[C@@H]4C5)C[C@H](C4)C[C@H]5C3)[C@]6(C7)C[C@@H](C[C@@H]7C8)C[C@@H]8C6)C(OC)=CC=C2OC,CC1=C(C(OCC)=O)C=NO1,CN(C)P(N(C)C)(N(C)C)=NP(N(C)C)(N(C)C)=NCC,IC1=NC=CC=C1,23.02,Cc1ccc(Nc2ccccn2)cc1
P2Et,CC(C)C(C=C(C(C)C)C=C1C(C)C)=C1C2=C(P([C@@]3(C[C@@H]4C5)C[C@H](C4)C[C@H]5C3)[C@]6(C7)C[C@@H](C[C@@H]7C8)C[C@@H]8C6)C(OC)=CC=C2OC,CC1=C(C(OCC)=O)C=NO1,CN(C)P(N(C)C)(N(C)C)=NP(N(C)C)(N(C)C)=NCC,ClC1=CN=CC=C1,7.49,Cc1ccc(Nc2cccnc2)cc1
P2Et,CC(C)C(C=C(C(C)C)C=C1C(C)C)=C1C2=C(P([C@@]3(C[C@@H]4C5)C[C@H](C4)C[C@H]5C3)[C@]6(C7)C[C@@H](C[C@@H]7C8)C[C@@H]8C6)C(OC)=CC=C2OC,CC1=C(C(OCC)=O)C=NO1,CN(C)P(N(C)C)(N(C)C)=NP(N(C)C)(N(C)C)=NCC,BrC1=CN=CC=C1,12.6,Cc1ccc(Nc2cccnc2)cc1
P2Et,CC(C)C(C=C(C(C)C)C=C1C(C)C)=C1C2=C(P([C@@]3(C[C@@H]4C5)C[C@H](C4)C[C@H]5C3)[C@]6(C7)C[C@@H](C[C@@H]7C8)C[C@@H]8C6)C(OC)=CC=C2OC,CC1=C(C(OCC)=O)C=NO1,CN(C)P(N(C)C)(N(C)C)=NP(N(C)C)(N(C)C)=NCC,IC1=CN=CC=C1,14.37,Cc1ccc(Nc2cccnc2)cc1
BTMG,CC(C)C(C=C(C(C)C)C=C1C(C)C)=C1C2=C(P([C@@]3(C[C@@H]4C5)C[C@H](C4)C[C@H]5C3)[C@]6(C7)C[C@@H](C[C@@H]7C8)C[C@@H]8C6)C(OC)=CC=C2OC,CC1=C(C(OCC)=O)C=NO1,CC(C)(C)/N=C(N(C)C)/N(C)C,ClC1=CC=C(C(F)(F)F)C=C1,0.0,Cc1ccc(Nc2ccc(C(F)(F)F)cc2)cc1
BTMG,CC(C)C(C=C(C(C)C)C=C1C(C)C)=C1C2=C(P([C@@]3(C[C@@H]4C5)C[C@H](C4)C[C@H]5C3)[C@]6(C7)C[C@@H](C[C@@H]7C8)C[C@@H]8C6)C(OC)=CC=C2OC,CC1=C(C(OCC)=O)C=NO1,CC(C)(C)/N=C(N(C)C)/N(C)C,BrC1=CC=C(C(F)(F)F)C=C1,3.84,Cc1ccc(Nc2ccc(C(F)(F)F)cc2)cc1
BTMG,CC(C)C(C=C(C(C)C)C=C1C(C)C)=C1C2=C(P([C@@]3(C[C@@H]4C5)C[C@H](C4)C[C@H]5C3)[C@]6(C7)C[C@@H](C[C@@H]7C8)C[C@@H]8C6)C(OC)=CC=C2OC,CC1=C(C(OCC)=O)C=NO1,CC(C)(C)/N=C(N(C)C)/N(C)C,IC1=CC=C(C(F)(F)F)C=C1,13.98,Cc1ccc(Nc2ccc(C(F)(F)F)cc2)cc1
BTMG,CC(C)C(C=C(C(C)C)C=C1C(C)C)=C1C2=C(P([C@@]3(C[C@@H]4C5)C[C@H](C4)C[C@H]5C3)[C@]6(C7)C[C@@H](C[C@@H]7C8)C[C@@H]8C6)C(OC)=CC=C2OC,CC1=C(C(OCC)=O)C=NO1,CC(C)(C)/N=C(N(C)C)/N(C)C,ClC1=CC=C(OC)C=C1,0.0,COc1ccc(Nc2ccc(C)cc2)cc1
BTMG,CC(C)C(C=C(C(C)C)C=C1C(C)C)=C1C2=C(P([C@@]3(C[C@@H]4C5)C[C@H](C4)C[C@H]5C3)[C@]6(C7)C[C@@H](C[C@@H]7C8)C[C@@H]8C6)C(OC)=CC=C2OC,CC1=C(C(OCC)=O)C=NO1,CC(C)(C)/N=C(N(C)C)/N(C)C,BrC1=CC=C(OC)C=C1,1.52,COc1ccc(Nc2ccc(C)cc2)cc1
BTMG,CC(C)C(C=C(C(C)C)C=C1C(C)C)=C1C2=C(P([C@@]3(C[C@@H]4C5)C[C@H](C4)C[C@H]5C3)[C@]6(C7)C[C@@H](C[C@@H]7C8)C[C@@H]8C6)C(OC)=CC=C2OC,CC1=C(C(OCC)=O)C=NO1,CC(C)(C)/N=C(N(C)C)/N(C)C,IC1=CC=C(OC)C=C1,16.01,COc1ccc(Nc2ccc(C)cc2)cc1
BTMG,CC(C)C(C=C(C(C)C)C=C1C(C)C)=C1C2=C(P([C@@]3(C[C@@H]4C5)C[C@H](C4)C[C@H]5C3)[C@]6(C7)C[C@@H](C[C@@H]7C8)C[C@@H]8C6)C(OC)=CC=C2OC,CC1=C(C(OCC)=O)C=NO1,CC(C)(C)/N=C(N(C)C)/N(C)C,ClC1=CC=C(CC)C=C1,0.0,CCc1ccc(Nc2ccc(C)cc2)cc1
BTMG,CC(C)C(C=C(C(C)C)C=C1C(C)C)=C1C2=C(P([C@@]3(C[C@@H]4C5)C[C@H](C4)C[C@H]5C3)[C@]6(C7)C[C@@H](C[C@@H]7C8)C[C@@H]8C6)C(OC)=CC=C2OC,CC1=C(C(OCC)=O)C=NO1,CC(C)(C)/N=C(N(C)C)/N(C)C,BrC1=CC=C(CC)C=C1,3.74,CCc1ccc(Nc2ccc(C)cc2)cc1
BTMG,CC(C)C(C=C(C(C)C)C=C1C(C)C)=C1C2=C(P([C@@]3(C[C@@H]4C5)C[C@H](C4)C[C@H]5C3)[C@]6(C7)C[C@@H](C[C@@H]7C8)C[C@@H]8C6)C(OC)=CC=C2OC,CC1=C(C(OCC)=O)C=NO1,CC(C)(C)/N=C(N(C)C)/N(C)C,IC1=CC=C(CC)C=C1,27.85,CCc1ccc(Nc2ccc(C)cc2)cc1
BTMG,CC(C)C(C=C(C(C)C)C=C1C(C)C)=C1C2=C(P([C@@]3(C[C@@H]4C5)C[C@H](C4)C[C@H]5C3)[C@]6(C7)C[C@@H](C[C@@H]7C8)C[C@@H]8C6)C(OC)=CC=C2OC,CC1=C(C(OCC)=O)C=NO1,CC(C)(C)/N=C(N(C)C)/N(C)C,ClC1=NC=CC=C1,3.96,Cc1ccc(Nc2ccccn2)cc1
BTMG,CC(C)C(C=C(C(C)C)C=C1C(C)C)=C1C2=C(P([C@@]3(C[C@@H]4C5)C[C@H](C4)C[C@H]5C3)[C@]6(C7)C[C@@H](C[C@@H]7C8)C[C@@H]8C6)C(OC)=CC=C2OC,CC1=C(C(OCC)=O)C=NO1,CC(C)(C)/N=C(N(C)C)/N(C)C,BrC1=NC=CC=C1,6.17,Cc1ccc(Nc2ccccn2)cc1
BTMG,CC(C)C(C=C(C(C)C)C=C1C(C)C)=C1C2=C(P([C@@]3(C[C@@H]4C5)C[C@H](C4)C[C@H]5C3)[C@]6(C7)C[C@@H](C[C@@H]7C8)C[C@@H]8C6)C(OC)=CC=C2OC,CC1=C(C(OCC)=O)C=NO1,CC(C)(C)/N=C(N(C)C)/N(C)C,IC1=NC=CC=C1,14.42,Cc1ccc(Nc2ccccn2)cc1
BTMG,CC(C)C(C=C(C(C)C)C=C1C(C)C)=C1C2=C(P([C@@]3(C[C@@H]4C5)C[C@H](C4)C[C@H]5C3)[C@]6(C7)C[C@@H](C[C@@H]7C8)C[C@@H]8C6)C(OC)=CC=C2OC,CC1=C(C(OCC)=O)C=NO1,CC(C)(C)/N=C(N(C)C)/N(C)C,ClC1=CN=CC=C1,0.0,Cc1ccc(Nc2cccnc2)cc1
BTMG,CC(C)C(C=C(C(C)C)C=C1C(C)C)=C1C2=C(P([C@@]3(C[C@@H]4C5)C[C@H](C4)C[C@H]5C3)[C@]6(C7)C[C@@H](C[C@@H]7C8)C[C@@H]8C6)C(OC)=CC=C2OC,CC1=C(C(OCC)=O)C=NO1,CC(C)(C)/N=C(N(C)C)/N(C)C,BrC1=CN=CC=C1,7.47,Cc1ccc(Nc2cccnc2)cc1
BTMG,CC(C)C(C=C(C(C)C)C=C1C(C)C)=C1C2=C(P([C@@]3(C[C@@H]4C5)C[C@H](C4)C[C@H]5C3)[C@]6(C7)C[C@@H](C[C@@H]7C8)C[C@@H]8C6)C(OC)=CC=C2OC,CC1=C(C(OCC)=O)C=NO1,CC(C)(C)/N=C(N(C)C)/N(C)C,IC1=CN=CC=C1,17.36,Cc1ccc(Nc2cccnc2)cc1
MTBD,CC(C)C(C=C(C(C)C)C=C1C(C)C)=C1C2=C(P([C@@]3(C[C@@H]4C5)C[C@H](C4)C[C@H]5C3)[C@]6(C7)C[C@@H](C[C@@H]7C8)C[C@@H]8C6)C(OC)=CC=C2OC,CC1=C(C(OCC)=O)C=NO1,CN1CCCN2C1=NCCC2,ClC1=CC=C(C(F)(F)F)C=C1,5.89,Cc1ccc(Nc2ccc(C(F)(F)F)cc2)cc1
MTBD,CC(C)C(C=C(C(C)C)C=C1C(C)C)=C1C2=C(P([C@@]3(C[C@@H]4C5)C[C@H](C4)C[C@H]5C3)[C@]6(C7)C[C@@H](C[C@@H]7C8)C[C@@H]8C6)C(OC)=CC=C2OC,CC1=C(C(OCC)=O)C=NO1,CN1CCCN2C1=NCCC2,BrC1=CC=C(C(F)(F)F)C=C1,27.06,Cc1ccc(Nc2ccc(C(F)(F)F)cc2)cc1
MTBD,CC(C)C(C=C(C(C)C)C=C1C(C)C)=C1C2=C(P([C@@]3(C[C@@H]4C5)C[C@H](C4)C[C@H]5C3)[C@]6(C7)C[C@@H](C[C@@H]7C8)C[C@@H]8C6)C(OC)=CC=C2OC,CC1=C(C(OCC)=O)C=NO1,CN1CCCN2C1=NCCC2,IC1=CC=C(C(F)(F)F)C=C1,34.66,Cc1ccc(Nc2ccc(C(F)(F)F)cc2)cc1
MTBD,CC(C)C(C=C(C(C)C)C=C1C(C)C)=C1C2=C(P([C@@]3(C[C@@H]4C5)C[C@H](C4)C[C@H]5C3)[C@]6(C7)C[C@@H](C[C@@H]7C8)C[C@@H]8C6)C(OC)=CC=C2OC,CC1=C(C(OCC)=O)C=NO1,CN1CCCN2C1=NCCC2,ClC1=CC=C(OC)C=C1,0.0,COc1ccc(Nc2ccc(C)cc2)cc1
MTBD,CC(C)C(C=C(C(C)C)C=C1C(C)C)=C1C2=C(P([C@@]3(C[C@@H]4C5)C[C@H](C4)C[C@H]5C3)[C@]6(C7)C[C@@H](C[C@@H]7C8)C[C@@H]8C6)C(OC)=CC=C2OC,CC1=C(C(OCC)=O)C=NO1,CN1CCCN2C1=NCCC2,BrC1=CC=C(OC)C=C1,24.42,COc1ccc(Nc2ccc(C)cc2)cc1
MTBD,CC(C)C(C=C(C(C)C)C=C1C(C)C)=C1C2=C(P([C@@]3(C[C@@H]4C5)C[C@H](C4)C[C@H]5C3)[C@]6(C7)C[C@@H](C[C@@H]7C8)C[C@@H]8C6)C(OC)=CC=C2OC,CC1=C(C(OCC)=O)C=NO1,CN1CCCN2C1=NCCC2,IC1=CC=C(OC)C=C1,25.13,COc1ccc(Nc2ccc(C)cc2)cc1
MTBD,CC(C)C(C=C(C(C)C)C=C1C(C)C)=C1C2=C(P([C@@]3(C[C@@H]4C5)C[C@H](C4)C[C@H]5C3)[C@]6(C7)C[C@@H](C[C@@H]7C8)C[C@@H]8C6)C(OC)=CC=C2OC,CC1=C(C(OCC)=O)C=NO1,CN1CCCN2C1=NCCC2,ClC1=CC=C(CC)C=C1,0.95,CCc1ccc(Nc2ccc(C)cc2)cc1
MTBD,CC(C)C(C=C(C(C)C)C=C1C(C)C)=C1C2=C(P([C@@]3(C[C@@H]4C5)C[C@H](C4)C[C@H]5C3)[C@]6(C7)C[C@@H](C[C@@H]7C8)C[C@@H]8C6)C(OC)=CC=C2OC,CC1=C(C(OCC)=O)C=NO1,CN1CCCN2C1=NCCC2,BrC1=CC=C(CC)C=C1,43.35,CCc1ccc(Nc2ccc(C)cc2)cc1
MTBD,CC(C)C(C=C(C(C)C)C=C1C(C)C)=C1C2=C(P([C@@]3(C[C@@H]4C5)C[C@H](C4)C[C@H]5C3)[C@]6(C7)C[C@@H](C[C@@H]7C8)C[C@@H]8C6)C(OC)=CC=C2OC,CC1=C(C(OCC)=O)C=NO1,CN1CCCN2C1=NCCC2,IC1=CC=C(CC)C=C1,51.59,CCc1ccc(Nc2ccc(C)cc2)cc1
MTBD,CC(C)C(C=C(C(C)C)C=C1C(C)C)=C1C2=C(P([C@@]3(C[C@@H]4C5)C[C@H](C4)C[C@H]5C3)[C@]6(C7)C[C@@H](C[C@@H]7C8)C[C@@H]8C6)C(OC)=CC=C2OC,CC1=C(C(OCC)=O)C=NO1,CN1CCCN2C1=NCCC2,ClC1=NC=CC=C1,48.19,Cc1ccc(Nc2ccccn2)cc1
MTBD,CC(C)C(C=C(C(C)C)C=C1C(C)C)=C1C2=C(P([C@@]3(C[C@@H]4C5)C[C@H](C4)C[C@H]5C3)[C@]6(C7)C[C@@H](C[C@@H]7C8)C[C@@H]8C6)C(OC)=CC=C2OC,CC1=C(C(OCC)=O)C=NO1,CN1CCCN2C1=NCCC2,BrC1=NC=CC=C1,49.15,Cc1ccc(Nc2ccccn2)cc1
MTBD,CC(C)C(C=C(C(C)C)C=C1C(C)C)=C1C2=C(P([C@@]3(C[C@@H]4C5)C[C@H](C4)C[C@H]5C3)[C@]6(C7)C[C@@H](C[C@@H]7C8)C[C@@H]8C6)C(OC)=CC=C2OC,CC1=C(C(OCC)=O)C=NO1,CN1CCCN2C1=NCCC2,IC1=NC=CC=C1,63.35,Cc1ccc(Nc2ccccn2)cc1
MTBD,CC(C)C(C=C(C(C)C)C=C1C(C)C)=C1C2=C(P([C@@]3(C[C@@H]4C5)C[C@H](C4)C[C@H]5C3)[C@]6(C7)C[C@@H](C[C@@H]7C8)C[C@@H]8C6)C(OC)=CC=C2OC,CC1=C(C(OCC)=O)C=NO1,CN1CCCN2C1=NCCC2,ClC1=CN=CC=C1,3.65,Cc1ccc(Nc2cccnc2)cc1
MTBD,CC(C)C(C=C(C(C)C)C=C1C(C)C)=C1C2=C(P([C@@]3(C[C@@H]4C5)C[C@H](C4)C[C@H]5C3)[C@]6(C7)C[C@@H](C[C@@H]7C8)C[C@@H]8C6)C(OC)=CC=C2OC,CC1=C(C(OCC)=O)C=NO1,CN1CCCN2C1=NCCC2,BrC1=CN=CC=C1,43.18,Cc1ccc(Nc2cccnc2)cc1
MTBD,CC(C)C(C=C(C(C)C)C=C1C(C)C)=C1C2=C(P([C@@]3(C[C@@H]4C5)C[C@H](C4)C[C@H]5C3)[C@]6(C7)C[C@@H](C[C@@H]7C8)C[C@@H]8C6)C(OC)=CC=C2OC,CC1=C(C(OCC)=O)C=NO1,CN1CCCN2C1=NCCC2,IC1=CN=CC=C1,47.34,Cc1ccc(Nc2cccnc2)cc1
P2Et,CC(C)C(C=C(C(C)C)C=C1C(C)C)=C1C2=C(P([C@@]3(C[C@@H]4C5)C[C@H](C4)C[C@H]5C3)[C@]6(C7)C[C@@H](C[C@@H]7C8)C[C@@H]8C6)C(OC)=CC=C2OC,CCOC(C1=CON=C1)=O,CN(C)P(N(C)C)(N(C)C)=NP(N(C)C)(N(C)C)=NCC,ClC1=CC=C(C(F)(F)F)C=C1,0.7,Cc1ccc(Nc2ccc(C(F)(F)F)cc2)cc1
P2Et,CC(C)C(C=C(C(C)C)C=C1C(C)C)=C1C2=C(P([C@@]3(C[C@@H]4C5)C[C@H](C4)C[C@H]5C3)[C@]6(C7)C[C@@H](C[C@@H]7C8)C[C@@H]8C6)C(OC)=CC=C2OC,CCOC(C1=CON=C1)=O,CN(C)P(N(C)C)(N(C)C)=NP(N(C)C)(N(C)C)=NCC,BrC1=CC=C(C(F)(F)F)C=C1,2.97,Cc1ccc(Nc2ccc(C(F)(F)F)cc2)cc1
P2Et,CC(C)C(C=C(C(C)C)C=C1C(C)C)=C1C2=C(P([C@@]3(C[C@@H]4C5)C[C@H](C4)C[C@H]5C3)[C@]6(C7)C[C@@H](C[C@@H]7C8)C[C@@H]8C6)C(OC)=CC=C2OC,CCOC(C1=CON=C1)=O,CN(C)P(N(C)C)(N(C)C)=NP(N(C)C)(N(C)C)=NCC,IC1=CC=C(C(F)(F)F)C=C1,3.11,Cc1ccc(Nc2ccc(C(F)(F)F)cc2)cc1
P2Et,CC(C)C(C=C(C(C)C)C=C1C(C)C)=C1C2=C(P([C@@]3(C[C@@H]4C5)C[C@H](C4)C[C@H]5C3)[C@]6(C7)C[C@@H](C[C@@H]7C8)C[C@@H]8C6)C(OC)=CC=C2OC,CCOC(C1=CON=C1)=O,CN(C)P(N(C)C)(N(C)C)=NP(N(C)C)(N(C)C)=NCC,ClC1=CC=C(OC)C=C1,0.0,COc1ccc(Nc2ccc(C)cc2)cc1
P2Et,CC(C)C(C=C(C(C)C)C=C1C(C)C)=C1C2=C(P([C@@]3(C[C@@H]4C5)C[C@H](C4)C[C@H]5C3)[C@]6(C7)C[C@@H](C[C@@H]7C8)C[C@@H]8C6)C(OC)=CC=C2OC,CCOC(C1=CON=C1)=O,CN(C)P(N(C)C)(N(C)C)=NP(N(C)C)(N(C)C)=NCC,BrC1=CC=C(OC)C=C1,0.49,COc1ccc(Nc2ccc(C)cc2)cc1
P2Et,CC(C)C(C=C(C(C)C)C=C1C(C)C)=C1C2=C(P([C@@]3(C[C@@H]4C5)C[C@H](C4)C[C@H]5C3)[C@]6(C7)C[C@@H](C[C@@H]7C8)C[C@@H]8C6)C(OC)=CC=C2OC,CCOC(C1=CON=C1)=O,CN(C)P(N(C)C)(N(C)C)=NP(N(C)C)(N(C)C)=NCC,IC1=CC=C(OC)C=C1,4.89,COc1ccc(Nc2ccc(C)cc2)cc1
P2Et,CC(C)C(C=C(C(C)C)C=C1C(C)C)=C1C2=C(P([C@@]3(C[C@@H]4C5)C[C@H](C4)C[C@H]5C3)[C@]6(C7)C[C@@H](C[C@@H]7C8)C[C@@H]8C6)C(OC)=CC=C2OC,CCOC(C1=CON=C1)=O,CN(C)P(N(C)C)(N(C)C)=NP(N(C)C)(N(C)C)=NCC,ClC1=CC=C(CC)C=C1,0.0,CCc1ccc(Nc2ccc(C)cc2)cc1
P2Et,CC(C)C(C=C(C(C)C)C=C1C(C)C)=C1C2=C(P([C@@]3(C[C@@H]4C5)C[C@H](C4)C[C@H]5C3)[C@]6(C7)C[C@@H](C[C@@H]7C8)C[C@@H]8C6)C(OC)=CC=C2OC,CCOC(C1=CON=C1)=O,CN(C)P(N(C)C)(N(C)C)=NP(N(C)C)(N(C)C)=NCC,BrC1=CC=C(CC)C=C1,1.31,CCc1ccc(Nc2ccc(C)cc2)cc1
P2Et,CC(C)C(C=C(C(C)C)C=C1C(C)C)=C1C2=C(P([C@@]3(C[C@@H]4C5)C[C@H](C4)C[C@H]5C3)[C@]6(C7)C[C@@H](C[C@@H]7C8)C[C@@H]8C6)C(OC)=CC=C2OC,CCOC(C1=CON=C1)=O,CN(C)P(N(C)C)(N(C)C)=NP(N(C)C)(N(C)C)=NCC,IC1=CC=C(CC)C=C1,6.93,CCc1ccc(Nc2ccc(C)cc2)cc1
P2Et,CC(C)C(C=C(C(C)C)C=C1C(C)C)=C1C2=C(P([C@@]3(C[C@@H]4C5)C[C@H](C4)C[C@H]5C3)[C@]6(C7)C[C@@H](C[C@@H]7C8)C[C@@H]8C6)C(OC)=CC=C2OC,CCOC(C1=CON=C1)=O,CN(C)P(N(C)C)(N(C)C)=NP(N(C)C)(N(C)C)=NCC,ClC1=NC=CC=C1,0.0,Cc1ccc(Nc2ccccn2)cc1
P2Et,CC(C)C(C=C(C(C)C)C=C1C(C)C)=C1C2=C(P([C@@]3(C[C@@H]4C5)C[C@H](C4)C[C@H]5C3)[C@]6(C7)C[C@@H](C[C@@H]7C8)C[C@@H]8C6)C(OC)=CC=C2OC,CCOC(C1=CON=C1)=O,CN(C)P(N(C)C)(N(C)C)=NP(N(C)C)(N(C)C)=NCC,BrC1=NC=CC=C1,0.0,Cc1ccc(Nc2ccccn2)cc1
P2Et,CC(C)C(C=C(C(C)C)C=C1C(C)C)=C1C2=C(P([C@@]3(C[C@@H]4C5)C[C@H](C4)C[C@H]5C3)[C@]6(C7)C[C@@H](C[C@@H]7C8)C[C@@H]8C6)C(OC)=CC=C2OC,CCOC(C1=CON=C1)=O,CN(C)P(N(C)C)(N(C)C)=NP(N(C)C)(N(C)C)=NCC,IC1=NC=CC=C1,6.15,Cc1ccc(Nc2ccccn2)cc1
P2Et,CC(C)C(C=C(C(C)C)C=C1C(C)C)=C1C2=C(P([C@@]3(C[C@@H]4C5)C[C@H](C4)C[C@H]5C3)[C@]6(C7)C[C@@H](C[C@@H]7C8)C[C@@H]8C6)C(OC)=CC=C2OC,CCOC(C1=CON=C1)=O,CN(C)P(N(C)C)(N(C)C)=NP(N(C)C)(N(C)C)=NCC,ClC1=CN=CC=C1,0.0,Cc1ccc(Nc2cccnc2)cc1
P2Et,CC(C)C(C=C(C(C)C)C=C1C(C)C)=C1C2=C(P([C@@]3(C[C@@H]4C5)C[C@H](C4)C[C@H]5C3)[C@]6(C7)C[C@@H](C[C@@H]7C8)C[C@@H]8C6)C(OC)=CC=C2OC,CCOC(C1=CON=C1)=O,CN(C)P(N(C)C)(N(C)C)=NP(N(C)C)(N(C)C)=NCC,BrC1=CN=CC=C1,2.42,Cc1ccc(Nc2cccnc2)cc1
P2Et,CC(C)C(C=C(C(C)C)C=C1C(C)C)=C1C2=C(P([C@@]3(C[C@@H]4C5)C[C@H](C4)C[C@H]5C3)[C@]6(C7)C[C@@H](C[C@@H]7C8)C[C@@H]8C6)C(OC)=CC=C2OC,CCOC(C1=CON=C1)=O,CN(C)P(N(C)C)(N(C)C)=NP(N(C)C)(N(C)C)=NCC,IC1=CN=CC=C1,7.12,Cc1ccc(Nc2cccnc2)cc1
BTMG,CC(C)C(C=C(C(C)C)C=C1C(C)C)=C1C2=C(P([C@@]3(C[C@@H]4C5)C[C@H](C4)C[C@H]5C3)[C@]6(C7)C[C@@H](C[C@@H]7C8)C[C@@H]8C6)C(OC)=CC=C2OC,CCOC(C1=CON=C1)=O,CC(C)(C)/N=C(N(C)C)/N(C)C,ClC1=CC=C(C(F)(F)F)C=C1,0.0,Cc1ccc(Nc2ccc(C(F)(F)F)cc2)cc1
BTMG,CC(C)C(C=C(C(C)C)C=C1C(C)C)=C1C2=C(P([C@@]3(C[C@@H]4C5)C[C@H](C4)C[C@H]5C3)[C@]6(C7)C[C@@H](C[C@@H]7C8)C[C@@H]8C6)C(OC)=CC=C2OC,CCOC(C1=CON=C1)=O,CC(C)(C)/N=C(N(C)C)/N(C)C,BrC1=CC=C(C(F)(F)F)C=C1,1.12,Cc1ccc(Nc2ccc(C(F)(F)F)cc2)cc1
BTMG,CC(C)C(C=C(C(C)C)C=C1C(C)C)=C1C2=C(P([C@@]3(C[C@@H]4C5)C[C@H](C4)C[C@H]5C3)[C@]6(C7)C[C@@H](C[C@@H]7C8)C[C@@H]8C6)C(OC)=CC=C2OC,CCOC(C1=CON=C1)=O,CC(C)(C)/N=C(N(C)C)/N(C)C,IC1=CC=C(C(F)(F)F)C=C1,1.9,Cc1ccc(Nc2ccc(C(F)(F)F)cc2)cc1
BTMG,CC(C)C(C=C(C(C)C)C=C1C(C)C)=C1C2=C(P([C@@]3(C[C@@H]4C5)C[C@H](C4)C[C@H]5C3)[C@]6(C7)C[C@@H](C[C@@H]7C8)C[C@@H]8C6)C(OC)=CC=C2OC,CCOC(C1=CON=C1)=O,CC(C)(C)/N=C(N(C)C)/N(C)C,ClC1=CC=C(OC)C=C1,0.0,COc1ccc(Nc2ccc(C)cc2)cc1
BTMG,CC(C)C(C=C(C(C)C)C=C1C(C)C)=C1C2=C(P([C@@]3(C[C@@H]4C5)C[C@H](C4)C[C@H]5C3)[C@]6(C7)C[C@@H](C[C@@H]7C8)C[C@@H]8C6)C(OC)=CC=C2OC,CCOC(C1=CON=C1)=O,CC(C)(C)/N=C(N(C)C)/N(C)C,BrC1=CC=C(OC)C=C1,0.0,COc1ccc(Nc2ccc(C)cc2)cc1
BTMG,CC(C)C(C=C(C(C)C)C=C1C(C)C)=C1C2=C(P([C@@]3(C[C@@H]4C5)C[C@H](C4)C[C@H]5C3)[C@]6(C7)C[C@@H](C[C@@H]7C8)C[C@@H]8C6)C(OC)=CC=C2OC,CCOC(C1=CON=C1)=O,CC(C)(C)/N=C(N(C)C)/N(C)C,IC1=CC=C(OC)C=C1,0.97,COc1ccc(Nc2ccc(C)cc2)cc1
BTMG,CC(C)C(C=C(C(C)C)C=C1C(C)C)=C1C2=C(P([C@@]3(C[C@@H]4C5)C[C@H](C4)C[C@H]5C3)[C@]6(C7)C[C@@H](C[C@@H]7C8)C[C@@H]8C6)C(OC)=CC=C2OC,CCOC(C1=CON=C1)=O,CC(C)(C)/N=C(N(C)C)/N(C)C,ClC1=CC=C(CC)C=C1,0.0,CCc1ccc(Nc2ccc(C)cc2)cc1
BTMG,CC(C)C(C=C(C(C)C)C=C1C(C)C)=C1C2=C(P([C@@]3(C[C@@H]4C5)C[C@H](C4)C[C@H]5C3)[C@]6(C7)C[C@@H](C[C@@H]7C8)C[C@@H]8C6)C(OC)=CC=C2OC,CCOC(C1=CON=C1)=O,CC(C)(C)/N=C(N(C)C)/N(C)C,BrC1=CC=C(CC)C=C1,0.96,CCc1ccc(Nc2ccc(C)cc2)cc1
BTMG,CC(C)C(C=C(C(C)C)C=C1C(C)C)=C1C2=C(P([C@@]3(C[C@@H]4C5)C[C@H](C4)C[C@H]5C3)[C@]6(C7)C[C@@H](C[C@@H]7C8)C[C@@H]8C6)C(OC)=CC=C2OC,CCOC(C1=CON=C1)=O,CC(C)(C)/N=C(N(C)C)/N(C)C,IC1=CC=C(CC)C=C1,2.6,CCc1ccc(Nc2ccc(C)cc2)cc1
BTMG,CC(C)C(C=C(C(C)C)C=C1C(C)C)=C1C2=C(P([C@@]3(C[C@@H]4C5)C[C@H](C4)C[C@H]5C3)[C@]6(C7)C[C@@H](C[C@@H]7C8)C[C@@H]8C6)C(OC)=CC=C2OC,CCOC(C1=CON=C1)=O,CC(C)(C)/N=C(N(C)C)/N(C)C,ClC1=NC=CC=C1,0.0,Cc1ccc(Nc2ccccn2)cc1
BTMG,CC(C)C(C=C(C(C)C)C=C1C(C)C)=C1C2=C(P([C@@]3(C[C@@H]4C5)C[C@H](C4)C[C@H]5C3)[C@]6(C7)C[C@@H](C[C@@H]7C8)C[C@@H]8C6)C(OC)=CC=C2OC,CCOC(C1=CON=C1)=O,CC(C)(C)/N=C(N(C)C)/N(C)C,BrC1=NC=CC=C1,0.0,Cc1ccc(Nc2ccccn2)cc1
BTMG,CC(C)C(C=C(C(C)C)C=C1C(C)C)=C1C2=C(P([C@@]3(C[C@@H]4C5)C[C@H](C4)C[C@H]5C3)[C@]6(C7)C[C@@H](C[C@@H]7C8)C[C@@H]8C6)C(OC)=CC=C2OC,CCOC(C1=CON=C1)=O,CC(C)(C)/N=C(N(C)C)/N(C)C,IC1=NC=CC=C1,0.0,Cc1ccc(Nc2ccccn2)cc1
BTMG,CC(C)C(C=C(C(C)C)C=C1C(C)C)=C1C2=C(P([C@@]3(C[C@@H]4C5)C[C@H](C4)C[C@H]5C3)[C@]6(C7)C[C@@H](C[C@@H]7C8)C[C@@H]8C6)C(OC)=CC=C2OC,CCOC(C1=CON=C1)=O,CC(C)(C)/N=C(N(C)C)/N(C)C,ClC1=CN=CC=C1,0.0,Cc1ccc(Nc2cccnc2)cc1
BTMG,CC(C)C(C=C(C(C)C)C=C1C(C)C)=C1C2=C(P([C@@]3(C[C@@H]4C5)C[C@H](C4)C[C@H]5C3)[C@]6(C7)C[C@@H](C[C@@H]7C8)C[C@@H]8C6)C(OC)=CC=C2OC,CCOC(C1=CON=C1)=O,CC(C)(C)/N=C(N(C)C)/N(C)C,BrC1=CN=CC=C1,0.0,Cc1ccc(Nc2cccnc2)cc1
BTMG,CC(C)C(C=C(C(C)C)C=C1C(C)C)=C1C2=C(P([C@@]3(C[C@@H]4C5)C[C@H](C4)C[C@H]5C3)[C@]6(C7)C[C@@H](C[C@@H]7C8)C[C@@H]8C6)C(OC)=CC=C2OC,CCOC(C1=CON=C1)=O,CC(C)(C)/N=C(N(C)C)/N(C)C,IC1=CN=CC=C1,1.41,Cc1ccc(Nc2cccnc2)cc1
MTBD,CC(C)C(C=C(C(C)C)C=C1C(C)C)=C1C2=C(P([C@@]3(C[C@@H]4C5)C[C@H](C4)C[C@H]5C3)[C@]6(C7)C[C@@H](C[C@@H]7C8)C[C@@H]8C6)C(OC)=CC=C2OC,CCOC(C1=CON=C1)=O,CN1CCCN2C1=NCCC2,ClC1=CC=C(C(F)(F)F)C=C1,17.88,Cc1ccc(Nc2ccc(C(F)(F)F)cc2)cc1
MTBD,CC(C)C(C=C(C(C)C)C=C1C(C)C)=C1C2=C(P([C@@]3(C[C@@H]4C5)C[C@H](C4)C[C@H]5C3)[C@]6(C7)C[C@@H](C[C@@H]7C8)C[C@@H]8C6)C(OC)=CC=C2OC,CCOC(C1=CON=C1)=O,CN1CCCN2C1=NCCC2,BrC1=CC=C(C(F)(F)F)C=C1,24.4,Cc1ccc(Nc2ccc(C(F)(F)F)cc2)cc1
MTBD,CC(C)C(C=C(C(C)C)C=C1C(C)C)=C1C2=C(P([C@@]3(C[C@@H]4C5)C[C@H](C4)C[C@H]5C3)[C@]6(C7)C[C@@H](C[C@@H]7C8)C[C@@H]8C6)C(OC)=CC=C2OC,CCOC(C1=CON=C1)=O,CN1CCCN2C1=NCCC2,IC1=CC=C(C(F)(F)F)C=C1,24.45,Cc1ccc(Nc2ccc(C(F)(F)F)cc2)cc1
MTBD,CC(C)C(C=C(C(C)C)C=C1C(C)C)=C1C2=C(P([C@@]3(C[C@@H]4C5)C[C@H](C4)C[C@H]5C3)[C@]6(C7)C[C@@H](C[C@@H]7C8)C[C@@H]8C6)C(OC)=CC=C2OC,CCOC(C1=CON=C1)=O,CN1CCCN2C1=NCCC2,ClC1=CC=C(OC)C=C1,1.68,COc1ccc(Nc2ccc(C)cc2)cc1
MTBD,CC(C)C(C=C(C(C)C)C=C1C(C)C)=C1C2=C(P([C@@]3(C[C@@H]4C5)C[C@H](C4)C[C@H]5C3)[C@]6(C7)C[C@@H](C[C@@H]7C8)C[C@@H]8C6)C(OC)=CC=C2OC,CCOC(C1=CON=C1)=O,CN1CCCN2C1=NCCC2,BrC1=CC=C(OC)C=C1,18.44,COc1ccc(Nc2ccc(C)cc2)cc1
MTBD,CC(C)C(C=C(C(C)C)C=C1C(C)C)=C1C2=C(P([C@@]3(C[C@@H]4C5)C[C@H](C4)C[C@H]5C3)[C@]6(C7)C[C@@H](C[C@@H]7C8)C[C@@H]8C6)C(OC)=CC=C2OC,CCOC(C1=CON=C1)=O,CN1CCCN2C1=NCCC2,IC1=CC=C(OC)C=C1,18.87,COc1ccc(Nc2ccc(C)cc2)cc1
MTBD,CC(C)C(C=C(C(C)C)C=C1C(C)C)=C1C2=C(P([C@@]3(C[C@@H]4C5)C[C@H](C4)C[C@H]5C3)[C@]6(C7)C[C@@H](C[C@@H]7C8)C[C@@H]8C6)C(OC)=CC=C2OC,CCOC(C1=CON=C1)=O,CN1CCCN2C1=NCCC2,ClC1=CC=C(CC)C=C1,6.95,CCc1ccc(Nc2ccc(C)cc2)cc1
MTBD,CC(C)C(C=C(C(C)C)C=C1C(C)C)=C1C2=C(P([C@@]3(C[C@@H]4C5)C[C@H](C4)C[C@H]5C3)[C@]6(C7)C[C@@H](C[C@@H]7C8)C[C@@H]8C6)C(OC)=CC=C2OC,CCOC(C1=CON=C1)=O,CN1CCCN2C1=NCCC2,BrC1=CC=C(CC)C=C1,30.37,CCc1ccc(Nc2ccc(C)cc2)cc1
MTBD,CC(C)C(C=C(C(C)C)C=C1C(C)C)=C1C2=C(P([C@@]3(C[C@@H]4C5)C[C@H](C4)C[C@H]5C3)[C@]6(C7)C[C@@H](C[C@@H]7C8)C[C@@H]8C6)C(OC)=CC=C2OC,CCOC(C1=CON=C1)=O,CN1CCCN2C1=NCCC2,IC1=CC=C(CC)C=C1,33.47,CCc1ccc(Nc2ccc(C)cc2)cc1
MTBD,CC(C)C(C=C(C(C)C)C=C1C(C)C)=C1C2=C(P([C@@]3(C[C@@H]4C5)C[C@H](C4)C[C@H]5C3)[C@]6(C7)C[C@@H](C[C@@H]7C8)C[C@@H]8C6)C(OC)=CC=C2OC,CCOC(C1=CON=C1)=O,CN1CCCN2C1=NCCC2,ClC1=NC=CC=C1,34.48,Cc1ccc(Nc2ccccn2)cc1
MTBD,CC(C)C(C=C(C(C)C)C=C1C(C)C)=C1C2=C(P([C@@]3(C[C@@H]4C5)C[C@H](C4)C[C@H]5C3)[C@]6(C7)C[C@@H](C[C@@H]7C8)C[C@@H]8C6)C(OC)=CC=C2OC,CCOC(C1=CON=C1)=O,CN1CCCN2C1=NCCC2,BrC1=NC=CC=C1,35.36,Cc1ccc(Nc2ccccn2)cc1
MTBD,CC(C)C(C=C(C(C)C)C=C1C(C)C)=C1C2=C(P([C@@]3(C[C@@H]4C5)C[C@H](C4)C[C@H]5C3)[C@]6(C7)C[C@@H](C[C@@H]7C8)C[C@@H]8C6)C(OC)=CC=C2OC,CCOC(C1=CON=C1)=O,CN1CCCN2C1=NCCC2,IC1=NC=CC=C1,35.68,Cc1ccc(Nc2ccccn2)cc1
MTBD,CC(C)C(C=C(C(C)C)C=C1C(C)C)=C1C2=C(P([C@@]3(C[C@@H]4C5)C[C@H](C4)C[C@H]5C3)[C@]6(C7)C[C@@H](C[C@@H]7C8)C[C@@H]8C6)C(OC)=CC=C2OC,CCOC(C1=CON=C1)=O,CN1CCCN2C1=NCCC2,ClC1=CN=CC=C1,18.37,Cc1ccc(Nc2cccnc2)cc1
MTBD,CC(C)C(C=C(C(C)C)C=C1C(C)C)=C1C2=C(P([C@@]3(C[C@@H]4C5)C[C@H](C4)C[C@H]5C3)[C@]6(C7)C[C@@H](C[C@@H]7C8)C[C@@H]8C6)C(OC)=CC=C2OC,CCOC(C1=CON=C1)=O,CN1CCCN2C1=NCCC2,BrC1=CN=CC=C1,27.83,Cc1ccc(Nc2cccnc2)cc1
MTBD,CC(C)C(C=C(C(C)C)C=C1C(C)C)=C1C2=C(P([C@@]3(C[C@@H]4C5)C[C@H](C4)C[C@H]5C3)[C@]6(C7)C[C@@H](C[C@@H]7C8)C[C@@H]8C6)C(OC)=CC=C2OC,CCOC(C1=CON=C1)=O,CN1CCCN2C1=NCCC2,IC1=CN=CC=C1,37.09,Cc1ccc(Nc2cccnc2)cc1
P2Et,CC(C)C(C=C(C(C)C)C=C1C(C)C)=C1C2=C(P([C@@]3(C[C@@H]4C5)C[C@H](C4)C[C@H]5C3)[C@]6(C7)C[C@@H](C[C@@H]7C8)C[C@@H]8C6)C(OC)=CC=C2OC,C12=C(C=CC=C2)ON=C1,CN(C)P(N(C)C)(N(C)C)=NP(N(C)C)(N(C)C)=NCC,ClC1=CC=C(C(F)(F)F)C=C1,8.62,Cc1ccc(Nc2ccc(C(F)(F)F)cc2)cc1
P2Et,CC(C)C(C=C(C(C)C)C=C1C(C)C)=C1C2=C(P([C@@]3(C[C@@H]4C5)C[C@H](C4)C[C@H]5C3)[C@]6(C7)C[C@@H](C[C@@H]7C8)C[C@@H]8C6)C(OC)=CC=C2OC,C12=C(C=CC=C2)ON=C1,CN(C)P(N(C)C)(N(C)C)=NP(N(C)C)(N(C)C)=NCC,BrC1=CC=C(C(F)(F)F)C=C1,14.26,Cc1ccc(Nc2ccc(C(F)(F)F)cc2)cc1
P2Et,CC(C)C(C=C(C(C)C)C=C1C(C)C)=C1C2=C(P([C@@]3(C[C@@H]4C5)C[C@H](C4)C[C@H]5C3)[C@]6(C7)C[C@@H](C[C@@H]7C8)C[C@@H]8C6)C(OC)=CC=C2OC,C12=C(C=CC=C2)ON=C1,CN(C)P(N(C)C)(N(C)C)=NP(N(C)C)(N(C)C)=NCC,IC1=CC=C(C(F)(F)F)C=C1,28.5,Cc1ccc(Nc2ccc(C(F)(F)F)cc2)cc1
P2Et,CC(C)C(C=C(C(C)C)C=C1C(C)C)=C1C2=C(P([C@@]3(C[C@@H]4C5)C[C@H](C4)C[C@H]5C3)[C@]6(C7)C[C@@H](C[C@@H]7C8)C[C@@H]8C6)C(OC)=CC=C2OC,C12=C(C=CC=C2)ON=C1,CN(C)P(N(C)C)(N(C)C)=NP(N(C)C)(N(C)C)=NCC,ClC1=CC=C(OC)C=C1,0.54,COc1ccc(Nc2ccc(C)cc2)cc1
P2Et,CC(C)C(C=C(C(C)C)C=C1C(C)C)=C1C2=C(P([C@@]3(C[C@@H]4C5)C[C@H](C4)C[C@H]5C3)[C@]6(C7)C[C@@H](C[C@@H]7C8)C[C@@H]8C6)C(OC)=CC=C2OC,C12=C(C=CC=C2)ON=C1,CN(C)P(N(C)C)(N(C)C)=NP(N(C)C)(N(C)C)=NCC,BrC1=CC=C(OC)C=C1,13.35,COc1ccc(Nc2ccc(C)cc2)cc1
P2Et,CC(C)C(C=C(C(C)C)C=C1C(C)C)=C1C2=C(P([C@@]3(C[C@@H]4C5)C[C@H](C4)C[C@H]5C3)[C@]6(C7)C[C@@H](C[C@@H]7C8)C[C@@H]8C6)C(OC)=CC=C2OC,C12=C(C=CC=C2)ON=C1,CN(C)P(N(C)C)(N(C)C)=NP(N(C)C)(N(C)C)=NCC,IC1=CC=C(OC)C=C1,28.28,COc1ccc(Nc2ccc(C)cc2)cc1
P2Et,CC(C)C(C=C(C(C)C)C=C1C(C)C)=C1C2=C(P([C@@]3(C[C@@H]4C5)C[C@H](C4)C[C@H]5C3)[C@]6(C7)C[C@@H](C[C@@H]7C8)C[C@@H]8C6)C(OC)=CC=C2OC,C12=C(C=CC=C2)ON=C1,CN(C)P(N(C)C)(N(C)C)=NP(N(C)C)(N(C)C)=NCC,ClC1=CC=C(CC)C=C1,2.0,CCc1ccc(Nc2ccc(C)cc2)cc1
P2Et,CC(C)C(C=C(C(C)C)C=C1C(C)C)=C1C2=C(P([C@@]3(C[C@@H]4C5)C[C@H](C4)C[C@H]5C3)[C@]6(C7)C[C@@H](C[C@@H]7C8)C[C@@H]8C6)C(OC)=CC=C2OC,C12=C(C=CC=C2)ON=C1,CN(C)P(N(C)C)(N(C)C)=NP(N(C)C)(N(C)C)=NCC,BrC1=CC=C(CC)C=C1,27.16,CCc1ccc(Nc2ccc(C)cc2)cc1
P2Et,CC(C)C(C=C(C(C)C)C=C1C(C)C)=C1C2=C(P([C@@]3(C[C@@H]4C5)C[C@H](C4)C[C@H]5C3)[C@]6(C7)C[C@@H](C[C@@H]7C8)C[C@@H]8C6)C(OC)=CC=C2OC,C12=C(C=CC=C2)ON=C1,CN(C)P(N(C)C)(N(C)C)=NP(N(C)C)(N(C)C)=NCC,IC1=CC=C(CC)C=C1,50.52,CCc1ccc(Nc2ccc(C)cc2)cc1
P2Et,CC(C)C(C=C(C(C)C)C=C1C(C)C)=C1C2=C(P([C@@]3(C[C@@H]4C5)C[C@H](C4)C[C@H]5C3)[C@]6(C7)C[C@@H](C[C@@H]7C8)C[C@@H]8C6)C(OC)=CC=C2OC,C12=C(C=CC=C2)ON=C1,CN(C)P(N(C)C)(N(C)C)=NP(N(C)C)(N(C)C)=NCC,ClC1=NC=CC=C1,20.0,Cc1ccc(Nc2ccccn2)cc1
P2Et,CC(C)C(C=C(C(C)C)C=C1C(C)C)=C1C2=C(P([C@@]3(C[C@@H]4C5)C[C@H](C4)C[C@H]5C3)[C@]6(C7)C[C@@H](C[C@@H]7C8)C[C@@H]8C6)C(OC)=CC=C2OC,C12=C(C=CC=C2)ON=C1,CN(C)P(N(C)C)(N(C)C)=NP(N(C)C)(N(C)C)=NCC,BrC1=NC=CC=C1,25.99,Cc1ccc(Nc2ccccn2)cc1
P2Et,CC(C)C(C=C(C(C)C)C=C1C(C)C)=C1C2=C(P([C@@]3(C[C@@H]4C5)C[C@H](C4)C[C@H]5C3)[C@]6(C7)C[C@@H](C[C@@H]7C8)C[C@@H]8C6)C(OC)=CC=C2OC,C12=C(C=CC=C2)ON=C1,CN(C)P(N(C)C)(N(C)C)=NP(N(C)C)(N(C)C)=NCC,IC1=NC=CC=C1,40.33,Cc1ccc(Nc2ccccn2)cc1
P2Et,CC(C)C(C=C(C(C)C)C=C1C(C)C)=C1C2=C(P([C@@]3(C[C@@H]4C5)C[C@H](C4)C[C@H]5C3)[C@]6(C7)C[C@@H](C[C@@H]7C8)C[C@@H]8C6)C(OC)=CC=C2OC,C12=C(C=CC=C2)ON=C1,CN(C)P(N(C)C)(N(C)C)=NP(N(C)C)(N(C)C)=NCC,ClC1=CN=CC=C1,13.35,Cc1ccc(Nc2cccnc2)cc1
P2Et,CC(C)C(C=C(C(C)C)C=C1C(C)C)=C1C2=C(P([C@@]3(C[C@@H]4C5)C[C@H](C4)C[C@H]5C3)[C@]6(C7)C[C@@H](C[C@@H]7C8)C[C@@H]8C6)C(OC)=CC=C2OC,C12=C(C=CC=C2)ON=C1,CN(C)P(N(C)C)(N(C)C)=NP(N(C)C)(N(C)C)=NCC,BrC1=CN=CC=C1,40.64,Cc1ccc(Nc2cccnc2)cc1
P2Et,CC(C)C(C=C(C(C)C)C=C1C(C)C)=C1C2=C(P([C@@]3(C[C@@H]4C5)C[C@H](C4)C[C@H]5C3)[C@]6(C7)C[C@@H](C[C@@H]7C8)C[C@@H]8C6)C(OC)=CC=C2OC,C12=C(C=CC=C2)ON=C1,CN(C)P(N(C)C)(N(C)C)=NP(N(C)C)(N(C)C)=NCC,IC1=CN=CC=C1,74.05,Cc1ccc(Nc2cccnc2)cc1
BTMG,CC(C)C(C=C(C(C)C)C=C1C(C)C)=C1C2=C(P([C@@]3(C[C@@H]4C5)C[C@H](C4)C[C@H]5C3)[C@]6(C7)C[C@@H](C[C@@H]7C8)C[C@@H]8C6)C(OC)=CC=C2OC,C12=C(C=CC=C2)ON=C1,CC(C)(C)/N=C(N(C)C)/N(C)C,ClC1=CC=C(C(F)(F)F)C=C1,5.2,Cc1ccc(Nc2ccc(C(F)(F)F)cc2)cc1
BTMG,CC(C)C(C=C(C(C)C)C=C1C(C)C)=C1C2=C(P([C@@]3(C[C@@H]4C5)C[C@H](C4)C[C@H]5C3)[C@]6(C7)C[C@@H](C[C@@H]7C8)C[C@@H]8C6)C(OC)=CC=C2OC,C12=C(C=CC=C2)ON=C1,CC(C)(C)/N=C(N(C)C)/N(C)C,BrC1=CC=C(C(F)(F)F)C=C1,19.31,Cc1ccc(Nc2ccc(C(F)(F)F)cc2)cc1
BTMG,CC(C)C(C=C(C(C)C)C=C1C(C)C)=C1C2=C(P([C@@]3(C[C@@H]4C5)C[C@H](C4)C[C@H]5C3)[C@]6(C7)C[C@@H](C[C@@H]7C8)C[C@@H]8C6)C(OC)=CC=C2OC,C12=C(C=CC=C2)ON=C1,CC(C)(C)/N=C(N(C)C)/N(C)C,IC1=CC=C(C(F)(F)F)C=C1,30.77,Cc1ccc(Nc2ccc(C(F)(F)F)cc2)cc1
BTMG,CC(C)C(C=C(C(C)C)C=C1C(C)C)=C1C2=C(P([C@@]3(C[C@@H]4C5)C[C@H](C4)C[C@H]5C3)[C@]6(C7)C[C@@H](C[C@@H]7C8)C[C@@H]8C6)C(OC)=CC=C2OC,C12=C(C=CC=C2)ON=C1,CC(C)(C)/N=C(N(C)C)/N(C)C,ClC1=CC=C(OC)C=C1,0.0,COc1ccc(Nc2ccc(C)cc2)cc1
BTMG,CC(C)C(C=C(C(C)C)C=C1C(C)C)=C1C2=C(P([C@@]3(C[C@@H]4C5)C[C@H](C4)C[C@H]5C3)[C@]6(C7)C[C@@H](C[C@@H]7C8)C[C@@H]8C6)C(OC)=CC=C2OC,C12=C(C=CC=C2)ON=C1,CC(C)(C)/N=C(N(C)C)/N(C)C,BrC1=CC=C(OC)C=C1,11.76,COc1ccc(Nc2ccc(C)cc2)cc1
BTMG,CC(C)C(C=C(C(C)C)C=C1C(C)C)=C1C2=C(P([C@@]3(C[C@@H]4C5)C[C@H](C4)C[C@H]5C3)[C@]6(C7)C[C@@H](C[C@@H]7C8)C[C@@H]8C6)C(OC)=CC=C2OC,C12=C(C=CC=C2)ON=C1,CC(C)(C)/N=C(N(C)C)/N(C)C,IC1=CC=C(OC)C=C1,23.35,COc1ccc(Nc2ccc(C)cc2)cc1
BTMG,CC(C)C(C=C(C(C)C)C=C1C(C)C)=C1C2=C(P([C@@]3(C[C@@H]4C5)C[C@H](C4)C[C@H]5C3)[C@]6(C7)C[C@@H](C[C@@H]7C8)C[C@@H]8C6)C(OC)=CC=C2OC,C12=C(C=CC=C2)ON=C1,CC(C)(C)/N=C(N(C)C)/N(C)C,ClC1=CC=C(CC)C=C1,1.04,CCc1ccc(Nc2ccc(C)cc2)cc1
BTMG,CC(C)C(C=C(C(C)C)C=C1C(C)C)=C1C2=C(P([C@@]3(C[C@@H]4C5)C[C@H](C4)C[C@H]5C3)[C@]6(C7)C[C@@H](C[C@@H]7C8)C[C@@H]8C6)C(OC)=CC=C2OC,C12=C(C=CC=C2)ON=C1,CC(C)(C)/N=C(N(C)C)/N(C)C,BrC1=CC=C(CC)C=C1,28.4,CCc1ccc(Nc2ccc(C)cc2)cc1
BTMG,CC(C)C(C=C(C(C)C)C=C1C(C)C)=C1C2=C(P([C@@]3(C[C@@H]4C5)C[C@H](C4)C[C@H]5C3)[C@]6(C7)C[C@@H](C[C@@H]7C8)C[C@@H]8C6)C(OC)=CC=C2OC,C12=C(C=CC=C2)ON=C1,CC(C)(C)/N=C(N(C)C)/N(C)C,IC1=CC=C(CC)C=C1,39.89,CCc1ccc(Nc2ccc(C)cc2)cc1
BTMG,CC(C)C(C=C(C(C)C)C=C1C(C)C)=C1C2=C(P([C@@]3(C[C@@H]4C5)C[C@H](C4)C[C@H]5C3)[C@]6(C7)C[C@@H](C[C@@H]7C8)C[C@@H]8C6)C(OC)=CC=C2OC,C12=C(C=CC=C2)ON=C1,CC(C)(C)/N=C(N(C)C)/N(C)C,ClC1=NC=CC=C1,13.79,Cc1ccc(Nc2ccccn2)cc1
BTMG,CC(C)C(C=C(C(C)C)C=C1C(C)C)=C1C2=C(P([C@@]3(C[C@@H]4C5)C[C@H](C4)C[C@H]5C3)[C@]6(C7)C[C@@H](C[C@@H]7C8)C[C@@H]8C6)C(OC)=CC=C2OC,C12=C(C=CC=C2)ON=C1,CC(C)(C)/N=C(N(C)C)/N(C)C,BrC1=NC=CC=C1,19.53,Cc1ccc(Nc2ccccn2)cc1
BTMG,CC(C)C(C=C(C(C)C)C=C1C(C)C)=C1C2=C(P([C@@]3(C[C@@H]4C5)C[C@H](C4)C[C@H]5C3)[C@]6(C7)C[C@@H](C[C@@H]7C8)C[C@@H]8C6)C(OC)=CC=C2OC,C12=C(C=CC=C2)ON=C1,CC(C)(C)/N=C(N(C)C)/N(C)C,IC1=NC=CC=C1,26.87,Cc1ccc(Nc2ccccn2)cc1
BTMG,CC(C)C(C=C(C(C)C)C=C1C(C)C)=C1C2=C(P([C@@]3(C[C@@H]4C5)C[C@H](C4)C[C@H]5C3)[C@]6(C7)C[C@@H](C[C@@H]7C8)C[C@@H]8C6)C(OC)=CC=C2OC,C12=C(C=CC=C2)ON=C1,CC(C)(C)/N=C(N(C)C)/N(C)C,ClC1=CN=CC=C1,9.4,Cc1ccc(Nc2cccnc2)cc1
BTMG,CC(C)C(C=C(C(C)C)C=C1C(C)C)=C1C2=C(P([C@@]3(C[C@@H]4C5)C[C@H](C4)C[C@H]5C3)[C@]6(C7)C[C@@H](C[C@@H]7C8)C[C@@H]8C6)C(OC)=CC=C2OC,C12=C(C=CC=C2)ON=C1,CC(C)(C)/N=C(N(C)C)/N(C)C,BrC1=CN=CC=C1,40.58,Cc1ccc(Nc2cccnc2)cc1
BTMG,CC(C)C(C=C(C(C)C)C=C1C(C)C)=C1C2=C(P([C@@]3(C[C@@H]4C5)C[C@H](C4)C[C@H]5C3)[C@]6(C7)C[C@@H](C[C@@H]7C8)C[C@@H]8C6)C(OC)=CC=C2OC,C12=C(C=CC=C2)ON=C1,CC(C)(C)/N=C(N(C)C)/N(C)C,IC1=CN=CC=C1,52.66,Cc1ccc(Nc2cccnc2)cc1
MTBD,CC(C)C(C=C(C(C)C)C=C1C(C)C)=C1C2=C(P([C@@]3(C[C@@H]4C5)C[C@H](C4)C[C@H]5C3)[C@]6(C7)C[C@@H](C[C@@H]7C8)C[C@@H]8C6)C(OC)=CC=C2OC,C12=C(C=CC=C2)ON=C1,CN1CCCN2C1=NCCC2,ClC1=CC=C(C(F)(F)F)C=C1,15.85,Cc1ccc(Nc2ccc(C(F)(F)F)cc2)cc1
MTBD,CC(C)C(C=C(C(C)C)C=C1C(C)C)=C1C2=C(P([C@@]3(C[C@@H]4C5)C[C@H](C4)C[C@H]5C3)[C@]6(C7)C[C@@H](C[C@@H]7C8)C[C@@H]8C6)C(OC)=CC=C2OC,C12=C(C=CC=C2)ON=C1,CN1CCCN2C1=NCCC2,BrC1=CC=C(C(F)(F)F)C=C1,32.89,Cc1ccc(Nc2ccc(C(F)(F)F)cc2)cc1
MTBD,CC(C)C(C=C(C(C)C)C=C1C(C)C)=C1C2=C(P([C@@]3(C[C@@H]4C5)C[C@H](C4)C[C@H]5C3)[C@]6(C7)C[C@@H](C[C@@H]7C8)C[C@@H]8C6)C(OC)=CC=C2OC,C12=C(C=CC=C2)ON=C1,CN1CCCN2C1=NCCC2,IC1=CC=C(C(F)(F)F)C=C1,47.14,Cc1ccc(Nc2ccc(C(F)(F)F)cc2)cc1
MTBD,CC(C)C(C=C(C(C)C)C=C1C(C)C)=C1C2=C(P([C@@]3(C[C@@H]4C5)C[C@H](C4)C[C@H]5C3)[C@]6(C7)C[C@@H](C[C@@H]7C8)C[C@@H]8C6)C(OC)=CC=C2OC,C12=C(C=CC=C2)ON=C1,CN1CCCN2C1=NCCC2,ClC1=CC=C(OC)C=C1,0.71,COc1ccc(Nc2ccc(C)cc2)cc1
MTBD,CC(C)C(C=C(C(C)C)C=C1C(C)C)=C1C2=C(P([C@@]3(C[C@@H]4C5)C[C@H](C4)C[C@H]5C3)[C@]6(C7)C[C@@H](C[C@@H]7C8)C[C@@H]8C6)C(OC)=CC=C2OC,C12=C(C=CC=C2)ON=C1,CN1CCCN2C1=NCCC2,BrC1=CC=C(OC)C=C1,32.72,COc1ccc(Nc2ccc(C)cc2)cc1
MTBD,CC(C)C(C=C(C(C)C)C=C1C(C)C)=C1C2=C(P([C@@]3(C[C@@H]4C5)C[C@H](C4)C[C@H]5C3)[C@]6(C7)C[C@@H](C[C@@H]7C8)C[C@@H]8C6)C(OC)=CC=C2OC,C12=C(C=CC=C2)ON=C1,CN1CCCN2C1=NCCC2,IC1=CC=C(OC)C=C1,41.69,COc1ccc(Nc2ccc(C)cc2)cc1
MTBD,CC(C)C(C=C(C(C)C)C=C1C(C)C)=C1C2=C(P([C@@]3(C[C@@H]4C5)C[C@H](C4)C[C@H]5C3)[C@]6(C7)C[C@@H](C[C@@H]7C8)C[C@@H]8C6)C(OC)=CC=C2OC,C12=C(C=CC=C2)ON=C1,CN1CCCN2C1=NCCC2,ClC1=CC=C(CC)C=C1,1.75,CCc1ccc(Nc2ccc(C)cc2)cc1
MTBD,CC(C)C(C=C(C(C)C)C=C1C(C)C)=C1C2=C(P([C@@]3(C[C@@H]4C5)C[C@H](C4)C[C@H]5C3)[C@]6(C7)C[C@@H](C[C@@H]7C8)C[C@@H]8C6)C(OC)=CC=C2OC,C12=C(C=CC=C2)ON=C1,CN1CCCN2C1=NCCC2,BrC1=CC=C(CC)C=C1,54.56,CCc1ccc(Nc2ccc(C)cc2)cc1
MTBD,CC(C)C(C=C(C(C)C)C=C1C(C)C)=C1C2=C(P([C@@]3(C[C@@H]4C5)C[C@H](C4)C[C@H]5C3)[C@]6(C7)C[C@@H](C[C@@H]7C8)C[C@@H]8C6)C(OC)=CC=C2OC,C12=C(C=CC=C2)ON=C1,CN1CCCN2C1=NCCC2,IC1=CC=C(CC)C=C1,68.58,CCc1ccc(Nc2ccc(C)cc2)cc1
MTBD,CC(C)C(C=C(C(C)C)C=C1C(C)C)=C1C2=C(P([C@@]3(C[C@@H]4C5)C[C@H](C4)C[C@H]5C3)[C@]6(C7)C[C@@H](C[C@@H]7C8)C[C@@H]8C6)C(OC)=CC=C2OC,C12=C(C=CC=C2)ON=C1,CN1CCCN2C1=NCCC2,ClC1=NC=CC=C1,60.53,Cc1ccc(Nc2ccccn2)cc1
MTBD,CC(C)C(C=C(C(C)C)C=C1C(C)C)=C1C2=C(P([C@@]3(C[C@@H]4C5)C[C@H](C4)C[C@H]5C3)[C@]6(C7)C[C@@H](C[C@@H]7C8)C[C@@H]8C6)C(OC)=CC=C2OC,C12=C(C=CC=C2)ON=C1,CN1CCCN2C1=NCCC2,BrC1=NC=CC=C1,67.75,Cc1ccc(Nc2ccccn2)cc1
MTBD,CC(C)C(C=C(C(C)C)C=C1C(C)C)=C1C2=C(P([C@@]3(C[C@@H]4C5)C[C@H](C4)C[C@H]5C3)[C@]6(C7)C[C@@H](C[C@@H]7C8)C[C@@H]8C6)C(OC)=CC=C2OC,C12=C(C=CC=C2)ON=C1,CN1CCCN2C1=NCCC2,IC1=NC=CC=C1,80.81,Cc1ccc(Nc2ccccn2)cc1
MTBD,CC(C)C(C=C(C(C)C)C=C1C(C)C)=C1C2=C(P([C@@]3(C[C@@H]4C5)C[C@H](C4)C[C@H]5C3)[C@]6(C7)C[C@@H](C[C@@H]7C8)C[C@@H]8C6)C(OC)=CC=C2OC,C12=C(C=CC=C2)ON=C1,CN1CCCN2C1=NCCC2,ClC1=CN=CC=C1,6.78,Cc1ccc(Nc2cccnc2)cc1
MTBD,CC(C)C(C=C(C(C)C)C=C1C(C)C)=C1C2=C(P([C@@]3(C[C@@H]4C5)C[C@H](C4)C[C@H]5C3)[C@]6(C7)C[C@@H](C[C@@H]7C8)C[C@@H]8C6)C(OC)=CC=C2OC,C12=C(C=CC=C2)ON=C1,CN1CCCN2C1=NCCC2,BrC1=CN=CC=C1,48.77,Cc1ccc(Nc2cccnc2)cc1
MTBD,CC(C)C(C=C(C(C)C)C=C1C(C)C)=C1C2=C(P([C@@]3(C[C@@H]4C5)C[C@H](C4)C[C@H]5C3)[C@]6(C7)C[C@@H](C[C@@H]7C8)C[C@@H]8C6)C(OC)=CC=C2OC,C12=C(C=CC=C2)ON=C1,CN1CCCN2C1=NCCC2,IC1=CN=CC=C1,74.51,Cc1ccc(Nc2cccnc2)cc1
P2Et,CC(C)C(C=C(C(C)C)C=C1C(C)C)=C1C2=C(P(C3CCCCC3)C4CCCCC4)C=CC=C2,COC1=NOC(C(OCC)=O)=C1,CN(C)P(N(C)C)(N(C)C)=NP(N(C)C)(N(C)C)=NCC,ClC1=CC=C(C(F)(F)F)C=C1,24.11,Cc1ccc(Nc2ccc(C(F)(F)F)cc2)cc1
P2Et,CC(C)C(C=C(C(C)C)C=C1C(C)C)=C1C2=C(P(C3CCCCC3)C4CCCCC4)C=CC=C2,COC1=NOC(C(OCC)=O)=C1,CN(C)P(N(C)C)(N(C)C)=NP(N(C)C)(N(C)C)=NCC,BrC1=CC=C(C(F)(F)F)C=C1,32.88,Cc1ccc(Nc2ccc(C(F)(F)F)cc2)cc1
P2Et,CC(C)C(C=C(C(C)C)C=C1C(C)C)=C1C2=C(P(C3CCCCC3)C4CCCCC4)C=CC=C2,COC1=NOC(C(OCC)=O)=C1,CN(C)P(N(C)C)(N(C)C)=NP(N(C)C)(N(C)C)=NCC,IC1=CC=C(C(F)(F)F)C=C1,43.4,Cc1ccc(Nc2ccc(C(F)(F)F)cc2)cc1
P2Et,CC(C)C(C=C(C(C)C)C=C1C(C)C)=C1C2=C(P(C3CCCCC3)C4CCCCC4)C=CC=C2,COC1=NOC(C(OCC)=O)=C1,CN(C)P(N(C)C)(N(C)C)=NP(N(C)C)(N(C)C)=NCC,ClC1=CC=C(OC)C=C1,1.22,COc1ccc(Nc2ccc(C)cc2)cc1
P2Et,CC(C)C(C=C(C(C)C)C=C1C(C)C)=C1C2=C(P(C3CCCCC3)C4CCCCC4)C=CC=C2,COC1=NOC(C(OCC)=O)=C1,CN(C)P(N(C)C)(N(C)C)=NP(N(C)C)(N(C)C)=NCC,BrC1=CC=C(OC)C=C1,25.18,COc1ccc(Nc2ccc(C)cc2)cc1
P2Et,CC(C)C(C=C(C(C)C)C=C1C(C)C)=C1C2=C(P(C3CCCCC3)C4CCCCC4)C=CC=C2,COC1=NOC(C(OCC)=O)=C1,CN(C)P(N(C)C)(N(C)C)=NP(N(C)C)(N(C)C)=NCC,IC1=CC=C(OC)C=C1,32.37,COc1ccc(Nc2ccc(C)cc2)cc1
P2Et,CC(C)C(C=C(C(C)C)C=C1C(C)C)=C1C2=C(P(C3CCCCC3)C4CCCCC4)C=CC=C2,COC1=NOC(C(OCC)=O)=C1,CN(C)P(N(C)C)(N(C)C)=NP(N(C)C)(N(C)C)=NCC,ClC1=CC=C(CC)C=C1,7.68,CCc1ccc(Nc2ccc(C)cc2)cc1
P2Et,CC(C)C(C=C(C(C)C)C=C1C(C)C)=C1C2=C(P(C3CCCCC3)C4CCCCC4)C=CC=C2,COC1=NOC(C(OCC)=O)=C1,CN(C)P(N(C)C)(N(C)C)=NP(N(C)C)(N(C)C)=NCC,BrC1=CC=C(CC)C=C1,60.42,CCc1ccc(Nc2ccc(C)cc2)cc1
P2Et,CC(C)C(C=C(C(C)C)C=C1C(C)C)=C1C2=C(P(C3CCCCC3)C4CCCCC4)C=CC=C2,COC1=NOC(C(OCC)=O)=C1,CN(C)P(N(C)C)(N(C)C)=NP(N(C)C)(N(C)C)=NCC,IC1=CC=C(CC)C=C1,64.51,CCc1ccc(Nc2ccc(C)cc2)cc1
P2Et,CC(C)C(C=C(C(C)C)C=C1C(C)C)=C1C2=C(P(C3CCCCC3)C4CCCCC4)C=CC=C2,COC1=NOC(C(OCC)=O)=C1,CN(C)P(N(C)C)(N(C)C)=NP(N(C)C)(N(C)C)=NCC,ClC1=NC=CC=C1,36.56,Cc1ccc(Nc2ccccn2)cc1
P2Et,CC(C)C(C=C(C(C)C)C=C1C(C)C)=C1C2=C(P(C3CCCCC3)C4CCCCC4)C=CC=C2,COC1=NOC(C(OCC)=O)=C1,CN(C)P(N(C)C)(N(C)C)=NP(N(C)C)(N(C)C)=NCC,BrC1=NC=CC=C1,46.65,Cc1ccc(Nc2ccccn2)cc1
P2Et,CC(C)C(C=C(C(C)C)C=C1C(C)C)=C1C2=C(P(C3CCCCC3)C4CCCCC4)C=CC=C2,COC1=NOC(C(OCC)=O)=C1,CN(C)P(N(C)C)(N(C)C)=NP(N(C)C)(N(C)C)=NCC,IC1=NC=CC=C1,47.85,Cc1ccc(Nc2ccccn2)cc1
P2Et,CC(C)C(C=C(C(C)C)C=C1C(C)C)=C1C2=C(P(C3CCCCC3)C4CCCCC4)C=CC=C2,COC1=NOC(C(OCC)=O)=C1,CN(C)P(N(C)C)(N(C)C)=NP(N(C)C)(N(C)C)=NCC,ClC1=CN=CC=C1,21.45,Cc1ccc(Nc2cccnc2)cc1
P2Et,CC(C)C(C=C(C(C)C)C=C1C(C)C)=C1C2=C(P(C3CCCCC3)C4CCCCC4)C=CC=C2,COC1=NOC(C(OCC)=O)=C1,CN(C)P(N(C)C)(N(C)C)=NP(N(C)C)(N(C)C)=NCC,BrC1=CN=CC=C1,27.72,Cc1ccc(Nc2cccnc2)cc1
P2Et,CC(C)C(C=C(C(C)C)C=C1C(C)C)=C1C2=C(P(C3CCCCC3)C4CCCCC4)C=CC=C2,COC1=NOC(C(OCC)=O)=C1,CN(C)P(N(C)C)(N(C)C)=NP(N(C)C)(N(C)C)=NCC,IC1=CN=CC=C1,52.22,Cc1ccc(Nc2cccnc2)cc1
BTMG,CC(C)C(C=C(C(C)C)C=C1C(C)C)=C1C2=C(P(C3CCCCC3)C4CCCCC4)C=CC=C2,COC1=NOC(C(OCC)=O)=C1,CC(C)(C)/N=C(N(C)C)/N(C)C,ClC1=CC=C(C(F)(F)F)C=C1,15.43,Cc1ccc(Nc2ccc(C(F)(F)F)cc2)cc1
BTMG,CC(C)C(C=C(C(C)C)C=C1C(C)C)=C1C2=C(P(C3CCCCC3)C4CCCCC4)C=CC=C2,COC1=NOC(C(OCC)=O)=C1,CC(C)(C)/N=C(N(C)C)/N(C)C,BrC1=CC=C(C(F)(F)F)C=C1,30.09,Cc1ccc(Nc2ccc(C(F)(F)F)cc2)cc1
BTMG,CC(C)C(C=C(C(C)C)C=C1C(C)C)=C1C2=C(P(C3CCCCC3)C4CCCCC4)C=CC=C2,COC1=NOC(C(OCC)=O)=C1,CC(C)(C)/N=C(N(C)C)/N(C)C,IC1=CC=C(C(F)(F)F)C=C1,35.84,Cc1ccc(Nc2ccc(C(F)(F)F)cc2)cc1
BTMG,CC(C)C(C=C(C(C)C)C=C1C(C)C)=C1C2=C(P(C3CCCCC3)C4CCCCC4)C=CC=C2,COC1=NOC(C(OCC)=O)=C1,CC(C)(C)/N=C(N(C)C)/N(C)C,ClC1=CC=C(OC)C=C1,0.0,COc1ccc(Nc2ccc(C)cc2)cc1
BTMG,CC(C)C(C=C(C(C)C)C=C1C(C)C)=C1C2=C(P(C3CCCCC3)C4CCCCC4)C=CC=C2,COC1=NOC(C(OCC)=O)=C1,CC(C)(C)/N=C(N(C)C)/N(C)C,BrC1=CC=C(OC)C=C1,11.65,COc1ccc(Nc2ccc(C)cc2)cc1
BTMG,CC(C)C(C=C(C(C)C)C=C1C(C)C)=C1C2=C(P(C3CCCCC3)C4CCCCC4)C=CC=C2,COC1=NOC(C(OCC)=O)=C1,CC(C)(C)/N=C(N(C)C)/N(C)C,IC1=CC=C(OC)C=C1,17.03,COc1ccc(Nc2ccc(C)cc2)cc1
BTMG,CC(C)C(C=C(C(C)C)C=C1C(C)C)=C1C2=C(P(C3CCCCC3)C4CCCCC4)C=CC=C2,COC1=NOC(C(OCC)=O)=C1,CC(C)(C)/N=C(N(C)C)/N(C)C,ClC1=CC=C(CC)C=C1,1.19,CCc1ccc(Nc2ccc(C)cc2)cc1
BTMG,CC(C)C(C=C(C(C)C)C=C1C(C)C)=C1C2=C(P(C3CCCCC3)C4CCCCC4)C=CC=C2,COC1=NOC(C(OCC)=O)=C1,CC(C)(C)/N=C(N(C)C)/N(C)C,BrC1=CC=C(CC)C=C1,32.4,CCc1ccc(Nc2ccc(C)cc2)cc1
BTMG,CC(C)C(C=C(C(C)C)C=C1C(C)C)=C1C2=C(P(C3CCCCC3)C4CCCCC4)C=CC=C2,COC1=NOC(C(OCC)=O)=C1,CC(C)(C)/N=C(N(C)C)/N(C)C,IC1=CC=C(CC)C=C1,27.28,CCc1ccc(Nc2ccc(C)cc2)cc1
BTMG,CC(C)C(C=C(C(C)C)C=C1C(C)C)=C1C2=C(P(C3CCCCC3)C4CCCCC4)C=CC=C2,COC1=NOC(C(OCC)=O)=C1,CC(C)(C)/N=C(N(C)C)/N(C)C,ClC1=NC=CC=C1,24.96,Cc1ccc(Nc2ccccn2)cc1
BTMG,CC(C)C(C=C(C(C)C)C=C1C(C)C)=C1C2=C(P(C3CCCCC3)C4CCCCC4)C=CC=C2,COC1=NOC(C(OCC)=O)=C1,CC(C)(C)/N=C(N(C)C)/N(C)C,BrC1=NC=CC=C1,45.55,Cc1ccc(Nc2ccccn2)cc1
BTMG,CC(C)C(C=C(C(C)C)C=C1C(C)C)=C1C2=C(P(C3CCCCC3)C4CCCCC4)C=CC=C2,COC1=NOC(C(OCC)=O)=C1,CC(C)(C)/N=C(N(C)C)/N(C)C,IC1=NC=CC=C1,42.8,Cc1ccc(Nc2ccccn2)cc1
BTMG,CC(C)C(C=C(C(C)C)C=C1C(C)C)=C1C2=C(P(C3CCCCC3)C4CCCCC4)C=CC=C2,COC1=NOC(C(OCC)=O)=C1,CC(C)(C)/N=C(N(C)C)/N(C)C,ClC1=CN=CC=C1,8.91,Cc1ccc(Nc2cccnc2)cc1
BTMG,CC(C)C(C=C(C(C)C)C=C1C(C)C)=C1C2=C(P(C3CCCCC3)C4CCCCC4)C=CC=C2,COC1=NOC(C(OCC)=O)=C1,CC(C)(C)/N=C(N(C)C)/N(C)C,BrC1=CN=CC=C1,18.12,Cc1ccc(Nc2cccnc2)cc1
BTMG,CC(C)C(C=C(C(C)C)C=C1C(C)C)=C1C2=C(P(C3CCCCC3)C4CCCCC4)C=CC=C2,COC1=NOC(C(OCC)=O)=C1,CC(C)(C)/N=C(N(C)C)/N(C)C,IC1=CN=CC=C1,27.22,Cc1ccc(Nc2cccnc2)cc1
MTBD,CC(C)C(C=C(C(C)C)C=C1C(C)C)=C1C2=C(P(C3CCCCC3)C4CCCCC4)C=CC=C2,COC1=NOC(C(OCC)=O)=C1,CN1CCCN2C1=NCCC2,ClC1=CC=C(C(F)(F)F)C=C1,8.29,Cc1ccc(Nc2ccc(C(F)(F)F)cc2)cc1
MTBD,CC(C)C(C=C(C(C)C)C=C1C(C)C)=C1C2=C(P(C3CCCCC3)C4CCCCC4)C=CC=C2,COC1=NOC(C(OCC)=O)=C1,CN1CCCN2C1=NCCC2,BrC1=CC=C(C(F)(F)F)C=C1,22.47,Cc1ccc(Nc2ccc(C(F)(F)F)cc2)cc1
MTBD,CC(C)C(C=C(C(C)C)C=C1C(C)C)=C1C2=C(P(C3CCCCC3)C4CCCCC4)C=CC=C2,COC1=NOC(C(OCC)=O)=C1,CN1CCCN2C1=NCCC2,IC1=CC=C(C(F)(F)F)C=C1,37.7,Cc1ccc(Nc2ccc(C(F)(F)F)cc2)cc1
MTBD,CC(C)C(C=C(C(C)C)C=C1C(C)C)=C1C2=C(P(C3CCCCC3)C4CCCCC4)C=CC=C2,COC1=NOC(C(OCC)=O)=C1,CN1CCCN2C1=NCCC2,ClC1=CC=C(OC)C=C1,0.0,COc1ccc(Nc2ccc(C)cc2)cc1
MTBD,CC(C)C(C=C(C(C)C)C=C1C(C)C)=C1C2=C(P(C3CCCCC3)C4CCCCC4)C=CC=C2,COC1=NOC(C(OCC)=O)=C1,CN1CCCN2C1=NCCC2,BrC1=CC=C(OC)C=C1,8.03,COc1ccc(Nc2ccc(C)cc2)cc1
MTBD,CC(C)C(C=C(C(C)C)C=C1C(C)C)=C1C2=C(P(C3CCCCC3)C4CCCCC4)C=CC=C2,COC1=NOC(C(OCC)=O)=C1,CN1CCCN2C1=NCCC2,IC1=CC=C(OC)C=C1,20.18,COc1ccc(Nc2ccc(C)cc2)cc1
MTBD,CC(C)C(C=C(C(C)C)C=C1C(C)C)=C1C2=C(P(C3CCCCC3)C4CCCCC4)C=CC=C2,COC1=NOC(C(OCC)=O)=C1,CN1CCCN2C1=NCCC2,ClC1=CC=C(CC)C=C1,0.66,CCc1ccc(Nc2ccc(C)cc2)cc1
MTBD,CC(C)C(C=C(C(C)C)C=C1C(C)C)=C1C2=C(P(C3CCCCC3)C4CCCCC4)C=CC=C2,COC1=NOC(C(OCC)=O)=C1,CN1CCCN2C1=NCCC2,BrC1=CC=C(CC)C=C1,21.78,CCc1ccc(Nc2ccc(C)cc2)cc1
MTBD,CC(C)C(C=C(C(C)C)C=C1C(C)C)=C1C2=C(P(C3CCCCC3)C4CCCCC4)C=CC=C2,COC1=NOC(C(OCC)=O)=C1,CN1CCCN2C1=NCCC2,IC1=CC=C(CC)C=C1,53.28,CCc1ccc(Nc2ccc(C)cc2)cc1
MTBD,CC(C)C(C=C(C(C)C)C=C1C(C)C)=C1C2=C(P(C3CCCCC3)C4CCCCC4)C=CC=C2,COC1=NOC(C(OCC)=O)=C1,CN1CCCN2C1=NCCC2,ClC1=NC=CC=C1,23.91,Cc1ccc(Nc2ccccn2)cc1
MTBD,CC(C)C(C=C(C(C)C)C=C1C(C)C)=C1C2=C(P(C3CCCCC3)C4CCCCC4)C=CC=C2,COC1=NOC(C(OCC)=O)=C1,CN1CCCN2C1=NCCC2,BrC1=NC=CC=C1,47.16,Cc1ccc(Nc2ccccn2)cc1
MTBD,CC(C)C(C=C(C(C)C)C=C1C(C)C)=C1C2=C(P(C3CCCCC3)C4CCCCC4)C=CC=C2,COC1=NOC(C(OCC)=O)=C1,CN1CCCN2C1=NCCC2,IC1=NC=CC=C1,62.54,Cc1ccc(Nc2ccccn2)cc1
MTBD,CC(C)C(C=C(C(C)C)C=C1C(C)C)=C1C2=C(P(C3CCCCC3)C4CCCCC4)C=CC=C2,COC1=NOC(C(OCC)=O)=C1,CN1CCCN2C1=NCCC2,ClC1=CN=CC=C1,4.58,Cc1ccc(Nc2cccnc2)cc1
MTBD,CC(C)C(C=C(C(C)C)C=C1C(C)C)=C1C2=C(P(C3CCCCC3)C4CCCCC4)C=CC=C2,COC1=NOC(C(OCC)=O)=C1,CN1CCCN2C1=NCCC2,BrC1=CN=CC=C1,21.19,Cc1ccc(Nc2cccnc2)cc1
MTBD,CC(C)C(C=C(C(C)C)C=C1C(C)C)=C1C2=C(P(C3CCCCC3)C4CCCCC4)C=CC=C2,COC1=NOC(C(OCC)=O)=C1,CN1CCCN2C1=NCCC2,IC1=CN=CC=C1,42.0,Cc1ccc(Nc2cccnc2)cc1
P2Et,CC(C)C(C=C(C(C)C)C=C1C(C)C)=C1C2=C(P(C3CCCCC3)C4CCCCC4)C=CC=C2,CC1=NOC(C2=CC=CC=C2)=C1,CN(C)P(N(C)C)(N(C)C)=NP(N(C)C)(N(C)C)=NCC,ClC1=CC=C(C(F)(F)F)C=C1,18.4,Cc1ccc(Nc2ccc(C(F)(F)F)cc2)cc1
P2Et,CC(C)C(C=C(C(C)C)C=C1C(C)C)=C1C2=C(P(C3CCCCC3)C4CCCCC4)C=CC=C2,CC1=NOC(C2=CC=CC=C2)=C1,CN(C)P(N(C)C)(N(C)C)=NP(N(C)C)(N(C)C)=NCC,BrC1=CC=C(C(F)(F)F)C=C1,16.25,Cc1ccc(Nc2ccc(C(F)(F)F)cc2)cc1
P2Et,CC(C)C(C=C(C(C)C)C=C1C(C)C)=C1C2=C(P(C3CCCCC3)C4CCCCC4)C=CC=C2,CC1=NOC(C2=CC=CC=C2)=C1,CN(C)P(N(C)C)(N(C)C)=NP(N(C)C)(N(C)C)=NCC,IC1=CC=C(C(F)(F)F)C=C1,42.72,Cc1ccc(Nc2ccc(C(F)(F)F)cc2)cc1
P2Et,CC(C)C(C=C(C(C)C)C=C1C(C)C)=C1C2=C(P(C3CCCCC3)C4CCCCC4)C=CC=C2,CC1=NOC(C2=CC=CC=C2)=C1,CN(C)P(N(C)C)(N(C)C)=NP(N(C)C)(N(C)C)=NCC,ClC1=CC=C(OC)C=C1,0.0,COc1ccc(Nc2ccc(C)cc2)cc1
P2Et,CC(C)C(C=C(C(C)C)C=C1C(C)C)=C1C2=C(P(C3CCCCC3)C4CCCCC4)C=CC=C2,CC1=NOC(C2=CC=CC=C2)=C1,CN(C)P(N(C)C)(N(C)C)=NP(N(C)C)(N(C)C)=NCC,BrC1=CC=C(OC)C=C1,39.12,COc1ccc(Nc2ccc(C)cc2)cc1
P2Et,CC(C)C(C=C(C(C)C)C=C1C(C)C)=C1C2=C(P(C3CCCCC3)C4CCCCC4)C=CC=C2,CC1=NOC(C2=CC=CC=C2)=C1,CN(C)P(N(C)C)(N(C)C)=NP(N(C)C)(N(C)C)=NCC,IC1=CC=C(OC)C=C1,47.6,COc1ccc(Nc2ccc(C)cc2)cc1
P2Et,CC(C)C(C=C(C(C)C)C=C1C(C)C)=C1C2=C(P(C3CCCCC3)C4CCCCC4)C=CC=C2,CC1=NOC(C2=CC=CC=C2)=C1,CN(C)P(N(C)C)(N(C)C)=NP(N(C)C)(N(C)C)=NCC,ClC1=CC=C(CC)C=C1,3.6,CCc1ccc(Nc2ccc(C)cc2)cc1
P2Et,CC(C)C(C=C(C(C)C)C=C1C(C)C)=C1C2=C(P(C3CCCCC3)C4CCCCC4)C=CC=C2,CC1=NOC(C2=CC=CC=C2)=C1,CN(C)P(N(C)C)(N(C)C)=NP(N(C)C)(N(C)C)=NCC,BrC1=CC=C(CC)C=C1,69.99,CCc1ccc(Nc2ccc(C)cc2)cc1
P2Et,CC(C)C(C=C(C(C)C)C=C1C(C)C)=C1C2=C(P(C3CCCCC3)C4CCCCC4)C=CC=C2,CC1=NOC(C2=CC=CC=C2)=C1,CN(C)P(N(C)C)(N(C)C)=NP(N(C)C)(N(C)C)=NCC,IC1=CC=C(CC)C=C1,70.05,CCc1ccc(Nc2ccc(C)cc2)cc1
P2Et,CC(C)C(C=C(C(C)C)C=C1C(C)C)=C1C2=C(P(C3CCCCC3)C4CCCCC4)C=CC=C2,CC1=NOC(C2=CC=CC=C2)=C1,CN(C)P(N(C)C)(N(C)C)=NP(N(C)C)(N(C)C)=NCC,ClC1=NC=CC=C1,20.98,Cc1ccc(Nc2ccccn2)cc1
P2Et,CC(C)C(C=C(C(C)C)C=C1C(C)C)=C1C2=C(P(C3CCCCC3)C4CCCCC4)C=CC=C2,CC1=NOC(C2=CC=CC=C2)=C1,CN(C)P(N(C)C)(N(C)C)=NP(N(C)C)(N(C)C)=NCC,BrC1=NC=CC=C1,23.19,Cc1ccc(Nc2ccccn2)cc1
P2Et,CC(C)C(C=C(C(C)C)C=C1C(C)C)=C1C2=C(P(C3CCCCC3)C4CCCCC4)C=CC=C2,CC1=NOC(C2=CC=CC=C2)=C1,CN(C)P(N(C)C)(N(C)C)=NP(N(C)C)(N(C)C)=NCC,IC1=NC=CC=C1,22.01,Cc1ccc(Nc2ccccn2)cc1
P2Et,CC(C)C(C=C(C(C)C)C=C1C(C)C)=C1C2=C(P(C3CCCCC3)C4CCCCC4)C=CC=C2,CC1=NOC(C2=CC=CC=C2)=C1,CN(C)P(N(C)C)(N(C)C)=NP(N(C)C)(N(C)C)=NCC,ClC1=CN=CC=C1,18.05,Cc1ccc(Nc2cccnc2)cc1
P2Et,CC(C)C(C=C(C(C)C)C=C1C(C)C)=C1C2=C(P(C3CCCCC3)C4CCCCC4)C=CC=C2,CC1=NOC(C2=CC=CC=C2)=C1,CN(C)P(N(C)C)(N(C)C)=NP(N(C)C)(N(C)C)=NCC,BrC1=CN=CC=C1,23.57,Cc1ccc(Nc2cccnc2)cc1
P2Et,CC(C)C(C=C(C(C)C)C=C1C(C)C)=C1C2=C(P(C3CCCCC3)C4CCCCC4)C=CC=C2,CC1=NOC(C2=CC=CC=C2)=C1,CN(C)P(N(C)C)(N(C)C)=NP(N(C)C)(N(C)C)=NCC,IC1=CN=CC=C1,81.36,Cc1ccc(Nc2cccnc2)cc1
BTMG,CC(C)C(C=C(C(C)C)C=C1C(C)C)=C1C2=C(P(C3CCCCC3)C4CCCCC4)C=CC=C2,CC1=NOC(C2=CC=CC=C2)=C1,CC(C)(C)/N=C(N(C)C)/N(C)C,ClC1=CC=C(C(F)(F)F)C=C1,14.75,Cc1ccc(Nc2ccc(C(F)(F)F)cc2)cc1
BTMG,CC(C)C(C=C(C(C)C)C=C1C(C)C)=C1C2=C(P(C3CCCCC3)C4CCCCC4)C=CC=C2,CC1=NOC(C2=CC=CC=C2)=C1,CC(C)(C)/N=C(N(C)C)/N(C)C,BrC1=CC=C(C(F)(F)F)C=C1,31.62,Cc1ccc(Nc2ccc(C(F)(F)F)cc2)cc1
BTMG,CC(C)C(C=C(C(C)C)C=C1C(C)C)=C1C2=C(P(C3CCCCC3)C4CCCCC4)C=CC=C2,CC1=NOC(C2=CC=CC=C2)=C1,CC(C)(C)/N=C(N(C)C)/N(C)C,IC1=CC=C(C(F)(F)F)C=C1,37.4,Cc1ccc(Nc2ccc(C(F)(F)F)cc2)cc1
BTMG,CC(C)C(C=C(C(C)C)C=C1C(C)C)=C1C2=C(P(C3CCCCC3)C4CCCCC4)C=CC=C2,CC1=NOC(C2=CC=CC=C2)=C1,CC(C)(C)/N=C(N(C)C)/N(C)C,ClC1=CC=C(OC)C=C1,0.45,COc1ccc(Nc2ccc(C)cc2)cc1
BTMG,CC(C)C(C=C(C(C)C)C=C1C(C)C)=C1C2=C(P(C3CCCCC3)C4CCCCC4)C=CC=C2,CC1=NOC(C2=CC=CC=C2)=C1,CC(C)(C)/N=C(N(C)C)/N(C)C,BrC1=CC=C(OC)C=C1,13.27,COc1ccc(Nc2ccc(C)cc2)cc1
BTMG,CC(C)C(C=C(C(C)C)C=C1C(C)C)=C1C2=C(P(C3CCCCC3)C4CCCCC4)C=CC=C2,CC1=NOC(C2=CC=CC=C2)=C1,CC(C)(C)/N=C(N(C)C)/N(C)C,IC1=CC=C(OC)C=C1,17.72,COc1ccc(Nc2ccc(C)cc2)cc1
BTMG,CC(C)C(C=C(C(C)C)C=C1C(C)C)=C1C2=C(P(C3CCCCC3)C4CCCCC4)C=CC=C2,CC1=NOC(C2=CC=CC=C2)=C1,CC(C)(C)/N=C(N(C)C)/N(C)C,ClC1=CC=C(CC)C=C1,3.42,CCc1ccc(Nc2ccc(C)cc2)cc1
BTMG,CC(C)C(C=C(C(C)C)C=C1C(C)C)=C1C2=C(P(C3CCCCC3)C4CCCCC4)C=CC=C2,CC1=NOC(C2=CC=CC=C2)=C1,CC(C)(C)/N=C(N(C)C)/N(C)C,BrC1=CC=C(CC)C=C1,25.12,CCc1ccc(Nc2ccc(C)cc2)cc1
BTMG,CC(C)C(C=C(C(C)C)C=C1C(C)C)=C1C2=C(P(C3CCCCC3)C4CCCCC4)C=CC=C2,CC1=NOC(C2=CC=CC=C2)=C1,CC(C)(C)/N=C(N(C)C)/N(C)C,IC1=CC=C(CC)C=C1,30.07,CCc1ccc(Nc2ccc(C)cc2)cc1
BTMG,CC(C)C(C=C(C(C)C)C=C1C(C)C)=C1C2=C(P(C3CCCCC3)C4CCCCC4)C=CC=C2,CC1=NOC(C2=CC=CC=C2)=C1,CC(C)(C)/N=C(N(C)C)/N(C)C,ClC1=NC=CC=C1,22.55,Cc1ccc(Nc2ccccn2)cc1
BTMG,CC(C)C(C=C(C(C)C)C=C1C(C)C)=C1C2=C(P(C3CCCCC3)C4CCCCC4)C=CC=C2,CC1=NOC(C2=CC=CC=C2)=C1,CC(C)(C)/N=C(N(C)C)/N(C)C,BrC1=NC=CC=C1,36.8,Cc1ccc(Nc2ccccn2)cc1
BTMG,CC(C)C(C=C(C(C)C)C=C1C(C)C)=C1C2=C(P(C3CCCCC3)C4CCCCC4)C=CC=C2,CC1=NOC(C2=CC=CC=C2)=C1,CC(C)(C)/N=C(N(C)C)/N(C)C,IC1=NC=CC=C1,42.21,Cc1ccc(Nc2ccccn2)cc1
BTMG,CC(C)C(C=C(C(C)C)C=C1C(C)C)=C1C2=C(P(C3CCCCC3)C4CCCCC4)C=CC=C2,CC1=NOC(C2=CC=CC=C2)=C1,CC(C)(C)/N=C(N(C)C)/N(C)C,ClC1=CN=CC=C1,8.75,Cc1ccc(Nc2cccnc2)cc1
BTMG,CC(C)C(C=C(C(C)C)C=C1C(C)C)=C1C2=C(P(C3CCCCC3)C4CCCCC4)C=CC=C2,CC1=NOC(C2=CC=CC=C2)=C1,CC(C)(C)/N=C(N(C)C)/N(C)C,BrC1=CN=CC=C1,19.13,Cc1ccc(Nc2cccnc2)cc1
BTMG,CC(C)C(C=C(C(C)C)C=C1C(C)C)=C1C2=C(P(C3CCCCC3)C4CCCCC4)C=CC=C2,CC1=NOC(C2=CC=CC=C2)=C1,CC(C)(C)/N=C(N(C)C)/N(C)C,IC1=CN=CC=C1,27.47,Cc1ccc(Nc2cccnc2)cc1
MTBD,CC(C)C(C=C(C(C)C)C=C1C(C)C)=C1C2=C(P(C3CCCCC3)C4CCCCC4)C=CC=C2,CC1=NOC(C2=CC=CC=C2)=C1,CN1CCCN2C1=NCCC2,ClC1=CC=C(C(F)(F)F)C=C1,9.36,Cc1ccc(Nc2ccc(C(F)(F)F)cc2)cc1
MTBD,CC(C)C(C=C(C(C)C)C=C1C(C)C)=C1C2=C(P(C3CCCCC3)C4CCCCC4)C=CC=C2,CC1=NOC(C2=CC=CC=C2)=C1,CN1CCCN2C1=NCCC2,BrC1=CC=C(C(F)(F)F)C=C1,22.13,Cc1ccc(Nc2ccc(C(F)(F)F)cc2)cc1
MTBD,CC(C)C(C=C(C(C)C)C=C1C(C)C)=C1C2=C(P(C3CCCCC3)C4CCCCC4)C=CC=C2,CC1=NOC(C2=CC=CC=C2)=C1,CN1CCCN2C1=NCCC2,IC1=CC=C(C(F)(F)F)C=C1,38.83,Cc1ccc(Nc2ccc(C(F)(F)F)cc2)cc1
MTBD,CC(C)C(C=C(C(C)C)C=C1C(C)C)=C1C2=C(P(C3CCCCC3)C4CCCCC4)C=CC=C2,CC1=NOC(C2=CC=CC=C2)=C1,CN1CCCN2C1=NCCC2,ClC1=CC=C(OC)C=C1,0.0,COc1ccc(Nc2ccc(C)cc2)cc1
MTBD,CC(C)C(C=C(C(C)C)C=C1C(C)C)=C1C2=C(P(C3CCCCC3)C4CCCCC4)C=CC=C2,CC1=NOC(C2=CC=CC=C2)=C1,CN1CCCN2C1=NCCC2,BrC1=CC=C(OC)C=C1,9.54,COc1ccc(Nc2ccc(C)cc2)cc1
MTBD,CC(C)C(C=C(C(C)C)C=C1C(C)C)=C1C2=C(P(C3CCCCC3)C4CCCCC4)C=CC=C2,CC1=NOC(C2=CC=CC=C2)=C1,CN1CCCN2C1=NCCC2,IC1=CC=C(OC)C=C1,21.42,COc1ccc(Nc2ccc(C)cc2)cc1
MTBD,CC(C)C(C=C(C(C)C)C=C1C(C)C)=C1C2=C(P(C3CCCCC3)C4CCCCC4)C=CC=C2,CC1=NOC(C2=CC=CC=C2)=C1,CN1CCCN2C1=NCCC2,ClC1=CC=C(CC)C=C1,2.22,CCc1ccc(Nc2ccc(C)cc2)cc1
MTBD,CC(C)C(C=C(C(C)C)C=C1C(C)C)=C1C2=C(P(C3CCCCC3)C4CCCCC4)C=CC=C2,CC1=NOC(C2=CC=CC=C2)=C1,CN1CCCN2C1=NCCC2,BrC1=CC=C(CC)C=C1,25.84,CCc1ccc(Nc2ccc(C)cc2)cc1
MTBD,CC(C)C(C=C(C(C)C)C=C1C(C)C)=C1C2=C(P(C3CCCCC3)C4CCCCC4)C=CC=C2,CC1=NOC(C2=CC=CC=C2)=C1,CN1CCCN2C1=NCCC2,IC1=CC=C(CC)C=C1,53.85,CCc1ccc(Nc2ccc(C)cc2)cc1
MTBD,CC(C)C(C=C(C(C)C)C=C1C(C)C)=C1C2=C(P(C3CCCCC3)C4CCCCC4)C=CC=C2,CC1=NOC(C2=CC=CC=C2)=C1,CN1CCCN2C1=NCCC2,ClC1=NC=CC=C1,25.37,Cc1ccc(Nc2ccccn2)cc1
MTBD,CC(C)C(C=C(C(C)C)C=C1C(C)C)=C1C2=C(P(C3CCCCC3)C4CCCCC4)C=CC=C2,CC1=NOC(C2=CC=CC=C2)=C1,CN1CCCN2C1=NCCC2,BrC1=NC=CC=C1,50.91,Cc1ccc(Nc2ccccn2)cc1
MTBD,CC(C)C(C=C(C(C)C)C=C1C(C)C)=C1C2=C(P(C3CCCCC3)C4CCCCC4)C=CC=C2,CC1=NOC(C2=CC=CC=C2)=C1,CN1CCCN2C1=NCCC2,IC1=NC=CC=C1,62.7,Cc1ccc(Nc2ccccn2)cc1
MTBD,CC(C)C(C=C(C(C)C)C=C1C(C)C)=C1C2=C(P(C3CCCCC3)C4CCCCC4)C=CC=C2,CC1=NOC(C2=CC=CC=C2)=C1,CN1CCCN2C1=NCCC2,ClC1=CN=CC=C1,5.01,Cc1ccc(Nc2cccnc2)cc1
MTBD,CC(C)C(C=C(C(C)C)C=C1C(C)C)=C1C2=C(P(C3CCCCC3)C4CCCCC4)C=CC=C2,CC1=NOC(C2=CC=CC=C2)=C1,CN1CCCN2C1=NCCC2,BrC1=CN=CC=C1,24.93,Cc1ccc(Nc2cccnc2)cc1
MTBD,CC(C)C(C=C(C(C)C)C=C1C(C)C)=C1C2=C(P(C3CCCCC3)C4CCCCC4)C=CC=C2,CC1=NOC(C2=CC=CC=C2)=C1,CN1CCCN2C1=NCCC2,IC1=CN=CC=C1,43.08,Cc1ccc(Nc2cccnc2)cc1
P2Et,CC(C)C(C=C(C(C)C)C=C1C(C)C)=C1C2=C(P(C3CCCCC3)C4CCCCC4)C=CC=C2,C1(N(CC2=CC=CC=C2)CC3=CC=CC=C3)=NOC=C1,CN(C)P(N(C)C)(N(C)C)=NP(N(C)C)(N(C)C)=NCC,ClC1=CC=C(C(F)(F)F)C=C1,26.47,Cc1ccc(Nc2ccc(C(F)(F)F)cc2)cc1
P2Et,CC(C)C(C=C(C(C)C)C=C1C(C)C)=C1C2=C(P(C3CCCCC3)C4CCCCC4)C=CC=C2,C1(N(CC2=CC=CC=C2)CC3=CC=CC=C3)=NOC=C1,CN(C)P(N(C)C)(N(C)C)=NP(N(C)C)(N(C)C)=NCC,BrC1=CC=C(C(F)(F)F)C=C1,15.01,Cc1ccc(Nc2ccc(C(F)(F)F)cc2)cc1
P2Et,CC(C)C(C=C(C(C)C)C=C1C(C)C)=C1C2=C(P(C3CCCCC3)C4CCCCC4)C=CC=C2,C1(N(CC2=CC=CC=C2)CC3=CC=CC=C3)=NOC=C1,CN(C)P(N(C)C)(N(C)C)=NP(N(C)C)(N(C)C)=NCC,IC1=CC=C(C(F)(F)F)C=C1,40.67,Cc1ccc(Nc2ccc(C(F)(F)F)cc2)cc1
P2Et,CC(C)C(C=C(C(C)C)C=C1C(C)C)=C1C2=C(P(C3CCCCC3)C4CCCCC4)C=CC=C2,C1(N(CC2=CC=CC=C2)CC3=CC=CC=C3)=NOC=C1,CN(C)P(N(C)C)(N(C)C)=NP(N(C)C)(N(C)C)=NCC,ClC1=CC=C(OC)C=C1,10.03,COc1ccc(Nc2ccc(C)cc2)cc1
P2Et,CC(C)C(C=C(C(C)C)C=C1C(C)C)=C1C2=C(P(C3CCCCC3)C4CCCCC4)C=CC=C2,C1(N(CC2=CC=CC=C2)CC3=CC=CC=C3)=NOC=C1,CN(C)P(N(C)C)(N(C)C)=NP(N(C)C)(N(C)C)=NCC,BrC1=CC=C(OC)C=C1,44.51,COc1ccc(Nc2ccc(C)cc2)cc1
P2Et,CC(C)C(C=C(C(C)C)C=C1C(C)C)=C1C2=C(P(C3CCCCC3)C4CCCCC4)C=CC=C2,C1(N(CC2=CC=CC=C2)CC3=CC=CC=C3)=NOC=C1,CN(C)P(N(C)C)(N(C)C)=NP(N(C)C)(N(C)C)=NCC,IC1=CC=C(OC)C=C1,50.81,COc1ccc(Nc2ccc(C)cc2)cc1
P2Et,CC(C)C(C=C(C(C)C)C=C1C(C)C)=C1C2=C(P(C3CCCCC3)C4CCCCC4)C=CC=C2,C1(N(CC2=CC=CC=C2)CC3=CC=CC=C3)=NOC=C1,CN(C)P(N(C)C)(N(C)C)=NP(N(C)C)(N(C)C)=NCC,ClC1=CC=C(CC)C=C1,13.26,CCc1ccc(Nc2ccc(C)cc2)cc1
P2Et,CC(C)C(C=C(C(C)C)C=C1C(C)C)=C1C2=C(P(C3CCCCC3)C4CCCCC4)C=CC=C2,C1(N(CC2=CC=CC=C2)CC3=CC=CC=C3)=NOC=C1,CN(C)P(N(C)C)(N(C)C)=NP(N(C)C)(N(C)C)=NCC,BrC1=CC=C(CC)C=C1,66.43,CCc1ccc(Nc2ccc(C)cc2)cc1
P2Et,CC(C)C(C=C(C(C)C)C=C1C(C)C)=C1C2=C(P(C3CCCCC3)C4CCCCC4)C=CC=C2,C1(N(CC2=CC=CC=C2)CC3=CC=CC=C3)=NOC=C1,CN(C)P(N(C)C)(N(C)C)=NP(N(C)C)(N(C)C)=NCC,IC1=CC=C(CC)C=C1,69.22,CCc1ccc(Nc2ccc(C)cc2)cc1
P2Et,CC(C)C(C=C(C(C)C)C=C1C(C)C)=C1C2=C(P(C3CCCCC3)C4CCCCC4)C=CC=C2,C1(N(CC2=CC=CC=C2)CC3=CC=CC=C3)=NOC=C1,CN(C)P(N(C)C)(N(C)C)=NP(N(C)C)(N(C)C)=NCC,ClC1=NC=CC=C1,16.48,Cc1ccc(Nc2ccccn2)cc1
P2Et,CC(C)C(C=C(C(C)C)C=C1C(C)C)=C1C2=C(P(C3CCCCC3)C4CCCCC4)C=CC=C2,C1(N(CC2=CC=CC=C2)CC3=CC=CC=C3)=NOC=C1,CN(C)P(N(C)C)(N(C)C)=NP(N(C)C)(N(C)C)=NCC,BrC1=NC=CC=C1,19.59,Cc1ccc(Nc2ccccn2)cc1
P2Et,CC(C)C(C=C(C(C)C)C=C1C(C)C)=C1C2=C(P(C3CCCCC3)C4CCCCC4)C=CC=C2,C1(N(CC2=CC=CC=C2)CC3=CC=CC=C3)=NOC=C1,CN(C)P(N(C)C)(N(C)C)=NP(N(C)C)(N(C)C)=NCC,IC1=NC=CC=C1,19.12,Cc1ccc(Nc2ccccn2)cc1
P2Et,CC(C)C(C=C(C(C)C)C=C1C(C)C)=C1C2=C(P(C3CCCCC3)C4CCCCC4)C=CC=C2,C1(N(CC2=CC=CC=C2)CC3=CC=CC=C3)=NOC=C1,CN(C)P(N(C)C)(N(C)C)=NP(N(C)C)(N(C)C)=NCC,ClC1=CN=CC=C1,37.02,Cc1ccc(Nc2cccnc2)cc1
P2Et,CC(C)C(C=C(C(C)C)C=C1C(C)C)=C1C2=C(P(C3CCCCC3)C4CCCCC4)C=CC=C2,C1(N(CC2=CC=CC=C2)CC3=CC=CC=C3)=NOC=C1,CN(C)P(N(C)C)(N(C)C)=NP(N(C)C)(N(C)C)=NCC,BrC1=CN=CC=C1,10.03,Cc1ccc(Nc2cccnc2)cc1
P2Et,CC(C)C(C=C(C(C)C)C=C1C(C)C)=C1C2=C(P(C3CCCCC3)C4CCCCC4)C=CC=C2,C1(N(CC2=CC=CC=C2)CC3=CC=CC=C3)=NOC=C1,CN(C)P(N(C)C)(N(C)C)=NP(N(C)C)(N(C)C)=NCC,IC1=CN=CC=C1,41.02,Cc1ccc(Nc2cccnc2)cc1
BTMG,CC(C)C(C=C(C(C)C)C=C1C(C)C)=C1C2=C(P(C3CCCCC3)C4CCCCC4)C=CC=C2,C1(N(CC2=CC=CC=C2)CC3=CC=CC=C3)=NOC=C1,CC(C)(C)/N=C(N(C)C)/N(C)C,ClC1=CC=C(C(F)(F)F)C=C1,17.89,Cc1ccc(Nc2ccc(C(F)(F)F)cc2)cc1
BTMG,CC(C)C(C=C(C(C)C)C=C1C(C)C)=C1C2=C(P(C3CCCCC3)C4CCCCC4)C=CC=C2,C1(N(CC2=CC=CC=C2)CC3=CC=CC=C3)=NOC=C1,CC(C)(C)/N=C(N(C)C)/N(C)C,BrC1=CC=C(C(F)(F)F)C=C1,30.84,Cc1ccc(Nc2ccc(C(F)(F)F)cc2)cc1
BTMG,CC(C)C(C=C(C(C)C)C=C1C(C)C)=C1C2=C(P(C3CCCCC3)C4CCCCC4)C=CC=C2,C1(N(CC2=CC=CC=C2)CC3=CC=CC=C3)=NOC=C1,CC(C)(C)/N=C(N(C)C)/N(C)C,IC1=CC=C(C(F)(F)F)C=C1,42.95,Cc1ccc(Nc2ccc(C(F)(F)F)cc2)cc1
BTMG,CC(C)C(C=C(C(C)C)C=C1C(C)C)=C1C2=C(P(C3CCCCC3)C4CCCCC4)C=CC=C2,C1(N(CC2=CC=CC=C2)CC3=CC=CC=C3)=NOC=C1,CC(C)(C)/N=C(N(C)C)/N(C)C,ClC1=CC=C(OC)C=C1,39.23,COc1ccc(Nc2ccc(C)cc2)cc1
BTMG,CC(C)C(C=C(C(C)C)C=C1C(C)C)=C1C2=C(P(C3CCCCC3)C4CCCCC4)C=CC=C2,C1(N(CC2=CC=CC=C2)CC3=CC=CC=C3)=NOC=C1,CC(C)(C)/N=C(N(C)C)/N(C)C,BrC1=CC=C(OC)C=C1,47.14,COc1ccc(Nc2ccc(C)cc2)cc1
BTMG,CC(C)C(C=C(C(C)C)C=C1C(C)C)=C1C2=C(P(C3CCCCC3)C4CCCCC4)C=CC=C2,C1(N(CC2=CC=CC=C2)CC3=CC=CC=C3)=NOC=C1,CC(C)(C)/N=C(N(C)C)/N(C)C,IC1=CC=C(OC)C=C1,49.47,COc1ccc(Nc2ccc(C)cc2)cc1
BTMG,CC(C)C(C=C(C(C)C)C=C1C(C)C)=C1C2=C(P(C3CCCCC3)C4CCCCC4)C=CC=C2,C1(N(CC2=CC=CC=C2)CC3=CC=CC=C3)=NOC=C1,CC(C)(C)/N=C(N(C)C)/N(C)C,ClC1=CC=C(CC)C=C1,6.26,CCc1ccc(Nc2ccc(C)cc2)cc1
BTMG,CC(C)C(C=C(C(C)C)C=C1C(C)C)=C1C2=C(P(C3CCCCC3)C4CCCCC4)C=CC=C2,C1(N(CC2=CC=CC=C2)CC3=CC=CC=C3)=NOC=C1,CC(C)(C)/N=C(N(C)C)/N(C)C,BrC1=CC=C(CC)C=C1,24.92,CCc1ccc(Nc2ccc(C)cc2)cc1
BTMG,CC(C)C(C=C(C(C)C)C=C1C(C)C)=C1C2=C(P(C3CCCCC3)C4CCCCC4)C=CC=C2,C1(N(CC2=CC=CC=C2)CC3=CC=CC=C3)=NOC=C1,CC(C)(C)/N=C(N(C)C)/N(C)C,IC1=CC=C(CC)C=C1,29.3,CCc1ccc(Nc2ccc(C)cc2)cc1
BTMG,CC(C)C(C=C(C(C)C)C=C1C(C)C)=C1C2=C(P(C3CCCCC3)C4CCCCC4)C=CC=C2,C1(N(CC2=CC=CC=C2)CC3=CC=CC=C3)=NOC=C1,CC(C)(C)/N=C(N(C)C)/N(C)C,ClC1=NC=CC=C1,26.07,Cc1ccc(Nc2ccccn2)cc1
BTMG,CC(C)C(C=C(C(C)C)C=C1C(C)C)=C1C2=C(P(C3CCCCC3)C4CCCCC4)C=CC=C2,C1(N(CC2=CC=CC=C2)CC3=CC=CC=C3)=NOC=C1,CC(C)(C)/N=C(N(C)C)/N(C)C,BrC1=NC=CC=C1,40.33,Cc1ccc(Nc2ccccn2)cc1
BTMG,CC(C)C(C=C(C(C)C)C=C1C(C)C)=C1C2=C(P(C3CCCCC3)C4CCCCC4)C=CC=C2,C1(N(CC2=CC=CC=C2)CC3=CC=CC=C3)=NOC=C1,CC(C)(C)/N=C(N(C)C)/N(C)C,IC1=NC=CC=C1,46.58,Cc1ccc(Nc2ccccn2)cc1
BTMG,CC(C)C(C=C(C(C)C)C=C1C(C)C)=C1C2=C(P(C3CCCCC3)C4CCCCC4)C=CC=C2,C1(N(CC2=CC=CC=C2)CC3=CC=CC=C3)=NOC=C1,CC(C)(C)/N=C(N(C)C)/N(C)C,ClC1=CN=CC=C1,10.88,Cc1ccc(Nc2cccnc2)cc1
BTMG,CC(C)C(C=C(C(C)C)C=C1C(C)C)=C1C2=C(P(C3CCCCC3)C4CCCCC4)C=CC=C2,C1(N(CC2=CC=CC=C2)CC3=CC=CC=C3)=NOC=C1,CC(C)(C)/N=C(N(C)C)/N(C)C,BrC1=CN=CC=C1,19.12,Cc1ccc(Nc2cccnc2)cc1
BTMG,CC(C)C(C=C(C(C)C)C=C1C(C)C)=C1C2=C(P(C3CCCCC3)C4CCCCC4)C=CC=C2,C1(N(CC2=CC=CC=C2)CC3=CC=CC=C3)=NOC=C1,CC(C)(C)/N=C(N(C)C)/N(C)C,IC1=CN=CC=C1,30.41,Cc1ccc(Nc2cccnc2)cc1
MTBD,CC(C)C(C=C(C(C)C)C=C1C(C)C)=C1C2=C(P(C3CCCCC3)C4CCCCC4)C=CC=C2,C1(N(CC2=CC=CC=C2)CC3=CC=CC=C3)=NOC=C1,CN1CCCN2C1=NCCC2,ClC1=CC=C(C(F)(F)F)C=C1,12.69,Cc1ccc(Nc2ccc(C(F)(F)F)cc2)cc1
MTBD,CC(C)C(C=C(C(C)C)C=C1C(C)C)=C1C2=C(P(C3CCCCC3)C4CCCCC4)C=CC=C2,C1(N(CC2=CC=CC=C2)CC3=CC=CC=C3)=NOC=C1,CN1CCCN2C1=NCCC2,BrC1=CC=C(C(F)(F)F)C=C1,24.01,Cc1ccc(Nc2ccc(C(F)(F)F)cc2)cc1
MTBD,CC(C)C(C=C(C(C)C)C=C1C(C)C)=C1C2=C(P(C3CCCCC3)C4CCCCC4)C=CC=C2,C1(N(CC2=CC=CC=C2)CC3=CC=CC=C3)=NOC=C1,CN1CCCN2C1=NCCC2,IC1=CC=C(C(F)(F)F)C=C1,38.95,Cc1ccc(Nc2ccc(C(F)(F)F)cc2)cc1
MTBD,CC(C)C(C=C(C(C)C)C=C1C(C)C)=C1C2=C(P(C3CCCCC3)C4CCCCC4)C=CC=C2,C1(N(CC2=CC=CC=C2)CC3=CC=CC=C3)=NOC=C1,CN1CCCN2C1=NCCC2,ClC1=CC=C(OC)C=C1,38.99,COc1ccc(Nc2ccc(C)cc2)cc1
MTBD,CC(C)C(C=C(C(C)C)C=C1C(C)C)=C1C2=C(P(C3CCCCC3)C4CCCCC4)C=CC=C2,C1(N(CC2=CC=CC=C2)CC3=CC=CC=C3)=NOC=C1,CN1CCCN2C1=NCCC2,BrC1=CC=C(OC)C=C1,45.83,COc1ccc(Nc2ccc(C)cc2)cc1
MTBD,CC(C)C(C=C(C(C)C)C=C1C(C)C)=C1C2=C(P(C3CCCCC3)C4CCCCC4)C=CC=C2,C1(N(CC2=CC=CC=C2)CC3=CC=CC=C3)=NOC=C1,CN1CCCN2C1=NCCC2,IC1=CC=C(OC)C=C1,50.1,COc1ccc(Nc2ccc(C)cc2)cc1
MTBD,CC(C)C(C=C(C(C)C)C=C1C(C)C)=C1C2=C(P(C3CCCCC3)C4CCCCC4)C=CC=C2,C1(N(CC2=CC=CC=C2)CC3=CC=CC=C3)=NOC=C1,CN1CCCN2C1=NCCC2,ClC1=CC=C(CC)C=C1,5.97,CCc1ccc(Nc2ccc(C)cc2)cc1
MTBD,CC(C)C(C=C(C(C)C)C=C1C(C)C)=C1C2=C(P(C3CCCCC3)C4CCCCC4)C=CC=C2,C1(N(CC2=CC=CC=C2)CC3=CC=CC=C3)=NOC=C1,CN1CCCN2C1=NCCC2,BrC1=CC=C(CC)C=C1,28.84,CCc1ccc(Nc2ccc(C)cc2)cc1
MTBD,CC(C)C(C=C(C(C)C)C=C1C(C)C)=C1C2=C(P(C3CCCCC3)C4CCCCC4)C=CC=C2,C1(N(CC2=CC=CC=C2)CC3=CC=CC=C3)=NOC=C1,CN1CCCN2C1=NCCC2,IC1=CC=C(CC)C=C1,55.77,CCc1ccc(Nc2ccc(C)cc2)cc1
MTBD,CC(C)C(C=C(C(C)C)C=C1C(C)C)=C1C2=C(P(C3CCCCC3)C4CCCCC4)C=CC=C2,C1(N(CC2=CC=CC=C2)CC3=CC=CC=C3)=NOC=C1,CN1CCCN2C1=NCCC2,ClC1=NC=CC=C1,27.19,Cc1ccc(Nc2ccccn2)cc1
MTBD,CC(C)C(C=C(C(C)C)C=C1C(C)C)=C1C2=C(P(C3CCCCC3)C4CCCCC4)C=CC=C2,C1(N(CC2=CC=CC=C2)CC3=CC=CC=C3)=NOC=C1,CN1CCCN2C1=NCCC2,BrC1=NC=CC=C1,55.41,Cc1ccc(Nc2ccccn2)cc1
MTBD,CC(C)C(C=C(C(C)C)C=C1C(C)C)=C1C2=C(P(C3CCCCC3)C4CCCCC4)C=CC=C2,C1(N(CC2=CC=CC=C2)CC3=CC=CC=C3)=NOC=C1,CN1CCCN2C1=NCCC2,IC1=NC=CC=C1,64.88,Cc1ccc(Nc2ccccn2)cc1
MTBD,CC(C)C(C=C(C(C)C)C=C1C(C)C)=C1C2=C(P(C3CCCCC3)C4CCCCC4)C=CC=C2,C1(N(CC2=CC=CC=C2)CC3=CC=CC=C3)=NOC=C1,CN1CCCN2C1=NCCC2,ClC1=CN=CC=C1,7.66,Cc1ccc(Nc2cccnc2)cc1
MTBD,CC(C)C(C=C(C(C)C)C=C1C(C)C)=C1C2=C(P(C3CCCCC3)C4CCCCC4)C=CC=C2,C1(N(CC2=CC=CC=C2)CC3=CC=CC=C3)=NOC=C1,CN1CCCN2C1=NCCC2,BrC1=CN=CC=C1,24.92,Cc1ccc(Nc2cccnc2)cc1
MTBD,CC(C)C(C=C(C(C)C)C=C1C(C)C)=C1C2=C(P(C3CCCCC3)C4CCCCC4)C=CC=C2,C1(N(CC2=CC=CC=C2)CC3=CC=CC=C3)=NOC=C1,CN1CCCN2C1=NCCC2,IC1=CN=CC=C1,43.47,Cc1ccc(Nc2cccnc2)cc1
P2Et,CC(C)C(C=C(C(C)C)C=C1C(C)C)=C1C2=C(P(C3CCCCC3)C4CCCCC4)C=CC=C2,O=C(OC)C1=NOC(C2=CC=CO2)=C1,CN(C)P(N(C)C)(N(C)C)=NP(N(C)C)(N(C)C)=NCC,ClC1=CC=C(C(F)(F)F)C=C1,6.62,Cc1ccc(Nc2ccc(C(F)(F)F)cc2)cc1
P2Et,CC(C)C(C=C(C(C)C)C=C1C(C)C)=C1C2=C(P(C3CCCCC3)C4CCCCC4)C=CC=C2,O=C(OC)C1=NOC(C2=CC=CO2)=C1,CN(C)P(N(C)C)(N(C)C)=NP(N(C)C)(N(C)C)=NCC,BrC1=CC=C(C(F)(F)F)C=C1,19.22,Cc1ccc(Nc2ccc(C(F)(F)F)cc2)cc1
P2Et,CC(C)C(C=C(C(C)C)C=C1C(C)C)=C1C2=C(P(C3CCCCC3)C4CCCCC4)C=CC=C2,O=C(OC)C1=NOC(C2=CC=CO2)=C1,CN(C)P(N(C)C)(N(C)C)=NP(N(C)C)(N(C)C)=NCC,IC1=CC=C(C(F)(F)F)C=C1,38.88,Cc1ccc(Nc2ccc(C(F)(F)F)cc2)cc1
P2Et,CC(C)C(C=C(C(C)C)C=C1C(C)C)=C1C2=C(P(C3CCCCC3)C4CCCCC4)C=CC=C2,O=C(OC)C1=NOC(C2=CC=CO2)=C1,CN(C)P(N(C)C)(N(C)C)=NP(N(C)C)(N(C)C)=NCC,ClC1=CC=C(OC)C=C1,0.0,COc1ccc(Nc2ccc(C)cc2)cc1
P2Et,CC(C)C(C=C(C(C)C)C=C1C(C)C)=C1C2=C(P(C3CCCCC3)C4CCCCC4)C=CC=C2,O=C(OC)C1=NOC(C2=CC=CO2)=C1,CN(C)P(N(C)C)(N(C)C)=NP(N(C)C)(N(C)C)=NCC,BrC1=CC=C(OC)C=C1,8.12,COc1ccc(Nc2ccc(C)cc2)cc1
P2Et,CC(C)C(C=C(C(C)C)C=C1C(C)C)=C1C2=C(P(C3CCCCC3)C4CCCCC4)C=CC=C2,O=C(OC)C1=NOC(C2=CC=CO2)=C1,CN(C)P(N(C)C)(N(C)C)=NP(N(C)C)(N(C)C)=NCC,IC1=CC=C(OC)C=C1,9.23,COc1ccc(Nc2ccc(C)cc2)cc1
P2Et,CC(C)C(C=C(C(C)C)C=C1C(C)C)=C1C2=C(P(C3CCCCC3)C4CCCCC4)C=CC=C2,O=C(OC)C1=NOC(C2=CC=CO2)=C1,CN(C)P(N(C)C)(N(C)C)=NP(N(C)C)(N(C)C)=NCC,ClC1=CC=C(CC)C=C1,0.34,CCc1ccc(Nc2ccc(C)cc2)cc1
P2Et,CC(C)C(C=C(C(C)C)C=C1C(C)C)=C1C2=C(P(C3CCCCC3)C4CCCCC4)C=CC=C2,O=C(OC)C1=NOC(C2=CC=CO2)=C1,CN(C)P(N(C)C)(N(C)C)=NP(N(C)C)(N(C)C)=NCC,BrC1=CC=C(CC)C=C1,32.96,CCc1ccc(Nc2ccc(C)cc2)cc1
P2Et,CC(C)C(C=C(C(C)C)C=C1C(C)C)=C1C2=C(P(C3CCCCC3)C4CCCCC4)C=CC=C2,O=C(OC)C1=NOC(C2=CC=CO2)=C1,CN(C)P(N(C)C)(N(C)C)=NP(N(C)C)(N(C)C)=NCC,IC1=CC=C(CC)C=C1,47.36,CCc1ccc(Nc2ccc(C)cc2)cc1
P2Et,CC(C)C(C=C(C(C)C)C=C1C(C)C)=C1C2=C(P(C3CCCCC3)C4CCCCC4)C=CC=C2,O=C(OC)C1=NOC(C2=CC=CO2)=C1,CN(C)P(N(C)C)(N(C)C)=NP(N(C)C)(N(C)C)=NCC,ClC1=NC=CC=C1,24.02,Cc1ccc(Nc2ccccn2)cc1
P2Et,CC(C)C(C=C(C(C)C)C=C1C(C)C)=C1C2=C(P(C3CCCCC3)C4CCCCC4)C=CC=C2,O=C(OC)C1=NOC(C2=CC=CO2)=C1,CN(C)P(N(C)C)(N(C)C)=NP(N(C)C)(N(C)C)=NCC,BrC1=NC=CC=C1,30.08,Cc1ccc(Nc2ccccn2)cc1
P2Et,CC(C)C(C=C(C(C)C)C=C1C(C)C)=C1C2=C(P(C3CCCCC3)C4CCCCC4)C=CC=C2,O=C(OC)C1=NOC(C2=CC=CO2)=C1,CN(C)P(N(C)C)(N(C)C)=NP(N(C)C)(N(C)C)=NCC,IC1=NC=CC=C1,29.79,Cc1ccc(Nc2ccccn2)cc1
P2Et,CC(C)C(C=C(C(C)C)C=C1C(C)C)=C1C2=C(P(C3CCCCC3)C4CCCCC4)C=CC=C2,O=C(OC)C1=NOC(C2=CC=CO2)=C1,CN(C)P(N(C)C)(N(C)C)=NP(N(C)C)(N(C)C)=NCC,ClC1=CN=CC=C1,3.17,Cc1ccc(Nc2cccnc2)cc1
P2Et,CC(C)C(C=C(C(C)C)C=C1C(C)C)=C1C2=C(P(C3CCCCC3)C4CCCCC4)C=CC=C2,O=C(OC)C1=NOC(C2=CC=CO2)=C1,CN(C)P(N(C)C)(N(C)C)=NP(N(C)C)(N(C)C)=NCC,BrC1=CN=CC=C1,18.21,Cc1ccc(Nc2cccnc2)cc1
P2Et,CC(C)C(C=C(C(C)C)C=C1C(C)C)=C1C2=C(P(C3CCCCC3)C4CCCCC4)C=CC=C2,O=C(OC)C1=NOC(C2=CC=CO2)=C1,CN(C)P(N(C)C)(N(C)C)=NP(N(C)C)(N(C)C)=NCC,IC1=CN=CC=C1,28.28,Cc1ccc(Nc2cccnc2)cc1
BTMG,CC(C)C(C=C(C(C)C)C=C1C(C)C)=C1C2=C(P(C3CCCCC3)C4CCCCC4)C=CC=C2,O=C(OC)C1=NOC(C2=CC=CO2)=C1,CC(C)(C)/N=C(N(C)C)/N(C)C,ClC1=CC=C(C(F)(F)F)C=C1,9.33,Cc1ccc(Nc2ccc(C(F)(F)F)cc2)cc1
BTMG,CC(C)C(C=C(C(C)C)C=C1C(C)C)=C1C2=C(P(C3CCCCC3)C4CCCCC4)C=CC=C2,O=C(OC)C1=NOC(C2=CC=CO2)=C1,CC(C)(C)/N=C(N(C)C)/N(C)C,BrC1=CC=C(C(F)(F)F)C=C1,24.09,Cc1ccc(Nc2ccc(C(F)(F)F)cc2)cc1
BTMG,CC(C)C(C=C(C(C)C)C=C1C(C)C)=C1C2=C(P(C3CCCCC3)C4CCCCC4)C=CC=C2,O=C(OC)C1=NOC(C2=CC=CO2)=C1,CC(C)(C)/N=C(N(C)C)/N(C)C,IC1=CC=C(C(F)(F)F)C=C1,26.99,Cc1ccc(Nc2ccc(C(F)(F)F)cc2)cc1
BTMG,CC(C)C(C=C(C(C)C)C=C1C(C)C)=C1C2=C(P(C3CCCCC3)C4CCCCC4)C=CC=C2,O=C(OC)C1=NOC(C2=CC=CO2)=C1,CC(C)(C)/N=C(N(C)C)/N(C)C,ClC1=CC=C(OC)C=C1,0.0,COc1ccc(Nc2ccc(C)cc2)cc1
BTMG,CC(C)C(C=C(C(C)C)C=C1C(C)C)=C1C2=C(P(C3CCCCC3)C4CCCCC4)C=CC=C2,O=C(OC)C1=NOC(C2=CC=CO2)=C1,CC(C)(C)/N=C(N(C)C)/N(C)C,BrC1=CC=C(OC)C=C1,7.41,COc1ccc(Nc2ccc(C)cc2)cc1
BTMG,CC(C)C(C=C(C(C)C)C=C1C(C)C)=C1C2=C(P(C3CCCCC3)C4CCCCC4)C=CC=C2,O=C(OC)C1=NOC(C2=CC=CO2)=C1,CC(C)(C)/N=C(N(C)C)/N(C)C,IC1=CC=C(OC)C=C1,8.43,COc1ccc(Nc2ccc(C)cc2)cc1
BTMG,CC(C)C(C=C(C(C)C)C=C1C(C)C)=C1C2=C(P(C3CCCCC3)C4CCCCC4)C=CC=C2,O=C(OC)C1=NOC(C2=CC=CO2)=C1,CC(C)(C)/N=C(N(C)C)/N(C)C,ClC1=CC=C(CC)C=C1,0.73,CCc1ccc(Nc2ccc(C)cc2)cc1
BTMG,CC(C)C(C=C(C(C)C)C=C1C(C)C)=C1C2=C(P(C3CCCCC3)C4CCCCC4)C=CC=C2,O=C(OC)C1=NOC(C2=CC=CO2)=C1,CC(C)(C)/N=C(N(C)C)/N(C)C,BrC1=CC=C(CC)C=C1,20.33,CCc1ccc(Nc2ccc(C)cc2)cc1
BTMG,CC(C)C(C=C(C(C)C)C=C1C(C)C)=C1C2=C(P(C3CCCCC3)C4CCCCC4)C=CC=C2,O=C(OC)C1=NOC(C2=CC=CO2)=C1,CC(C)(C)/N=C(N(C)C)/N(C)C,IC1=CC=C(CC)C=C1,20.52,CCc1ccc(Nc2ccc(C)cc2)cc1
BTMG,CC(C)C(C=C(C(C)C)C=C1C(C)C)=C1C2=C(P(C3CCCCC3)C4CCCCC4)C=CC=C2,O=C(OC)C1=NOC(C2=CC=CO2)=C1,CC(C)(C)/N=C(N(C)C)/N(C)C,ClC1=NC=CC=C1,21.6,Cc1ccc(Nc2ccccn2)cc1
BTMG,CC(C)C(C=C(C(C)C)C=C1C(C)C)=C1C2=C(P(C3CCCCC3)C4CCCCC4)C=CC=C2,O=C(OC)C1=NOC(C2=CC=CO2)=C1,CC(C)(C)/N=C(N(C)C)/N(C)C,BrC1=NC=CC=C1,30.29,Cc1ccc(Nc2ccccn2)cc1
BTMG,CC(C)C(C=C(C(C)C)C=C1C(C)C)=C1C2=C(P(C3CCCCC3)C4CCCCC4)C=CC=C2,O=C(OC)C1=NOC(C2=CC=CO2)=C1,CC(C)(C)/N=C(N(C)C)/N(C)C,IC1=NC=CC=C1,38.86,Cc1ccc(Nc2ccccn2)cc1
BTMG,CC(C)C(C=C(C(C)C)C=C1C(C)C)=C1C2=C(P(C3CCCCC3)C4CCCCC4)C=CC=C2,O=C(OC)C1=NOC(C2=CC=CO2)=C1,CC(C)(C)/N=C(N(C)C)/N(C)C,ClC1=CN=CC=C1,4.14,Cc1ccc(Nc2cccnc2)cc1
BTMG,CC(C)C(C=C(C(C)C)C=C1C(C)C)=C1C2=C(P(C3CCCCC3)C4CCCCC4)C=CC=C2,O=C(OC)C1=NOC(C2=CC=CO2)=C1,CC(C)(C)/N=C(N(C)C)/N(C)C,BrC1=CN=CC=C1,16.02,Cc1ccc(Nc2cccnc2)cc1
BTMG,CC(C)C(C=C(C(C)C)C=C1C(C)C)=C1C2=C(P(C3CCCCC3)C4CCCCC4)C=CC=C2,O=C(OC)C1=NOC(C2=CC=CO2)=C1,CC(C)(C)/N=C(N(C)C)/N(C)C,IC1=CN=CC=C1,19.48,Cc1ccc(Nc2cccnc2)cc1
MTBD,CC(C)C(C=C(C(C)C)C=C1C(C)C)=C1C2=C(P(C3CCCCC3)C4CCCCC4)C=CC=C2,O=C(OC)C1=NOC(C2=CC=CO2)=C1,CN1CCCN2C1=NCCC2,ClC1=CC=C(C(F)(F)F)C=C1,5.98,Cc1ccc(Nc2ccc(C(F)(F)F)cc2)cc1
MTBD,CC(C)C(C=C(C(C)C)C=C1C(C)C)=C1C2=C(P(C3CCCCC3)C4CCCCC4)C=CC=C2,O=C(OC)C1=NOC(C2=CC=CO2)=C1,CN1CCCN2C1=NCCC2,BrC1=CC=C(C(F)(F)F)C=C1,19.02,Cc1ccc(Nc2ccc(C(F)(F)F)cc2)cc1
MTBD,CC(C)C(C=C(C(C)C)C=C1C(C)C)=C1C2=C(P(C3CCCCC3)C4CCCCC4)C=CC=C2,O=C(OC)C1=NOC(C2=CC=CO2)=C1,CN1CCCN2C1=NCCC2,IC1=CC=C(C(F)(F)F)C=C1,34.03,Cc1ccc(Nc2ccc(C(F)(F)F)cc2)cc1
MTBD,CC(C)C(C=C(C(C)C)C=C1C(C)C)=C1C2=C(P(C3CCCCC3)C4CCCCC4)C=CC=C2,O=C(OC)C1=NOC(C2=CC=CO2)=C1,CN1CCCN2C1=NCCC2,ClC1=CC=C(OC)C=C1,0.0,COc1ccc(Nc2ccc(C)cc2)cc1
MTBD,CC(C)C(C=C(C(C)C)C=C1C(C)C)=C1C2=C(P(C3CCCCC3)C4CCCCC4)C=CC=C2,O=C(OC)C1=NOC(C2=CC=CO2)=C1,CN1CCCN2C1=NCCC2,BrC1=CC=C(OC)C=C1,4.7,COc1ccc(Nc2ccc(C)cc2)cc1
MTBD,CC(C)C(C=C(C(C)C)C=C1C(C)C)=C1C2=C(P(C3CCCCC3)C4CCCCC4)C=CC=C2,O=C(OC)C1=NOC(C2=CC=CO2)=C1,CN1CCCN2C1=NCCC2,IC1=CC=C(OC)C=C1,8.11,COc1ccc(Nc2ccc(C)cc2)cc1
MTBD,CC(C)C(C=C(C(C)C)C=C1C(C)C)=C1C2=C(P(C3CCCCC3)C4CCCCC4)C=CC=C2,O=C(OC)C1=NOC(C2=CC=CO2)=C1,CN1CCCN2C1=NCCC2,ClC1=CC=C(CC)C=C1,0.94,CCc1ccc(Nc2ccc(C)cc2)cc1
MTBD,CC(C)C(C=C(C(C)C)C=C1C(C)C)=C1C2=C(P(C3CCCCC3)C4CCCCC4)C=CC=C2,O=C(OC)C1=NOC(C2=CC=CO2)=C1,CN1CCCN2C1=NCCC2,BrC1=CC=C(CC)C=C1,17.29,CCc1ccc(Nc2ccc(C)cc2)cc1
MTBD,CC(C)C(C=C(C(C)C)C=C1C(C)C)=C1C2=C(P(C3CCCCC3)C4CCCCC4)C=CC=C2,O=C(OC)C1=NOC(C2=CC=CO2)=C1,CN1CCCN2C1=NCCC2,IC1=CC=C(CC)C=C1,38.17,CCc1ccc(Nc2ccc(C)cc2)cc1
MTBD,CC(C)C(C=C(C(C)C)C=C1C(C)C)=C1C2=C(P(C3CCCCC3)C4CCCCC4)C=CC=C2,O=C(OC)C1=NOC(C2=CC=CO2)=C1,CN1CCCN2C1=NCCC2,ClC1=NC=CC=C1,25.48,Cc1ccc(Nc2ccccn2)cc1
MTBD,CC(C)C(C=C(C(C)C)C=C1C(C)C)=C1C2=C(P(C3CCCCC3)C4CCCCC4)C=CC=C2,O=C(OC)C1=NOC(C2=CC=CO2)=C1,CN1CCCN2C1=NCCC2,BrC1=NC=CC=C1,49.96,Cc1ccc(Nc2ccccn2)cc1
MTBD,CC(C)C(C=C(C(C)C)C=C1C(C)C)=C1C2=C(P(C3CCCCC3)C4CCCCC4)C=CC=C2,O=C(OC)C1=NOC(C2=CC=CO2)=C1,CN1CCCN2C1=NCCC2,IC1=NC=CC=C1,54.07,Cc1ccc(Nc2ccccn2)cc1
MTBD,CC(C)C(C=C(C(C)C)C=C1C(C)C)=C1C2=C(P(C3CCCCC3)C4CCCCC4)C=CC=C2,O=C(OC)C1=NOC(C2=CC=CO2)=C1,CN1CCCN2C1=NCCC2,ClC1=CN=CC=C1,3.61,Cc1ccc(Nc2cccnc2)cc1
MTBD,CC(C)C(C=C(C(C)C)C=C1C(C)C)=C1C2=C(P(C3CCCCC3)C4CCCCC4)C=CC=C2,O=C(OC)C1=NOC(C2=CC=CO2)=C1,CN1CCCN2C1=NCCC2,BrC1=CN=CC=C1,16.57,Cc1ccc(Nc2cccnc2)cc1
MTBD,CC(C)C(C=C(C(C)C)C=C1C(C)C)=C1C2=C(P(C3CCCCC3)C4CCCCC4)C=CC=C2,O=C(OC)C1=NOC(C2=CC=CO2)=C1,CN1CCCN2C1=NCCC2,IC1=CN=CC=C1,32.52,Cc1ccc(Nc2cccnc2)cc1
P2Et,CC(C)C(C=C(C(C)C)C=C1C(C)C)=C1C2=C(P(C(C)(C)C)C(C)(C)C)C=CC=C2,COC1=NOC(C(OCC)=O)=C1,CN(C)P(N(C)C)(N(C)C)=NP(N(C)C)(N(C)C)=NCC,ClC1=CC=C(C(F)(F)F)C=C1,24.17,Cc1ccc(Nc2ccc(C(F)(F)F)cc2)cc1
P2Et,CC(C)C(C=C(C(C)C)C=C1C(C)C)=C1C2=C(P(C(C)(C)C)C(C)(C)C)C=CC=C2,COC1=NOC(C(OCC)=O)=C1,CN(C)P(N(C)C)(N(C)C)=NP(N(C)C)(N(C)C)=NCC,BrC1=CC=C(C(F)(F)F)C=C1,35.81,Cc1ccc(Nc2ccc(C(F)(F)F)cc2)cc1
P2Et,CC(C)C(C=C(C(C)C)C=C1C(C)C)=C1C2=C(P(C(C)(C)C)C(C)(C)C)C=CC=C2,COC1=NOC(C(OCC)=O)=C1,CN(C)P(N(C)C)(N(C)C)=NP(N(C)C)(N(C)C)=NCC,IC1=CC=C(C(F)(F)F)C=C1,40.29,Cc1ccc(Nc2ccc(C(F)(F)F)cc2)cc1
P2Et,CC(C)C(C=C(C(C)C)C=C1C(C)C)=C1C2=C(P(C(C)(C)C)C(C)(C)C)C=CC=C2,COC1=NOC(C(OCC)=O)=C1,CN(C)P(N(C)C)(N(C)C)=NP(N(C)C)(N(C)C)=NCC,ClC1=CC=C(OC)C=C1,3.12,COc1ccc(Nc2ccc(C)cc2)cc1
P2Et,CC(C)C(C=C(C(C)C)C=C1C(C)C)=C1C2=C(P(C(C)(C)C)C(C)(C)C)C=CC=C2,COC1=NOC(C(OCC)=O)=C1,CN(C)P(N(C)C)(N(C)C)=NP(N(C)C)(N(C)C)=NCC,BrC1=CC=C(OC)C=C1,42.3,COc1ccc(Nc2ccc(C)cc2)cc1
P2Et,CC(C)C(C=C(C(C)C)C=C1C(C)C)=C1C2=C(P(C(C)(C)C)C(C)(C)C)C=CC=C2,COC1=NOC(C(OCC)=O)=C1,CN(C)P(N(C)C)(N(C)C)=NP(N(C)C)(N(C)C)=NCC,IC1=CC=C(OC)C=C1,40.31,COc1ccc(Nc2ccc(C)cc2)cc1
P2Et,CC(C)C(C=C(C(C)C)C=C1C(C)C)=C1C2=C(P(C(C)(C)C)C(C)(C)C)C=CC=C2,COC1=NOC(C(OCC)=O)=C1,CN(C)P(N(C)C)(N(C)C)=NP(N(C)C)(N(C)C)=NCC,ClC1=CC=C(CC)C=C1,10.9,CCc1ccc(Nc2ccc(C)cc2)cc1
P2Et,CC(C)C(C=C(C(C)C)C=C1C(C)C)=C1C2=C(P(C(C)(C)C)C(C)(C)C)C=CC=C2,COC1=NOC(C(OCC)=O)=C1,CN(C)P(N(C)C)(N(C)C)=NP(N(C)C)(N(C)C)=NCC,BrC1=CC=C(CC)C=C1,61.06,CCc1ccc(Nc2ccc(C)cc2)cc1
P2Et,CC(C)C(C=C(C(C)C)C=C1C(C)C)=C1C2=C(P(C(C)(C)C)C(C)(C)C)C=CC=C2,COC1=NOC(C(OCC)=O)=C1,CN(C)P(N(C)C)(N(C)C)=NP(N(C)C)(N(C)C)=NCC,IC1=CC=C(CC)C=C1,64.44,CCc1ccc(Nc2ccc(C)cc2)cc1
P2Et,CC(C)C(C=C(C(C)C)C=C1C(C)C)=C1C2=C(P(C(C)(C)C)C(C)(C)C)C=CC=C2,COC1=NOC(C(OCC)=O)=C1,CN(C)P(N(C)C)(N(C)C)=NP(N(C)C)(N(C)C)=NCC,ClC1=NC=CC=C1,70.15,Cc1ccc(Nc2ccccn2)cc1
P2Et,CC(C)C(C=C(C(C)C)C=C1C(C)C)=C1C2=C(P(C(C)(C)C)C(C)(C)C)C=CC=C2,COC1=NOC(C(OCC)=O)=C1,CN(C)P(N(C)C)(N(C)C)=NP(N(C)C)(N(C)C)=NCC,BrC1=NC=CC=C1,70.26,Cc1ccc(Nc2ccccn2)cc1
P2Et,CC(C)C(C=C(C(C)C)C=C1C(C)C)=C1C2=C(P(C(C)(C)C)C(C)(C)C)C=CC=C2,COC1=NOC(C(OCC)=O)=C1,CN(C)P(N(C)C)(N(C)C)=NP(N(C)C)(N(C)C)=NCC,IC1=NC=CC=C1,73.95,Cc1ccc(Nc2ccccn2)cc1
P2Et,CC(C)C(C=C(C(C)C)C=C1C(C)C)=C1C2=C(P(C(C)(C)C)C(C)(C)C)C=CC=C2,COC1=NOC(C(OCC)=O)=C1,CN(C)P(N(C)C)(N(C)C)=NP(N(C)C)(N(C)C)=NCC,ClC1=CN=CC=C1,27.32,Cc1ccc(Nc2cccnc2)cc1
P2Et,CC(C)C(C=C(C(C)C)C=C1C(C)C)=C1C2=C(P(C(C)(C)C)C(C)(C)C)C=CC=C2,COC1=NOC(C(OCC)=O)=C1,CN(C)P(N(C)C)(N(C)C)=NP(N(C)C)(N(C)C)=NCC,BrC1=CN=CC=C1,72.88,Cc1ccc(Nc2cccnc2)cc1
P2Et,CC(C)C(C=C(C(C)C)C=C1C(C)C)=C1C2=C(P(C(C)(C)C)C(C)(C)C)C=CC=C2,COC1=NOC(C(OCC)=O)=C1,CN(C)P(N(C)C)(N(C)C)=NP(N(C)C)(N(C)C)=NCC,IC1=CN=CC=C1,74.62,Cc1ccc(Nc2cccnc2)cc1
BTMG,CC(C)C(C=C(C(C)C)C=C1C(C)C)=C1C2=C(P(C(C)(C)C)C(C)(C)C)C=CC=C2,COC1=NOC(C(OCC)=O)=C1,CC(C)(C)/N=C(N(C)C)/N(C)C,ClC1=CC=C(C(F)(F)F)C=C1,21.84,Cc1ccc(Nc2ccc(C(F)(F)F)cc2)cc1
BTMG,CC(C)C(C=C(C(C)C)C=C1C(C)C)=C1C2=C(P(C(C)(C)C)C(C)(C)C)C=CC=C2,COC1=NOC(C(OCC)=O)=C1,CC(C)(C)/N=C(N(C)C)/N(C)C,BrC1=CC=C(C(F)(F)F)C=C1,34.9,Cc1ccc(Nc2ccc(C(F)(F)F)cc2)cc1
BTMG,CC(C)C(C=C(C(C)C)C=C1C(C)C)=C1C2=C(P(C(C)(C)C)C(C)(C)C)C=CC=C2,COC1=NOC(C(OCC)=O)=C1,CC(C)(C)/N=C(N(C)C)/N(C)C,IC1=CC=C(C(F)(F)F)C=C1,40.41,Cc1ccc(Nc2ccc(C(F)(F)F)cc2)cc1
BTMG,CC(C)C(C=C(C(C)C)C=C1C(C)C)=C1C2=C(P(C(C)(C)C)C(C)(C)C)C=CC=C2,COC1=NOC(C(OCC)=O)=C1,CC(C)(C)/N=C(N(C)C)/N(C)C,ClC1=CC=C(OC)C=C1,0.34,COc1ccc(Nc2ccc(C)cc2)cc1
BTMG,CC(C)C(C=C(C(C)C)C=C1C(C)C)=C1C2=C(P(C(C)(C)C)C(C)(C)C)C=CC=C2,COC1=NOC(C(OCC)=O)=C1,CC(C)(C)/N=C(N(C)C)/N(C)C,BrC1=CC=C(OC)C=C1,37.13,COc1ccc(Nc2ccc(C)cc2)cc1
BTMG,CC(C)C(C=C(C(C)C)C=C1C(C)C)=C1C2=C(P(C(C)(C)C)C(C)(C)C)C=CC=C2,COC1=NOC(C(OCC)=O)=C1,CC(C)(C)/N=C(N(C)C)/N(C)C,IC1=CC=C(OC)C=C1,34.27,COc1ccc(Nc2ccc(C)cc2)cc1
BTMG,CC(C)C(C=C(C(C)C)C=C1C(C)C)=C1C2=C(P(C(C)(C)C)C(C)(C)C)C=CC=C2,COC1=NOC(C(OCC)=O)=C1,CC(C)(C)/N=C(N(C)C)/N(C)C,ClC1=CC=C(CC)C=C1,1.36,CCc1ccc(Nc2ccc(C)cc2)cc1
BTMG,CC(C)C(C=C(C(C)C)C=C1C(C)C)=C1C2=C(P(C(C)(C)C)C(C)(C)C)C=CC=C2,COC1=NOC(C(OCC)=O)=C1,CC(C)(C)/N=C(N(C)C)/N(C)C,BrC1=CC=C(CC)C=C1,57.33,CCc1ccc(Nc2ccc(C)cc2)cc1
BTMG,CC(C)C(C=C(C(C)C)C=C1C(C)C)=C1C2=C(P(C(C)(C)C)C(C)(C)C)C=CC=C2,COC1=NOC(C(OCC)=O)=C1,CC(C)(C)/N=C(N(C)C)/N(C)C,IC1=CC=C(CC)C=C1,64.45,CCc1ccc(Nc2ccc(C)cc2)cc1
BTMG,CC(C)C(C=C(C(C)C)C=C1C(C)C)=C1C2=C(P(C(C)(C)C)C(C)(C)C)C=CC=C2,COC1=NOC(C(OCC)=O)=C1,CC(C)(C)/N=C(N(C)C)/N(C)C,ClC1=NC=CC=C1,61.14,Cc1ccc(Nc2ccccn2)cc1
BTMG,CC(C)C(C=C(C(C)C)C=C1C(C)C)=C1C2=C(P(C(C)(C)C)C(C)(C)C)C=CC=C2,COC1=NOC(C(OCC)=O)=C1,CC(C)(C)/N=C(N(C)C)/N(C)C,BrC1=NC=CC=C1,70.68,Cc1ccc(Nc2ccccn2)cc1
BTMG,CC(C)C(C=C(C(C)C)C=C1C(C)C)=C1C2=C(P(C(C)(C)C)C(C)(C)C)C=CC=C2,COC1=NOC(C(OCC)=O)=C1,CC(C)(C)/N=C(N(C)C)/N(C)C,IC1=NC=CC=C1,58.46,Cc1ccc(Nc2ccccn2)cc1
BTMG,CC(C)C(C=C(C(C)C)C=C1C(C)C)=C1C2=C(P(C(C)(C)C)C(C)(C)C)C=CC=C2,COC1=NOC(C(OCC)=O)=C1,CC(C)(C)/N=C(N(C)C)/N(C)C,ClC1=CN=CC=C1,21.26,Cc1ccc(Nc2cccnc2)cc1
BTMG,CC(C)C(C=C(C(C)C)C=C1C(C)C)=C1C2=C(P(C(C)(C)C)C(C)(C)C)C=CC=C2,COC1=NOC(C(OCC)=O)=C1,CC(C)(C)/N=C(N(C)C)/N(C)C,BrC1=CN=CC=C1,61.02,Cc1ccc(Nc2cccnc2)cc1
BTMG,CC(C)C(C=C(C(C)C)C=C1C(C)C)=C1C2=C(P(C(C)(C)C)C(C)(C)C)C=CC=C2,COC1=NOC(C(OCC)=O)=C1,CC(C)(C)/N=C(N(C)C)/N(C)C,IC1=CN=CC=C1,68.67,Cc1ccc(Nc2cccnc2)cc1
MTBD,CC(C)C(C=C(C(C)C)C=C1C(C)C)=C1C2=C(P(C(C)(C)C)C(C)(C)C)C=CC=C2,COC1=NOC(C(OCC)=O)=C1,CN1CCCN2C1=NCCC2,ClC1=CC=C(C(F)(F)F)C=C1,24.48,Cc1ccc(Nc2ccc(C(F)(F)F)cc2)cc1
MTBD,CC(C)C(C=C(C(C)C)C=C1C(C)C)=C1C2=C(P(C(C)(C)C)C(C)(C)C)C=CC=C2,COC1=NOC(C(OCC)=O)=C1,CN1CCCN2C1=NCCC2,BrC1=CC=C(C(F)(F)F)C=C1,38.35,Cc1ccc(Nc2ccc(C(F)(F)F)cc2)cc1
MTBD,CC(C)C(C=C(C(C)C)C=C1C(C)C)=C1C2=C(P(C(C)(C)C)C(C)(C)C)C=CC=C2,COC1=NOC(C(OCC)=O)=C1,CN1CCCN2C1=NCCC2,IC1=CC=C(C(F)(F)F)C=C1,42.68,Cc1ccc(Nc2ccc(C(F)(F)F)cc2)cc1
MTBD,CC(C)C(C=C(C(C)C)C=C1C(C)C)=C1C2=C(P(C(C)(C)C)C(C)(C)C)C=CC=C2,COC1=NOC(C(OCC)=O)=C1,CN1CCCN2C1=NCCC2,ClC1=CC=C(OC)C=C1,0.4,COc1ccc(Nc2ccc(C)cc2)cc1
MTBD,CC(C)C(C=C(C(C)C)C=C1C(C)C)=C1C2=C(P(C(C)(C)C)C(C)(C)C)C=CC=C2,COC1=NOC(C(OCC)=O)=C1,CN1CCCN2C1=NCCC2,BrC1=CC=C(OC)C=C1,47.37,COc1ccc(Nc2ccc(C)cc2)cc1
MTBD,CC(C)C(C=C(C(C)C)C=C1C(C)C)=C1C2=C(P(C(C)(C)C)C(C)(C)C)C=CC=C2,COC1=NOC(C(OCC)=O)=C1,CN1CCCN2C1=NCCC2,IC1=CC=C(OC)C=C1,42.53,COc1ccc(Nc2ccc(C)cc2)cc1
MTBD,CC(C)C(C=C(C(C)C)C=C1C(C)C)=C1C2=C(P(C(C)(C)C)C(C)(C)C)C=CC=C2,COC1=NOC(C(OCC)=O)=C1,CN1CCCN2C1=NCCC2,ClC1=CC=C(CC)C=C1,1.44,CCc1ccc(Nc2ccc(C)cc2)cc1
MTBD,CC(C)C(C=C(C(C)C)C=C1C(C)C)=C1C2=C(P(C(C)(C)C)C(C)(C)C)C=CC=C2,COC1=NOC(C(OCC)=O)=C1,CN1CCCN2C1=NCCC2,BrC1=CC=C(CC)C=C1,67.97,CCc1ccc(Nc2ccc(C)cc2)cc1
MTBD,CC(C)C(C=C(C(C)C)C=C1C(C)C)=C1C2=C(P(C(C)(C)C)C(C)(C)C)C=CC=C2,COC1=NOC(C(OCC)=O)=C1,CN1CCCN2C1=NCCC2,IC1=CC=C(CC)C=C1,67.99,CCc1ccc(Nc2ccc(C)cc2)cc1
MTBD,CC(C)C(C=C(C(C)C)C=C1C(C)C)=C1C2=C(P(C(C)(C)C)C(C)(C)C)C=CC=C2,COC1=NOC(C(OCC)=O)=C1,CN1CCCN2C1=NCCC2,ClC1=NC=CC=C1,83.17,Cc1ccc(Nc2ccccn2)cc1
MTBD,CC(C)C(C=C(C(C)C)C=C1C(C)C)=C1C2=C(P(C(C)(C)C)C(C)(C)C)C=CC=C2,COC1=NOC(C(OCC)=O)=C1,CN1CCCN2C1=NCCC2,BrC1=NC=CC=C1,81.27,Cc1ccc(Nc2ccccn2)cc1
MTBD,CC(C)C(C=C(C(C)C)C=C1C(C)C)=C1C2=C(P(C(C)(C)C)C(C)(C)C)C=CC=C2,COC1=NOC(C(OCC)=O)=C1,CN1CCCN2C1=NCCC2,IC1=NC=CC=C1,84.68,Cc1ccc(Nc2ccccn2)cc1
MTBD,CC(C)C(C=C(C(C)C)C=C1C(C)C)=C1C2=C(P(C(C)(C)C)C(C)(C)C)C=CC=C2,COC1=NOC(C(OCC)=O)=C1,CN1CCCN2C1=NCCC2,ClC1=CN=CC=C1,23.8,Cc1ccc(Nc2cccnc2)cc1
MTBD,CC(C)C(C=C(C(C)C)C=C1C(C)C)=C1C2=C(P(C(C)(C)C)C(C)(C)C)C=CC=C2,COC1=NOC(C(OCC)=O)=C1,CN1CCCN2C1=NCCC2,BrC1=CN=CC=C1,79.51,Cc1ccc(Nc2cccnc2)cc1
MTBD,CC(C)C(C=C(C(C)C)C=C1C(C)C)=C1C2=C(P(C(C)(C)C)C(C)(C)C)C=CC=C2,COC1=NOC(C(OCC)=O)=C1,CN1CCCN2C1=NCCC2,IC1=CN=CC=C1,79.64,Cc1ccc(Nc2cccnc2)cc1
P2Et,CC(C)C(C=C(C(C)C)C=C1C(C)C)=C1C2=C(P(C(C)(C)C)C(C)(C)C)C=CC=C2,CC1=NOC(C2=CC=CC=C2)=C1,CN(C)P(N(C)C)(N(C)C)=NP(N(C)C)(N(C)C)=NCC,ClC1=CC=C(C(F)(F)F)C=C1,31.73,Cc1ccc(Nc2ccc(C(F)(F)F)cc2)cc1
P2Et,CC(C)C(C=C(C(C)C)C=C1C(C)C)=C1C2=C(P(C(C)(C)C)C(C)(C)C)C=CC=C2,CC1=NOC(C2=CC=CC=C2)=C1,CN(C)P(N(C)C)(N(C)C)=NP(N(C)C)(N(C)C)=NCC,BrC1=CC=C(C(F)(F)F)C=C1,33.92,Cc1ccc(Nc2ccc(C(F)(F)F)cc2)cc1
P2Et,CC(C)C(C=C(C(C)C)C=C1C(C)C)=C1C2=C(P(C(C)(C)C)C(C)(C)C)C=CC=C2,CC1=NOC(C2=CC=CC=C2)=C1,CN(C)P(N(C)C)(N(C)C)=NP(N(C)C)(N(C)C)=NCC,IC1=CC=C(C(F)(F)F)C=C1,38.41,Cc1ccc(Nc2ccc(C(F)(F)F)cc2)cc1
P2Et,CC(C)C(C=C(C(C)C)C=C1C(C)C)=C1C2=C(P(C(C)(C)C)C(C)(C)C)C=CC=C2,CC1=NOC(C2=CC=CC=C2)=C1,CN(C)P(N(C)C)(N(C)C)=NP(N(C)C)(N(C)C)=NCC,ClC1=CC=C(OC)C=C1,1.28,COc1ccc(Nc2ccc(C)cc2)cc1
P2Et,CC(C)C(C=C(C(C)C)C=C1C(C)C)=C1C2=C(P(C(C)(C)C)C(C)(C)C)C=CC=C2,CC1=NOC(C2=CC=CC=C2)=C1,CN(C)P(N(C)C)(N(C)C)=NP(N(C)C)(N(C)C)=NCC,BrC1=CC=C(OC)C=C1,46.05,COc1ccc(Nc2ccc(C)cc2)cc1
P2Et,CC(C)C(C=C(C(C)C)C=C1C(C)C)=C1C2=C(P(C(C)(C)C)C(C)(C)C)C=CC=C2,CC1=NOC(C2=CC=CC=C2)=C1,CN(C)P(N(C)C)(N(C)C)=NP(N(C)C)(N(C)C)=NCC,IC1=CC=C(OC)C=C1,43.34,COc1ccc(Nc2ccc(C)cc2)cc1
P2Et,CC(C)C(C=C(C(C)C)C=C1C(C)C)=C1C2=C(P(C(C)(C)C)C(C)(C)C)C=CC=C2,CC1=NOC(C2=CC=CC=C2)=C1,CN(C)P(N(C)C)(N(C)C)=NP(N(C)C)(N(C)C)=NCC,ClC1=CC=C(CC)C=C1,9.85,CCc1ccc(Nc2ccc(C)cc2)cc1
P2Et,CC(C)C(C=C(C(C)C)C=C1C(C)C)=C1C2=C(P(C(C)(C)C)C(C)(C)C)C=CC=C2,CC1=NOC(C2=CC=CC=C2)=C1,CN(C)P(N(C)C)(N(C)C)=NP(N(C)C)(N(C)C)=NCC,BrC1=CC=C(CC)C=C1,63.84,CCc1ccc(Nc2ccc(C)cc2)cc1
P2Et,CC(C)C(C=C(C(C)C)C=C1C(C)C)=C1C2=C(P(C(C)(C)C)C(C)(C)C)C=CC=C2,CC1=NOC(C2=CC=CC=C2)=C1,CN(C)P(N(C)C)(N(C)C)=NP(N(C)C)(N(C)C)=NCC,IC1=CC=C(CC)C=C1,64.6,CCc1ccc(Nc2ccc(C)cc2)cc1
P2Et,CC(C)C(C=C(C(C)C)C=C1C(C)C)=C1C2=C(P(C(C)(C)C)C(C)(C)C)C=CC=C2,CC1=NOC(C2=CC=CC=C2)=C1,CN(C)P(N(C)C)(N(C)C)=NP(N(C)C)(N(C)C)=NCC,ClC1=NC=CC=C1,54.53,Cc1ccc(Nc2ccccn2)cc1
P2Et,CC(C)C(C=C(C(C)C)C=C1C(C)C)=C1C2=C(P(C(C)(C)C)C(C)(C)C)C=CC=C2,CC1=NOC(C2=CC=CC=C2)=C1,CN(C)P(N(C)C)(N(C)C)=NP(N(C)C)(N(C)C)=NCC,BrC1=NC=CC=C1,55.7,Cc1ccc(Nc2ccccn2)cc1
P2Et,CC(C)C(C=C(C(C)C)C=C1C(C)C)=C1C2=C(P(C(C)(C)C)C(C)(C)C)C=CC=C2,CC1=NOC(C2=CC=CC=C2)=C1,CN(C)P(N(C)C)(N(C)C)=NP(N(C)C)(N(C)C)=NCC,IC1=NC=CC=C1,57.76,Cc1ccc(Nc2ccccn2)cc1
P2Et,CC(C)C(C=C(C(C)C)C=C1C(C)C)=C1C2=C(P(C(C)(C)C)C(C)(C)C)C=CC=C2,CC1=NOC(C2=CC=CC=C2)=C1,CN(C)P(N(C)C)(N(C)C)=NP(N(C)C)(N(C)C)=NCC,ClC1=CN=CC=C1,51.96,Cc1ccc(Nc2cccnc2)cc1
P2Et,CC(C)C(C=C(C(C)C)C=C1C(C)C)=C1C2=C(P(C(C)(C)C)C(C)(C)C)C=CC=C2,CC1=NOC(C2=CC=CC=C2)=C1,CN(C)P(N(C)C)(N(C)C)=NP(N(C)C)(N(C)C)=NCC,BrC1=CN=CC=C1,71.32,Cc1ccc(Nc2cccnc2)cc1
P2Et,CC(C)C(C=C(C(C)C)C=C1C(C)C)=C1C2=C(P(C(C)(C)C)C(C)(C)C)C=CC=C2,CC1=NOC(C2=CC=CC=C2)=C1,CN(C)P(N(C)C)(N(C)C)=NP(N(C)C)(N(C)C)=NCC,IC1=CN=CC=C1,78.36,Cc1ccc(Nc2cccnc2)cc1
BTMG,CC(C)C(C=C(C(C)C)C=C1C(C)C)=C1C2=C(P(C(C)(C)C)C(C)(C)C)C=CC=C2,CC1=NOC(C2=CC=CC=C2)=C1,CC(C)(C)/N=C(N(C)C)/N(C)C,ClC1=CC=C(C(F)(F)F)C=C1,31.26,Cc1ccc(Nc2ccc(C(F)(F)F)cc2)cc1
BTMG,CC(C)C(C=C(C(C)C)C=C1C(C)C)=C1C2=C(P(C(C)(C)C)C(C)(C)C)C=CC=C2,CC1=NOC(C2=CC=CC=C2)=C1,CC(C)(C)/N=C(N(C)C)/N(C)C,BrC1=CC=C(C(F)(F)F)C=C1,38.72,Cc1ccc(Nc2ccc(C(F)(F)F)cc2)cc1
BTMG,CC(C)C(C=C(C(C)C)C=C1C(C)C)=C1C2=C(P(C(C)(C)C)C(C)(C)C)C=CC=C2,CC1=NOC(C2=CC=CC=C2)=C1,CC(C)(C)/N=C(N(C)C)/N(C)C,IC1=CC=C(C(F)(F)F)C=C1,36.57,Cc1ccc(Nc2ccc(C(F)(F)F)cc2)cc1
BTMG,CC(C)C(C=C(C(C)C)C=C1C(C)C)=C1C2=C(P(C(C)(C)C)C(C)(C)C)C=CC=C2,CC1=NOC(C2=CC=CC=C2)=C1,CC(C)(C)/N=C(N(C)C)/N(C)C,ClC1=CC=C(OC)C=C1,0.72,COc1ccc(Nc2ccc(C)cc2)cc1
BTMG,CC(C)C(C=C(C(C)C)C=C1C(C)C)=C1C2=C(P(C(C)(C)C)C(C)(C)C)C=CC=C2,CC1=NOC(C2=CC=CC=C2)=C1,CC(C)(C)/N=C(N(C)C)/N(C)C,BrC1=CC=C(OC)C=C1,36.23,COc1ccc(Nc2ccc(C)cc2)cc1
BTMG,CC(C)C(C=C(C(C)C)C=C1C(C)C)=C1C2=C(P(C(C)(C)C)C(C)(C)C)C=CC=C2,CC1=NOC(C2=CC=CC=C2)=C1,CC(C)(C)/N=C(N(C)C)/N(C)C,IC1=CC=C(OC)C=C1,33.95,COc1ccc(Nc2ccc(C)cc2)cc1
BTMG,CC(C)C(C=C(C(C)C)C=C1C(C)C)=C1C2=C(P(C(C)(C)C)C(C)(C)C)C=CC=C2,CC1=NOC(C2=CC=CC=C2)=C1,CC(C)(C)/N=C(N(C)C)/N(C)C,ClC1=CC=C(CC)C=C1,3.37,CCc1ccc(Nc2ccc(C)cc2)cc1
BTMG,CC(C)C(C=C(C(C)C)C=C1C(C)C)=C1C2=C(P(C(C)(C)C)C(C)(C)C)C=CC=C2,CC1=NOC(C2=CC=CC=C2)=C1,CC(C)(C)/N=C(N(C)C)/N(C)C,BrC1=CC=C(CC)C=C1,54.47,CCc1ccc(Nc2ccc(C)cc2)cc1
BTMG,CC(C)C(C=C(C(C)C)C=C1C(C)C)=C1C2=C(P(C(C)(C)C)C(C)(C)C)C=CC=C2,CC1=NOC(C2=CC=CC=C2)=C1,CC(C)(C)/N=C(N(C)C)/N(C)C,IC1=CC=C(CC)C=C1,62.79,CCc1ccc(Nc2ccc(C)cc2)cc1
BTMG,CC(C)C(C=C(C(C)C)C=C1C(C)C)=C1C2=C(P(C(C)(C)C)C(C)(C)C)C=CC=C2,CC1=NOC(C2=CC=CC=C2)=C1,CC(C)(C)/N=C(N(C)C)/N(C)C,ClC1=NC=CC=C1,66.11,Cc1ccc(Nc2ccccn2)cc1
BTMG,CC(C)C(C=C(C(C)C)C=C1C(C)C)=C1C2=C(P(C(C)(C)C)C(C)(C)C)C=CC=C2,CC1=NOC(C2=CC=CC=C2)=C1,CC(C)(C)/N=C(N(C)C)/N(C)C,BrC1=NC=CC=C1,66.35,Cc1ccc(Nc2ccccn2)cc1
BTMG,CC(C)C(C=C(C(C)C)C=C1C(C)C)=C1C2=C(P(C(C)(C)C)C(C)(C)C)C=CC=C2,CC1=NOC(C2=CC=CC=C2)=C1,CC(C)(C)/N=C(N(C)C)/N(C)C,IC1=NC=CC=C1,65.5,Cc1ccc(Nc2ccccn2)cc1
BTMG,CC(C)C(C=C(C(C)C)C=C1C(C)C)=C1C2=C(P(C(C)(C)C)C(C)(C)C)C=CC=C2,CC1=NOC(C2=CC=CC=C2)=C1,CC(C)(C)/N=C(N(C)C)/N(C)C,ClC1=CN=CC=C1,33.03,Cc1ccc(Nc2cccnc2)cc1
BTMG,CC(C)C(C=C(C(C)C)C=C1C(C)C)=C1C2=C(P(C(C)(C)C)C(C)(C)C)C=CC=C2,CC1=NOC(C2=CC=CC=C2)=C1,CC(C)(C)/N=C(N(C)C)/N(C)C,BrC1=CN=CC=C1,65.91,Cc1ccc(Nc2cccnc2)cc1
BTMG,CC(C)C(C=C(C(C)C)C=C1C(C)C)=C1C2=C(P(C(C)(C)C)C(C)(C)C)C=CC=C2,CC1=NOC(C2=CC=CC=C2)=C1,CC(C)(C)/N=C(N(C)C)/N(C)C,IC1=CN=CC=C1,67.31,Cc1ccc(Nc2cccnc2)cc1
MTBD,CC(C)C(C=C(C(C)C)C=C1C(C)C)=C1C2=C(P(C(C)(C)C)C(C)(C)C)C=CC=C2,CC1=NOC(C2=CC=CC=C2)=C1,CN1CCCN2C1=NCCC2,ClC1=CC=C(C(F)(F)F)C=C1,33.93,Cc1ccc(Nc2ccc(C(F)(F)F)cc2)cc1
MTBD,CC(C)C(C=C(C(C)C)C=C1C(C)C)=C1C2=C(P(C(C)(C)C)C(C)(C)C)C=CC=C2,CC1=NOC(C2=CC=CC=C2)=C1,CN1CCCN2C1=NCCC2,BrC1=CC=C(C(F)(F)F)C=C1,40.6,Cc1ccc(Nc2ccc(C(F)(F)F)cc2)cc1
MTBD,CC(C)C(C=C(C(C)C)C=C1C(C)C)=C1C2=C(P(C(C)(C)C)C(C)(C)C)C=CC=C2,CC1=NOC(C2=CC=CC=C2)=C1,CN1CCCN2C1=NCCC2,IC1=CC=C(C(F)(F)F)C=C1,42.25,Cc1ccc(Nc2ccc(C(F)(F)F)cc2)cc1
MTBD,CC(C)C(C=C(C(C)C)C=C1C(C)C)=C1C2=C(P(C(C)(C)C)C(C)(C)C)C=CC=C2,CC1=NOC(C2=CC=CC=C2)=C1,CN1CCCN2C1=NCCC2,ClC1=CC=C(OC)C=C1,1.15,COc1ccc(Nc2ccc(C)cc2)cc1
MTBD,CC(C)C(C=C(C(C)C)C=C1C(C)C)=C1C2=C(P(C(C)(C)C)C(C)(C)C)C=CC=C2,CC1=NOC(C2=CC=CC=C2)=C1,CN1CCCN2C1=NCCC2,BrC1=CC=C(OC)C=C1,46.21,COc1ccc(Nc2ccc(C)cc2)cc1
MTBD,CC(C)C(C=C(C(C)C)C=C1C(C)C)=C1C2=C(P(C(C)(C)C)C(C)(C)C)C=CC=C2,CC1=NOC(C2=CC=CC=C2)=C1,CN1CCCN2C1=NCCC2,IC1=CC=C(OC)C=C1,44.41,COc1ccc(Nc2ccc(C)cc2)cc1
MTBD,CC(C)C(C=C(C(C)C)C=C1C(C)C)=C1C2=C(P(C(C)(C)C)C(C)(C)C)C=CC=C2,CC1=NOC(C2=CC=CC=C2)=C1,CN1CCCN2C1=NCCC2,ClC1=CC=C(CC)C=C1,3.86,CCc1ccc(Nc2ccc(C)cc2)cc1
MTBD,CC(C)C(C=C(C(C)C)C=C1C(C)C)=C1C2=C(P(C(C)(C)C)C(C)(C)C)C=CC=C2,CC1=NOC(C2=CC=CC=C2)=C1,CN1CCCN2C1=NCCC2,BrC1=CC=C(CC)C=C1,69.26,CCc1ccc(Nc2ccc(C)cc2)cc1
MTBD,CC(C)C(C=C(C(C)C)C=C1C(C)C)=C1C2=C(P(C(C)(C)C)C(C)(C)C)C=CC=C2,CC1=NOC(C2=CC=CC=C2)=C1,CN1CCCN2C1=NCCC2,IC1=CC=C(CC)C=C1,68.72,CCc1ccc(Nc2ccc(C)cc2)cc1
MTBD,CC(C)C(C=C(C(C)C)C=C1C(C)C)=C1C2=C(P(C(C)(C)C)C(C)(C)C)C=CC=C2,CC1=NOC(C2=CC=CC=C2)=C1,CN1CCCN2C1=NCCC2,ClC1=NC=CC=C1,82.51,Cc1ccc(Nc2ccccn2)cc1
MTBD,CC(C)C(C=C(C(C)C)C=C1C(C)C)=C1C2=C(P(C(C)(C)C)C(C)(C)C)C=CC=C2,CC1=NOC(C2=CC=CC=C2)=C1,CN1CCCN2C1=NCCC2,BrC1=NC=CC=C1,84.42,Cc1ccc(Nc2ccccn2)cc1
MTBD,CC(C)C(C=C(C(C)C)C=C1C(C)C)=C1C2=C(P(C(C)(C)C)C(C)(C)C)C=CC=C2,CC1=NOC(C2=CC=CC=C2)=C1,CN1CCCN2C1=NCCC2,IC1=NC=CC=C1,83.83,Cc1ccc(Nc2ccccn2)cc1
MTBD,CC(C)C(C=C(C(C)C)C=C1C(C)C)=C1C2=C(P(C(C)(C)C)C(C)(C)C)C=CC=C2,CC1=NOC(C2=CC=CC=C2)=C1,CN1CCCN2C1=NCCC2,ClC1=CN=CC=C1,33.62,Cc1ccc(Nc2cccnc2)cc1
MTBD,CC(C)C(C=C(C(C)C)C=C1C(C)C)=C1C2=C(P(C(C)(C)C)C(C)(C)C)C=CC=C2,CC1=NOC(C2=CC=CC=C2)=C1,CN1CCCN2C1=NCCC2,BrC1=CN=CC=C1,76.74,Cc1ccc(Nc2cccnc2)cc1
MTBD,CC(C)C(C=C(C(C)C)C=C1C(C)C)=C1C2=C(P(C(C)(C)C)C(C)(C)C)C=CC=C2,CC1=NOC(C2=CC=CC=C2)=C1,CN1CCCN2C1=NCCC2,IC1=CN=CC=C1,78.25,Cc1ccc(Nc2cccnc2)cc1
P2Et,CC(C)C(C=C(C(C)C)C=C1C(C)C)=C1C2=C(P(C(C)(C)C)C(C)(C)C)C=CC=C2,C1(N(CC2=CC=CC=C2)CC3=CC=CC=C3)=NOC=C1,CN(C)P(N(C)C)(N(C)C)=NP(N(C)C)(N(C)C)=NCC,ClC1=CC=C(C(F)(F)F)C=C1,33.45,Cc1ccc(Nc2ccc(C(F)(F)F)cc2)cc1
P2Et,CC(C)C(C=C(C(C)C)C=C1C(C)C)=C1C2=C(P(C(C)(C)C)C(C)(C)C)C=CC=C2,C1(N(CC2=CC=CC=C2)CC3=CC=CC=C3)=NOC=C1,CN(C)P(N(C)C)(N(C)C)=NP(N(C)C)(N(C)C)=NCC,BrC1=CC=C(C(F)(F)F)C=C1,36.57,Cc1ccc(Nc2ccc(C(F)(F)F)cc2)cc1
P2Et,CC(C)C(C=C(C(C)C)C=C1C(C)C)=C1C2=C(P(C(C)(C)C)C(C)(C)C)C=CC=C2,C1(N(CC2=CC=CC=C2)CC3=CC=CC=C3)=NOC=C1,CN(C)P(N(C)C)(N(C)C)=NP(N(C)C)(N(C)C)=NCC,IC1=CC=C(C(F)(F)F)C=C1,39.56,Cc1ccc(Nc2ccc(C(F)(F)F)cc2)cc1
P2Et,CC(C)C(C=C(C(C)C)C=C1C(C)C)=C1C2=C(P(C(C)(C)C)C(C)(C)C)C=CC=C2,C1(N(CC2=CC=CC=C2)CC3=CC=CC=C3)=NOC=C1,CN(C)P(N(C)C)(N(C)C)=NP(N(C)C)(N(C)C)=NCC,ClC1=CC=C(OC)C=C1,8.39,COc1ccc(Nc2ccc(C)cc2)cc1
P2Et,CC(C)C(C=C(C(C)C)C=C1C(C)C)=C1C2=C(P(C(C)(C)C)C(C)(C)C)C=CC=C2,C1(N(CC2=CC=CC=C2)CC3=CC=CC=C3)=NOC=C1,CN(C)P(N(C)C)(N(C)C)=NP(N(C)C)(N(C)C)=NCC,BrC1=CC=C(OC)C=C1,65.93,COc1ccc(Nc2ccc(C)cc2)cc1
P2Et,CC(C)C(C=C(C(C)C)C=C1C(C)C)=C1C2=C(P(C(C)(C)C)C(C)(C)C)C=CC=C2,C1(N(CC2=CC=CC=C2)CC3=CC=CC=C3)=NOC=C1,CN(C)P(N(C)C)(N(C)C)=NP(N(C)C)(N(C)C)=NCC,IC1=CC=C(OC)C=C1,63.53,COc1ccc(Nc2ccc(C)cc2)cc1
P2Et,CC(C)C(C=C(C(C)C)C=C1C(C)C)=C1C2=C(P(C(C)(C)C)C(C)(C)C)C=CC=C2,C1(N(CC2=CC=CC=C2)CC3=CC=CC=C3)=NOC=C1,CN(C)P(N(C)C)(N(C)C)=NP(N(C)C)(N(C)C)=NCC,ClC1=CC=C(CC)C=C1,9.77,CCc1ccc(Nc2ccc(C)cc2)cc1
P2Et,CC(C)C(C=C(C(C)C)C=C1C(C)C)=C1C2=C(P(C(C)(C)C)C(C)(C)C)C=CC=C2,C1(N(CC2=CC=CC=C2)CC3=CC=CC=C3)=NOC=C1,CN(C)P(N(C)C)(N(C)C)=NP(N(C)C)(N(C)C)=NCC,BrC1=CC=C(CC)C=C1,64.81,CCc1ccc(Nc2ccc(C)cc2)cc1
P2Et,CC(C)C(C=C(C(C)C)C=C1C(C)C)=C1C2=C(P(C(C)(C)C)C(C)(C)C)C=CC=C2,C1(N(CC2=CC=CC=C2)CC3=CC=CC=C3)=NOC=C1,CN(C)P(N(C)C)(N(C)C)=NP(N(C)C)(N(C)C)=NCC,IC1=CC=C(CC)C=C1,63.42,CCc1ccc(Nc2ccc(C)cc2)cc1
P2Et,CC(C)C(C=C(C(C)C)C=C1C(C)C)=C1C2=C(P(C(C)(C)C)C(C)(C)C)C=CC=C2,C1(N(CC2=CC=CC=C2)CC3=CC=CC=C3)=NOC=C1,CN(C)P(N(C)C)(N(C)C)=NP(N(C)C)(N(C)C)=NCC,ClC1=NC=CC=C1,62.47,Cc1ccc(Nc2ccccn2)cc1
P2Et,CC(C)C(C=C(C(C)C)C=C1C(C)C)=C1C2=C(P(C(C)(C)C)C(C)(C)C)C=CC=C2,C1(N(CC2=CC=CC=C2)CC3=CC=CC=C3)=NOC=C1,CN(C)P(N(C)C)(N(C)C)=NP(N(C)C)(N(C)C)=NCC,BrC1=NC=CC=C1,64.58,Cc1ccc(Nc2ccccn2)cc1
P2Et,CC(C)C(C=C(C(C)C)C=C1C(C)C)=C1C2=C(P(C(C)(C)C)C(C)(C)C)C=CC=C2,C1(N(CC2=CC=CC=C2)CC3=CC=CC=C3)=NOC=C1,CN(C)P(N(C)C)(N(C)C)=NP(N(C)C)(N(C)C)=NCC,IC1=NC=CC=C1,63.22,Cc1ccc(Nc2ccccn2)cc1
P2Et,CC(C)C(C=C(C(C)C)C=C1C(C)C)=C1C2=C(P(C(C)(C)C)C(C)(C)C)C=CC=C2,C1(N(CC2=CC=CC=C2)CC3=CC=CC=C3)=NOC=C1,CN(C)P(N(C)C)(N(C)C)=NP(N(C)C)(N(C)C)=NCC,ClC1=CN=CC=C1,65.34,Cc1ccc(Nc2cccnc2)cc1
P2Et,CC(C)C(C=C(C(C)C)C=C1C(C)C)=C1C2=C(P(C(C)(C)C)C(C)(C)C)C=CC=C2,C1(N(CC2=CC=CC=C2)CC3=CC=CC=C3)=NOC=C1,CN(C)P(N(C)C)(N(C)C)=NP(N(C)C)(N(C)C)=NCC,BrC1=CN=CC=C1,72.71,Cc1ccc(Nc2cccnc2)cc1
P2Et,CC(C)C(C=C(C(C)C)C=C1C(C)C)=C1C2=C(P(C(C)(C)C)C(C)(C)C)C=CC=C2,C1(N(CC2=CC=CC=C2)CC3=CC=CC=C3)=NOC=C1,CN(C)P(N(C)C)(N(C)C)=NP(N(C)C)(N(C)C)=NCC,IC1=CN=CC=C1,76.8,Cc1ccc(Nc2cccnc2)cc1
BTMG,CC(C)C(C=C(C(C)C)C=C1C(C)C)=C1C2=C(P(C(C)(C)C)C(C)(C)C)C=CC=C2,C1(N(CC2=CC=CC=C2)CC3=CC=CC=C3)=NOC=C1,CC(C)(C)/N=C(N(C)C)/N(C)C,ClC1=CC=C(C(F)(F)F)C=C1,33.27,Cc1ccc(Nc2ccc(C(F)(F)F)cc2)cc1
BTMG,CC(C)C(C=C(C(C)C)C=C1C(C)C)=C1C2=C(P(C(C)(C)C)C(C)(C)C)C=CC=C2,C1(N(CC2=CC=CC=C2)CC3=CC=CC=C3)=NOC=C1,CC(C)(C)/N=C(N(C)C)/N(C)C,BrC1=CC=C(C(F)(F)F)C=C1,39.35,Cc1ccc(Nc2ccc(C(F)(F)F)cc2)cc1
BTMG,CC(C)C(C=C(C(C)C)C=C1C(C)C)=C1C2=C(P(C(C)(C)C)C(C)(C)C)C=CC=C2,C1(N(CC2=CC=CC=C2)CC3=CC=CC=C3)=NOC=C1,CC(C)(C)/N=C(N(C)C)/N(C)C,IC1=CC=C(C(F)(F)F)C=C1,39.03,Cc1ccc(Nc2ccc(C(F)(F)F)cc2)cc1
BTMG,CC(C)C(C=C(C(C)C)C=C1C(C)C)=C1C2=C(P(C(C)(C)C)C(C)(C)C)C=CC=C2,C1(N(CC2=CC=CC=C2)CC3=CC=CC=C3)=NOC=C1,CC(C)(C)/N=C(N(C)C)/N(C)C,ClC1=CC=C(OC)C=C1,41.04,COc1ccc(Nc2ccc(C)cc2)cc1
BTMG,CC(C)C(C=C(C(C)C)C=C1C(C)C)=C1C2=C(P(C(C)(C)C)C(C)(C)C)C=CC=C2,C1(N(CC2=CC=CC=C2)CC3=CC=CC=C3)=NOC=C1,CC(C)(C)/N=C(N(C)C)/N(C)C,BrC1=CC=C(OC)C=C1,57.95,COc1ccc(Nc2ccc(C)cc2)cc1
BTMG,CC(C)C(C=C(C(C)C)C=C1C(C)C)=C1C2=C(P(C(C)(C)C)C(C)(C)C)C=CC=C2,C1(N(CC2=CC=CC=C2)CC3=CC=CC=C3)=NOC=C1,CC(C)(C)/N=C(N(C)C)/N(C)C,IC1=CC=C(OC)C=C1,52.15,COc1ccc(Nc2ccc(C)cc2)cc1
BTMG,CC(C)C(C=C(C(C)C)C=C1C(C)C)=C1C2=C(P(C(C)(C)C)C(C)(C)C)C=CC=C2,C1(N(CC2=CC=CC=C2)CC3=CC=CC=C3)=NOC=C1,CC(C)(C)/N=C(N(C)C)/N(C)C,ClC1=CC=C(CC)C=C1,5.06,CCc1ccc(Nc2ccc(C)cc2)cc1
BTMG,CC(C)C(C=C(C(C)C)C=C1C(C)C)=C1C2=C(P(C(C)(C)C)C(C)(C)C)C=CC=C2,C1(N(CC2=CC=CC=C2)CC3=CC=CC=C3)=NOC=C1,CC(C)(C)/N=C(N(C)C)/N(C)C,BrC1=CC=C(CC)C=C1,57.19,CCc1ccc(Nc2ccc(C)cc2)cc1
BTMG,CC(C)C(C=C(C(C)C)C=C1C(C)C)=C1C2=C(P(C(C)(C)C)C(C)(C)C)C=CC=C2,C1(N(CC2=CC=CC=C2)CC3=CC=CC=C3)=NOC=C1,CC(C)(C)/N=C(N(C)C)/N(C)C,IC1=CC=C(CC)C=C1,59.82,CCc1ccc(Nc2ccc(C)cc2)cc1
BTMG,CC(C)C(C=C(C(C)C)C=C1C(C)C)=C1C2=C(P(C(C)(C)C)C(C)(C)C)C=CC=C2,C1(N(CC2=CC=CC=C2)CC3=CC=CC=C3)=NOC=C1,CC(C)(C)/N=C(N(C)C)/N(C)C,ClC1=NC=CC=C1,62.4,Cc1ccc(Nc2ccccn2)cc1
BTMG,CC(C)C(C=C(C(C)C)C=C1C(C)C)=C1C2=C(P(C(C)(C)C)C(C)(C)C)C=CC=C2,C1(N(CC2=CC=CC=C2)CC3=CC=CC=C3)=NOC=C1,CC(C)(C)/N=C(N(C)C)/N(C)C,BrC1=NC=CC=C1,66.51,Cc1ccc(Nc2ccccn2)cc1
BTMG,CC(C)C(C=C(C(C)C)C=C1C(C)C)=C1C2=C(P(C(C)(C)C)C(C)(C)C)C=CC=C2,C1(N(CC2=CC=CC=C2)CC3=CC=CC=C3)=NOC=C1,CC(C)(C)/N=C(N(C)C)/N(C)C,IC1=NC=CC=C1,62.22,Cc1ccc(Nc2ccccn2)cc1
BTMG,CC(C)C(C=C(C(C)C)C=C1C(C)C)=C1C2=C(P(C(C)(C)C)C(C)(C)C)C=CC=C2,C1(N(CC2=CC=CC=C2)CC3=CC=CC=C3)=NOC=C1,CC(C)(C)/N=C(N(C)C)/N(C)C,ClC1=CN=CC=C1,37.52,Cc1ccc(Nc2cccnc2)cc1
BTMG,CC(C)C(C=C(C(C)C)C=C1C(C)C)=C1C2=C(P(C(C)(C)C)C(C)(C)C)C=CC=C2,C1(N(CC2=CC=CC=C2)CC3=CC=CC=C3)=NOC=C1,CC(C)(C)/N=C(N(C)C)/N(C)C,BrC1=CN=CC=C1,60.66,Cc1ccc(Nc2cccnc2)cc1
BTMG,CC(C)C(C=C(C(C)C)C=C1C(C)C)=C1C2=C(P(C(C)(C)C)C(C)(C)C)C=CC=C2,C1(N(CC2=CC=CC=C2)CC3=CC=CC=C3)=NOC=C1,CC(C)(C)/N=C(N(C)C)/N(C)C,IC1=CN=CC=C1,65.95,Cc1ccc(Nc2cccnc2)cc1
MTBD,CC(C)C(C=C(C(C)C)C=C1C(C)C)=C1C2=C(P(C(C)(C)C)C(C)(C)C)C=CC=C2,C1(N(CC2=CC=CC=C2)CC3=CC=CC=C3)=NOC=C1,CN1CCCN2C1=NCCC2,ClC1=CC=C(C(F)(F)F)C=C1,37.08,Cc1ccc(Nc2ccc(C(F)(F)F)cc2)cc1
MTBD,CC(C)C(C=C(C(C)C)C=C1C(C)C)=C1C2=C(P(C(C)(C)C)C(C)(C)C)C=CC=C2,C1(N(CC2=CC=CC=C2)CC3=CC=CC=C3)=NOC=C1,CN1CCCN2C1=NCCC2,BrC1=CC=C(C(F)(F)F)C=C1,39.89,Cc1ccc(Nc2ccc(C(F)(F)F)cc2)cc1
MTBD,CC(C)C(C=C(C(C)C)C=C1C(C)C)=C1C2=C(P(C(C)(C)C)C(C)(C)C)C=CC=C2,C1(N(CC2=CC=CC=C2)CC3=CC=CC=C3)=NOC=C1,CN1CCCN2C1=NCCC2,IC1=CC=C(C(F)(F)F)C=C1,41.56,Cc1ccc(Nc2ccc(C(F)(F)F)cc2)cc1
MTBD,CC(C)C(C=C(C(C)C)C=C1C(C)C)=C1C2=C(P(C(C)(C)C)C(C)(C)C)C=CC=C2,C1(N(CC2=CC=CC=C2)CC3=CC=CC=C3)=NOC=C1,CN1CCCN2C1=NCCC2,ClC1=CC=C(OC)C=C1,42.06,COc1ccc(Nc2ccc(C)cc2)cc1
MTBD,CC(C)C(C=C(C(C)C)C=C1C(C)C)=C1C2=C(P(C(C)(C)C)C(C)(C)C)C=CC=C2,C1(N(CC2=CC=CC=C2)CC3=CC=CC=C3)=NOC=C1,CN1CCCN2C1=NCCC2,BrC1=CC=C(OC)C=C1,66.27,COc1ccc(Nc2ccc(C)cc2)cc1
MTBD,CC(C)C(C=C(C(C)C)C=C1C(C)C)=C1C2=C(P(C(C)(C)C)C(C)(C)C)C=CC=C2,C1(N(CC2=CC=CC=C2)CC3=CC=CC=C3)=NOC=C1,CN1CCCN2C1=NCCC2,IC1=CC=C(OC)C=C1,56.81,COc1ccc(Nc2ccc(C)cc2)cc1
MTBD,CC(C)C(C=C(C(C)C)C=C1C(C)C)=C1C2=C(P(C(C)(C)C)C(C)(C)C)C=CC=C2,C1(N(CC2=CC=CC=C2)CC3=CC=CC=C3)=NOC=C1,CN1CCCN2C1=NCCC2,ClC1=CC=C(CC)C=C1,5.46,CCc1ccc(Nc2ccc(C)cc2)cc1
MTBD,CC(C)C(C=C(C(C)C)C=C1C(C)C)=C1C2=C(P(C(C)(C)C)C(C)(C)C)C=CC=C2,C1(N(CC2=CC=CC=C2)CC3=CC=CC=C3)=NOC=C1,CN1CCCN2C1=NCCC2,BrC1=CC=C(CC)C=C1,69.08,CCc1ccc(Nc2ccc(C)cc2)cc1
MTBD,CC(C)C(C=C(C(C)C)C=C1C(C)C)=C1C2=C(P(C(C)(C)C)C(C)(C)C)C=CC=C2,C1(N(CC2=CC=CC=C2)CC3=CC=CC=C3)=NOC=C1,CN1CCCN2C1=NCCC2,IC1=CC=C(CC)C=C1,67.52,CCc1ccc(Nc2ccc(C)cc2)cc1
MTBD,CC(C)C(C=C(C(C)C)C=C1C(C)C)=C1C2=C(P(C(C)(C)C)C(C)(C)C)C=CC=C2,C1(N(CC2=CC=CC=C2)CC3=CC=CC=C3)=NOC=C1,CN1CCCN2C1=NCCC2,ClC1=NC=CC=C1,84.81,Cc1ccc(Nc2ccccn2)cc1
MTBD,CC(C)C(C=C(C(C)C)C=C1C(C)C)=C1C2=C(P(C(C)(C)C)C(C)(C)C)C=CC=C2,C1(N(CC2=CC=CC=C2)CC3=CC=CC=C3)=NOC=C1,CN1CCCN2C1=NCCC2,BrC1=NC=CC=C1,83.83,Cc1ccc(Nc2ccccn2)cc1
MTBD,CC(C)C(C=C(C(C)C)C=C1C(C)C)=C1C2=C(P(C(C)(C)C)C(C)(C)C)C=CC=C2,C1(N(CC2=CC=CC=C2)CC3=CC=CC=C3)=NOC=C1,CN1CCCN2C1=NCCC2,IC1=NC=CC=C1,85.99,Cc1ccc(Nc2ccccn2)cc1
MTBD,CC(C)C(C=C(C(C)C)C=C1C(C)C)=C1C2=C(P(C(C)(C)C)C(C)(C)C)C=CC=C2,C1(N(CC2=CC=CC=C2)CC3=CC=CC=C3)=NOC=C1,CN1CCCN2C1=NCCC2,ClC1=CN=CC=C1,45.2,Cc1ccc(Nc2cccnc2)cc1
MTBD,CC(C)C(C=C(C(C)C)C=C1C(C)C)=C1C2=C(P(C(C)(C)C)C(C)(C)C)C=CC=C2,C1(N(CC2=CC=CC=C2)CC3=CC=CC=C3)=NOC=C1,CN1CCCN2C1=NCCC2,BrC1=CN=CC=C1,78.63,Cc1ccc(Nc2cccnc2)cc1
MTBD,CC(C)C(C=C(C(C)C)C=C1C(C)C)=C1C2=C(P(C(C)(C)C)C(C)(C)C)C=CC=C2,C1(N(CC2=CC=CC=C2)CC3=CC=CC=C3)=NOC=C1,CN1CCCN2C1=NCCC2,IC1=CN=CC=C1,81.63,Cc1ccc(Nc2cccnc2)cc1
P2Et,CC(C)C(C=C(C(C)C)C=C1C(C)C)=C1C2=C(P(C(C)(C)C)C(C)(C)C)C=CC=C2,O=C(OC)C1=NOC(C2=CC=CO2)=C1,CN(C)P(N(C)C)(N(C)C)=NP(N(C)C)(N(C)C)=NCC,ClC1=CC=C(C(F)(F)F)C=C1,17.5,Cc1ccc(Nc2ccc(C(F)(F)F)cc2)cc1
P2Et,CC(C)C(C=C(C(C)C)C=C1C(C)C)=C1C2=C(P(C(C)(C)C)C(C)(C)C)C=CC=C2,O=C(OC)C1=NOC(C2=CC=CO2)=C1,CN(C)P(N(C)C)(N(C)C)=NP(N(C)C)(N(C)C)=NCC,BrC1=CC=C(C(F)(F)F)C=C1,38.94,Cc1ccc(Nc2ccc(C(F)(F)F)cc2)cc1
P2Et,CC(C)C(C=C(C(C)C)C=C1C(C)C)=C1C2=C(P(C(C)(C)C)C(C)(C)C)C=CC=C2,O=C(OC)C1=NOC(C2=CC=CO2)=C1,CN(C)P(N(C)C)(N(C)C)=NP(N(C)C)(N(C)C)=NCC,IC1=CC=C(C(F)(F)F)C=C1,40.11,Cc1ccc(Nc2ccc(C(F)(F)F)cc2)cc1
P2Et,CC(C)C(C=C(C(C)C)C=C1C(C)C)=C1C2=C(P(C(C)(C)C)C(C)(C)C)C=CC=C2,O=C(OC)C1=NOC(C2=CC=CO2)=C1,CN(C)P(N(C)C)(N(C)C)=NP(N(C)C)(N(C)C)=NCC,ClC1=CC=C(OC)C=C1,0.0,COc1ccc(Nc2ccc(C)cc2)cc1
P2Et,CC(C)C(C=C(C(C)C)C=C1C(C)C)=C1C2=C(P(C(C)(C)C)C(C)(C)C)C=CC=C2,O=C(OC)C1=NOC(C2=CC=CO2)=C1,CN(C)P(N(C)C)(N(C)C)=NP(N(C)C)(N(C)C)=NCC,BrC1=CC=C(OC)C=C1,42.74,COc1ccc(Nc2ccc(C)cc2)cc1
P2Et,CC(C)C(C=C(C(C)C)C=C1C(C)C)=C1C2=C(P(C(C)(C)C)C(C)(C)C)C=CC=C2,O=C(OC)C1=NOC(C2=CC=CO2)=C1,CN(C)P(N(C)C)(N(C)C)=NP(N(C)C)(N(C)C)=NCC,IC1=CC=C(OC)C=C1,44.88,COc1ccc(Nc2ccc(C)cc2)cc1
P2Et,CC(C)C(C=C(C(C)C)C=C1C(C)C)=C1C2=C(P(C(C)(C)C)C(C)(C)C)C=CC=C2,O=C(OC)C1=NOC(C2=CC=CO2)=C1,CN(C)P(N(C)C)(N(C)C)=NP(N(C)C)(N(C)C)=NCC,ClC1=CC=C(CC)C=C1,0.65,CCc1ccc(Nc2ccc(C)cc2)cc1
P2Et,CC(C)C(C=C(C(C)C)C=C1C(C)C)=C1C2=C(P(C(C)(C)C)C(C)(C)C)C=CC=C2,O=C(OC)C1=NOC(C2=CC=CO2)=C1,CN(C)P(N(C)C)(N(C)C)=NP(N(C)C)(N(C)C)=NCC,BrC1=CC=C(CC)C=C1,65.57,CCc1ccc(Nc2ccc(C)cc2)cc1
P2Et,CC(C)C(C=C(C(C)C)C=C1C(C)C)=C1C2=C(P(C(C)(C)C)C(C)(C)C)C=CC=C2,O=C(OC)C1=NOC(C2=CC=CO2)=C1,CN(C)P(N(C)C)(N(C)C)=NP(N(C)C)(N(C)C)=NCC,IC1=CC=C(CC)C=C1,66.68,CCc1ccc(Nc2ccc(C)cc2)cc1
P2Et,CC(C)C(C=C(C(C)C)C=C1C(C)C)=C1C2=C(P(C(C)(C)C)C(C)(C)C)C=CC=C2,O=C(OC)C1=NOC(C2=CC=CO2)=C1,CN(C)P(N(C)C)(N(C)C)=NP(N(C)C)(N(C)C)=NCC,ClC1=NC=CC=C1,70.25,Cc1ccc(Nc2ccccn2)cc1
P2Et,CC(C)C(C=C(C(C)C)C=C1C(C)C)=C1C2=C(P(C(C)(C)C)C(C)(C)C)C=CC=C2,O=C(OC)C1=NOC(C2=CC=CO2)=C1,CN(C)P(N(C)C)(N(C)C)=NP(N(C)C)(N(C)C)=NCC,BrC1=NC=CC=C1,69.98,Cc1ccc(Nc2ccccn2)cc1
P2Et,CC(C)C(C=C(C(C)C)C=C1C(C)C)=C1C2=C(P(C(C)(C)C)C(C)(C)C)C=CC=C2,O=C(OC)C1=NOC(C2=CC=CO2)=C1,CN(C)P(N(C)C)(N(C)C)=NP(N(C)C)(N(C)C)=NCC,IC1=NC=CC=C1,75.74,Cc1ccc(Nc2ccccn2)cc1
P2Et,CC(C)C(C=C(C(C)C)C=C1C(C)C)=C1C2=C(P(C(C)(C)C)C(C)(C)C)C=CC=C2,O=C(OC)C1=NOC(C2=CC=CO2)=C1,CN(C)P(N(C)C)(N(C)C)=NP(N(C)C)(N(C)C)=NCC,ClC1=CN=CC=C1,8.78,Cc1ccc(Nc2cccnc2)cc1
P2Et,CC(C)C(C=C(C(C)C)C=C1C(C)C)=C1C2=C(P(C(C)(C)C)C(C)(C)C)C=CC=C2,O=C(OC)C1=NOC(C2=CC=CO2)=C1,CN(C)P(N(C)C)(N(C)C)=NP(N(C)C)(N(C)C)=NCC,BrC1=CN=CC=C1,74.08,Cc1ccc(Nc2cccnc2)cc1
P2Et,CC(C)C(C=C(C(C)C)C=C1C(C)C)=C1C2=C(P(C(C)(C)C)C(C)(C)C)C=CC=C2,O=C(OC)C1=NOC(C2=CC=CO2)=C1,CN(C)P(N(C)C)(N(C)C)=NP(N(C)C)(N(C)C)=NCC,IC1=CN=CC=C1,75.29,Cc1ccc(Nc2cccnc2)cc1
BTMG,CC(C)C(C=C(C(C)C)C=C1C(C)C)=C1C2=C(P(C(C)(C)C)C(C)(C)C)C=CC=C2,O=C(OC)C1=NOC(C2=CC=CO2)=C1,CC(C)(C)/N=C(N(C)C)/N(C)C,ClC1=CC=C(C(F)(F)F)C=C1,12.26,Cc1ccc(Nc2ccc(C(F)(F)F)cc2)cc1
BTMG,CC(C)C(C=C(C(C)C)C=C1C(C)C)=C1C2=C(P(C(C)(C)C)C(C)(C)C)C=CC=C2,O=C(OC)C1=NOC(C2=CC=CO2)=C1,CC(C)(C)/N=C(N(C)C)/N(C)C,BrC1=CC=C(C(F)(F)F)C=C1,37.31,Cc1ccc(Nc2ccc(C(F)(F)F)cc2)cc1
BTMG,CC(C)C(C=C(C(C)C)C=C1C(C)C)=C1C2=C(P(C(C)(C)C)C(C)(C)C)C=CC=C2,O=C(OC)C1=NOC(C2=CC=CO2)=C1,CC(C)(C)/N=C(N(C)C)/N(C)C,IC1=CC=C(C(F)(F)F)C=C1,36.59,Cc1ccc(Nc2ccc(C(F)(F)F)cc2)cc1
BTMG,CC(C)C(C=C(C(C)C)C=C1C(C)C)=C1C2=C(P(C(C)(C)C)C(C)(C)C)C=CC=C2,O=C(OC)C1=NOC(C2=CC=CO2)=C1,CC(C)(C)/N=C(N(C)C)/N(C)C,ClC1=CC=C(OC)C=C1,0.0,COc1ccc(Nc2ccc(C)cc2)cc1
BTMG,CC(C)C(C=C(C(C)C)C=C1C(C)C)=C1C2=C(P(C(C)(C)C)C(C)(C)C)C=CC=C2,O=C(OC)C1=NOC(C2=CC=CO2)=C1,CC(C)(C)/N=C(N(C)C)/N(C)C,BrC1=CC=C(OC)C=C1,38.67,COc1ccc(Nc2ccc(C)cc2)cc1
BTMG,CC(C)C(C=C(C(C)C)C=C1C(C)C)=C1C2=C(P(C(C)(C)C)C(C)(C)C)C=CC=C2,O=C(OC)C1=NOC(C2=CC=CO2)=C1,CC(C)(C)/N=C(N(C)C)/N(C)C,IC1=CC=C(OC)C=C1,31.57,COc1ccc(Nc2ccc(C)cc2)cc1
BTMG,CC(C)C(C=C(C(C)C)C=C1C(C)C)=C1C2=C(P(C(C)(C)C)C(C)(C)C)C=CC=C2,O=C(OC)C1=NOC(C2=CC=CO2)=C1,CC(C)(C)/N=C(N(C)C)/N(C)C,ClC1=CC=C(CC)C=C1,0.64,CCc1ccc(Nc2ccc(C)cc2)cc1
BTMG,CC(C)C(C=C(C(C)C)C=C1C(C)C)=C1C2=C(P(C(C)(C)C)C(C)(C)C)C=CC=C2,O=C(OC)C1=NOC(C2=CC=CO2)=C1,CC(C)(C)/N=C(N(C)C)/N(C)C,BrC1=CC=C(CC)C=C1,57.71,CCc1ccc(Nc2ccc(C)cc2)cc1
BTMG,CC(C)C(C=C(C(C)C)C=C1C(C)C)=C1C2=C(P(C(C)(C)C)C(C)(C)C)C=CC=C2,O=C(OC)C1=NOC(C2=CC=CO2)=C1,CC(C)(C)/N=C(N(C)C)/N(C)C,IC1=CC=C(CC)C=C1,59.93,CCc1ccc(Nc2ccc(C)cc2)cc1
BTMG,CC(C)C(C=C(C(C)C)C=C1C(C)C)=C1C2=C(P(C(C)(C)C)C(C)(C)C)C=CC=C2,O=C(OC)C1=NOC(C2=CC=CO2)=C1,CC(C)(C)/N=C(N(C)C)/N(C)C,ClC1=NC=CC=C1,61.82,Cc1ccc(Nc2ccccn2)cc1
BTMG,CC(C)C(C=C(C(C)C)C=C1C(C)C)=C1C2=C(P(C(C)(C)C)C(C)(C)C)C=CC=C2,O=C(OC)C1=NOC(C2=CC=CO2)=C1,CC(C)(C)/N=C(N(C)C)/N(C)C,BrC1=NC=CC=C1,71.1,Cc1ccc(Nc2ccccn2)cc1
BTMG,CC(C)C(C=C(C(C)C)C=C1C(C)C)=C1C2=C(P(C(C)(C)C)C(C)(C)C)C=CC=C2,O=C(OC)C1=NOC(C2=CC=CO2)=C1,CC(C)(C)/N=C(N(C)C)/N(C)C,IC1=NC=CC=C1,59.67,Cc1ccc(Nc2ccccn2)cc1
BTMG,CC(C)C(C=C(C(C)C)C=C1C(C)C)=C1C2=C(P(C(C)(C)C)C(C)(C)C)C=CC=C2,O=C(OC)C1=NOC(C2=CC=CO2)=C1,CC(C)(C)/N=C(N(C)C)/N(C)C,ClC1=CN=CC=C1,6.77,Cc1ccc(Nc2cccnc2)cc1
BTMG,CC(C)C(C=C(C(C)C)C=C1C(C)C)=C1C2=C(P(C(C)(C)C)C(C)(C)C)C=CC=C2,O=C(OC)C1=NOC(C2=CC=CO2)=C1,CC(C)(C)/N=C(N(C)C)/N(C)C,BrC1=CN=CC=C1,63.08,Cc1ccc(Nc2cccnc2)cc1
BTMG,CC(C)C(C=C(C(C)C)C=C1C(C)C)=C1C2=C(P(C(C)(C)C)C(C)(C)C)C=CC=C2,O=C(OC)C1=NOC(C2=CC=CO2)=C1,CC(C)(C)/N=C(N(C)C)/N(C)C,IC1=CN=CC=C1,68.11,Cc1ccc(Nc2cccnc2)cc1
MTBD,CC(C)C(C=C(C(C)C)C=C1C(C)C)=C1C2=C(P(C(C)(C)C)C(C)(C)C)C=CC=C2,O=C(OC)C1=NOC(C2=CC=CO2)=C1,CN1CCCN2C1=NCCC2,ClC1=CC=C(C(F)(F)F)C=C1,12.22,Cc1ccc(Nc2ccc(C(F)(F)F)cc2)cc1
MTBD,CC(C)C(C=C(C(C)C)C=C1C(C)C)=C1C2=C(P(C(C)(C)C)C(C)(C)C)C=CC=C2,O=C(OC)C1=NOC(C2=CC=CO2)=C1,CN1CCCN2C1=NCCC2,BrC1=CC=C(C(F)(F)F)C=C1,40.37,Cc1ccc(Nc2ccc(C(F)(F)F)cc2)cc1
MTBD,CC(C)C(C=C(C(C)C)C=C1C(C)C)=C1C2=C(P(C(C)(C)C)C(C)(C)C)C=CC=C2,O=C(OC)C1=NOC(C2=CC=CO2)=C1,CN1CCCN2C1=NCCC2,IC1=CC=C(C(F)(F)F)C=C1,42.68,Cc1ccc(Nc2ccc(C(F)(F)F)cc2)cc1
MTBD,CC(C)C(C=C(C(C)C)C=C1C(C)C)=C1C2=C(P(C(C)(C)C)C(C)(C)C)C=CC=C2,O=C(OC)C1=NOC(C2=CC=CO2)=C1,CN1CCCN2C1=NCCC2,ClC1=CC=C(OC)C=C1,0.0,COc1ccc(Nc2ccc(C)cc2)cc1
MTBD,CC(C)C(C=C(C(C)C)C=C1C(C)C)=C1C2=C(P(C(C)(C)C)C(C)(C)C)C=CC=C2,O=C(OC)C1=NOC(C2=CC=CO2)=C1,CN1CCCN2C1=NCCC2,BrC1=CC=C(OC)C=C1,47.72,COc1ccc(Nc2ccc(C)cc2)cc1
MTBD,CC(C)C(C=C(C(C)C)C=C1C(C)C)=C1C2=C(P(C(C)(C)C)C(C)(C)C)C=CC=C2,O=C(OC)C1=NOC(C2=CC=CO2)=C1,CN1CCCN2C1=NCCC2,IC1=CC=C(OC)C=C1,44.37,COc1ccc(Nc2ccc(C)cc2)cc1
MTBD,CC(C)C(C=C(C(C)C)C=C1C(C)C)=C1C2=C(P(C(C)(C)C)C(C)(C)C)C=CC=C2,O=C(OC)C1=NOC(C2=CC=CO2)=C1,CN1CCCN2C1=NCCC2,ClC1=CC=C(CC)C=C1,0.61,CCc1ccc(Nc2ccc(C)cc2)cc1
MTBD,CC(C)C(C=C(C(C)C)C=C1C(C)C)=C1C2=C(P(C(C)(C)C)C(C)(C)C)C=CC=C2,O=C(OC)C1=NOC(C2=CC=CO2)=C1,CN1CCCN2C1=NCCC2,BrC1=CC=C(CC)C=C1,70.2,CCc1ccc(Nc2ccc(C)cc2)cc1
MTBD,CC(C)C(C=C(C(C)C)C=C1C(C)C)=C1C2=C(P(C(C)(C)C)C(C)(C)C)C=CC=C2,O=C(OC)C1=NOC(C2=CC=CO2)=C1,CN1CCCN2C1=NCCC2,IC1=CC=C(CC)C=C1,65.42,CCc1ccc(Nc2ccc(C)cc2)cc1
MTBD,CC(C)C(C=C(C(C)C)C=C1C(C)C)=C1C2=C(P(C(C)(C)C)C(C)(C)C)C=CC=C2,O=C(OC)C1=NOC(C2=CC=CO2)=C1,CN1CCCN2C1=NCCC2,ClC1=NC=CC=C1,84.65,Cc1ccc(Nc2ccccn2)cc1
MTBD,CC(C)C(C=C(C(C)C)C=C1C(C)C)=C1C2=C(P(C(C)(C)C)C(C)(C)C)C=CC=C2,O=C(OC)C1=NOC(C2=CC=CO2)=C1,CN1CCCN2C1=NCCC2,BrC1=NC=CC=C1,83.39,Cc1ccc(Nc2ccccn2)cc1
MTBD,CC(C)C(C=C(C(C)C)C=C1C(C)C)=C1C2=C(P(C(C)(C)C)C(C)(C)C)C=CC=C2,O=C(OC)C1=NOC(C2=CC=CO2)=C1,CN1CCCN2C1=NCCC2,IC1=NC=CC=C1,86.5,Cc1ccc(Nc2ccccn2)cc1
MTBD,CC(C)C(C=C(C(C)C)C=C1C(C)C)=C1C2=C(P(C(C)(C)C)C(C)(C)C)C=CC=C2,O=C(OC)C1=NOC(C2=CC=CO2)=C1,CN1CCCN2C1=NCCC2,ClC1=CN=CC=C1,0.0,Cc1ccc(Nc2cccnc2)cc1
MTBD,CC(C)C(C=C(C(C)C)C=C1C(C)C)=C1C2=C(P(C(C)(C)C)C(C)(C)C)C=CC=C2,O=C(OC)C1=NOC(C2=CC=CO2)=C1,CN1CCCN2C1=NCCC2,BrC1=CN=CC=C1,78.0,Cc1ccc(Nc2cccnc2)cc1
MTBD,CC(C)C(C=C(C(C)C)C=C1C(C)C)=C1C2=C(P(C(C)(C)C)C(C)(C)C)C=CC=C2,O=C(OC)C1=NOC(C2=CC=CO2)=C1,CN1CCCN2C1=NCCC2,IC1=CN=CC=C1,79.35,Cc1ccc(Nc2cccnc2)cc1
P2Et,CC(C)C(C=C(C(C)C)C=C1C(C)C)=C1C2=C(P(C(C)(C)C)C(C)(C)C)C(OC)=CC=C2OC,COC1=NOC(C(OCC)=O)=C1,CN(C)P(N(C)C)(N(C)C)=NP(N(C)C)(N(C)C)=NCC,ClC1=CC=C(C(F)(F)F)C=C1,7.15,Cc1ccc(Nc2ccc(C(F)(F)F)cc2)cc1
P2Et,CC(C)C(C=C(C(C)C)C=C1C(C)C)=C1C2=C(P(C(C)(C)C)C(C)(C)C)C(OC)=CC=C2OC,COC1=NOC(C(OCC)=O)=C1,CN(C)P(N(C)C)(N(C)C)=NP(N(C)C)(N(C)C)=NCC,BrC1=CC=C(C(F)(F)F)C=C1,28.25,Cc1ccc(Nc2ccc(C(F)(F)F)cc2)cc1
P2Et,CC(C)C(C=C(C(C)C)C=C1C(C)C)=C1C2=C(P(C(C)(C)C)C(C)(C)C)C(OC)=CC=C2OC,COC1=NOC(C(OCC)=O)=C1,CN(C)P(N(C)C)(N(C)C)=NP(N(C)C)(N(C)C)=NCC,IC1=CC=C(C(F)(F)F)C=C1,34.8,Cc1ccc(Nc2ccc(C(F)(F)F)cc2)cc1
P2Et,CC(C)C(C=C(C(C)C)C=C1C(C)C)=C1C2=C(P(C(C)(C)C)C(C)(C)C)C(OC)=CC=C2OC,COC1=NOC(C(OCC)=O)=C1,CN(C)P(N(C)C)(N(C)C)=NP(N(C)C)(N(C)C)=NCC,ClC1=CC=C(OC)C=C1,0.47,COc1ccc(Nc2ccc(C)cc2)cc1
P2Et,CC(C)C(C=C(C(C)C)C=C1C(C)C)=C1C2=C(P(C(C)(C)C)C(C)(C)C)C(OC)=CC=C2OC,COC1=NOC(C(OCC)=O)=C1,CN(C)P(N(C)C)(N(C)C)=NP(N(C)C)(N(C)C)=NCC,BrC1=CC=C(OC)C=C1,38.41,COc1ccc(Nc2ccc(C)cc2)cc1
P2Et,CC(C)C(C=C(C(C)C)C=C1C(C)C)=C1C2=C(P(C(C)(C)C)C(C)(C)C)C(OC)=CC=C2OC,COC1=NOC(C(OCC)=O)=C1,CN(C)P(N(C)C)(N(C)C)=NP(N(C)C)(N(C)C)=NCC,IC1=CC=C(OC)C=C1,42.83,COc1ccc(Nc2ccc(C)cc2)cc1
P2Et,CC(C)C(C=C(C(C)C)C=C1C(C)C)=C1C2=C(P(C(C)(C)C)C(C)(C)C)C(OC)=CC=C2OC,COC1=NOC(C(OCC)=O)=C1,CN(C)P(N(C)C)(N(C)C)=NP(N(C)C)(N(C)C)=NCC,ClC1=CC=C(CC)C=C1,6.98,CCc1ccc(Nc2ccc(C)cc2)cc1
P2Et,CC(C)C(C=C(C(C)C)C=C1C(C)C)=C1C2=C(P(C(C)(C)C)C(C)(C)C)C(OC)=CC=C2OC,COC1=NOC(C(OCC)=O)=C1,CN(C)P(N(C)C)(N(C)C)=NP(N(C)C)(N(C)C)=NCC,BrC1=CC=C(CC)C=C1,54.39,CCc1ccc(Nc2ccc(C)cc2)cc1
P2Et,CC(C)C(C=C(C(C)C)C=C1C(C)C)=C1C2=C(P(C(C)(C)C)C(C)(C)C)C(OC)=CC=C2OC,COC1=NOC(C(OCC)=O)=C1,CN(C)P(N(C)C)(N(C)C)=NP(N(C)C)(N(C)C)=NCC,IC1=CC=C(CC)C=C1,68.43,CCc1ccc(Nc2ccc(C)cc2)cc1
P2Et,CC(C)C(C=C(C(C)C)C=C1C(C)C)=C1C2=C(P(C(C)(C)C)C(C)(C)C)C(OC)=CC=C2OC,COC1=NOC(C(OCC)=O)=C1,CN(C)P(N(C)C)(N(C)C)=NP(N(C)C)(N(C)C)=NCC,ClC1=NC=CC=C1,70.51,Cc1ccc(Nc2ccccn2)cc1
P2Et,CC(C)C(C=C(C(C)C)C=C1C(C)C)=C1C2=C(P(C(C)(C)C)C(C)(C)C)C(OC)=CC=C2OC,COC1=NOC(C(OCC)=O)=C1,CN(C)P(N(C)C)(N(C)C)=NP(N(C)C)(N(C)C)=NCC,BrC1=NC=CC=C1,72.16,Cc1ccc(Nc2ccccn2)cc1
P2Et,CC(C)C(C=C(C(C)C)C=C1C(C)C)=C1C2=C(P(C(C)(C)C)C(C)(C)C)C(OC)=CC=C2OC,COC1=NOC(C(OCC)=O)=C1,CN(C)P(N(C)C)(N(C)C)=NP(N(C)C)(N(C)C)=NCC,IC1=NC=CC=C1,78.28,Cc1ccc(Nc2ccccn2)cc1
P2Et,CC(C)C(C=C(C(C)C)C=C1C(C)C)=C1C2=C(P(C(C)(C)C)C(C)(C)C)C(OC)=CC=C2OC,COC1=NOC(C(OCC)=O)=C1,CN(C)P(N(C)C)(N(C)C)=NP(N(C)C)(N(C)C)=NCC,ClC1=CN=CC=C1,6.88,Cc1ccc(Nc2cccnc2)cc1
P2Et,CC(C)C(C=C(C(C)C)C=C1C(C)C)=C1C2=C(P(C(C)(C)C)C(C)(C)C)C(OC)=CC=C2OC,COC1=NOC(C(OCC)=O)=C1,CN(C)P(N(C)C)(N(C)C)=NP(N(C)C)(N(C)C)=NCC,BrC1=CN=CC=C1,47.64,Cc1ccc(Nc2cccnc2)cc1
P2Et,CC(C)C(C=C(C(C)C)C=C1C(C)C)=C1C2=C(P(C(C)(C)C)C(C)(C)C)C(OC)=CC=C2OC,COC1=NOC(C(OCC)=O)=C1,CN(C)P(N(C)C)(N(C)C)=NP(N(C)C)(N(C)C)=NCC,IC1=CN=CC=C1,52.16,Cc1ccc(Nc2cccnc2)cc1
BTMG,CC(C)C(C=C(C(C)C)C=C1C(C)C)=C1C2=C(P(C(C)(C)C)C(C)(C)C)C(OC)=CC=C2OC,COC1=NOC(C(OCC)=O)=C1,CC(C)(C)/N=C(N(C)C)/N(C)C,ClC1=CC=C(C(F)(F)F)C=C1,3.85,Cc1ccc(Nc2ccc(C(F)(F)F)cc2)cc1
BTMG,CC(C)C(C=C(C(C)C)C=C1C(C)C)=C1C2=C(P(C(C)(C)C)C(C)(C)C)C(OC)=CC=C2OC,COC1=NOC(C(OCC)=O)=C1,CC(C)(C)/N=C(N(C)C)/N(C)C,BrC1=CC=C(C(F)(F)F)C=C1,35.33,Cc1ccc(Nc2ccc(C(F)(F)F)cc2)cc1
BTMG,CC(C)C(C=C(C(C)C)C=C1C(C)C)=C1C2=C(P(C(C)(C)C)C(C)(C)C)C(OC)=CC=C2OC,COC1=NOC(C(OCC)=O)=C1,CC(C)(C)/N=C(N(C)C)/N(C)C,IC1=CC=C(C(F)(F)F)C=C1,37.63,Cc1ccc(Nc2ccc(C(F)(F)F)cc2)cc1
BTMG,CC(C)C(C=C(C(C)C)C=C1C(C)C)=C1C2=C(P(C(C)(C)C)C(C)(C)C)C(OC)=CC=C2OC,COC1=NOC(C(OCC)=O)=C1,CC(C)(C)/N=C(N(C)C)/N(C)C,ClC1=CC=C(OC)C=C1,0.0,COc1ccc(Nc2ccc(C)cc2)cc1
BTMG,CC(C)C(C=C(C(C)C)C=C1C(C)C)=C1C2=C(P(C(C)(C)C)C(C)(C)C)C(OC)=CC=C2OC,COC1=NOC(C(OCC)=O)=C1,CC(C)(C)/N=C(N(C)C)/N(C)C,BrC1=CC=C(OC)C=C1,25.94,COc1ccc(Nc2ccc(C)cc2)cc1
BTMG,CC(C)C(C=C(C(C)C)C=C1C(C)C)=C1C2=C(P(C(C)(C)C)C(C)(C)C)C(OC)=CC=C2OC,COC1=NOC(C(OCC)=O)=C1,CC(C)(C)/N=C(N(C)C)/N(C)C,IC1=CC=C(OC)C=C1,42.13,COc1ccc(Nc2ccc(C)cc2)cc1
BTMG,CC(C)C(C=C(C(C)C)C=C1C(C)C)=C1C2=C(P(C(C)(C)C)C(C)(C)C)C(OC)=CC=C2OC,COC1=NOC(C(OCC)=O)=C1,CC(C)(C)/N=C(N(C)C)/N(C)C,ClC1=CC=C(CC)C=C1,3.55,CCc1ccc(Nc2ccc(C)cc2)cc1
BTMG,CC(C)C(C=C(C(C)C)C=C1C(C)C)=C1C2=C(P(C(C)(C)C)C(C)(C)C)C(OC)=CC=C2OC,COC1=NOC(C(OCC)=O)=C1,CC(C)(C)/N=C(N(C)C)/N(C)C,BrC1=CC=C(CC)C=C1,50.45,CCc1ccc(Nc2ccc(C)cc2)cc1
BTMG,CC(C)C(C=C(C(C)C)C=C1C(C)C)=C1C2=C(P(C(C)(C)C)C(C)(C)C)C(OC)=CC=C2OC,COC1=NOC(C(OCC)=O)=C1,CC(C)(C)/N=C(N(C)C)/N(C)C,IC1=CC=C(CC)C=C1,62.04,CCc1ccc(Nc2ccc(C)cc2)cc1
BTMG,CC(C)C(C=C(C(C)C)C=C1C(C)C)=C1C2=C(P(C(C)(C)C)C(C)(C)C)C(OC)=CC=C2OC,COC1=NOC(C(OCC)=O)=C1,CC(C)(C)/N=C(N(C)C)/N(C)C,ClC1=NC=CC=C1,55.58,Cc1ccc(Nc2ccccn2)cc1
BTMG,CC(C)C(C=C(C(C)C)C=C1C(C)C)=C1C2=C(P(C(C)(C)C)C(C)(C)C)C(OC)=CC=C2OC,COC1=NOC(C(OCC)=O)=C1,CC(C)(C)/N=C(N(C)C)/N(C)C,BrC1=NC=CC=C1,56.61,Cc1ccc(Nc2ccccn2)cc1
BTMG,CC(C)C(C=C(C(C)C)C=C1C(C)C)=C1C2=C(P(C(C)(C)C)C(C)(C)C)C(OC)=CC=C2OC,COC1=NOC(C(OCC)=O)=C1,CC(C)(C)/N=C(N(C)C)/N(C)C,IC1=NC=CC=C1,69.53,Cc1ccc(Nc2ccccn2)cc1
BTMG,CC(C)C(C=C(C(C)C)C=C1C(C)C)=C1C2=C(P(C(C)(C)C)C(C)(C)C)C(OC)=CC=C2OC,COC1=NOC(C(OCC)=O)=C1,CC(C)(C)/N=C(N(C)C)/N(C)C,ClC1=CN=CC=C1,2.79,Cc1ccc(Nc2cccnc2)cc1
BTMG,CC(C)C(C=C(C(C)C)C=C1C(C)C)=C1C2=C(P(C(C)(C)C)C(C)(C)C)C(OC)=CC=C2OC,COC1=NOC(C(OCC)=O)=C1,CC(C)(C)/N=C(N(C)C)/N(C)C,BrC1=CN=CC=C1,55.6,Cc1ccc(Nc2cccnc2)cc1
BTMG,CC(C)C(C=C(C(C)C)C=C1C(C)C)=C1C2=C(P(C(C)(C)C)C(C)(C)C)C(OC)=CC=C2OC,COC1=NOC(C(OCC)=O)=C1,CC(C)(C)/N=C(N(C)C)/N(C)C,IC1=CN=CC=C1,65.51,Cc1ccc(Nc2cccnc2)cc1
MTBD,CC(C)C(C=C(C(C)C)C=C1C(C)C)=C1C2=C(P(C(C)(C)C)C(C)(C)C)C(OC)=CC=C2OC,COC1=NOC(C(OCC)=O)=C1,CN1CCCN2C1=NCCC2,ClC1=CC=C(C(F)(F)F)C=C1,3.64,Cc1ccc(Nc2ccc(C(F)(F)F)cc2)cc1
MTBD,CC(C)C(C=C(C(C)C)C=C1C(C)C)=C1C2=C(P(C(C)(C)C)C(C)(C)C)C(OC)=CC=C2OC,COC1=NOC(C(OCC)=O)=C1,CN1CCCN2C1=NCCC2,BrC1=CC=C(C(F)(F)F)C=C1,35.2,Cc1ccc(Nc2ccc(C(F)(F)F)cc2)cc1
MTBD,CC(C)C(C=C(C(C)C)C=C1C(C)C)=C1C2=C(P(C(C)(C)C)C(C)(C)C)C(OC)=CC=C2OC,COC1=NOC(C(OCC)=O)=C1,CN1CCCN2C1=NCCC2,IC1=CC=C(C(F)(F)F)C=C1,40.49,Cc1ccc(Nc2ccc(C(F)(F)F)cc2)cc1
MTBD,CC(C)C(C=C(C(C)C)C=C1C(C)C)=C1C2=C(P(C(C)(C)C)C(C)(C)C)C(OC)=CC=C2OC,COC1=NOC(C(OCC)=O)=C1,CN1CCCN2C1=NCCC2,ClC1=CC=C(OC)C=C1,0.0,COc1ccc(Nc2ccc(C)cc2)cc1
MTBD,CC(C)C(C=C(C(C)C)C=C1C(C)C)=C1C2=C(P(C(C)(C)C)C(C)(C)C)C(OC)=CC=C2OC,COC1=NOC(C(OCC)=O)=C1,CN1CCCN2C1=NCCC2,BrC1=CC=C(OC)C=C1,31.94,COc1ccc(Nc2ccc(C)cc2)cc1
MTBD,CC(C)C(C=C(C(C)C)C=C1C(C)C)=C1C2=C(P(C(C)(C)C)C(C)(C)C)C(OC)=CC=C2OC,COC1=NOC(C(OCC)=O)=C1,CN1CCCN2C1=NCCC2,IC1=CC=C(OC)C=C1,49.98,COc1ccc(Nc2ccc(C)cc2)cc1
MTBD,CC(C)C(C=C(C(C)C)C=C1C(C)C)=C1C2=C(P(C(C)(C)C)C(C)(C)C)C(OC)=CC=C2OC,COC1=NOC(C(OCC)=O)=C1,CN1CCCN2C1=NCCC2,ClC1=CC=C(CC)C=C1,4.04,CCc1ccc(Nc2ccc(C)cc2)cc1
MTBD,CC(C)C(C=C(C(C)C)C=C1C(C)C)=C1C2=C(P(C(C)(C)C)C(C)(C)C)C(OC)=CC=C2OC,COC1=NOC(C(OCC)=O)=C1,CN1CCCN2C1=NCCC2,BrC1=CC=C(CC)C=C1,55.24,CCc1ccc(Nc2ccc(C)cc2)cc1
MTBD,CC(C)C(C=C(C(C)C)C=C1C(C)C)=C1C2=C(P(C(C)(C)C)C(C)(C)C)C(OC)=CC=C2OC,COC1=NOC(C(OCC)=O)=C1,CN1CCCN2C1=NCCC2,IC1=CC=C(CC)C=C1,71.83,CCc1ccc(Nc2ccc(C)cc2)cc1
MTBD,CC(C)C(C=C(C(C)C)C=C1C(C)C)=C1C2=C(P(C(C)(C)C)C(C)(C)C)C(OC)=CC=C2OC,COC1=NOC(C(OCC)=O)=C1,CN1CCCN2C1=NCCC2,ClC1=NC=CC=C1,71.0,Cc1ccc(Nc2ccccn2)cc1
MTBD,CC(C)C(C=C(C(C)C)C=C1C(C)C)=C1C2=C(P(C(C)(C)C)C(C)(C)C)C(OC)=CC=C2OC,COC1=NOC(C(OCC)=O)=C1,CN1CCCN2C1=NCCC2,BrC1=NC=CC=C1,80.78,Cc1ccc(Nc2ccccn2)cc1
MTBD,CC(C)C(C=C(C(C)C)C=C1C(C)C)=C1C2=C(P(C(C)(C)C)C(C)(C)C)C(OC)=CC=C2OC,COC1=NOC(C(OCC)=O)=C1,CN1CCCN2C1=NCCC2,IC1=NC=CC=C1,91.14,Cc1ccc(Nc2ccccn2)cc1
MTBD,CC(C)C(C=C(C(C)C)C=C1C(C)C)=C1C2=C(P(C(C)(C)C)C(C)(C)C)C(OC)=CC=C2OC,COC1=NOC(C(OCC)=O)=C1,CN1CCCN2C1=NCCC2,ClC1=CN=CC=C1,2.35,Cc1ccc(Nc2cccnc2)cc1
MTBD,CC(C)C(C=C(C(C)C)C=C1C(C)C)=C1C2=C(P(C(C)(C)C)C(C)(C)C)C(OC)=CC=C2OC,COC1=NOC(C(OCC)=O)=C1,CN1CCCN2C1=NCCC2,BrC1=CN=CC=C1,72.7,Cc1ccc(Nc2cccnc2)cc1
MTBD,CC(C)C(C=C(C(C)C)C=C1C(C)C)=C1C2=C(P(C(C)(C)C)C(C)(C)C)C(OC)=CC=C2OC,COC1=NOC(C(OCC)=O)=C1,CN1CCCN2C1=NCCC2,IC1=CN=CC=C1,82.0,Cc1ccc(Nc2cccnc2)cc1
P2Et,CC(C)C(C=C(C(C)C)C=C1C(C)C)=C1C2=C(P(C(C)(C)C)C(C)(C)C)C(OC)=CC=C2OC,CC1=NOC(C2=CC=CC=C2)=C1,CN(C)P(N(C)C)(N(C)C)=NP(N(C)C)(N(C)C)=NCC,ClC1=CC=C(C(F)(F)F)C=C1,1.22,Cc1ccc(Nc2ccc(C(F)(F)F)cc2)cc1
P2Et,CC(C)C(C=C(C(C)C)C=C1C(C)C)=C1C2=C(P(C(C)(C)C)C(C)(C)C)C(OC)=CC=C2OC,CC1=NOC(C2=CC=CC=C2)=C1,CN(C)P(N(C)C)(N(C)C)=NP(N(C)C)(N(C)C)=NCC,BrC1=CC=C(C(F)(F)F)C=C1,24.61,Cc1ccc(Nc2ccc(C(F)(F)F)cc2)cc1
P2Et,CC(C)C(C=C(C(C)C)C=C1C(C)C)=C1C2=C(P(C(C)(C)C)C(C)(C)C)C(OC)=CC=C2OC,CC1=NOC(C2=CC=CC=C2)=C1,CN(C)P(N(C)C)(N(C)C)=NP(N(C)C)(N(C)C)=NCC,IC1=CC=C(C(F)(F)F)C=C1,33.56,Cc1ccc(Nc2ccc(C(F)(F)F)cc2)cc1
P2Et,CC(C)C(C=C(C(C)C)C=C1C(C)C)=C1C2=C(P(C(C)(C)C)C(C)(C)C)C(OC)=CC=C2OC,CC1=NOC(C2=CC=CC=C2)=C1,CN(C)P(N(C)C)(N(C)C)=NP(N(C)C)(N(C)C)=NCC,ClC1=CC=C(OC)C=C1,0.0,COc1ccc(Nc2ccc(C)cc2)cc1
P2Et,CC(C)C(C=C(C(C)C)C=C1C(C)C)=C1C2=C(P(C(C)(C)C)C(C)(C)C)C(OC)=CC=C2OC,CC1=NOC(C2=CC=CC=C2)=C1,CN(C)P(N(C)C)(N(C)C)=NP(N(C)C)(N(C)C)=NCC,BrC1=CC=C(OC)C=C1,46.67,COc1ccc(Nc2ccc(C)cc2)cc1
P2Et,CC(C)C(C=C(C(C)C)C=C1C(C)C)=C1C2=C(P(C(C)(C)C)C(C)(C)C)C(OC)=CC=C2OC,CC1=NOC(C2=CC=CC=C2)=C1,CN(C)P(N(C)C)(N(C)C)=NP(N(C)C)(N(C)C)=NCC,IC1=CC=C(OC)C=C1,49.73,COc1ccc(Nc2ccc(C)cc2)cc1
P2Et,CC(C)C(C=C(C(C)C)C=C1C(C)C)=C1C2=C(P(C(C)(C)C)C(C)(C)C)C(OC)=CC=C2OC,CC1=NOC(C2=CC=CC=C2)=C1,CN(C)P(N(C)C)(N(C)C)=NP(N(C)C)(N(C)C)=NCC,ClC1=CC=C(CC)C=C1,7.81,CCc1ccc(Nc2ccc(C)cc2)cc1
P2Et,CC(C)C(C=C(C(C)C)C=C1C(C)C)=C1C2=C(P(C(C)(C)C)C(C)(C)C)C(OC)=CC=C2OC,CC1=NOC(C2=CC=CC=C2)=C1,CN(C)P(N(C)C)(N(C)C)=NP(N(C)C)(N(C)C)=NCC,BrC1=CC=C(CC)C=C1,64.56,CCc1ccc(Nc2ccc(C)cc2)cc1
P2Et,CC(C)C(C=C(C(C)C)C=C1C(C)C)=C1C2=C(P(C(C)(C)C)C(C)(C)C)C(OC)=CC=C2OC,CC1=NOC(C2=CC=CC=C2)=C1,CN(C)P(N(C)C)(N(C)C)=NP(N(C)C)(N(C)C)=NCC,IC1=CC=C(CC)C=C1,69.14,CCc1ccc(Nc2ccc(C)cc2)cc1
P2Et,CC(C)C(C=C(C(C)C)C=C1C(C)C)=C1C2=C(P(C(C)(C)C)C(C)(C)C)C(OC)=CC=C2OC,CC1=NOC(C2=CC=CC=C2)=C1,CN(C)P(N(C)C)(N(C)C)=NP(N(C)C)(N(C)C)=NCC,ClC1=NC=CC=C1,80.29,Cc1ccc(Nc2ccccn2)cc1
P2Et,CC(C)C(C=C(C(C)C)C=C1C(C)C)=C1C2=C(P(C(C)(C)C)C(C)(C)C)C(OC)=CC=C2OC,CC1=NOC(C2=CC=CC=C2)=C1,CN(C)P(N(C)C)(N(C)C)=NP(N(C)C)(N(C)C)=NCC,BrC1=NC=CC=C1,77.63,Cc1ccc(Nc2ccccn2)cc1
P2Et,CC(C)C(C=C(C(C)C)C=C1C(C)C)=C1C2=C(P(C(C)(C)C)C(C)(C)C)C(OC)=CC=C2OC,CC1=NOC(C2=CC=CC=C2)=C1,CN(C)P(N(C)C)(N(C)C)=NP(N(C)C)(N(C)C)=NCC,IC1=NC=CC=C1,82.33,Cc1ccc(Nc2ccccn2)cc1
P2Et,CC(C)C(C=C(C(C)C)C=C1C(C)C)=C1C2=C(P(C(C)(C)C)C(C)(C)C)C(OC)=CC=C2OC,CC1=NOC(C2=CC=CC=C2)=C1,CN(C)P(N(C)C)(N(C)C)=NP(N(C)C)(N(C)C)=NCC,ClC1=CN=CC=C1,0.0,Cc1ccc(Nc2cccnc2)cc1
P2Et,CC(C)C(C=C(C(C)C)C=C1C(C)C)=C1C2=C(P(C(C)(C)C)C(C)(C)C)C(OC)=CC=C2OC,CC1=NOC(C2=CC=CC=C2)=C1,CN(C)P(N(C)C)(N(C)C)=NP(N(C)C)(N(C)C)=NCC,BrC1=CN=CC=C1,35.33,Cc1ccc(Nc2cccnc2)cc1
P2Et,CC(C)C(C=C(C(C)C)C=C1C(C)C)=C1C2=C(P(C(C)(C)C)C(C)(C)C)C(OC)=CC=C2OC,CC1=NOC(C2=CC=CC=C2)=C1,CN(C)P(N(C)C)(N(C)C)=NP(N(C)C)(N(C)C)=NCC,IC1=CN=CC=C1,55.97,Cc1ccc(Nc2cccnc2)cc1
BTMG,CC(C)C(C=C(C(C)C)C=C1C(C)C)=C1C2=C(P(C(C)(C)C)C(C)(C)C)C(OC)=CC=C2OC,CC1=NOC(C2=CC=CC=C2)=C1,CC(C)(C)/N=C(N(C)C)/N(C)C,ClC1=CC=C(C(F)(F)F)C=C1,13.7,Cc1ccc(Nc2ccc(C(F)(F)F)cc2)cc1
BTMG,CC(C)C(C=C(C(C)C)C=C1C(C)C)=C1C2=C(P(C(C)(C)C)C(C)(C)C)C(OC)=CC=C2OC,CC1=NOC(C2=CC=CC=C2)=C1,CC(C)(C)/N=C(N(C)C)/N(C)C,BrC1=CC=C(C(F)(F)F)C=C1,37.09,Cc1ccc(Nc2ccc(C(F)(F)F)cc2)cc1
BTMG,CC(C)C(C=C(C(C)C)C=C1C(C)C)=C1C2=C(P(C(C)(C)C)C(C)(C)C)C(OC)=CC=C2OC,CC1=NOC(C2=CC=CC=C2)=C1,CC(C)(C)/N=C(N(C)C)/N(C)C,IC1=CC=C(C(F)(F)F)C=C1,36.02,Cc1ccc(Nc2ccc(C(F)(F)F)cc2)cc1
BTMG,CC(C)C(C=C(C(C)C)C=C1C(C)C)=C1C2=C(P(C(C)(C)C)C(C)(C)C)C(OC)=CC=C2OC,CC1=NOC(C2=CC=CC=C2)=C1,CC(C)(C)/N=C(N(C)C)/N(C)C,ClC1=CC=C(OC)C=C1,0.0,COc1ccc(Nc2ccc(C)cc2)cc1
BTMG,CC(C)C(C=C(C(C)C)C=C1C(C)C)=C1C2=C(P(C(C)(C)C)C(C)(C)C)C(OC)=CC=C2OC,CC1=NOC(C2=CC=CC=C2)=C1,CC(C)(C)/N=C(N(C)C)/N(C)C,BrC1=CC=C(OC)C=C1,34.75,COc1ccc(Nc2ccc(C)cc2)cc1
BTMG,CC(C)C(C=C(C(C)C)C=C1C(C)C)=C1C2=C(P(C(C)(C)C)C(C)(C)C)C(OC)=CC=C2OC,CC1=NOC(C2=CC=CC=C2)=C1,CC(C)(C)/N=C(N(C)C)/N(C)C,IC1=CC=C(OC)C=C1,40.09,COc1ccc(Nc2ccc(C)cc2)cc1
BTMG,CC(C)C(C=C(C(C)C)C=C1C(C)C)=C1C2=C(P(C(C)(C)C)C(C)(C)C)C(OC)=CC=C2OC,CC1=NOC(C2=CC=CC=C2)=C1,CC(C)(C)/N=C(N(C)C)/N(C)C,ClC1=CC=C(CC)C=C1,4.71,CCc1ccc(Nc2ccc(C)cc2)cc1
BTMG,CC(C)C(C=C(C(C)C)C=C1C(C)C)=C1C2=C(P(C(C)(C)C)C(C)(C)C)C(OC)=CC=C2OC,CC1=NOC(C2=CC=CC=C2)=C1,CC(C)(C)/N=C(N(C)C)/N(C)C,BrC1=CC=C(CC)C=C1,59.01,CCc1ccc(Nc2ccc(C)cc2)cc1
BTMG,CC(C)C(C=C(C(C)C)C=C1C(C)C)=C1C2=C(P(C(C)(C)C)C(C)(C)C)C(OC)=CC=C2OC,CC1=NOC(C2=CC=CC=C2)=C1,CC(C)(C)/N=C(N(C)C)/N(C)C,IC1=CC=C(CC)C=C1,60.62,CCc1ccc(Nc2ccc(C)cc2)cc1
BTMG,CC(C)C(C=C(C(C)C)C=C1C(C)C)=C1C2=C(P(C(C)(C)C)C(C)(C)C)C(OC)=CC=C2OC,CC1=NOC(C2=CC=CC=C2)=C1,CC(C)(C)/N=C(N(C)C)/N(C)C,ClC1=NC=CC=C1,56.33,Cc1ccc(Nc2ccccn2)cc1
BTMG,CC(C)C(C=C(C(C)C)C=C1C(C)C)=C1C2=C(P(C(C)(C)C)C(C)(C)C)C(OC)=CC=C2OC,CC1=NOC(C2=CC=CC=C2)=C1,CC(C)(C)/N=C(N(C)C)/N(C)C,BrC1=NC=CC=C1,60.95,Cc1ccc(Nc2ccccn2)cc1
BTMG,CC(C)C(C=C(C(C)C)C=C1C(C)C)=C1C2=C(P(C(C)(C)C)C(C)(C)C)C(OC)=CC=C2OC,CC1=NOC(C2=CC=CC=C2)=C1,CC(C)(C)/N=C(N(C)C)/N(C)C,IC1=NC=CC=C1,63.37,Cc1ccc(Nc2ccccn2)cc1
BTMG,CC(C)C(C=C(C(C)C)C=C1C(C)C)=C1C2=C(P(C(C)(C)C)C(C)(C)C)C(OC)=CC=C2OC,CC1=NOC(C2=CC=CC=C2)=C1,CC(C)(C)/N=C(N(C)C)/N(C)C,ClC1=CN=CC=C1,8.39,Cc1ccc(Nc2cccnc2)cc1
BTMG,CC(C)C(C=C(C(C)C)C=C1C(C)C)=C1C2=C(P(C(C)(C)C)C(C)(C)C)C(OC)=CC=C2OC,CC1=NOC(C2=CC=CC=C2)=C1,CC(C)(C)/N=C(N(C)C)/N(C)C,BrC1=CN=CC=C1,56.79,Cc1ccc(Nc2cccnc2)cc1
BTMG,CC(C)C(C=C(C(C)C)C=C1C(C)C)=C1C2=C(P(C(C)(C)C)C(C)(C)C)C(OC)=CC=C2OC,CC1=NOC(C2=CC=CC=C2)=C1,CC(C)(C)/N=C(N(C)C)/N(C)C,IC1=CN=CC=C1,61.57,Cc1ccc(Nc2cccnc2)cc1
MTBD,CC(C)C(C=C(C(C)C)C=C1C(C)C)=C1C2=C(P(C(C)(C)C)C(C)(C)C)C(OC)=CC=C2OC,CC1=NOC(C2=CC=CC=C2)=C1,CN1CCCN2C1=NCCC2,ClC1=CC=C(C(F)(F)F)C=C1,11.33,Cc1ccc(Nc2ccc(C(F)(F)F)cc2)cc1
MTBD,CC(C)C(C=C(C(C)C)C=C1C(C)C)=C1C2=C(P(C(C)(C)C)C(C)(C)C)C(OC)=CC=C2OC,CC1=NOC(C2=CC=CC=C2)=C1,CN1CCCN2C1=NCCC2,BrC1=CC=C(C(F)(F)F)C=C1,38.54,Cc1ccc(Nc2ccc(C(F)(F)F)cc2)cc1
MTBD,CC(C)C(C=C(C(C)C)C=C1C(C)C)=C1C2=C(P(C(C)(C)C)C(C)(C)C)C(OC)=CC=C2OC,CC1=NOC(C2=CC=CC=C2)=C1,CN1CCCN2C1=NCCC2,IC1=CC=C(C(F)(F)F)C=C1,41.73,Cc1ccc(Nc2ccc(C(F)(F)F)cc2)cc1
MTBD,CC(C)C(C=C(C(C)C)C=C1C(C)C)=C1C2=C(P(C(C)(C)C)C(C)(C)C)C(OC)=CC=C2OC,CC1=NOC(C2=CC=CC=C2)=C1,CN1CCCN2C1=NCCC2,ClC1=CC=C(OC)C=C1,0.0,COc1ccc(Nc2ccc(C)cc2)cc1
MTBD,CC(C)C(C=C(C(C)C)C=C1C(C)C)=C1C2=C(P(C(C)(C)C)C(C)(C)C)C(OC)=CC=C2OC,CC1=NOC(C2=CC=CC=C2)=C1,CN1CCCN2C1=NCCC2,BrC1=CC=C(OC)C=C1,46.2,COc1ccc(Nc2ccc(C)cc2)cc1
MTBD,CC(C)C(C=C(C(C)C)C=C1C(C)C)=C1C2=C(P(C(C)(C)C)C(C)(C)C)C(OC)=CC=C2OC,CC1=NOC(C2=CC=CC=C2)=C1,CN1CCCN2C1=NCCC2,IC1=CC=C(OC)C=C1,49.53,COc1ccc(Nc2ccc(C)cc2)cc1
MTBD,CC(C)C(C=C(C(C)C)C=C1C(C)C)=C1C2=C(P(C(C)(C)C)C(C)(C)C)C(OC)=CC=C2OC,CC1=NOC(C2=CC=CC=C2)=C1,CN1CCCN2C1=NCCC2,ClC1=CC=C(CC)C=C1,4.96,CCc1ccc(Nc2ccc(C)cc2)cc1
MTBD,CC(C)C(C=C(C(C)C)C=C1C(C)C)=C1C2=C(P(C(C)(C)C)C(C)(C)C)C(OC)=CC=C2OC,CC1=NOC(C2=CC=CC=C2)=C1,CN1CCCN2C1=NCCC2,BrC1=CC=C(CC)C=C1,70.71,CCc1ccc(Nc2ccc(C)cc2)cc1
MTBD,CC(C)C(C=C(C(C)C)C=C1C(C)C)=C1C2=C(P(C(C)(C)C)C(C)(C)C)C(OC)=CC=C2OC,CC1=NOC(C2=CC=CC=C2)=C1,CN1CCCN2C1=NCCC2,IC1=CC=C(CC)C=C1,71.83,CCc1ccc(Nc2ccc(C)cc2)cc1
MTBD,CC(C)C(C=C(C(C)C)C=C1C(C)C)=C1C2=C(P(C(C)(C)C)C(C)(C)C)C(OC)=CC=C2OC,CC1=NOC(C2=CC=CC=C2)=C1,CN1CCCN2C1=NCCC2,ClC1=NC=CC=C1,86.7,Cc1ccc(Nc2ccccn2)cc1
MTBD,CC(C)C(C=C(C(C)C)C=C1C(C)C)=C1C2=C(P(C(C)(C)C)C(C)(C)C)C(OC)=CC=C2OC,CC1=NOC(C2=CC=CC=C2)=C1,CN1CCCN2C1=NCCC2,BrC1=NC=CC=C1,84.34,Cc1ccc(Nc2ccccn2)cc1
MTBD,CC(C)C(C=C(C(C)C)C=C1C(C)C)=C1C2=C(P(C(C)(C)C)C(C)(C)C)C(OC)=CC=C2OC,CC1=NOC(C2=CC=CC=C2)=C1,CN1CCCN2C1=NCCC2,IC1=NC=CC=C1,89.13,Cc1ccc(Nc2ccccn2)cc1
MTBD,CC(C)C(C=C(C(C)C)C=C1C(C)C)=C1C2=C(P(C(C)(C)C)C(C)(C)C)C(OC)=CC=C2OC,CC1=NOC(C2=CC=CC=C2)=C1,CN1CCCN2C1=NCCC2,ClC1=CN=CC=C1,6.46,Cc1ccc(Nc2cccnc2)cc1
MTBD,CC(C)C(C=C(C(C)C)C=C1C(C)C)=C1C2=C(P(C(C)(C)C)C(C)(C)C)C(OC)=CC=C2OC,CC1=NOC(C2=CC=CC=C2)=C1,CN1CCCN2C1=NCCC2,BrC1=CN=CC=C1,76.47,Cc1ccc(Nc2cccnc2)cc1
MTBD,CC(C)C(C=C(C(C)C)C=C1C(C)C)=C1C2=C(P(C(C)(C)C)C(C)(C)C)C(OC)=CC=C2OC,CC1=NOC(C2=CC=CC=C2)=C1,CN1CCCN2C1=NCCC2,IC1=CN=CC=C1,83.6,Cc1ccc(Nc2cccnc2)cc1
P2Et,CC(C)C(C=C(C(C)C)C=C1C(C)C)=C1C2=C(P(C(C)(C)C)C(C)(C)C)C(OC)=CC=C2OC,C1(N(CC2=CC=CC=C2)CC3=CC=CC=C3)=NOC=C1,CN(C)P(N(C)C)(N(C)C)=NP(N(C)C)(N(C)C)=NCC,ClC1=CC=C(C(F)(F)F)C=C1,14.29,Cc1ccc(Nc2ccc(C(F)(F)F)cc2)cc1
P2Et,CC(C)C(C=C(C(C)C)C=C1C(C)C)=C1C2=C(P(C(C)(C)C)C(C)(C)C)C(OC)=CC=C2OC,C1(N(CC2=CC=CC=C2)CC3=CC=CC=C3)=NOC=C1,CN(C)P(N(C)C)(N(C)C)=NP(N(C)C)(N(C)C)=NCC,BrC1=CC=C(C(F)(F)F)C=C1,28.33,Cc1ccc(Nc2ccc(C(F)(F)F)cc2)cc1
P2Et,CC(C)C(C=C(C(C)C)C=C1C(C)C)=C1C2=C(P(C(C)(C)C)C(C)(C)C)C(OC)=CC=C2OC,C1(N(CC2=CC=CC=C2)CC3=CC=CC=C3)=NOC=C1,CN(C)P(N(C)C)(N(C)C)=NP(N(C)C)(N(C)C)=NCC,IC1=CC=C(C(F)(F)F)C=C1,36.31,Cc1ccc(Nc2ccc(C(F)(F)F)cc2)cc1
P2Et,CC(C)C(C=C(C(C)C)C=C1C(C)C)=C1C2=C(P(C(C)(C)C)C(C)(C)C)C(OC)=CC=C2OC,C1(N(CC2=CC=CC=C2)CC3=CC=CC=C3)=NOC=C1,CN(C)P(N(C)C)(N(C)C)=NP(N(C)C)(N(C)C)=NCC,ClC1=CC=C(OC)C=C1,7.21,COc1ccc(Nc2ccc(C)cc2)cc1
P2Et,CC(C)C(C=C(C(C)C)C=C1C(C)C)=C1C2=C(P(C(C)(C)C)C(C)(C)C)C(OC)=CC=C2OC,C1(N(CC2=CC=CC=C2)CC3=CC=CC=C3)=NOC=C1,CN(C)P(N(C)C)(N(C)C)=NP(N(C)C)(N(C)C)=NCC,BrC1=CC=C(OC)C=C1,57.87,COc1ccc(Nc2ccc(C)cc2)cc1
P2Et,CC(C)C(C=C(C(C)C)C=C1C(C)C)=C1C2=C(P(C(C)(C)C)C(C)(C)C)C(OC)=CC=C2OC,C1(N(CC2=CC=CC=C2)CC3=CC=CC=C3)=NOC=C1,CN(C)P(N(C)C)(N(C)C)=NP(N(C)C)(N(C)C)=NCC,IC1=CC=C(OC)C=C1,60.98,COc1ccc(Nc2ccc(C)cc2)cc1
P2Et,CC(C)C(C=C(C(C)C)C=C1C(C)C)=C1C2=C(P(C(C)(C)C)C(C)(C)C)C(OC)=CC=C2OC,C1(N(CC2=CC=CC=C2)CC3=CC=CC=C3)=NOC=C1,CN(C)P(N(C)C)(N(C)C)=NP(N(C)C)(N(C)C)=NCC,ClC1=CC=C(CC)C=C1,9.44,CCc1ccc(Nc2ccc(C)cc2)cc1
P2Et,CC(C)C(C=C(C(C)C)C=C1C(C)C)=C1C2=C(P(C(C)(C)C)C(C)(C)C)C(OC)=CC=C2OC,C1(N(CC2=CC=CC=C2)CC3=CC=CC=C3)=NOC=C1,CN(C)P(N(C)C)(N(C)C)=NP(N(C)C)(N(C)C)=NCC,BrC1=CC=C(CC)C=C1,65.11,CCc1ccc(Nc2ccc(C)cc2)cc1
P2Et,CC(C)C(C=C(C(C)C)C=C1C(C)C)=C1C2=C(P(C(C)(C)C)C(C)(C)C)C(OC)=CC=C2OC,C1(N(CC2=CC=CC=C2)CC3=CC=CC=C3)=NOC=C1,CN(C)P(N(C)C)(N(C)C)=NP(N(C)C)(N(C)C)=NCC,IC1=CC=C(CC)C=C1,72.37,CCc1ccc(Nc2ccc(C)cc2)cc1
P2Et,CC(C)C(C=C(C(C)C)C=C1C(C)C)=C1C2=C(P(C(C)(C)C)C(C)(C)C)C(OC)=CC=C2OC,C1(N(CC2=CC=CC=C2)CC3=CC=CC=C3)=NOC=C1,CN(C)P(N(C)C)(N(C)C)=NP(N(C)C)(N(C)C)=NCC,ClC1=NC=CC=C1,78.77,Cc1ccc(Nc2ccccn2)cc1
P2Et,CC(C)C(C=C(C(C)C)C=C1C(C)C)=C1C2=C(P(C(C)(C)C)C(C)(C)C)C(OC)=CC=C2OC,C1(N(CC2=CC=CC=C2)CC3=CC=CC=C3)=NOC=C1,CN(C)P(N(C)C)(N(C)C)=NP(N(C)C)(N(C)C)=NCC,BrC1=NC=CC=C1,77.83,Cc1ccc(Nc2ccccn2)cc1
P2Et,CC(C)C(C=C(C(C)C)C=C1C(C)C)=C1C2=C(P(C(C)(C)C)C(C)(C)C)C(OC)=CC=C2OC,C1(N(CC2=CC=CC=C2)CC3=CC=CC=C3)=NOC=C1,CN(C)P(N(C)C)(N(C)C)=NP(N(C)C)(N(C)C)=NCC,IC1=NC=CC=C1,79.31,Cc1ccc(Nc2ccccn2)cc1
P2Et,CC(C)C(C=C(C(C)C)C=C1C(C)C)=C1C2=C(P(C(C)(C)C)C(C)(C)C)C(OC)=CC=C2OC,C1(N(CC2=CC=CC=C2)CC3=CC=CC=C3)=NOC=C1,CN(C)P(N(C)C)(N(C)C)=NP(N(C)C)(N(C)C)=NCC,ClC1=CN=CC=C1,6.01,Cc1ccc(Nc2cccnc2)cc1
P2Et,CC(C)C(C=C(C(C)C)C=C1C(C)C)=C1C2=C(P(C(C)(C)C)C(C)(C)C)C(OC)=CC=C2OC,C1(N(CC2=CC=CC=C2)CC3=CC=CC=C3)=NOC=C1,CN(C)P(N(C)C)(N(C)C)=NP(N(C)C)(N(C)C)=NCC,BrC1=CN=CC=C1,37.27,Cc1ccc(Nc2cccnc2)cc1
P2Et,CC(C)C(C=C(C(C)C)C=C1C(C)C)=C1C2=C(P(C(C)(C)C)C(C)(C)C)C(OC)=CC=C2OC,C1(N(CC2=CC=CC=C2)CC3=CC=CC=C3)=NOC=C1,CN(C)P(N(C)C)(N(C)C)=NP(N(C)C)(N(C)C)=NCC,IC1=CN=CC=C1,54.37,Cc1ccc(Nc2cccnc2)cc1
BTMG,CC(C)C(C=C(C(C)C)C=C1C(C)C)=C1C2=C(P(C(C)(C)C)C(C)(C)C)C(OC)=CC=C2OC,C1(N(CC2=CC=CC=C2)CC3=CC=CC=C3)=NOC=C1,CC(C)(C)/N=C(N(C)C)/N(C)C,ClC1=CC=C(C(F)(F)F)C=C1,27.95,Cc1ccc(Nc2ccc(C(F)(F)F)cc2)cc1
BTMG,CC(C)C(C=C(C(C)C)C=C1C(C)C)=C1C2=C(P(C(C)(C)C)C(C)(C)C)C(OC)=CC=C2OC,C1(N(CC2=CC=CC=C2)CC3=CC=CC=C3)=NOC=C1,CC(C)(C)/N=C(N(C)C)/N(C)C,BrC1=CC=C(C(F)(F)F)C=C1,36.81,Cc1ccc(Nc2ccc(C(F)(F)F)cc2)cc1
BTMG,CC(C)C(C=C(C(C)C)C=C1C(C)C)=C1C2=C(P(C(C)(C)C)C(C)(C)C)C(OC)=CC=C2OC,C1(N(CC2=CC=CC=C2)CC3=CC=CC=C3)=NOC=C1,CC(C)(C)/N=C(N(C)C)/N(C)C,IC1=CC=C(C(F)(F)F)C=C1,36.77,Cc1ccc(Nc2ccc(C(F)(F)F)cc2)cc1
BTMG,CC(C)C(C=C(C(C)C)C=C1C(C)C)=C1C2=C(P(C(C)(C)C)C(C)(C)C)C(OC)=CC=C2OC,C1(N(CC2=CC=CC=C2)CC3=CC=CC=C3)=NOC=C1,CC(C)(C)/N=C(N(C)C)/N(C)C,ClC1=CC=C(OC)C=C1,39.97,COc1ccc(Nc2ccc(C)cc2)cc1
BTMG,CC(C)C(C=C(C(C)C)C=C1C(C)C)=C1C2=C(P(C(C)(C)C)C(C)(C)C)C(OC)=CC=C2OC,C1(N(CC2=CC=CC=C2)CC3=CC=CC=C3)=NOC=C1,CC(C)(C)/N=C(N(C)C)/N(C)C,BrC1=CC=C(OC)C=C1,57.13,COc1ccc(Nc2ccc(C)cc2)cc1
BTMG,CC(C)C(C=C(C(C)C)C=C1C(C)C)=C1C2=C(P(C(C)(C)C)C(C)(C)C)C(OC)=CC=C2OC,C1(N(CC2=CC=CC=C2)CC3=CC=CC=C3)=NOC=C1,CC(C)(C)/N=C(N(C)C)/N(C)C,IC1=CC=C(OC)C=C1,60.31,COc1ccc(Nc2ccc(C)cc2)cc1
BTMG,CC(C)C(C=C(C(C)C)C=C1C(C)C)=C1C2=C(P(C(C)(C)C)C(C)(C)C)C(OC)=CC=C2OC,C1(N(CC2=CC=CC=C2)CC3=CC=CC=C3)=NOC=C1,CC(C)(C)/N=C(N(C)C)/N(C)C,ClC1=CC=C(CC)C=C1,7.75,CCc1ccc(Nc2ccc(C)cc2)cc1
BTMG,CC(C)C(C=C(C(C)C)C=C1C(C)C)=C1C2=C(P(C(C)(C)C)C(C)(C)C)C(OC)=CC=C2OC,C1(N(CC2=CC=CC=C2)CC3=CC=CC=C3)=NOC=C1,CC(C)(C)/N=C(N(C)C)/N(C)C,BrC1=CC=C(CC)C=C1,57.98,CCc1ccc(Nc2ccc(C)cc2)cc1
BTMG,CC(C)C(C=C(C(C)C)C=C1C(C)C)=C1C2=C(P(C(C)(C)C)C(C)(C)C)C(OC)=CC=C2OC,C1(N(CC2=CC=CC=C2)CC3=CC=CC=C3)=NOC=C1,CC(C)(C)/N=C(N(C)C)/N(C)C,IC1=CC=C(CC)C=C1,66.51,CCc1ccc(Nc2ccc(C)cc2)cc1
BTMG,CC(C)C(C=C(C(C)C)C=C1C(C)C)=C1C2=C(P(C(C)(C)C)C(C)(C)C)C(OC)=CC=C2OC,C1(N(CC2=CC=CC=C2)CC3=CC=CC=C3)=NOC=C1,CC(C)(C)/N=C(N(C)C)/N(C)C,ClC1=NC=CC=C1,58.93,Cc1ccc(Nc2ccccn2)cc1
BTMG,CC(C)C(C=C(C(C)C)C=C1C(C)C)=C1C2=C(P(C(C)(C)C)C(C)(C)C)C(OC)=CC=C2OC,C1(N(CC2=CC=CC=C2)CC3=CC=CC=C3)=NOC=C1,CC(C)(C)/N=C(N(C)C)/N(C)C,BrC1=NC=CC=C1,59.21,Cc1ccc(Nc2ccccn2)cc1
BTMG,CC(C)C(C=C(C(C)C)C=C1C(C)C)=C1C2=C(P(C(C)(C)C)C(C)(C)C)C(OC)=CC=C2OC,C1(N(CC2=CC=CC=C2)CC3=CC=CC=C3)=NOC=C1,CC(C)(C)/N=C(N(C)C)/N(C)C,IC1=NC=CC=C1,60.41,Cc1ccc(Nc2ccccn2)cc1
BTMG,CC(C)C(C=C(C(C)C)C=C1C(C)C)=C1C2=C(P(C(C)(C)C)C(C)(C)C)C(OC)=CC=C2OC,C1(N(CC2=CC=CC=C2)CC3=CC=CC=C3)=NOC=C1,CC(C)(C)/N=C(N(C)C)/N(C)C,ClC1=CN=CC=C1,32.73,Cc1ccc(Nc2cccnc2)cc1
BTMG,CC(C)C(C=C(C(C)C)C=C1C(C)C)=C1C2=C(P(C(C)(C)C)C(C)(C)C)C(OC)=CC=C2OC,C1(N(CC2=CC=CC=C2)CC3=CC=CC=C3)=NOC=C1,CC(C)(C)/N=C(N(C)C)/N(C)C,BrC1=CN=CC=C1,59.48,Cc1ccc(Nc2cccnc2)cc1
BTMG,CC(C)C(C=C(C(C)C)C=C1C(C)C)=C1C2=C(P(C(C)(C)C)C(C)(C)C)C(OC)=CC=C2OC,C1(N(CC2=CC=CC=C2)CC3=CC=CC=C3)=NOC=C1,CC(C)(C)/N=C(N(C)C)/N(C)C,IC1=CN=CC=C1,64.01,Cc1ccc(Nc2cccnc2)cc1
MTBD,CC(C)C(C=C(C(C)C)C=C1C(C)C)=C1C2=C(P(C(C)(C)C)C(C)(C)C)C(OC)=CC=C2OC,C1(N(CC2=CC=CC=C2)CC3=CC=CC=C3)=NOC=C1,CN1CCCN2C1=NCCC2,ClC1=CC=C(C(F)(F)F)C=C1,29.61,Cc1ccc(Nc2ccc(C(F)(F)F)cc2)cc1
MTBD,CC(C)C(C=C(C(C)C)C=C1C(C)C)=C1C2=C(P(C(C)(C)C)C(C)(C)C)C(OC)=CC=C2OC,C1(N(CC2=CC=CC=C2)CC3=CC=CC=C3)=NOC=C1,CN1CCCN2C1=NCCC2,BrC1=CC=C(C(F)(F)F)C=C1,38.03,Cc1ccc(Nc2ccc(C(F)(F)F)cc2)cc1
MTBD,CC(C)C(C=C(C(C)C)C=C1C(C)C)=C1C2=C(P(C(C)(C)C)C(C)(C)C)C(OC)=CC=C2OC,C1(N(CC2=CC=CC=C2)CC3=CC=CC=C3)=NOC=C1,CN1CCCN2C1=NCCC2,IC1=CC=C(C(F)(F)F)C=C1,41.71,Cc1ccc(Nc2ccc(C(F)(F)F)cc2)cc1
MTBD,CC(C)C(C=C(C(C)C)C=C1C(C)C)=C1C2=C(P(C(C)(C)C)C(C)(C)C)C(OC)=CC=C2OC,C1(N(CC2=CC=CC=C2)CC3=CC=CC=C3)=NOC=C1,CN1CCCN2C1=NCCC2,ClC1=CC=C(OC)C=C1,41.98,COc1ccc(Nc2ccc(C)cc2)cc1
MTBD,CC(C)C(C=C(C(C)C)C=C1C(C)C)=C1C2=C(P(C(C)(C)C)C(C)(C)C)C(OC)=CC=C2OC,C1(N(CC2=CC=CC=C2)CC3=CC=CC=C3)=NOC=C1,CN1CCCN2C1=NCCC2,BrC1=CC=C(OC)C=C1,67.81,COc1ccc(Nc2ccc(C)cc2)cc1
MTBD,CC(C)C(C=C(C(C)C)C=C1C(C)C)=C1C2=C(P(C(C)(C)C)C(C)(C)C)C(OC)=CC=C2OC,C1(N(CC2=CC=CC=C2)CC3=CC=CC=C3)=NOC=C1,CN1CCCN2C1=NCCC2,IC1=CC=C(OC)C=C1,65.94,COc1ccc(Nc2ccc(C)cc2)cc1
MTBD,CC(C)C(C=C(C(C)C)C=C1C(C)C)=C1C2=C(P(C(C)(C)C)C(C)(C)C)C(OC)=CC=C2OC,C1(N(CC2=CC=CC=C2)CC3=CC=CC=C3)=NOC=C1,CN1CCCN2C1=NCCC2,ClC1=CC=C(CC)C=C1,12.64,CCc1ccc(Nc2ccc(C)cc2)cc1
MTBD,CC(C)C(C=C(C(C)C)C=C1C(C)C)=C1C2=C(P(C(C)(C)C)C(C)(C)C)C(OC)=CC=C2OC,C1(N(CC2=CC=CC=C2)CC3=CC=CC=C3)=NOC=C1,CN1CCCN2C1=NCCC2,BrC1=CC=C(CC)C=C1,74.21,CCc1ccc(Nc2ccc(C)cc2)cc1
MTBD,CC(C)C(C=C(C(C)C)C=C1C(C)C)=C1C2=C(P(C(C)(C)C)C(C)(C)C)C(OC)=CC=C2OC,C1(N(CC2=CC=CC=C2)CC3=CC=CC=C3)=NOC=C1,CN1CCCN2C1=NCCC2,IC1=CC=C(CC)C=C1,75.06,CCc1ccc(Nc2ccc(C)cc2)cc1
MTBD,CC(C)C(C=C(C(C)C)C=C1C(C)C)=C1C2=C(P(C(C)(C)C)C(C)(C)C)C(OC)=CC=C2OC,C1(N(CC2=CC=CC=C2)CC3=CC=CC=C3)=NOC=C1,CN1CCCN2C1=NCCC2,ClC1=NC=CC=C1,90.99,Cc1ccc(Nc2ccccn2)cc1
MTBD,CC(C)C(C=C(C(C)C)C=C1C(C)C)=C1C2=C(P(C(C)(C)C)C(C)(C)C)C(OC)=CC=C2OC,C1(N(CC2=CC=CC=C2)CC3=CC=CC=C3)=NOC=C1,CN1CCCN2C1=NCCC2,BrC1=NC=CC=C1,84.34,Cc1ccc(Nc2ccccn2)cc1
MTBD,CC(C)C(C=C(C(C)C)C=C1C(C)C)=C1C2=C(P(C(C)(C)C)C(C)(C)C)C(OC)=CC=C2OC,C1(N(CC2=CC=CC=C2)CC3=CC=CC=C3)=NOC=C1,CN1CCCN2C1=NCCC2,IC1=NC=CC=C1,88.73,Cc1ccc(Nc2ccccn2)cc1
MTBD,CC(C)C(C=C(C(C)C)C=C1C(C)C)=C1C2=C(P(C(C)(C)C)C(C)(C)C)C(OC)=CC=C2OC,C1(N(CC2=CC=CC=C2)CC3=CC=CC=C3)=NOC=C1,CN1CCCN2C1=NCCC2,ClC1=CN=CC=C1,36.05,Cc1ccc(Nc2cccnc2)cc1
MTBD,CC(C)C(C=C(C(C)C)C=C1C(C)C)=C1C2=C(P(C(C)(C)C)C(C)(C)C)C(OC)=CC=C2OC,C1(N(CC2=CC=CC=C2)CC3=CC=CC=C3)=NOC=C1,CN1CCCN2C1=NCCC2,BrC1=CN=CC=C1,77.28,Cc1ccc(Nc2cccnc2)cc1
MTBD,CC(C)C(C=C(C(C)C)C=C1C(C)C)=C1C2=C(P(C(C)(C)C)C(C)(C)C)C(OC)=CC=C2OC,C1(N(CC2=CC=CC=C2)CC3=CC=CC=C3)=NOC=C1,CN1CCCN2C1=NCCC2,IC1=CN=CC=C1,85.61,Cc1ccc(Nc2cccnc2)cc1
P2Et,CC(C)C(C=C(C(C)C)C=C1C(C)C)=C1C2=C(P(C(C)(C)C)C(C)(C)C)C(OC)=CC=C2OC,O=C(OC)C1=NOC(C2=CC=CO2)=C1,CN(C)P(N(C)C)(N(C)C)=NP(N(C)C)(N(C)C)=NCC,ClC1=CC=C(C(F)(F)F)C=C1,1.64,Cc1ccc(Nc2ccc(C(F)(F)F)cc2)cc1
P2Et,CC(C)C(C=C(C(C)C)C=C1C(C)C)=C1C2=C(P(C(C)(C)C)C(C)(C)C)C(OC)=CC=C2OC,O=C(OC)C1=NOC(C2=CC=CO2)=C1,CN(C)P(N(C)C)(N(C)C)=NP(N(C)C)(N(C)C)=NCC,BrC1=CC=C(C(F)(F)F)C=C1,27.0,Cc1ccc(Nc2ccc(C(F)(F)F)cc2)cc1
P2Et,CC(C)C(C=C(C(C)C)C=C1C(C)C)=C1C2=C(P(C(C)(C)C)C(C)(C)C)C(OC)=CC=C2OC,O=C(OC)C1=NOC(C2=CC=CO2)=C1,CN(C)P(N(C)C)(N(C)C)=NP(N(C)C)(N(C)C)=NCC,IC1=CC=C(C(F)(F)F)C=C1,31.39,Cc1ccc(Nc2ccc(C(F)(F)F)cc2)cc1
P2Et,CC(C)C(C=C(C(C)C)C=C1C(C)C)=C1C2=C(P(C(C)(C)C)C(C)(C)C)C(OC)=CC=C2OC,O=C(OC)C1=NOC(C2=CC=CO2)=C1,CN(C)P(N(C)C)(N(C)C)=NP(N(C)C)(N(C)C)=NCC,ClC1=CC=C(OC)C=C1,0.0,COc1ccc(Nc2ccc(C)cc2)cc1
P2Et,CC(C)C(C=C(C(C)C)C=C1C(C)C)=C1C2=C(P(C(C)(C)C)C(C)(C)C)C(OC)=CC=C2OC,O=C(OC)C1=NOC(C2=CC=CO2)=C1,CN(C)P(N(C)C)(N(C)C)=NP(N(C)C)(N(C)C)=NCC,BrC1=CC=C(OC)C=C1,38.2,COc1ccc(Nc2ccc(C)cc2)cc1
P2Et,CC(C)C(C=C(C(C)C)C=C1C(C)C)=C1C2=C(P(C(C)(C)C)C(C)(C)C)C(OC)=CC=C2OC,O=C(OC)C1=NOC(C2=CC=CO2)=C1,CN(C)P(N(C)C)(N(C)C)=NP(N(C)C)(N(C)C)=NCC,IC1=CC=C(OC)C=C1,39.33,COc1ccc(Nc2ccc(C)cc2)cc1
P2Et,CC(C)C(C=C(C(C)C)C=C1C(C)C)=C1C2=C(P(C(C)(C)C)C(C)(C)C)C(OC)=CC=C2OC,O=C(OC)C1=NOC(C2=CC=CO2)=C1,CN(C)P(N(C)C)(N(C)C)=NP(N(C)C)(N(C)C)=NCC,ClC1=CC=C(CC)C=C1,4.95,CCc1ccc(Nc2ccc(C)cc2)cc1
P2Et,CC(C)C(C=C(C(C)C)C=C1C(C)C)=C1C2=C(P(C(C)(C)C)C(C)(C)C)C(OC)=CC=C2OC,O=C(OC)C1=NOC(C2=CC=CO2)=C1,CN(C)P(N(C)C)(N(C)C)=NP(N(C)C)(N(C)C)=NCC,BrC1=CC=C(CC)C=C1,63.53,CCc1ccc(Nc2ccc(C)cc2)cc1
P2Et,CC(C)C(C=C(C(C)C)C=C1C(C)C)=C1C2=C(P(C(C)(C)C)C(C)(C)C)C(OC)=CC=C2OC,O=C(OC)C1=NOC(C2=CC=CO2)=C1,CN(C)P(N(C)C)(N(C)C)=NP(N(C)C)(N(C)C)=NCC,IC1=CC=C(CC)C=C1,64.24,CCc1ccc(Nc2ccc(C)cc2)cc1
P2Et,CC(C)C(C=C(C(C)C)C=C1C(C)C)=C1C2=C(P(C(C)(C)C)C(C)(C)C)C(OC)=CC=C2OC,O=C(OC)C1=NOC(C2=CC=CO2)=C1,CN(C)P(N(C)C)(N(C)C)=NP(N(C)C)(N(C)C)=NCC,ClC1=NC=CC=C1,76.0,Cc1ccc(Nc2ccccn2)cc1
P2Et,CC(C)C(C=C(C(C)C)C=C1C(C)C)=C1C2=C(P(C(C)(C)C)C(C)(C)C)C(OC)=CC=C2OC,O=C(OC)C1=NOC(C2=CC=CO2)=C1,CN(C)P(N(C)C)(N(C)C)=NP(N(C)C)(N(C)C)=NCC,BrC1=NC=CC=C1,73.6,Cc1ccc(Nc2ccccn2)cc1
P2Et,CC(C)C(C=C(C(C)C)C=C1C(C)C)=C1C2=C(P(C(C)(C)C)C(C)(C)C)C(OC)=CC=C2OC,O=C(OC)C1=NOC(C2=CC=CO2)=C1,CN(C)P(N(C)C)(N(C)C)=NP(N(C)C)(N(C)C)=NCC,IC1=NC=CC=C1,77.55,Cc1ccc(Nc2ccccn2)cc1
P2Et,CC(C)C(C=C(C(C)C)C=C1C(C)C)=C1C2=C(P(C(C)(C)C)C(C)(C)C)C(OC)=CC=C2OC,O=C(OC)C1=NOC(C2=CC=CO2)=C1,CN(C)P(N(C)C)(N(C)C)=NP(N(C)C)(N(C)C)=NCC,ClC1=CN=CC=C1,0.97,Cc1ccc(Nc2cccnc2)cc1
P2Et,CC(C)C(C=C(C(C)C)C=C1C(C)C)=C1C2=C(P(C(C)(C)C)C(C)(C)C)C(OC)=CC=C2OC,O=C(OC)C1=NOC(C2=CC=CO2)=C1,CN(C)P(N(C)C)(N(C)C)=NP(N(C)C)(N(C)C)=NCC,BrC1=CN=CC=C1,45.3,Cc1ccc(Nc2cccnc2)cc1
P2Et,CC(C)C(C=C(C(C)C)C=C1C(C)C)=C1C2=C(P(C(C)(C)C)C(C)(C)C)C(OC)=CC=C2OC,O=C(OC)C1=NOC(C2=CC=CO2)=C1,CN(C)P(N(C)C)(N(C)C)=NP(N(C)C)(N(C)C)=NCC,IC1=CN=CC=C1,49.87,Cc1ccc(Nc2cccnc2)cc1
BTMG,CC(C)C(C=C(C(C)C)C=C1C(C)C)=C1C2=C(P(C(C)(C)C)C(C)(C)C)C(OC)=CC=C2OC,O=C(OC)C1=NOC(C2=CC=CO2)=C1,CC(C)(C)/N=C(N(C)C)/N(C)C,ClC1=CC=C(C(F)(F)F)C=C1,5.27,Cc1ccc(Nc2ccc(C(F)(F)F)cc2)cc1
BTMG,CC(C)C(C=C(C(C)C)C=C1C(C)C)=C1C2=C(P(C(C)(C)C)C(C)(C)C)C(OC)=CC=C2OC,O=C(OC)C1=NOC(C2=CC=CO2)=C1,CC(C)(C)/N=C(N(C)C)/N(C)C,BrC1=CC=C(C(F)(F)F)C=C1,36.39,Cc1ccc(Nc2ccc(C(F)(F)F)cc2)cc1
BTMG,CC(C)C(C=C(C(C)C)C=C1C(C)C)=C1C2=C(P(C(C)(C)C)C(C)(C)C)C(OC)=CC=C2OC,O=C(OC)C1=NOC(C2=CC=CO2)=C1,CC(C)(C)/N=C(N(C)C)/N(C)C,IC1=CC=C(C(F)(F)F)C=C1,36.44,Cc1ccc(Nc2ccc(C(F)(F)F)cc2)cc1
BTMG,CC(C)C(C=C(C(C)C)C=C1C(C)C)=C1C2=C(P(C(C)(C)C)C(C)(C)C)C(OC)=CC=C2OC,O=C(OC)C1=NOC(C2=CC=CO2)=C1,CC(C)(C)/N=C(N(C)C)/N(C)C,ClC1=CC=C(OC)C=C1,0.0,COc1ccc(Nc2ccc(C)cc2)cc1
BTMG,CC(C)C(C=C(C(C)C)C=C1C(C)C)=C1C2=C(P(C(C)(C)C)C(C)(C)C)C(OC)=CC=C2OC,O=C(OC)C1=NOC(C2=CC=CO2)=C1,CC(C)(C)/N=C(N(C)C)/N(C)C,BrC1=CC=C(OC)C=C1,35.29,COc1ccc(Nc2ccc(C)cc2)cc1
BTMG,CC(C)C(C=C(C(C)C)C=C1C(C)C)=C1C2=C(P(C(C)(C)C)C(C)(C)C)C(OC)=CC=C2OC,O=C(OC)C1=NOC(C2=CC=CO2)=C1,CC(C)(C)/N=C(N(C)C)/N(C)C,IC1=CC=C(OC)C=C1,42.1,COc1ccc(Nc2ccc(C)cc2)cc1
BTMG,CC(C)C(C=C(C(C)C)C=C1C(C)C)=C1C2=C(P(C(C)(C)C)C(C)(C)C)C(OC)=CC=C2OC,O=C(OC)C1=NOC(C2=CC=CO2)=C1,CC(C)(C)/N=C(N(C)C)/N(C)C,ClC1=CC=C(CC)C=C1,3.68,CCc1ccc(Nc2ccc(C)cc2)cc1
BTMG,CC(C)C(C=C(C(C)C)C=C1C(C)C)=C1C2=C(P(C(C)(C)C)C(C)(C)C)C(OC)=CC=C2OC,O=C(OC)C1=NOC(C2=CC=CO2)=C1,CC(C)(C)/N=C(N(C)C)/N(C)C,BrC1=CC=C(CC)C=C1,50.63,CCc1ccc(Nc2ccc(C)cc2)cc1
BTMG,CC(C)C(C=C(C(C)C)C=C1C(C)C)=C1C2=C(P(C(C)(C)C)C(C)(C)C)C(OC)=CC=C2OC,O=C(OC)C1=NOC(C2=CC=CO2)=C1,CC(C)(C)/N=C(N(C)C)/N(C)C,IC1=CC=C(CC)C=C1,61.65,CCc1ccc(Nc2ccc(C)cc2)cc1
BTMG,CC(C)C(C=C(C(C)C)C=C1C(C)C)=C1C2=C(P(C(C)(C)C)C(C)(C)C)C(OC)=CC=C2OC,O=C(OC)C1=NOC(C2=CC=CO2)=C1,CC(C)(C)/N=C(N(C)C)/N(C)C,ClC1=NC=CC=C1,52.72,Cc1ccc(Nc2ccccn2)cc1
BTMG,CC(C)C(C=C(C(C)C)C=C1C(C)C)=C1C2=C(P(C(C)(C)C)C(C)(C)C)C(OC)=CC=C2OC,O=C(OC)C1=NOC(C2=CC=CO2)=C1,CC(C)(C)/N=C(N(C)C)/N(C)C,BrC1=NC=CC=C1,62.07,Cc1ccc(Nc2ccccn2)cc1
BTMG,CC(C)C(C=C(C(C)C)C=C1C(C)C)=C1C2=C(P(C(C)(C)C)C(C)(C)C)C(OC)=CC=C2OC,O=C(OC)C1=NOC(C2=CC=CO2)=C1,CC(C)(C)/N=C(N(C)C)/N(C)C,IC1=NC=CC=C1,61.8,Cc1ccc(Nc2ccccn2)cc1
BTMG,CC(C)C(C=C(C(C)C)C=C1C(C)C)=C1C2=C(P(C(C)(C)C)C(C)(C)C)C(OC)=CC=C2OC,O=C(OC)C1=NOC(C2=CC=CO2)=C1,CC(C)(C)/N=C(N(C)C)/N(C)C,ClC1=CN=CC=C1,3.04,Cc1ccc(Nc2cccnc2)cc1
BTMG,CC(C)C(C=C(C(C)C)C=C1C(C)C)=C1C2=C(P(C(C)(C)C)C(C)(C)C)C(OC)=CC=C2OC,O=C(OC)C1=NOC(C2=CC=CO2)=C1,CC(C)(C)/N=C(N(C)C)/N(C)C,BrC1=CN=CC=C1,58.23,Cc1ccc(Nc2cccnc2)cc1
BTMG,CC(C)C(C=C(C(C)C)C=C1C(C)C)=C1C2=C(P(C(C)(C)C)C(C)(C)C)C(OC)=CC=C2OC,O=C(OC)C1=NOC(C2=CC=CO2)=C1,CC(C)(C)/N=C(N(C)C)/N(C)C,IC1=CN=CC=C1,66.48,Cc1ccc(Nc2cccnc2)cc1
MTBD,CC(C)C(C=C(C(C)C)C=C1C(C)C)=C1C2=C(P(C(C)(C)C)C(C)(C)C)C(OC)=CC=C2OC,O=C(OC)C1=NOC(C2=CC=CO2)=C1,CN1CCCN2C1=NCCC2,ClC1=CC=C(C(F)(F)F)C=C1,4.48,Cc1ccc(Nc2ccc(C(F)(F)F)cc2)cc1
MTBD,CC(C)C(C=C(C(C)C)C=C1C(C)C)=C1C2=C(P(C(C)(C)C)C(C)(C)C)C(OC)=CC=C2OC,O=C(OC)C1=NOC(C2=CC=CO2)=C1,CN1CCCN2C1=NCCC2,BrC1=CC=C(C(F)(F)F)C=C1,37.35,Cc1ccc(Nc2ccc(C(F)(F)F)cc2)cc1
MTBD,CC(C)C(C=C(C(C)C)C=C1C(C)C)=C1C2=C(P(C(C)(C)C)C(C)(C)C)C(OC)=CC=C2OC,O=C(OC)C1=NOC(C2=CC=CO2)=C1,CN1CCCN2C1=NCCC2,IC1=CC=C(C(F)(F)F)C=C1,41.73,Cc1ccc(Nc2ccc(C(F)(F)F)cc2)cc1
MTBD,CC(C)C(C=C(C(C)C)C=C1C(C)C)=C1C2=C(P(C(C)(C)C)C(C)(C)C)C(OC)=CC=C2OC,O=C(OC)C1=NOC(C2=CC=CO2)=C1,CN1CCCN2C1=NCCC2,ClC1=CC=C(OC)C=C1,0.0,COc1ccc(Nc2ccc(C)cc2)cc1
MTBD,CC(C)C(C=C(C(C)C)C=C1C(C)C)=C1C2=C(P(C(C)(C)C)C(C)(C)C)C(OC)=CC=C2OC,O=C(OC)C1=NOC(C2=CC=CO2)=C1,CN1CCCN2C1=NCCC2,BrC1=CC=C(OC)C=C1,37.72,COc1ccc(Nc2ccc(C)cc2)cc1
MTBD,CC(C)C(C=C(C(C)C)C=C1C(C)C)=C1C2=C(P(C(C)(C)C)C(C)(C)C)C(OC)=CC=C2OC,O=C(OC)C1=NOC(C2=CC=CO2)=C1,CN1CCCN2C1=NCCC2,IC1=CC=C(OC)C=C1,49.05,COc1ccc(Nc2ccc(C)cc2)cc1
MTBD,CC(C)C(C=C(C(C)C)C=C1C(C)C)=C1C2=C(P(C(C)(C)C)C(C)(C)C)C(OC)=CC=C2OC,O=C(OC)C1=NOC(C2=CC=CO2)=C1,CN1CCCN2C1=NCCC2,ClC1=CC=C(CC)C=C1,4.39,CCc1ccc(Nc2ccc(C)cc2)cc1
MTBD,CC(C)C(C=C(C(C)C)C=C1C(C)C)=C1C2=C(P(C(C)(C)C)C(C)(C)C)C(OC)=CC=C2OC,O=C(OC)C1=NOC(C2=CC=CO2)=C1,CN1CCCN2C1=NCCC2,BrC1=CC=C(CC)C=C1,57.97,CCc1ccc(Nc2ccc(C)cc2)cc1
MTBD,CC(C)C(C=C(C(C)C)C=C1C(C)C)=C1C2=C(P(C(C)(C)C)C(C)(C)C)C(OC)=CC=C2OC,O=C(OC)C1=NOC(C2=CC=CO2)=C1,CN1CCCN2C1=NCCC2,IC1=CC=C(CC)C=C1,73.57,CCc1ccc(Nc2ccc(C)cc2)cc1
MTBD,CC(C)C(C=C(C(C)C)C=C1C(C)C)=C1C2=C(P(C(C)(C)C)C(C)(C)C)C(OC)=CC=C2OC,O=C(OC)C1=NOC(C2=CC=CO2)=C1,CN1CCCN2C1=NCCC2,ClC1=NC=CC=C1,74.7,Cc1ccc(Nc2ccccn2)cc1
MTBD,CC(C)C(C=C(C(C)C)C=C1C(C)C)=C1C2=C(P(C(C)(C)C)C(C)(C)C)C(OC)=CC=C2OC,O=C(OC)C1=NOC(C2=CC=CO2)=C1,CN1CCCN2C1=NCCC2,BrC1=NC=CC=C1,87.53,Cc1ccc(Nc2ccccn2)cc1
MTBD,CC(C)C(C=C(C(C)C)C=C1C(C)C)=C1C2=C(P(C(C)(C)C)C(C)(C)C)C(OC)=CC=C2OC,O=C(OC)C1=NOC(C2=CC=CO2)=C1,CN1CCCN2C1=NCCC2,IC1=NC=CC=C1,89.61,Cc1ccc(Nc2ccccn2)cc1
MTBD,CC(C)C(C=C(C(C)C)C=C1C(C)C)=C1C2=C(P(C(C)(C)C)C(C)(C)C)C(OC)=CC=C2OC,O=C(OC)C1=NOC(C2=CC=CO2)=C1,CN1CCCN2C1=NCCC2,ClC1=CN=CC=C1,2.41,Cc1ccc(Nc2cccnc2)cc1
MTBD,CC(C)C(C=C(C(C)C)C=C1C(C)C)=C1C2=C(P(C(C)(C)C)C(C)(C)C)C(OC)=CC=C2OC,O=C(OC)C1=NOC(C2=CC=CO2)=C1,CN1CCCN2C1=NCCC2,BrC1=CN=CC=C1,77.09,Cc1ccc(Nc2cccnc2)cc1
MTBD,CC(C)C(C=C(C(C)C)C=C1C(C)C)=C1C2=C(P(C(C)(C)C)C(C)(C)C)C(OC)=CC=C2OC,O=C(OC)C1=NOC(C2=CC=CO2)=C1,CN1CCCN2C1=NCCC2,IC1=CN=CC=C1,83.02,Cc1ccc(Nc2cccnc2)cc1
P2Et,CC(C)C(C=C(C(C)C)C=C1C(C)C)=C1C2=C(P([C@@]3(C[C@@H]4C5)C[C@H](C4)C[C@H]5C3)[C@]6(C7)C[C@@H](C[C@@H]7C8)C[C@@H]8C6)C(OC)=CC=C2OC,COC1=NOC(C(OCC)=O)=C1,CN(C)P(N(C)C)(N(C)C)=NP(N(C)C)(N(C)C)=NCC,ClC1=CC=C(C(F)(F)F)C=C1,6.89,Cc1ccc(Nc2ccc(C(F)(F)F)cc2)cc1
P2Et,CC(C)C(C=C(C(C)C)C=C1C(C)C)=C1C2=C(P([C@@]3(C[C@@H]4C5)C[C@H](C4)C[C@H]5C3)[C@]6(C7)C[C@@H](C[C@@H]7C8)C[C@@H]8C6)C(OC)=CC=C2OC,COC1=NOC(C(OCC)=O)=C1,CN(C)P(N(C)C)(N(C)C)=NP(N(C)C)(N(C)C)=NCC,BrC1=CC=C(C(F)(F)F)C=C1,25.0,Cc1ccc(Nc2ccc(C(F)(F)F)cc2)cc1
P2Et,CC(C)C(C=C(C(C)C)C=C1C(C)C)=C1C2=C(P([C@@]3(C[C@@H]4C5)C[C@H](C4)C[C@H]5C3)[C@]6(C7)C[C@@H](C[C@@H]7C8)C[C@@H]8C6)C(OC)=CC=C2OC,COC1=NOC(C(OCC)=O)=C1,CN(C)P(N(C)C)(N(C)C)=NP(N(C)C)(N(C)C)=NCC,IC1=CC=C(C(F)(F)F)C=C1,37.55,Cc1ccc(Nc2ccc(C(F)(F)F)cc2)cc1
P2Et,CC(C)C(C=C(C(C)C)C=C1C(C)C)=C1C2=C(P([C@@]3(C[C@@H]4C5)C[C@H](C4)C[C@H]5C3)[C@]6(C7)C[C@@H](C[C@@H]7C8)C[C@@H]8C6)C(OC)=CC=C2OC,COC1=NOC(C(OCC)=O)=C1,CN(C)P(N(C)C)(N(C)C)=NP(N(C)C)(N(C)C)=NCC,ClC1=CC=C(OC)C=C1,0.71,COc1ccc(Nc2ccc(C)cc2)cc1
P2Et,CC(C)C(C=C(C(C)C)C=C1C(C)C)=C1C2=C(P([C@@]3(C[C@@H]4C5)C[C@H](C4)C[C@H]5C3)[C@]6(C7)C[C@@H](C[C@@H]7C8)C[C@@H]8C6)C(OC)=CC=C2OC,COC1=NOC(C(OCC)=O)=C1,CN(C)P(N(C)C)(N(C)C)=NP(N(C)C)(N(C)C)=NCC,BrC1=CC=C(OC)C=C1,42.53,COc1ccc(Nc2ccc(C)cc2)cc1
P2Et,CC(C)C(C=C(C(C)C)C=C1C(C)C)=C1C2=C(P([C@@]3(C[C@@H]4C5)C[C@H](C4)C[C@H]5C3)[C@]6(C7)C[C@@H](C[C@@H]7C8)C[C@@H]8C6)C(OC)=CC=C2OC,COC1=NOC(C(OCC)=O)=C1,CN(C)P(N(C)C)(N(C)C)=NP(N(C)C)(N(C)C)=NCC,IC1=CC=C(OC)C=C1,47.95,COc1ccc(Nc2ccc(C)cc2)cc1
P2Et,CC(C)C(C=C(C(C)C)C=C1C(C)C)=C1C2=C(P([C@@]3(C[C@@H]4C5)C[C@H](C4)C[C@H]5C3)[C@]6(C7)C[C@@H](C[C@@H]7C8)C[C@@H]8C6)C(OC)=CC=C2OC,COC1=NOC(C(OCC)=O)=C1,CN(C)P(N(C)C)(N(C)C)=NP(N(C)C)(N(C)C)=NCC,ClC1=CC=C(CC)C=C1,2.29,CCc1ccc(Nc2ccc(C)cc2)cc1
P2Et,CC(C)C(C=C(C(C)C)C=C1C(C)C)=C1C2=C(P([C@@]3(C[C@@H]4C5)C[C@H](C4)C[C@H]5C3)[C@]6(C7)C[C@@H](C[C@@H]7C8)C[C@@H]8C6)C(OC)=CC=C2OC,COC1=NOC(C(OCC)=O)=C1,CN(C)P(N(C)C)(N(C)C)=NP(N(C)C)(N(C)C)=NCC,BrC1=CC=C(CC)C=C1,62.79,CCc1ccc(Nc2ccc(C)cc2)cc1
P2Et,CC(C)C(C=C(C(C)C)C=C1C(C)C)=C1C2=C(P([C@@]3(C[C@@H]4C5)C[C@H](C4)C[C@H]5C3)[C@]6(C7)C[C@@H](C[C@@H]7C8)C[C@@H]8C6)C(OC)=CC=C2OC,COC1=NOC(C(OCC)=O)=C1,CN(C)P(N(C)C)(N(C)C)=NP(N(C)C)(N(C)C)=NCC,IC1=CC=C(CC)C=C1,69.97,CCc1ccc(Nc2ccc(C)cc2)cc1
P2Et,CC(C)C(C=C(C(C)C)C=C1C(C)C)=C1C2=C(P([C@@]3(C[C@@H]4C5)C[C@H](C4)C[C@H]5C3)[C@]6(C7)C[C@@H](C[C@@H]7C8)C[C@@H]8C6)C(OC)=CC=C2OC,COC1=NOC(C(OCC)=O)=C1,CN(C)P(N(C)C)(N(C)C)=NP(N(C)C)(N(C)C)=NCC,ClC1=NC=CC=C1,74.06,Cc1ccc(Nc2ccccn2)cc1
P2Et,CC(C)C(C=C(C(C)C)C=C1C(C)C)=C1C2=C(P([C@@]3(C[C@@H]4C5)C[C@H](C4)C[C@H]5C3)[C@]6(C7)C[C@@H](C[C@@H]7C8)C[C@@H]8C6)C(OC)=CC=C2OC,COC1=NOC(C(OCC)=O)=C1,CN(C)P(N(C)C)(N(C)C)=NP(N(C)C)(N(C)C)=NCC,BrC1=NC=CC=C1,77.51,Cc1ccc(Nc2ccccn2)cc1
P2Et,CC(C)C(C=C(C(C)C)C=C1C(C)C)=C1C2=C(P([C@@]3(C[C@@H]4C5)C[C@H](C4)C[C@H]5C3)[C@]6(C7)C[C@@H](C[C@@H]7C8)C[C@@H]8C6)C(OC)=CC=C2OC,COC1=NOC(C(OCC)=O)=C1,CN(C)P(N(C)C)(N(C)C)=NP(N(C)C)(N(C)C)=NCC,IC1=NC=CC=C1,80.91,Cc1ccc(Nc2ccccn2)cc1
P2Et,CC(C)C(C=C(C(C)C)C=C1C(C)C)=C1C2=C(P([C@@]3(C[C@@H]4C5)C[C@H](C4)C[C@H]5C3)[C@]6(C7)C[C@@H](C[C@@H]7C8)C[C@@H]8C6)C(OC)=CC=C2OC,COC1=NOC(C(OCC)=O)=C1,CN(C)P(N(C)C)(N(C)C)=NP(N(C)C)(N(C)C)=NCC,ClC1=CN=CC=C1,8.33,Cc1ccc(Nc2cccnc2)cc1
P2Et,CC(C)C(C=C(C(C)C)C=C1C(C)C)=C1C2=C(P([C@@]3(C[C@@H]4C5)C[C@H](C4)C[C@H]5C3)[C@]6(C7)C[C@@H](C[C@@H]7C8)C[C@@H]8C6)C(OC)=CC=C2OC,COC1=NOC(C(OCC)=O)=C1,CN(C)P(N(C)C)(N(C)C)=NP(N(C)C)(N(C)C)=NCC,BrC1=CN=CC=C1,47.9,Cc1ccc(Nc2cccnc2)cc1
P2Et,CC(C)C(C=C(C(C)C)C=C1C(C)C)=C1C2=C(P([C@@]3(C[C@@H]4C5)C[C@H](C4)C[C@H]5C3)[C@]6(C7)C[C@@H](C[C@@H]7C8)C[C@@H]8C6)C(OC)=CC=C2OC,COC1=NOC(C(OCC)=O)=C1,CN(C)P(N(C)C)(N(C)C)=NP(N(C)C)(N(C)C)=NCC,IC1=CN=CC=C1,61.03,Cc1ccc(Nc2cccnc2)cc1
BTMG,CC(C)C(C=C(C(C)C)C=C1C(C)C)=C1C2=C(P([C@@]3(C[C@@H]4C5)C[C@H](C4)C[C@H]5C3)[C@]6(C7)C[C@@H](C[C@@H]7C8)C[C@@H]8C6)C(OC)=CC=C2OC,COC1=NOC(C(OCC)=O)=C1,CC(C)(C)/N=C(N(C)C)/N(C)C,ClC1=CC=C(C(F)(F)F)C=C1,3.42,Cc1ccc(Nc2ccc(C(F)(F)F)cc2)cc1
BTMG,CC(C)C(C=C(C(C)C)C=C1C(C)C)=C1C2=C(P([C@@]3(C[C@@H]4C5)C[C@H](C4)C[C@H]5C3)[C@]6(C7)C[C@@H](C[C@@H]7C8)C[C@@H]8C6)C(OC)=CC=C2OC,COC1=NOC(C(OCC)=O)=C1,CC(C)(C)/N=C(N(C)C)/N(C)C,BrC1=CC=C(C(F)(F)F)C=C1,26.25,Cc1ccc(Nc2ccc(C(F)(F)F)cc2)cc1
BTMG,CC(C)C(C=C(C(C)C)C=C1C(C)C)=C1C2=C(P([C@@]3(C[C@@H]4C5)C[C@H](C4)C[C@H]5C3)[C@]6(C7)C[C@@H](C[C@@H]7C8)C[C@@H]8C6)C(OC)=CC=C2OC,COC1=NOC(C(OCC)=O)=C1,CC(C)(C)/N=C(N(C)C)/N(C)C,IC1=CC=C(C(F)(F)F)C=C1,39.44,Cc1ccc(Nc2ccc(C(F)(F)F)cc2)cc1
BTMG,CC(C)C(C=C(C(C)C)C=C1C(C)C)=C1C2=C(P([C@@]3(C[C@@H]4C5)C[C@H](C4)C[C@H]5C3)[C@]6(C7)C[C@@H](C[C@@H]7C8)C[C@@H]8C6)C(OC)=CC=C2OC,COC1=NOC(C(OCC)=O)=C1,CC(C)(C)/N=C(N(C)C)/N(C)C,ClC1=CC=C(OC)C=C1,0.0,COc1ccc(Nc2ccc(C)cc2)cc1
BTMG,CC(C)C(C=C(C(C)C)C=C1C(C)C)=C1C2=C(P([C@@]3(C[C@@H]4C5)C[C@H](C4)C[C@H]5C3)[C@]6(C7)C[C@@H](C[C@@H]7C8)C[C@@H]8C6)C(OC)=CC=C2OC,COC1=NOC(C(OCC)=O)=C1,CC(C)(C)/N=C(N(C)C)/N(C)C,BrC1=CC=C(OC)C=C1,23.5,COc1ccc(Nc2ccc(C)cc2)cc1
BTMG,CC(C)C(C=C(C(C)C)C=C1C(C)C)=C1C2=C(P([C@@]3(C[C@@H]4C5)C[C@H](C4)C[C@H]5C3)[C@]6(C7)C[C@@H](C[C@@H]7C8)C[C@@H]8C6)C(OC)=CC=C2OC,COC1=NOC(C(OCC)=O)=C1,CC(C)(C)/N=C(N(C)C)/N(C)C,IC1=CC=C(OC)C=C1,40.0,COc1ccc(Nc2ccc(C)cc2)cc1
BTMG,CC(C)C(C=C(C(C)C)C=C1C(C)C)=C1C2=C(P([C@@]3(C[C@@H]4C5)C[C@H](C4)C[C@H]5C3)[C@]6(C7)C[C@@H](C[C@@H]7C8)C[C@@H]8C6)C(OC)=CC=C2OC,COC1=NOC(C(OCC)=O)=C1,CC(C)(C)/N=C(N(C)C)/N(C)C,ClC1=CC=C(CC)C=C1,0.7,CCc1ccc(Nc2ccc(C)cc2)cc1
BTMG,CC(C)C(C=C(C(C)C)C=C1C(C)C)=C1C2=C(P([C@@]3(C[C@@H]4C5)C[C@H](C4)C[C@H]5C3)[C@]6(C7)C[C@@H](C[C@@H]7C8)C[C@@H]8C6)C(OC)=CC=C2OC,COC1=NOC(C(OCC)=O)=C1,CC(C)(C)/N=C(N(C)C)/N(C)C,BrC1=CC=C(CC)C=C1,39.03,CCc1ccc(Nc2ccc(C)cc2)cc1
BTMG,CC(C)C(C=C(C(C)C)C=C1C(C)C)=C1C2=C(P([C@@]3(C[C@@H]4C5)C[C@H](C4)C[C@H]5C3)[C@]6(C7)C[C@@H](C[C@@H]7C8)C[C@@H]8C6)C(OC)=CC=C2OC,COC1=NOC(C(OCC)=O)=C1,CC(C)(C)/N=C(N(C)C)/N(C)C,IC1=CC=C(CC)C=C1,61.7,CCc1ccc(Nc2ccc(C)cc2)cc1
BTMG,CC(C)C(C=C(C(C)C)C=C1C(C)C)=C1C2=C(P([C@@]3(C[C@@H]4C5)C[C@H](C4)C[C@H]5C3)[C@]6(C7)C[C@@H](C[C@@H]7C8)C[C@@H]8C6)C(OC)=CC=C2OC,COC1=NOC(C(OCC)=O)=C1,CC(C)(C)/N=C(N(C)C)/N(C)C,ClC1=NC=CC=C1,27.7,Cc1ccc(Nc2ccccn2)cc1
BTMG,CC(C)C(C=C(C(C)C)C=C1C(C)C)=C1C2=C(P([C@@]3(C[C@@H]4C5)C[C@H](C4)C[C@H]5C3)[C@]6(C7)C[C@@H](C[C@@H]7C8)C[C@@H]8C6)C(OC)=CC=C2OC,COC1=NOC(C(OCC)=O)=C1,CC(C)(C)/N=C(N(C)C)/N(C)C,BrC1=NC=CC=C1,36.62,Cc1ccc(Nc2ccccn2)cc1
BTMG,CC(C)C(C=C(C(C)C)C=C1C(C)C)=C1C2=C(P([C@@]3(C[C@@H]4C5)C[C@H](C4)C[C@H]5C3)[C@]6(C7)C[C@@H](C[C@@H]7C8)C[C@@H]8C6)C(OC)=CC=C2OC,COC1=NOC(C(OCC)=O)=C1,CC(C)(C)/N=C(N(C)C)/N(C)C,IC1=NC=CC=C1,45.52,Cc1ccc(Nc2ccccn2)cc1
BTMG,CC(C)C(C=C(C(C)C)C=C1C(C)C)=C1C2=C(P([C@@]3(C[C@@H]4C5)C[C@H](C4)C[C@H]5C3)[C@]6(C7)C[C@@H](C[C@@H]7C8)C[C@@H]8C6)C(OC)=CC=C2OC,COC1=NOC(C(OCC)=O)=C1,CC(C)(C)/N=C(N(C)C)/N(C)C,ClC1=CN=CC=C1,2.78,Cc1ccc(Nc2cccnc2)cc1
BTMG,CC(C)C(C=C(C(C)C)C=C1C(C)C)=C1C2=C(P([C@@]3(C[C@@H]4C5)C[C@H](C4)C[C@H]5C3)[C@]6(C7)C[C@@H](C[C@@H]7C8)C[C@@H]8C6)C(OC)=CC=C2OC,COC1=NOC(C(OCC)=O)=C1,CC(C)(C)/N=C(N(C)C)/N(C)C,BrC1=CN=CC=C1,53.28,Cc1ccc(Nc2cccnc2)cc1
BTMG,CC(C)C(C=C(C(C)C)C=C1C(C)C)=C1C2=C(P([C@@]3(C[C@@H]4C5)C[C@H](C4)C[C@H]5C3)[C@]6(C7)C[C@@H](C[C@@H]7C8)C[C@@H]8C6)C(OC)=CC=C2OC,COC1=NOC(C(OCC)=O)=C1,CC(C)(C)/N=C(N(C)C)/N(C)C,IC1=CN=CC=C1,64.87,Cc1ccc(Nc2cccnc2)cc1
MTBD,CC(C)C(C=C(C(C)C)C=C1C(C)C)=C1C2=C(P([C@@]3(C[C@@H]4C5)C[C@H](C4)C[C@H]5C3)[C@]6(C7)C[C@@H](C[C@@H]7C8)C[C@@H]8C6)C(OC)=CC=C2OC,COC1=NOC(C(OCC)=O)=C1,CN1CCCN2C1=NCCC2,ClC1=CC=C(C(F)(F)F)C=C1,3.38,Cc1ccc(Nc2ccc(C(F)(F)F)cc2)cc1
MTBD,CC(C)C(C=C(C(C)C)C=C1C(C)C)=C1C2=C(P([C@@]3(C[C@@H]4C5)C[C@H](C4)C[C@H]5C3)[C@]6(C7)C[C@@H](C[C@@H]7C8)C[C@@H]8C6)C(OC)=CC=C2OC,COC1=NOC(C(OCC)=O)=C1,CN1CCCN2C1=NCCC2,BrC1=CC=C(C(F)(F)F)C=C1,31.53,Cc1ccc(Nc2ccc(C(F)(F)F)cc2)cc1
MTBD,CC(C)C(C=C(C(C)C)C=C1C(C)C)=C1C2=C(P([C@@]3(C[C@@H]4C5)C[C@H](C4)C[C@H]5C3)[C@]6(C7)C[C@@H](C[C@@H]7C8)C[C@@H]8C6)C(OC)=CC=C2OC,COC1=NOC(C(OCC)=O)=C1,CN1CCCN2C1=NCCC2,IC1=CC=C(C(F)(F)F)C=C1,45.78,Cc1ccc(Nc2ccc(C(F)(F)F)cc2)cc1
MTBD,CC(C)C(C=C(C(C)C)C=C1C(C)C)=C1C2=C(P([C@@]3(C[C@@H]4C5)C[C@H](C4)C[C@H]5C3)[C@]6(C7)C[C@@H](C[C@@H]7C8)C[C@@H]8C6)C(OC)=CC=C2OC,COC1=NOC(C(OCC)=O)=C1,CN1CCCN2C1=NCCC2,ClC1=CC=C(OC)C=C1,0.0,COc1ccc(Nc2ccc(C)cc2)cc1
MTBD,CC(C)C(C=C(C(C)C)C=C1C(C)C)=C1C2=C(P([C@@]3(C[C@@H]4C5)C[C@H](C4)C[C@H]5C3)[C@]6(C7)C[C@@H](C[C@@H]7C8)C[C@@H]8C6)C(OC)=CC=C2OC,COC1=NOC(C(OCC)=O)=C1,CN1CCCN2C1=NCCC2,BrC1=CC=C(OC)C=C1,32.33,COc1ccc(Nc2ccc(C)cc2)cc1
MTBD,CC(C)C(C=C(C(C)C)C=C1C(C)C)=C1C2=C(P([C@@]3(C[C@@H]4C5)C[C@H](C4)C[C@H]5C3)[C@]6(C7)C[C@@H](C[C@@H]7C8)C[C@@H]8C6)C(OC)=CC=C2OC,COC1=NOC(C(OCC)=O)=C1,CN1CCCN2C1=NCCC2,IC1=CC=C(OC)C=C1,49.76,COc1ccc(Nc2ccc(C)cc2)cc1
MTBD,CC(C)C(C=C(C(C)C)C=C1C(C)C)=C1C2=C(P([C@@]3(C[C@@H]4C5)C[C@H](C4)C[C@H]5C3)[C@]6(C7)C[C@@H](C[C@@H]7C8)C[C@@H]8C6)C(OC)=CC=C2OC,COC1=NOC(C(OCC)=O)=C1,CN1CCCN2C1=NCCC2,ClC1=CC=C(CC)C=C1,0.67,CCc1ccc(Nc2ccc(C)cc2)cc1
MTBD,CC(C)C(C=C(C(C)C)C=C1C(C)C)=C1C2=C(P([C@@]3(C[C@@H]4C5)C[C@H](C4)C[C@H]5C3)[C@]6(C7)C[C@@H](C[C@@H]7C8)C[C@@H]8C6)C(OC)=CC=C2OC,COC1=NOC(C(OCC)=O)=C1,CN1CCCN2C1=NCCC2,BrC1=CC=C(CC)C=C1,50.28,CCc1ccc(Nc2ccc(C)cc2)cc1
MTBD,CC(C)C(C=C(C(C)C)C=C1C(C)C)=C1C2=C(P([C@@]3(C[C@@H]4C5)C[C@H](C4)C[C@H]5C3)[C@]6(C7)C[C@@H](C[C@@H]7C8)C[C@@H]8C6)C(OC)=CC=C2OC,COC1=NOC(C(OCC)=O)=C1,CN1CCCN2C1=NCCC2,IC1=CC=C(CC)C=C1,75.02,CCc1ccc(Nc2ccc(C)cc2)cc1
MTBD,CC(C)C(C=C(C(C)C)C=C1C(C)C)=C1C2=C(P([C@@]3(C[C@@H]4C5)C[C@H](C4)C[C@H]5C3)[C@]6(C7)C[C@@H](C[C@@H]7C8)C[C@@H]8C6)C(OC)=CC=C2OC,COC1=NOC(C(OCC)=O)=C1,CN1CCCN2C1=NCCC2,ClC1=NC=CC=C1,52.6,Cc1ccc(Nc2ccccn2)cc1
MTBD,CC(C)C(C=C(C(C)C)C=C1C(C)C)=C1C2=C(P([C@@]3(C[C@@H]4C5)C[C@H](C4)C[C@H]5C3)[C@]6(C7)C[C@@H](C[C@@H]7C8)C[C@@H]8C6)C(OC)=CC=C2OC,COC1=NOC(C(OCC)=O)=C1,CN1CCCN2C1=NCCC2,BrC1=NC=CC=C1,74.32,Cc1ccc(Nc2ccccn2)cc1
MTBD,CC(C)C(C=C(C(C)C)C=C1C(C)C)=C1C2=C(P([C@@]3(C[C@@H]4C5)C[C@H](C4)C[C@H]5C3)[C@]6(C7)C[C@@H](C[C@@H]7C8)C[C@@H]8C6)C(OC)=CC=C2OC,COC1=NOC(C(OCC)=O)=C1,CN1CCCN2C1=NCCC2,IC1=NC=CC=C1,92.12,Cc1ccc(Nc2ccccn2)cc1
MTBD,CC(C)C(C=C(C(C)C)C=C1C(C)C)=C1C2=C(P([C@@]3(C[C@@H]4C5)C[C@H](C4)C[C@H]5C3)[C@]6(C7)C[C@@H](C[C@@H]7C8)C[C@@H]8C6)C(OC)=CC=C2OC,COC1=NOC(C(OCC)=O)=C1,CN1CCCN2C1=NCCC2,ClC1=CN=CC=C1,2.14,Cc1ccc(Nc2cccnc2)cc1
MTBD,CC(C)C(C=C(C(C)C)C=C1C(C)C)=C1C2=C(P([C@@]3(C[C@@H]4C5)C[C@H](C4)C[C@H]5C3)[C@]6(C7)C[C@@H](C[C@@H]7C8)C[C@@H]8C6)C(OC)=CC=C2OC,COC1=NOC(C(OCC)=O)=C1,CN1CCCN2C1=NCCC2,BrC1=CN=CC=C1,64.19,Cc1ccc(Nc2cccnc2)cc1
MTBD,CC(C)C(C=C(C(C)C)C=C1C(C)C)=C1C2=C(P([C@@]3(C[C@@H]4C5)C[C@H](C4)C[C@H]5C3)[C@]6(C7)C[C@@H](C[C@@H]7C8)C[C@@H]8C6)C(OC)=CC=C2OC,COC1=NOC(C(OCC)=O)=C1,CN1CCCN2C1=NCCC2,IC1=CN=CC=C1,85.22,Cc1ccc(Nc2cccnc2)cc1
P2Et,CC(C)C(C=C(C(C)C)C=C1C(C)C)=C1C2=C(P([C@@]3(C[C@@H]4C5)C[C@H](C4)C[C@H]5C3)[C@]6(C7)C[C@@H](C[C@@H]7C8)C[C@@H]8C6)C(OC)=CC=C2OC,CC1=NOC(C2=CC=CC=C2)=C1,CN(C)P(N(C)C)(N(C)C)=NP(N(C)C)(N(C)C)=NCC,ClC1=CC=C(C(F)(F)F)C=C1,0.55,Cc1ccc(Nc2ccc(C(F)(F)F)cc2)cc1
P2Et,CC(C)C(C=C(C(C)C)C=C1C(C)C)=C1C2=C(P([C@@]3(C[C@@H]4C5)C[C@H](C4)C[C@H]5C3)[C@]6(C7)C[C@@H](C[C@@H]7C8)C[C@@H]8C6)C(OC)=CC=C2OC,CC1=NOC(C2=CC=CC=C2)=C1,CN(C)P(N(C)C)(N(C)C)=NP(N(C)C)(N(C)C)=NCC,BrC1=CC=C(C(F)(F)F)C=C1,15.47,Cc1ccc(Nc2ccc(C(F)(F)F)cc2)cc1
P2Et,CC(C)C(C=C(C(C)C)C=C1C(C)C)=C1C2=C(P([C@@]3(C[C@@H]4C5)C[C@H](C4)C[C@H]5C3)[C@]6(C7)C[C@@H](C[C@@H]7C8)C[C@@H]8C6)C(OC)=CC=C2OC,CC1=NOC(C2=CC=CC=C2)=C1,CN(C)P(N(C)C)(N(C)C)=NP(N(C)C)(N(C)C)=NCC,IC1=CC=C(C(F)(F)F)C=C1,29.69,Cc1ccc(Nc2ccc(C(F)(F)F)cc2)cc1
P2Et,CC(C)C(C=C(C(C)C)C=C1C(C)C)=C1C2=C(P([C@@]3(C[C@@H]4C5)C[C@H](C4)C[C@H]5C3)[C@]6(C7)C[C@@H](C[C@@H]7C8)C[C@@H]8C6)C(OC)=CC=C2OC,CC1=NOC(C2=CC=CC=C2)=C1,CN(C)P(N(C)C)(N(C)C)=NP(N(C)C)(N(C)C)=NCC,ClC1=CC=C(OC)C=C1,0.0,COc1ccc(Nc2ccc(C)cc2)cc1
P2Et,CC(C)C(C=C(C(C)C)C=C1C(C)C)=C1C2=C(P([C@@]3(C[C@@H]4C5)C[C@H](C4)C[C@H]5C3)[C@]6(C7)C[C@@H](C[C@@H]7C8)C[C@@H]8C6)C(OC)=CC=C2OC,CC1=NOC(C2=CC=CC=C2)=C1,CN(C)P(N(C)C)(N(C)C)=NP(N(C)C)(N(C)C)=NCC,BrC1=CC=C(OC)C=C1,42.08,COc1ccc(Nc2ccc(C)cc2)cc1
P2Et,CC(C)C(C=C(C(C)C)C=C1C(C)C)=C1C2=C(P([C@@]3(C[C@@H]4C5)C[C@H](C4)C[C@H]5C3)[C@]6(C7)C[C@@H](C[C@@H]7C8)C[C@@H]8C6)C(OC)=CC=C2OC,CC1=NOC(C2=CC=CC=C2)=C1,CN(C)P(N(C)C)(N(C)C)=NP(N(C)C)(N(C)C)=NCC,IC1=CC=C(OC)C=C1,50.2,COc1ccc(Nc2ccc(C)cc2)cc1
P2Et,CC(C)C(C=C(C(C)C)C=C1C(C)C)=C1C2=C(P([C@@]3(C[C@@H]4C5)C[C@H](C4)C[C@H]5C3)[C@]6(C7)C[C@@H](C[C@@H]7C8)C[C@@H]8C6)C(OC)=CC=C2OC,CC1=NOC(C2=CC=CC=C2)=C1,CN(C)P(N(C)C)(N(C)C)=NP(N(C)C)(N(C)C)=NCC,ClC1=CC=C(CC)C=C1,0.0,CCc1ccc(Nc2ccc(C)cc2)cc1
P2Et,CC(C)C(C=C(C(C)C)C=C1C(C)C)=C1C2=C(P([C@@]3(C[C@@H]4C5)C[C@H](C4)C[C@H]5C3)[C@]6(C7)C[C@@H](C[C@@H]7C8)C[C@@H]8C6)C(OC)=CC=C2OC,CC1=NOC(C2=CC=CC=C2)=C1,CN(C)P(N(C)C)(N(C)C)=NP(N(C)C)(N(C)C)=NCC,BrC1=CC=C(CC)C=C1,63.12,CCc1ccc(Nc2ccc(C)cc2)cc1
P2Et,CC(C)C(C=C(C(C)C)C=C1C(C)C)=C1C2=C(P([C@@]3(C[C@@H]4C5)C[C@H](C4)C[C@H]5C3)[C@]6(C7)C[C@@H](C[C@@H]7C8)C[C@@H]8C6)C(OC)=CC=C2OC,CC1=NOC(C2=CC=CC=C2)=C1,CN(C)P(N(C)C)(N(C)C)=NP(N(C)C)(N(C)C)=NCC,IC1=CC=C(CC)C=C1,67.79,CCc1ccc(Nc2ccc(C)cc2)cc1
P2Et,CC(C)C(C=C(C(C)C)C=C1C(C)C)=C1C2=C(P([C@@]3(C[C@@H]4C5)C[C@H](C4)C[C@H]5C3)[C@]6(C7)C[C@@H](C[C@@H]7C8)C[C@@H]8C6)C(OC)=CC=C2OC,CC1=NOC(C2=CC=CC=C2)=C1,CN(C)P(N(C)C)(N(C)C)=NP(N(C)C)(N(C)C)=NCC,ClC1=NC=CC=C1,74.23,Cc1ccc(Nc2ccccn2)cc1
P2Et,CC(C)C(C=C(C(C)C)C=C1C(C)C)=C1C2=C(P([C@@]3(C[C@@H]4C5)C[C@H](C4)C[C@H]5C3)[C@]6(C7)C[C@@H](C[C@@H]7C8)C[C@@H]8C6)C(OC)=CC=C2OC,CC1=NOC(C2=CC=CC=C2)=C1,CN(C)P(N(C)C)(N(C)C)=NP(N(C)C)(N(C)C)=NCC,BrC1=NC=CC=C1,75.07,Cc1ccc(Nc2ccccn2)cc1
P2Et,CC(C)C(C=C(C(C)C)C=C1C(C)C)=C1C2=C(P([C@@]3(C[C@@H]4C5)C[C@H](C4)C[C@H]5C3)[C@]6(C7)C[C@@H](C[C@@H]7C8)C[C@@H]8C6)C(OC)=CC=C2OC,CC1=NOC(C2=CC=CC=C2)=C1,CN(C)P(N(C)C)(N(C)C)=NP(N(C)C)(N(C)C)=NCC,IC1=NC=CC=C1,83.08,Cc1ccc(Nc2ccccn2)cc1
P2Et,CC(C)C(C=C(C(C)C)C=C1C(C)C)=C1C2=C(P([C@@]3(C[C@@H]4C5)C[C@H](C4)C[C@H]5C3)[C@]6(C7)C[C@@H](C[C@@H]7C8)C[C@@H]8C6)C(OC)=CC=C2OC,CC1=NOC(C2=CC=CC=C2)=C1,CN(C)P(N(C)C)(N(C)C)=NP(N(C)C)(N(C)C)=NCC,ClC1=CN=CC=C1,0.0,Cc1ccc(Nc2cccnc2)cc1
P2Et,CC(C)C(C=C(C(C)C)C=C1C(C)C)=C1C2=C(P([C@@]3(C[C@@H]4C5)C[C@H](C4)C[C@H]5C3)[C@]6(C7)C[C@@H](C[C@@H]7C8)C[C@@H]8C6)C(OC)=CC=C2OC,CC1=NOC(C2=CC=CC=C2)=C1,CN(C)P(N(C)C)(N(C)C)=NP(N(C)C)(N(C)C)=NCC,BrC1=CN=CC=C1,22.63,Cc1ccc(Nc2cccnc2)cc1
P2Et,CC(C)C(C=C(C(C)C)C=C1C(C)C)=C1C2=C(P([C@@]3(C[C@@H]4C5)C[C@H](C4)C[C@H]5C3)[C@]6(C7)C[C@@H](C[C@@H]7C8)C[C@@H]8C6)C(OC)=CC=C2OC,CC1=NOC(C2=CC=CC=C2)=C1,CN(C)P(N(C)C)(N(C)C)=NP(N(C)C)(N(C)C)=NCC,IC1=CN=CC=C1,62.73,Cc1ccc(Nc2cccnc2)cc1
BTMG,CC(C)C(C=C(C(C)C)C=C1C(C)C)=C1C2=C(P([C@@]3(C[C@@H]4C5)C[C@H](C4)C[C@H]5C3)[C@]6(C7)C[C@@H](C[C@@H]7C8)C[C@@H]8C6)C(OC)=CC=C2OC,CC1=NOC(C2=CC=CC=C2)=C1,CC(C)(C)/N=C(N(C)C)/N(C)C,ClC1=CC=C(C(F)(F)F)C=C1,8.18,Cc1ccc(Nc2ccc(C(F)(F)F)cc2)cc1
BTMG,CC(C)C(C=C(C(C)C)C=C1C(C)C)=C1C2=C(P([C@@]3(C[C@@H]4C5)C[C@H](C4)C[C@H]5C3)[C@]6(C7)C[C@@H](C[C@@H]7C8)C[C@@H]8C6)C(OC)=CC=C2OC,CC1=NOC(C2=CC=CC=C2)=C1,CC(C)(C)/N=C(N(C)C)/N(C)C,BrC1=CC=C(C(F)(F)F)C=C1,33.6,Cc1ccc(Nc2ccc(C(F)(F)F)cc2)cc1
BTMG,CC(C)C(C=C(C(C)C)C=C1C(C)C)=C1C2=C(P([C@@]3(C[C@@H]4C5)C[C@H](C4)C[C@H]5C3)[C@]6(C7)C[C@@H](C[C@@H]7C8)C[C@@H]8C6)C(OC)=CC=C2OC,CC1=NOC(C2=CC=CC=C2)=C1,CC(C)(C)/N=C(N(C)C)/N(C)C,IC1=CC=C(C(F)(F)F)C=C1,39.13,Cc1ccc(Nc2ccc(C(F)(F)F)cc2)cc1
BTMG,CC(C)C(C=C(C(C)C)C=C1C(C)C)=C1C2=C(P([C@@]3(C[C@@H]4C5)C[C@H](C4)C[C@H]5C3)[C@]6(C7)C[C@@H](C[C@@H]7C8)C[C@@H]8C6)C(OC)=CC=C2OC,CC1=NOC(C2=CC=CC=C2)=C1,CC(C)(C)/N=C(N(C)C)/N(C)C,ClC1=CC=C(OC)C=C1,0.0,COc1ccc(Nc2ccc(C)cc2)cc1
BTMG,CC(C)C(C=C(C(C)C)C=C1C(C)C)=C1C2=C(P([C@@]3(C[C@@H]4C5)C[C@H](C4)C[C@H]5C3)[C@]6(C7)C[C@@H](C[C@@H]7C8)C[C@@H]8C6)C(OC)=CC=C2OC,CC1=NOC(C2=CC=CC=C2)=C1,CC(C)(C)/N=C(N(C)C)/N(C)C,BrC1=CC=C(OC)C=C1,32.37,COc1ccc(Nc2ccc(C)cc2)cc1
BTMG,CC(C)C(C=C(C(C)C)C=C1C(C)C)=C1C2=C(P([C@@]3(C[C@@H]4C5)C[C@H](C4)C[C@H]5C3)[C@]6(C7)C[C@@H](C[C@@H]7C8)C[C@@H]8C6)C(OC)=CC=C2OC,CC1=NOC(C2=CC=CC=C2)=C1,CC(C)(C)/N=C(N(C)C)/N(C)C,IC1=CC=C(OC)C=C1,40.59,COc1ccc(Nc2ccc(C)cc2)cc1
BTMG,CC(C)C(C=C(C(C)C)C=C1C(C)C)=C1C2=C(P([C@@]3(C[C@@H]4C5)C[C@H](C4)C[C@H]5C3)[C@]6(C7)C[C@@H](C[C@@H]7C8)C[C@@H]8C6)C(OC)=CC=C2OC,CC1=NOC(C2=CC=CC=C2)=C1,CC(C)(C)/N=C(N(C)C)/N(C)C,ClC1=CC=C(CC)C=C1,0.82,CCc1ccc(Nc2ccc(C)cc2)cc1
BTMG,CC(C)C(C=C(C(C)C)C=C1C(C)C)=C1C2=C(P([C@@]3(C[C@@H]4C5)C[C@H](C4)C[C@H]5C3)[C@]6(C7)C[C@@H](C[C@@H]7C8)C[C@@H]8C6)C(OC)=CC=C2OC,CC1=NOC(C2=CC=CC=C2)=C1,CC(C)(C)/N=C(N(C)C)/N(C)C,BrC1=CC=C(CC)C=C1,50.58,CCc1ccc(Nc2ccc(C)cc2)cc1
BTMG,CC(C)C(C=C(C(C)C)C=C1C(C)C)=C1C2=C(P([C@@]3(C[C@@H]4C5)C[C@H](C4)C[C@H]5C3)[C@]6(C7)C[C@@H](C[C@@H]7C8)C[C@@H]8C6)C(OC)=CC=C2OC,CC1=NOC(C2=CC=CC=C2)=C1,CC(C)(C)/N=C(N(C)C)/N(C)C,IC1=CC=C(CC)C=C1,63.72,CCc1ccc(Nc2ccc(C)cc2)cc1
BTMG,CC(C)C(C=C(C(C)C)C=C1C(C)C)=C1C2=C(P([C@@]3(C[C@@H]4C5)C[C@H](C4)C[C@H]5C3)[C@]6(C7)C[C@@H](C[C@@H]7C8)C[C@@H]8C6)C(OC)=CC=C2OC,CC1=NOC(C2=CC=CC=C2)=C1,CC(C)(C)/N=C(N(C)C)/N(C)C,ClC1=NC=CC=C1,33.95,Cc1ccc(Nc2ccccn2)cc1
BTMG,CC(C)C(C=C(C(C)C)C=C1C(C)C)=C1C2=C(P([C@@]3(C[C@@H]4C5)C[C@H](C4)C[C@H]5C3)[C@]6(C7)C[C@@H](C[C@@H]7C8)C[C@@H]8C6)C(OC)=CC=C2OC,CC1=NOC(C2=CC=CC=C2)=C1,CC(C)(C)/N=C(N(C)C)/N(C)C,BrC1=NC=CC=C1,41.28,Cc1ccc(Nc2ccccn2)cc1
BTMG,CC(C)C(C=C(C(C)C)C=C1C(C)C)=C1C2=C(P([C@@]3(C[C@@H]4C5)C[C@H](C4)C[C@H]5C3)[C@]6(C7)C[C@@H](C[C@@H]7C8)C[C@@H]8C6)C(OC)=CC=C2OC,CC1=NOC(C2=CC=CC=C2)=C1,CC(C)(C)/N=C(N(C)C)/N(C)C,IC1=NC=CC=C1,47.59,Cc1ccc(Nc2ccccn2)cc1
BTMG,CC(C)C(C=C(C(C)C)C=C1C(C)C)=C1C2=C(P([C@@]3(C[C@@H]4C5)C[C@H](C4)C[C@H]5C3)[C@]6(C7)C[C@@H](C[C@@H]7C8)C[C@@H]8C6)C(OC)=CC=C2OC,CC1=NOC(C2=CC=CC=C2)=C1,CC(C)(C)/N=C(N(C)C)/N(C)C,ClC1=CN=CC=C1,5.96,Cc1ccc(Nc2cccnc2)cc1
BTMG,CC(C)C(C=C(C(C)C)C=C1C(C)C)=C1C2=C(P([C@@]3(C[C@@H]4C5)C[C@H](C4)C[C@H]5C3)[C@]6(C7)C[C@@H](C[C@@H]7C8)C[C@@H]8C6)C(OC)=CC=C2OC,CC1=NOC(C2=CC=CC=C2)=C1,CC(C)(C)/N=C(N(C)C)/N(C)C,BrC1=CN=CC=C1,57.28,Cc1ccc(Nc2cccnc2)cc1
BTMG,CC(C)C(C=C(C(C)C)C=C1C(C)C)=C1C2=C(P([C@@]3(C[C@@H]4C5)C[C@H](C4)C[C@H]5C3)[C@]6(C7)C[C@@H](C[C@@H]7C8)C[C@@H]8C6)C(OC)=CC=C2OC,CC1=NOC(C2=CC=CC=C2)=C1,CC(C)(C)/N=C(N(C)C)/N(C)C,IC1=CN=CC=C1,64.8,Cc1ccc(Nc2cccnc2)cc1
MTBD,CC(C)C(C=C(C(C)C)C=C1C(C)C)=C1C2=C(P([C@@]3(C[C@@H]4C5)C[C@H](C4)C[C@H]5C3)[C@]6(C7)C[C@@H](C[C@@H]7C8)C[C@@H]8C6)C(OC)=CC=C2OC,CC1=NOC(C2=CC=CC=C2)=C1,CN1CCCN2C1=NCCC2,ClC1=CC=C(C(F)(F)F)C=C1,7.13,Cc1ccc(Nc2ccc(C(F)(F)F)cc2)cc1
MTBD,CC(C)C(C=C(C(C)C)C=C1C(C)C)=C1C2=C(P([C@@]3(C[C@@H]4C5)C[C@H](C4)C[C@H]5C3)[C@]6(C7)C[C@@H](C[C@@H]7C8)C[C@@H]8C6)C(OC)=CC=C2OC,CC1=NOC(C2=CC=CC=C2)=C1,CN1CCCN2C1=NCCC2,BrC1=CC=C(C(F)(F)F)C=C1,37.94,Cc1ccc(Nc2ccc(C(F)(F)F)cc2)cc1
MTBD,CC(C)C(C=C(C(C)C)C=C1C(C)C)=C1C2=C(P([C@@]3(C[C@@H]4C5)C[C@H](C4)C[C@H]5C3)[C@]6(C7)C[C@@H](C[C@@H]7C8)C[C@@H]8C6)C(OC)=CC=C2OC,CC1=NOC(C2=CC=CC=C2)=C1,CN1CCCN2C1=NCCC2,IC1=CC=C(C(F)(F)F)C=C1,45.2,Cc1ccc(Nc2ccc(C(F)(F)F)cc2)cc1
MTBD,CC(C)C(C=C(C(C)C)C=C1C(C)C)=C1C2=C(P([C@@]3(C[C@@H]4C5)C[C@H](C4)C[C@H]5C3)[C@]6(C7)C[C@@H](C[C@@H]7C8)C[C@@H]8C6)C(OC)=CC=C2OC,CC1=NOC(C2=CC=CC=C2)=C1,CN1CCCN2C1=NCCC2,ClC1=CC=C(OC)C=C1,0.0,COc1ccc(Nc2ccc(C)cc2)cc1
MTBD,CC(C)C(C=C(C(C)C)C=C1C(C)C)=C1C2=C(P([C@@]3(C[C@@H]4C5)C[C@H](C4)C[C@H]5C3)[C@]6(C7)C[C@@H](C[C@@H]7C8)C[C@@H]8C6)C(OC)=CC=C2OC,CC1=NOC(C2=CC=CC=C2)=C1,CN1CCCN2C1=NCCC2,BrC1=CC=C(OC)C=C1,41.28,COc1ccc(Nc2ccc(C)cc2)cc1
MTBD,CC(C)C(C=C(C(C)C)C=C1C(C)C)=C1C2=C(P([C@@]3(C[C@@H]4C5)C[C@H](C4)C[C@H]5C3)[C@]6(C7)C[C@@H](C[C@@H]7C8)C[C@@H]8C6)C(OC)=CC=C2OC,CC1=NOC(C2=CC=CC=C2)=C1,CN1CCCN2C1=NCCC2,IC1=CC=C(OC)C=C1,49.61,COc1ccc(Nc2ccc(C)cc2)cc1
MTBD,CC(C)C(C=C(C(C)C)C=C1C(C)C)=C1C2=C(P([C@@]3(C[C@@H]4C5)C[C@H](C4)C[C@H]5C3)[C@]6(C7)C[C@@H](C[C@@H]7C8)C[C@@H]8C6)C(OC)=CC=C2OC,CC1=NOC(C2=CC=CC=C2)=C1,CN1CCCN2C1=NCCC2,ClC1=CC=C(CC)C=C1,0.79,CCc1ccc(Nc2ccc(C)cc2)cc1
MTBD,CC(C)C(C=C(C(C)C)C=C1C(C)C)=C1C2=C(P([C@@]3(C[C@@H]4C5)C[C@H](C4)C[C@H]5C3)[C@]6(C7)C[C@@H](C[C@@H]7C8)C[C@@H]8C6)C(OC)=CC=C2OC,CC1=NOC(C2=CC=CC=C2)=C1,CN1CCCN2C1=NCCC2,BrC1=CC=C(CC)C=C1,63.69,CCc1ccc(Nc2ccc(C)cc2)cc1
MTBD,CC(C)C(C=C(C(C)C)C=C1C(C)C)=C1C2=C(P([C@@]3(C[C@@H]4C5)C[C@H](C4)C[C@H]5C3)[C@]6(C7)C[C@@H](C[C@@H]7C8)C[C@@H]8C6)C(OC)=CC=C2OC,CC1=NOC(C2=CC=CC=C2)=C1,CN1CCCN2C1=NCCC2,IC1=CC=C(CC)C=C1,73.08,CCc1ccc(Nc2ccc(C)cc2)cc1
MTBD,CC(C)C(C=C(C(C)C)C=C1C(C)C)=C1C2=C(P([C@@]3(C[C@@H]4C5)C[C@H](C4)C[C@H]5C3)[C@]6(C7)C[C@@H](C[C@@H]7C8)C[C@@H]8C6)C(OC)=CC=C2OC,CC1=NOC(C2=CC=CC=C2)=C1,CN1CCCN2C1=NCCC2,ClC1=NC=CC=C1,72.98,Cc1ccc(Nc2ccccn2)cc1
MTBD,CC(C)C(C=C(C(C)C)C=C1C(C)C)=C1C2=C(P([C@@]3(C[C@@H]4C5)C[C@H](C4)C[C@H]5C3)[C@]6(C7)C[C@@H](C[C@@H]7C8)C[C@@H]8C6)C(OC)=CC=C2OC,CC1=NOC(C2=CC=CC=C2)=C1,CN1CCCN2C1=NCCC2,BrC1=NC=CC=C1,82.65,Cc1ccc(Nc2ccccn2)cc1
MTBD,CC(C)C(C=C(C(C)C)C=C1C(C)C)=C1C2=C(P([C@@]3(C[C@@H]4C5)C[C@H](C4)C[C@H]5C3)[C@]6(C7)C[C@@H](C[C@@H]7C8)C[C@@H]8C6)C(OC)=CC=C2OC,CC1=NOC(C2=CC=CC=C2)=C1,CN1CCCN2C1=NCCC2,IC1=NC=CC=C1,90.64,Cc1ccc(Nc2ccccn2)cc1
MTBD,CC(C)C(C=C(C(C)C)C=C1C(C)C)=C1C2=C(P([C@@]3(C[C@@H]4C5)C[C@H](C4)C[C@H]5C3)[C@]6(C7)C[C@@H](C[C@@H]7C8)C[C@@H]8C6)C(OC)=CC=C2OC,CC1=NOC(C2=CC=CC=C2)=C1,CN1CCCN2C1=NCCC2,ClC1=CN=CC=C1,4.94,Cc1ccc(Nc2cccnc2)cc1
MTBD,CC(C)C(C=C(C(C)C)C=C1C(C)C)=C1C2=C(P([C@@]3(C[C@@H]4C5)C[C@H](C4)C[C@H]5C3)[C@]6(C7)C[C@@H](C[C@@H]7C8)C[C@@H]8C6)C(OC)=CC=C2OC,CC1=NOC(C2=CC=CC=C2)=C1,CN1CCCN2C1=NCCC2,BrC1=CN=CC=C1,73.81,Cc1ccc(Nc2cccnc2)cc1
MTBD,CC(C)C(C=C(C(C)C)C=C1C(C)C)=C1C2=C(P([C@@]3(C[C@@H]4C5)C[C@H](C4)C[C@H]5C3)[C@]6(C7)C[C@@H](C[C@@H]7C8)C[C@@H]8C6)C(OC)=CC=C2OC,CC1=NOC(C2=CC=CC=C2)=C1,CN1CCCN2C1=NCCC2,IC1=CN=CC=C1,82.21,Cc1ccc(Nc2cccnc2)cc1
P2Et,CC(C)C(C=C(C(C)C)C=C1C(C)C)=C1C2=C(P([C@@]3(C[C@@H]4C5)C[C@H](C4)C[C@H]5C3)[C@]6(C7)C[C@@H](C[C@@H]7C8)C[C@@H]8C6)C(OC)=CC=C2OC,C1(N(CC2=CC=CC=C2)CC3=CC=CC=C3)=NOC=C1,CN(C)P(N(C)C)(N(C)C)=NP(N(C)C)(N(C)C)=NCC,ClC1=CC=C(C(F)(F)F)C=C1,4.62,Cc1ccc(Nc2ccc(C(F)(F)F)cc2)cc1
P2Et,CC(C)C(C=C(C(C)C)C=C1C(C)C)=C1C2=C(P([C@@]3(C[C@@H]4C5)C[C@H](C4)C[C@H]5C3)[C@]6(C7)C[C@@H](C[C@@H]7C8)C[C@@H]8C6)C(OC)=CC=C2OC,C1(N(CC2=CC=CC=C2)CC3=CC=CC=C3)=NOC=C1,CN(C)P(N(C)C)(N(C)C)=NP(N(C)C)(N(C)C)=NCC,BrC1=CC=C(C(F)(F)F)C=C1,15.75,Cc1ccc(Nc2ccc(C(F)(F)F)cc2)cc1
P2Et,CC(C)C(C=C(C(C)C)C=C1C(C)C)=C1C2=C(P([C@@]3(C[C@@H]4C5)C[C@H](C4)C[C@H]5C3)[C@]6(C7)C[C@@H](C[C@@H]7C8)C[C@@H]8C6)C(OC)=CC=C2OC,C1(N(CC2=CC=CC=C2)CC3=CC=CC=C3)=NOC=C1,CN(C)P(N(C)C)(N(C)C)=NP(N(C)C)(N(C)C)=NCC,IC1=CC=C(C(F)(F)F)C=C1,30.88,Cc1ccc(Nc2ccc(C(F)(F)F)cc2)cc1
P2Et,CC(C)C(C=C(C(C)C)C=C1C(C)C)=C1C2=C(P([C@@]3(C[C@@H]4C5)C[C@H](C4)C[C@H]5C3)[C@]6(C7)C[C@@H](C[C@@H]7C8)C[C@@H]8C6)C(OC)=CC=C2OC,C1(N(CC2=CC=CC=C2)CC3=CC=CC=C3)=NOC=C1,CN(C)P(N(C)C)(N(C)C)=NP(N(C)C)(N(C)C)=NCC,ClC1=CC=C(OC)C=C1,6.97,COc1ccc(Nc2ccc(C)cc2)cc1
P2Et,CC(C)C(C=C(C(C)C)C=C1C(C)C)=C1C2=C(P([C@@]3(C[C@@H]4C5)C[C@H](C4)C[C@H]5C3)[C@]6(C7)C[C@@H](C[C@@H]7C8)C[C@@H]8C6)C(OC)=CC=C2OC,C1(N(CC2=CC=CC=C2)CC3=CC=CC=C3)=NOC=C1,CN(C)P(N(C)C)(N(C)C)=NP(N(C)C)(N(C)C)=NCC,BrC1=CC=C(OC)C=C1,65.47,COc1ccc(Nc2ccc(C)cc2)cc1
P2Et,CC(C)C(C=C(C(C)C)C=C1C(C)C)=C1C2=C(P([C@@]3(C[C@@H]4C5)C[C@H](C4)C[C@H]5C3)[C@]6(C7)C[C@@H](C[C@@H]7C8)C[C@@H]8C6)C(OC)=CC=C2OC,C1(N(CC2=CC=CC=C2)CC3=CC=CC=C3)=NOC=C1,CN(C)P(N(C)C)(N(C)C)=NP(N(C)C)(N(C)C)=NCC,IC1=CC=C(OC)C=C1,66.02,COc1ccc(Nc2ccc(C)cc2)cc1
P2Et,CC(C)C(C=C(C(C)C)C=C1C(C)C)=C1C2=C(P([C@@]3(C[C@@H]4C5)C[C@H](C4)C[C@H]5C3)[C@]6(C7)C[C@@H](C[C@@H]7C8)C[C@@H]8C6)C(OC)=CC=C2OC,C1(N(CC2=CC=CC=C2)CC3=CC=CC=C3)=NOC=C1,CN(C)P(N(C)C)(N(C)C)=NP(N(C)C)(N(C)C)=NCC,ClC1=CC=C(CC)C=C1,2.35,CCc1ccc(Nc2ccc(C)cc2)cc1
P2Et,CC(C)C(C=C(C(C)C)C=C1C(C)C)=C1C2=C(P([C@@]3(C[C@@H]4C5)C[C@H](C4)C[C@H]5C3)[C@]6(C7)C[C@@H](C[C@@H]7C8)C[C@@H]8C6)C(OC)=CC=C2OC,C1(N(CC2=CC=CC=C2)CC3=CC=CC=C3)=NOC=C1,CN(C)P(N(C)C)(N(C)C)=NP(N(C)C)(N(C)C)=NCC,BrC1=CC=C(CC)C=C1,70.86,CCc1ccc(Nc2ccc(C)cc2)cc1
P2Et,CC(C)C(C=C(C(C)C)C=C1C(C)C)=C1C2=C(P([C@@]3(C[C@@H]4C5)C[C@H](C4)C[C@H]5C3)[C@]6(C7)C[C@@H](C[C@@H]7C8)C[C@@H]8C6)C(OC)=CC=C2OC,C1(N(CC2=CC=CC=C2)CC3=CC=CC=C3)=NOC=C1,CN(C)P(N(C)C)(N(C)C)=NP(N(C)C)(N(C)C)=NCC,IC1=CC=C(CC)C=C1,68.53,CCc1ccc(Nc2ccc(C)cc2)cc1
P2Et,CC(C)C(C=C(C(C)C)C=C1C(C)C)=C1C2=C(P([C@@]3(C[C@@H]4C5)C[C@H](C4)C[C@H]5C3)[C@]6(C7)C[C@@H](C[C@@H]7C8)C[C@@H]8C6)C(OC)=CC=C2OC,C1(N(CC2=CC=CC=C2)CC3=CC=CC=C3)=NOC=C1,CN(C)P(N(C)C)(N(C)C)=NP(N(C)C)(N(C)C)=NCC,ClC1=NC=CC=C1,76.31,Cc1ccc(Nc2ccccn2)cc1
P2Et,CC(C)C(C=C(C(C)C)C=C1C(C)C)=C1C2=C(P([C@@]3(C[C@@H]4C5)C[C@H](C4)C[C@H]5C3)[C@]6(C7)C[C@@H](C[C@@H]7C8)C[C@@H]8C6)C(OC)=CC=C2OC,C1(N(CC2=CC=CC=C2)CC3=CC=CC=C3)=NOC=C1,CN(C)P(N(C)C)(N(C)C)=NP(N(C)C)(N(C)C)=NCC,BrC1=NC=CC=C1,75.95,Cc1ccc(Nc2ccccn2)cc1
P2Et,CC(C)C(C=C(C(C)C)C=C1C(C)C)=C1C2=C(P([C@@]3(C[C@@H]4C5)C[C@H](C4)C[C@H]5C3)[C@]6(C7)C[C@@H](C[C@@H]7C8)C[C@@H]8C6)C(OC)=CC=C2OC,C1(N(CC2=CC=CC=C2)CC3=CC=CC=C3)=NOC=C1,CN(C)P(N(C)C)(N(C)C)=NP(N(C)C)(N(C)C)=NCC,IC1=NC=CC=C1,82.35,Cc1ccc(Nc2ccccn2)cc1
P2Et,CC(C)C(C=C(C(C)C)C=C1C(C)C)=C1C2=C(P([C@@]3(C[C@@H]4C5)C[C@H](C4)C[C@H]5C3)[C@]6(C7)C[C@@H](C[C@@H]7C8)C[C@@H]8C6)C(OC)=CC=C2OC,C1(N(CC2=CC=CC=C2)CC3=CC=CC=C3)=NOC=C1,CN(C)P(N(C)C)(N(C)C)=NP(N(C)C)(N(C)C)=NCC,ClC1=CN=CC=C1,4.97,Cc1ccc(Nc2cccnc2)cc1
P2Et,CC(C)C(C=C(C(C)C)C=C1C(C)C)=C1C2=C(P([C@@]3(C[C@@H]4C5)C[C@H](C4)C[C@H]5C3)[C@]6(C7)C[C@@H](C[C@@H]7C8)C[C@@H]8C6)C(OC)=CC=C2OC,C1(N(CC2=CC=CC=C2)CC3=CC=CC=C3)=NOC=C1,CN(C)P(N(C)C)(N(C)C)=NP(N(C)C)(N(C)C)=NCC,BrC1=CN=CC=C1,25.79,Cc1ccc(Nc2cccnc2)cc1
P2Et,CC(C)C(C=C(C(C)C)C=C1C(C)C)=C1C2=C(P([C@@]3(C[C@@H]4C5)C[C@H](C4)C[C@H]5C3)[C@]6(C7)C[C@@H](C[C@@H]7C8)C[C@@H]8C6)C(OC)=CC=C2OC,C1(N(CC2=CC=CC=C2)CC3=CC=CC=C3)=NOC=C1,CN(C)P(N(C)C)(N(C)C)=NP(N(C)C)(N(C)C)=NCC,IC1=CN=CC=C1,62.08,Cc1ccc(Nc2cccnc2)cc1
BTMG,CC(C)C(C=C(C(C)C)C=C1C(C)C)=C1C2=C(P([C@@]3(C[C@@H]4C5)C[C@H](C4)C[C@H]5C3)[C@]6(C7)C[C@@H](C[C@@H]7C8)C[C@@H]8C6)C(OC)=CC=C2OC,C1(N(CC2=CC=CC=C2)CC3=CC=CC=C3)=NOC=C1,CC(C)(C)/N=C(N(C)C)/N(C)C,ClC1=CC=C(C(F)(F)F)C=C1,19.16,Cc1ccc(Nc2ccc(C(F)(F)F)cc2)cc1
BTMG,CC(C)C(C=C(C(C)C)C=C1C(C)C)=C1C2=C(P([C@@]3(C[C@@H]4C5)C[C@H](C4)C[C@H]5C3)[C@]6(C7)C[C@@H](C[C@@H]7C8)C[C@@H]8C6)C(OC)=CC=C2OC,C1(N(CC2=CC=CC=C2)CC3=CC=CC=C3)=NOC=C1,CC(C)(C)/N=C(N(C)C)/N(C)C,BrC1=CC=C(C(F)(F)F)C=C1,35.94,Cc1ccc(Nc2ccc(C(F)(F)F)cc2)cc1
BTMG,CC(C)C(C=C(C(C)C)C=C1C(C)C)=C1C2=C(P([C@@]3(C[C@@H]4C5)C[C@H](C4)C[C@H]5C3)[C@]6(C7)C[C@@H](C[C@@H]7C8)C[C@@H]8C6)C(OC)=CC=C2OC,C1(N(CC2=CC=CC=C2)CC3=CC=CC=C3)=NOC=C1,CC(C)(C)/N=C(N(C)C)/N(C)C,IC1=CC=C(C(F)(F)F)C=C1,37.9,Cc1ccc(Nc2ccc(C(F)(F)F)cc2)cc1
BTMG,CC(C)C(C=C(C(C)C)C=C1C(C)C)=C1C2=C(P([C@@]3(C[C@@H]4C5)C[C@H](C4)C[C@H]5C3)[C@]6(C7)C[C@@H](C[C@@H]7C8)C[C@@H]8C6)C(OC)=CC=C2OC,C1(N(CC2=CC=CC=C2)CC3=CC=CC=C3)=NOC=C1,CC(C)(C)/N=C(N(C)C)/N(C)C,ClC1=CC=C(OC)C=C1,41.26,COc1ccc(Nc2ccc(C)cc2)cc1
BTMG,CC(C)C(C=C(C(C)C)C=C1C(C)C)=C1C2=C(P([C@@]3(C[C@@H]4C5)C[C@H](C4)C[C@H]5C3)[C@]6(C7)C[C@@H](C[C@@H]7C8)C[C@@H]8C6)C(OC)=CC=C2OC,C1(N(CC2=CC=CC=C2)CC3=CC=CC=C3)=NOC=C1,CC(C)(C)/N=C(N(C)C)/N(C)C,BrC1=CC=C(OC)C=C1,59.07,COc1ccc(Nc2ccc(C)cc2)cc1
BTMG,CC(C)C(C=C(C(C)C)C=C1C(C)C)=C1C2=C(P([C@@]3(C[C@@H]4C5)C[C@H](C4)C[C@H]5C3)[C@]6(C7)C[C@@H](C[C@@H]7C8)C[C@@H]8C6)C(OC)=CC=C2OC,C1(N(CC2=CC=CC=C2)CC3=CC=CC=C3)=NOC=C1,CC(C)(C)/N=C(N(C)C)/N(C)C,IC1=CC=C(OC)C=C1,59.6,COc1ccc(Nc2ccc(C)cc2)cc1
BTMG,CC(C)C(C=C(C(C)C)C=C1C(C)C)=C1C2=C(P([C@@]3(C[C@@H]4C5)C[C@H](C4)C[C@H]5C3)[C@]6(C7)C[C@@H](C[C@@H]7C8)C[C@@H]8C6)C(OC)=CC=C2OC,C1(N(CC2=CC=CC=C2)CC3=CC=CC=C3)=NOC=C1,CC(C)(C)/N=C(N(C)C)/N(C)C,ClC1=CC=C(CC)C=C1,2.42,CCc1ccc(Nc2ccc(C)cc2)cc1
BTMG,CC(C)C(C=C(C(C)C)C=C1C(C)C)=C1C2=C(P([C@@]3(C[C@@H]4C5)C[C@H](C4)C[C@H]5C3)[C@]6(C7)C[C@@H](C[C@@H]7C8)C[C@@H]8C6)C(OC)=CC=C2OC,C1(N(CC2=CC=CC=C2)CC3=CC=CC=C3)=NOC=C1,CC(C)(C)/N=C(N(C)C)/N(C)C,BrC1=CC=C(CC)C=C1,58.63,CCc1ccc(Nc2ccc(C)cc2)cc1
BTMG,CC(C)C(C=C(C(C)C)C=C1C(C)C)=C1C2=C(P([C@@]3(C[C@@H]4C5)C[C@H](C4)C[C@H]5C3)[C@]6(C7)C[C@@H](C[C@@H]7C8)C[C@@H]8C6)C(OC)=CC=C2OC,C1(N(CC2=CC=CC=C2)CC3=CC=CC=C3)=NOC=C1,CC(C)(C)/N=C(N(C)C)/N(C)C,IC1=CC=C(CC)C=C1,64.0,CCc1ccc(Nc2ccc(C)cc2)cc1
BTMG,CC(C)C(C=C(C(C)C)C=C1C(C)C)=C1C2=C(P([C@@]3(C[C@@H]4C5)C[C@H](C4)C[C@H]5C3)[C@]6(C7)C[C@@H](C[C@@H]7C8)C[C@@H]8C6)C(OC)=CC=C2OC,C1(N(CC2=CC=CC=C2)CC3=CC=CC=C3)=NOC=C1,CC(C)(C)/N=C(N(C)C)/N(C)C,ClC1=NC=CC=C1,34.05,Cc1ccc(Nc2ccccn2)cc1
BTMG,CC(C)C(C=C(C(C)C)C=C1C(C)C)=C1C2=C(P([C@@]3(C[C@@H]4C5)C[C@H](C4)C[C@H]5C3)[C@]6(C7)C[C@@H](C[C@@H]7C8)C[C@@H]8C6)C(OC)=CC=C2OC,C1(N(CC2=CC=CC=C2)CC3=CC=CC=C3)=NOC=C1,CC(C)(C)/N=C(N(C)C)/N(C)C,BrC1=NC=CC=C1,41.43,Cc1ccc(Nc2ccccn2)cc1
BTMG,CC(C)C(C=C(C(C)C)C=C1C(C)C)=C1C2=C(P([C@@]3(C[C@@H]4C5)C[C@H](C4)C[C@H]5C3)[C@]6(C7)C[C@@H](C[C@@H]7C8)C[C@@H]8C6)C(OC)=CC=C2OC,C1(N(CC2=CC=CC=C2)CC3=CC=CC=C3)=NOC=C1,CC(C)(C)/N=C(N(C)C)/N(C)C,IC1=NC=CC=C1,47.77,Cc1ccc(Nc2ccccn2)cc1
BTMG,CC(C)C(C=C(C(C)C)C=C1C(C)C)=C1C2=C(P([C@@]3(C[C@@H]4C5)C[C@H](C4)C[C@H]5C3)[C@]6(C7)C[C@@H](C[C@@H]7C8)C[C@@H]8C6)C(OC)=CC=C2OC,C1(N(CC2=CC=CC=C2)CC3=CC=CC=C3)=NOC=C1,CC(C)(C)/N=C(N(C)C)/N(C)C,ClC1=CN=CC=C1,20.35,Cc1ccc(Nc2cccnc2)cc1
BTMG,CC(C)C(C=C(C(C)C)C=C1C(C)C)=C1C2=C(P([C@@]3(C[C@@H]4C5)C[C@H](C4)C[C@H]5C3)[C@]6(C7)C[C@@H](C[C@@H]7C8)C[C@@H]8C6)C(OC)=CC=C2OC,C1(N(CC2=CC=CC=C2)CC3=CC=CC=C3)=NOC=C1,CC(C)(C)/N=C(N(C)C)/N(C)C,BrC1=CN=CC=C1,60.49,Cc1ccc(Nc2cccnc2)cc1
BTMG,CC(C)C(C=C(C(C)C)C=C1C(C)C)=C1C2=C(P([C@@]3(C[C@@H]4C5)C[C@H](C4)C[C@H]5C3)[C@]6(C7)C[C@@H](C[C@@H]7C8)C[C@@H]8C6)C(OC)=CC=C2OC,C1(N(CC2=CC=CC=C2)CC3=CC=CC=C3)=NOC=C1,CC(C)(C)/N=C(N(C)C)/N(C)C,IC1=CN=CC=C1,63.88,Cc1ccc(Nc2cccnc2)cc1
MTBD,CC(C)C(C=C(C(C)C)C=C1C(C)C)=C1C2=C(P([C@@]3(C[C@@H]4C5)C[C@H](C4)C[C@H]5C3)[C@]6(C7)C[C@@H](C[C@@H]7C8)C[C@@H]8C6)C(OC)=CC=C2OC,C1(N(CC2=CC=CC=C2)CC3=CC=CC=C3)=NOC=C1,CN1CCCN2C1=NCCC2,ClC1=CC=C(C(F)(F)F)C=C1,21.6,Cc1ccc(Nc2ccc(C(F)(F)F)cc2)cc1
MTBD,CC(C)C(C=C(C(C)C)C=C1C(C)C)=C1C2=C(P([C@@]3(C[C@@H]4C5)C[C@H](C4)C[C@H]5C3)[C@]6(C7)C[C@@H](C[C@@H]7C8)C[C@@H]8C6)C(OC)=CC=C2OC,C1(N(CC2=CC=CC=C2)CC3=CC=CC=C3)=NOC=C1,CN1CCCN2C1=NCCC2,BrC1=CC=C(C(F)(F)F)C=C1,38.6,Cc1ccc(Nc2ccc(C(F)(F)F)cc2)cc1
MTBD,CC(C)C(C=C(C(C)C)C=C1C(C)C)=C1C2=C(P([C@@]3(C[C@@H]4C5)C[C@H](C4)C[C@H]5C3)[C@]6(C7)C[C@@H](C[C@@H]7C8)C[C@@H]8C6)C(OC)=CC=C2OC,C1(N(CC2=CC=CC=C2)CC3=CC=CC=C3)=NOC=C1,CN1CCCN2C1=NCCC2,IC1=CC=C(C(F)(F)F)C=C1,44.68,Cc1ccc(Nc2ccc(C(F)(F)F)cc2)cc1
MTBD,CC(C)C(C=C(C(C)C)C=C1C(C)C)=C1C2=C(P([C@@]3(C[C@@H]4C5)C[C@H](C4)C[C@H]5C3)[C@]6(C7)C[C@@H](C[C@@H]7C8)C[C@@H]8C6)C(OC)=CC=C2OC,C1(N(CC2=CC=CC=C2)CC3=CC=CC=C3)=NOC=C1,CN1CCCN2C1=NCCC2,ClC1=CC=C(OC)C=C1,44.14,COc1ccc(Nc2ccc(C)cc2)cc1
MTBD,CC(C)C(C=C(C(C)C)C=C1C(C)C)=C1C2=C(P([C@@]3(C[C@@H]4C5)C[C@H](C4)C[C@H]5C3)[C@]6(C7)C[C@@H](C[C@@H]7C8)C[C@@H]8C6)C(OC)=CC=C2OC,C1(N(CC2=CC=CC=C2)CC3=CC=CC=C3)=NOC=C1,CN1CCCN2C1=NCCC2,BrC1=CC=C(OC)C=C1,66.81,COc1ccc(Nc2ccc(C)cc2)cc1
MTBD,CC(C)C(C=C(C(C)C)C=C1C(C)C)=C1C2=C(P([C@@]3(C[C@@H]4C5)C[C@H](C4)C[C@H]5C3)[C@]6(C7)C[C@@H](C[C@@H]7C8)C[C@@H]8C6)C(OC)=CC=C2OC,C1(N(CC2=CC=CC=C2)CC3=CC=CC=C3)=NOC=C1,CN1CCCN2C1=NCCC2,IC1=CC=C(OC)C=C1,68.25,COc1ccc(Nc2ccc(C)cc2)cc1
MTBD,CC(C)C(C=C(C(C)C)C=C1C(C)C)=C1C2=C(P([C@@]3(C[C@@H]4C5)C[C@H](C4)C[C@H]5C3)[C@]6(C7)C[C@@H](C[C@@H]7C8)C[C@@H]8C6)C(OC)=CC=C2OC,C1(N(CC2=CC=CC=C2)CC3=CC=CC=C3)=NOC=C1,CN1CCCN2C1=NCCC2,ClC1=CC=C(CC)C=C1,2.58,CCc1ccc(Nc2ccc(C)cc2)cc1
MTBD,CC(C)C(C=C(C(C)C)C=C1C(C)C)=C1C2=C(P([C@@]3(C[C@@H]4C5)C[C@H](C4)C[C@H]5C3)[C@]6(C7)C[C@@H](C[C@@H]7C8)C[C@@H]8C6)C(OC)=CC=C2OC,C1(N(CC2=CC=CC=C2)CC3=CC=CC=C3)=NOC=C1,CN1CCCN2C1=NCCC2,BrC1=CC=C(CC)C=C1,74.11,CCc1ccc(Nc2ccc(C)cc2)cc1
MTBD,CC(C)C(C=C(C(C)C)C=C1C(C)C)=C1C2=C(P([C@@]3(C[C@@H]4C5)C[C@H](C4)C[C@H]5C3)[C@]6(C7)C[C@@H](C[C@@H]7C8)C[C@@H]8C6)C(OC)=CC=C2OC,C1(N(CC2=CC=CC=C2)CC3=CC=CC=C3)=NOC=C1,CN1CCCN2C1=NCCC2,IC1=CC=C(CC)C=C1,72.85,CCc1ccc(Nc2ccc(C)cc2)cc1
MTBD,CC(C)C(C=C(C(C)C)C=C1C(C)C)=C1C2=C(P([C@@]3(C[C@@H]4C5)C[C@H](C4)C[C@H]5C3)[C@]6(C7)C[C@@H](C[C@@H]7C8)C[C@@H]8C6)C(OC)=CC=C2OC,C1(N(CC2=CC=CC=C2)CC3=CC=CC=C3)=NOC=C1,CN1CCCN2C1=NCCC2,ClC1=NC=CC=C1,89.08,Cc1ccc(Nc2ccccn2)cc1
MTBD,CC(C)C(C=C(C(C)C)C=C1C(C)C)=C1C2=C(P([C@@]3(C[C@@H]4C5)C[C@H](C4)C[C@H]5C3)[C@]6(C7)C[C@@H](C[C@@H]7C8)C[C@@H]8C6)C(OC)=CC=C2OC,C1(N(CC2=CC=CC=C2)CC3=CC=CC=C3)=NOC=C1,CN1CCCN2C1=NCCC2,BrC1=NC=CC=C1,85.66,Cc1ccc(Nc2ccccn2)cc1
MTBD,CC(C)C(C=C(C(C)C)C=C1C(C)C)=C1C2=C(P([C@@]3(C[C@@H]4C5)C[C@H](C4)C[C@H]5C3)[C@]6(C7)C[C@@H](C[C@@H]7C8)C[C@@H]8C6)C(OC)=CC=C2OC,C1(N(CC2=CC=CC=C2)CC3=CC=CC=C3)=NOC=C1,CN1CCCN2C1=NCCC2,IC1=NC=CC=C1,94.15,Cc1ccc(Nc2ccccn2)cc1
MTBD,CC(C)C(C=C(C(C)C)C=C1C(C)C)=C1C2=C(P([C@@]3(C[C@@H]4C5)C[C@H](C4)C[C@H]5C3)[C@]6(C7)C[C@@H](C[C@@H]7C8)C[C@@H]8C6)C(OC)=CC=C2OC,C1(N(CC2=CC=CC=C2)CC3=CC=CC=C3)=NOC=C1,CN1CCCN2C1=NCCC2,ClC1=CN=CC=C1,24.94,Cc1ccc(Nc2cccnc2)cc1
MTBD,CC(C)C(C=C(C(C)C)C=C1C(C)C)=C1C2=C(P([C@@]3(C[C@@H]4C5)C[C@H](C4)C[C@H]5C3)[C@]6(C7)C[C@@H](C[C@@H]7C8)C[C@@H]8C6)C(OC)=CC=C2OC,C1(N(CC2=CC=CC=C2)CC3=CC=CC=C3)=NOC=C1,CN1CCCN2C1=NCCC2,BrC1=CN=CC=C1,80.07,Cc1ccc(Nc2cccnc2)cc1
MTBD,CC(C)C(C=C(C(C)C)C=C1C(C)C)=C1C2=C(P([C@@]3(C[C@@H]4C5)C[C@H](C4)C[C@H]5C3)[C@]6(C7)C[C@@H](C[C@@H]7C8)C[C@@H]8C6)C(OC)=CC=C2OC,C1(N(CC2=CC=CC=C2)CC3=CC=CC=C3)=NOC=C1,CN1CCCN2C1=NCCC2,IC1=CN=CC=C1,86.2,Cc1ccc(Nc2cccnc2)cc1
P2Et,CC(C)C(C=C(C(C)C)C=C1C(C)C)=C1C2=C(P([C@@]3(C[C@@H]4C5)C[C@H](C4)C[C@H]5C3)[C@]6(C7)C[C@@H](C[C@@H]7C8)C[C@@H]8C6)C(OC)=CC=C2OC,O=C(OC)C1=NOC(C2=CC=CO2)=C1,CN(C)P(N(C)C)(N(C)C)=NP(N(C)C)(N(C)C)=NCC,ClC1=CC=C(C(F)(F)F)C=C1,1.25,Cc1ccc(Nc2ccc(C(F)(F)F)cc2)cc1
P2Et,CC(C)C(C=C(C(C)C)C=C1C(C)C)=C1C2=C(P([C@@]3(C[C@@H]4C5)C[C@H](C4)C[C@H]5C3)[C@]6(C7)C[C@@H](C[C@@H]7C8)C[C@@H]8C6)C(OC)=CC=C2OC,O=C(OC)C1=NOC(C2=CC=CO2)=C1,CN(C)P(N(C)C)(N(C)C)=NP(N(C)C)(N(C)C)=NCC,BrC1=CC=C(C(F)(F)F)C=C1,16.05,Cc1ccc(Nc2ccc(C(F)(F)F)cc2)cc1
P2Et,CC(C)C(C=C(C(C)C)C=C1C(C)C)=C1C2=C(P([C@@]3(C[C@@H]4C5)C[C@H](C4)C[C@H]5C3)[C@]6(C7)C[C@@H](C[C@@H]7C8)C[C@@H]8C6)C(OC)=CC=C2OC,O=C(OC)C1=NOC(C2=CC=CO2)=C1,CN(C)P(N(C)C)(N(C)C)=NP(N(C)C)(N(C)C)=NCC,IC1=CC=C(C(F)(F)F)C=C1,30.71,Cc1ccc(Nc2ccc(C(F)(F)F)cc2)cc1
P2Et,CC(C)C(C=C(C(C)C)C=C1C(C)C)=C1C2=C(P([C@@]3(C[C@@H]4C5)C[C@H](C4)C[C@H]5C3)[C@]6(C7)C[C@@H](C[C@@H]7C8)C[C@@H]8C6)C(OC)=CC=C2OC,O=C(OC)C1=NOC(C2=CC=CO2)=C1,CN(C)P(N(C)C)(N(C)C)=NP(N(C)C)(N(C)C)=NCC,ClC1=CC=C(OC)C=C1,0.0,COc1ccc(Nc2ccc(C)cc2)cc1
P2Et,CC(C)C(C=C(C(C)C)C=C1C(C)C)=C1C2=C(P([C@@]3(C[C@@H]4C5)C[C@H](C4)C[C@H]5C3)[C@]6(C7)C[C@@H](C[C@@H]7C8)C[C@@H]8C6)C(OC)=CC=C2OC,O=C(OC)C1=NOC(C2=CC=CO2)=C1,CN(C)P(N(C)C)(N(C)C)=NP(N(C)C)(N(C)C)=NCC,BrC1=CC=C(OC)C=C1,0.0,COc1ccc(Nc2ccc(C)cc2)cc1
P2Et,CC(C)C(C=C(C(C)C)C=C1C(C)C)=C1C2=C(P([C@@]3(C[C@@H]4C5)C[C@H](C4)C[C@H]5C3)[C@]6(C7)C[C@@H](C[C@@H]7C8)C[C@@H]8C6)C(OC)=CC=C2OC,O=C(OC)C1=NOC(C2=CC=CO2)=C1,CN(C)P(N(C)C)(N(C)C)=NP(N(C)C)(N(C)C)=NCC,IC1=CC=C(OC)C=C1,43.09,COc1ccc(Nc2ccc(C)cc2)cc1
P2Et,CC(C)C(C=C(C(C)C)C=C1C(C)C)=C1C2=C(P([C@@]3(C[C@@H]4C5)C[C@H](C4)C[C@H]5C3)[C@]6(C7)C[C@@H](C[C@@H]7C8)C[C@@H]8C6)C(OC)=CC=C2OC,O=C(OC)C1=NOC(C2=CC=CO2)=C1,CN(C)P(N(C)C)(N(C)C)=NP(N(C)C)(N(C)C)=NCC,ClC1=CC=C(CC)C=C1,0.0,CCc1ccc(Nc2ccc(C)cc2)cc1
P2Et,CC(C)C(C=C(C(C)C)C=C1C(C)C)=C1C2=C(P([C@@]3(C[C@@H]4C5)C[C@H](C4)C[C@H]5C3)[C@]6(C7)C[C@@H](C[C@@H]7C8)C[C@@H]8C6)C(OC)=CC=C2OC,O=C(OC)C1=NOC(C2=CC=CO2)=C1,CN(C)P(N(C)C)(N(C)C)=NP(N(C)C)(N(C)C)=NCC,BrC1=CC=C(CC)C=C1,47.35,CCc1ccc(Nc2ccc(C)cc2)cc1
P2Et,CC(C)C(C=C(C(C)C)C=C1C(C)C)=C1C2=C(P([C@@]3(C[C@@H]4C5)C[C@H](C4)C[C@H]5C3)[C@]6(C7)C[C@@H](C[C@@H]7C8)C[C@@H]8C6)C(OC)=CC=C2OC,O=C(OC)C1=NOC(C2=CC=CO2)=C1,CN(C)P(N(C)C)(N(C)C)=NP(N(C)C)(N(C)C)=NCC,IC1=CC=C(CC)C=C1,64.25,CCc1ccc(Nc2ccc(C)cc2)cc1
P2Et,CC(C)C(C=C(C(C)C)C=C1C(C)C)=C1C2=C(P([C@@]3(C[C@@H]4C5)C[C@H](C4)C[C@H]5C3)[C@]6(C7)C[C@@H](C[C@@H]7C8)C[C@@H]8C6)C(OC)=CC=C2OC,O=C(OC)C1=NOC(C2=CC=CO2)=C1,CN(C)P(N(C)C)(N(C)C)=NP(N(C)C)(N(C)C)=NCC,ClC1=NC=CC=C1,57.6,Cc1ccc(Nc2ccccn2)cc1
P2Et,CC(C)C(C=C(C(C)C)C=C1C(C)C)=C1C2=C(P([C@@]3(C[C@@H]4C5)C[C@H](C4)C[C@H]5C3)[C@]6(C7)C[C@@H](C[C@@H]7C8)C[C@@H]8C6)C(OC)=CC=C2OC,O=C(OC)C1=NOC(C2=CC=CO2)=C1,CN(C)P(N(C)C)(N(C)C)=NP(N(C)C)(N(C)C)=NCC,BrC1=NC=CC=C1,64.01,Cc1ccc(Nc2ccccn2)cc1
P2Et,CC(C)C(C=C(C(C)C)C=C1C(C)C)=C1C2=C(P([C@@]3(C[C@@H]4C5)C[C@H](C4)C[C@H]5C3)[C@]6(C7)C[C@@H](C[C@@H]7C8)C[C@@H]8C6)C(OC)=CC=C2OC,O=C(OC)C1=NOC(C2=CC=CO2)=C1,CN(C)P(N(C)C)(N(C)C)=NP(N(C)C)(N(C)C)=NCC,IC1=NC=CC=C1,72.27,Cc1ccc(Nc2ccccn2)cc1
P2Et,CC(C)C(C=C(C(C)C)C=C1C(C)C)=C1C2=C(P([C@@]3(C[C@@H]4C5)C[C@H](C4)C[C@H]5C3)[C@]6(C7)C[C@@H](C[C@@H]7C8)C[C@@H]8C6)C(OC)=CC=C2OC,O=C(OC)C1=NOC(C2=CC=CO2)=C1,CN(C)P(N(C)C)(N(C)C)=NP(N(C)C)(N(C)C)=NCC,ClC1=CN=CC=C1,0.87,Cc1ccc(Nc2cccnc2)cc1
P2Et,CC(C)C(C=C(C(C)C)C=C1C(C)C)=C1C2=C(P([C@@]3(C[C@@H]4C5)C[C@H](C4)C[C@H]5C3)[C@]6(C7)C[C@@H](C[C@@H]7C8)C[C@@H]8C6)C(OC)=CC=C2OC,O=C(OC)C1=NOC(C2=CC=CO2)=C1,CN(C)P(N(C)C)(N(C)C)=NP(N(C)C)(N(C)C)=NCC,BrC1=CN=CC=C1,42.1,Cc1ccc(Nc2cccnc2)cc1
P2Et,CC(C)C(C=C(C(C)C)C=C1C(C)C)=C1C2=C(P([C@@]3(C[C@@H]4C5)C[C@H](C4)C[C@H]5C3)[C@]6(C7)C[C@@H](C[C@@H]7C8)C[C@@H]8C6)C(OC)=CC=C2OC,O=C(OC)C1=NOC(C2=CC=CO2)=C1,CN(C)P(N(C)C)(N(C)C)=NP(N(C)C)(N(C)C)=NCC,IC1=CN=CC=C1,50.26,Cc1ccc(Nc2cccnc2)cc1
BTMG,CC(C)C(C=C(C(C)C)C=C1C(C)C)=C1C2=C(P([C@@]3(C[C@@H]4C5)C[C@H](C4)C[C@H]5C3)[C@]6(C7)C[C@@H](C[C@@H]7C8)C[C@@H]8C6)C(OC)=CC=C2OC,O=C(OC)C1=NOC(C2=CC=CO2)=C1,CC(C)(C)/N=C(N(C)C)/N(C)C,ClC1=CC=C(C(F)(F)F)C=C1,2.44,Cc1ccc(Nc2ccc(C(F)(F)F)cc2)cc1
BTMG,CC(C)C(C=C(C(C)C)C=C1C(C)C)=C1C2=C(P([C@@]3(C[C@@H]4C5)C[C@H](C4)C[C@H]5C3)[C@]6(C7)C[C@@H](C[C@@H]7C8)C[C@@H]8C6)C(OC)=CC=C2OC,O=C(OC)C1=NOC(C2=CC=CO2)=C1,CC(C)(C)/N=C(N(C)C)/N(C)C,BrC1=CC=C(C(F)(F)F)C=C1,28.79,Cc1ccc(Nc2ccc(C(F)(F)F)cc2)cc1
BTMG,CC(C)C(C=C(C(C)C)C=C1C(C)C)=C1C2=C(P([C@@]3(C[C@@H]4C5)C[C@H](C4)C[C@H]5C3)[C@]6(C7)C[C@@H](C[C@@H]7C8)C[C@@H]8C6)C(OC)=CC=C2OC,O=C(OC)C1=NOC(C2=CC=CO2)=C1,CC(C)(C)/N=C(N(C)C)/N(C)C,IC1=CC=C(C(F)(F)F)C=C1,34.86,Cc1ccc(Nc2ccc(C(F)(F)F)cc2)cc1
BTMG,CC(C)C(C=C(C(C)C)C=C1C(C)C)=C1C2=C(P([C@@]3(C[C@@H]4C5)C[C@H](C4)C[C@H]5C3)[C@]6(C7)C[C@@H](C[C@@H]7C8)C[C@@H]8C6)C(OC)=CC=C2OC,O=C(OC)C1=NOC(C2=CC=CO2)=C1,CC(C)(C)/N=C(N(C)C)/N(C)C,ClC1=CC=C(OC)C=C1,0.0,COc1ccc(Nc2ccc(C)cc2)cc1
BTMG,CC(C)C(C=C(C(C)C)C=C1C(C)C)=C1C2=C(P([C@@]3(C[C@@H]4C5)C[C@H](C4)C[C@H]5C3)[C@]6(C7)C[C@@H](C[C@@H]7C8)C[C@@H]8C6)C(OC)=CC=C2OC,O=C(OC)C1=NOC(C2=CC=CO2)=C1,CC(C)(C)/N=C(N(C)C)/N(C)C,BrC1=CC=C(OC)C=C1,20.9,COc1ccc(Nc2ccc(C)cc2)cc1
BTMG,CC(C)C(C=C(C(C)C)C=C1C(C)C)=C1C2=C(P([C@@]3(C[C@@H]4C5)C[C@H](C4)C[C@H]5C3)[C@]6(C7)C[C@@H](C[C@@H]7C8)C[C@@H]8C6)C(OC)=CC=C2OC,O=C(OC)C1=NOC(C2=CC=CO2)=C1,CC(C)(C)/N=C(N(C)C)/N(C)C,IC1=CC=C(OC)C=C1,36.07,COc1ccc(Nc2ccc(C)cc2)cc1
BTMG,CC(C)C(C=C(C(C)C)C=C1C(C)C)=C1C2=C(P([C@@]3(C[C@@H]4C5)C[C@H](C4)C[C@H]5C3)[C@]6(C7)C[C@@H](C[C@@H]7C8)C[C@@H]8C6)C(OC)=CC=C2OC,O=C(OC)C1=NOC(C2=CC=CO2)=C1,CC(C)(C)/N=C(N(C)C)/N(C)C,ClC1=CC=C(CC)C=C1,0.49,CCc1ccc(Nc2ccc(C)cc2)cc1
BTMG,CC(C)C(C=C(C(C)C)C=C1C(C)C)=C1C2=C(P([C@@]3(C[C@@H]4C5)C[C@H](C4)C[C@H]5C3)[C@]6(C7)C[C@@H](C[C@@H]7C8)C[C@@H]8C6)C(OC)=CC=C2OC,O=C(OC)C1=NOC(C2=CC=CO2)=C1,CC(C)(C)/N=C(N(C)C)/N(C)C,BrC1=CC=C(CC)C=C1,37.99,CCc1ccc(Nc2ccc(C)cc2)cc1
BTMG,CC(C)C(C=C(C(C)C)C=C1C(C)C)=C1C2=C(P([C@@]3(C[C@@H]4C5)C[C@H](C4)C[C@H]5C3)[C@]6(C7)C[C@@H](C[C@@H]7C8)C[C@@H]8C6)C(OC)=CC=C2OC,O=C(OC)C1=NOC(C2=CC=CO2)=C1,CC(C)(C)/N=C(N(C)C)/N(C)C,IC1=CC=C(CC)C=C1,56.48,CCc1ccc(Nc2ccc(C)cc2)cc1
BTMG,CC(C)C(C=C(C(C)C)C=C1C(C)C)=C1C2=C(P([C@@]3(C[C@@H]4C5)C[C@H](C4)C[C@H]5C3)[C@]6(C7)C[C@@H](C[C@@H]7C8)C[C@@H]8C6)C(OC)=CC=C2OC,O=C(OC)C1=NOC(C2=CC=CO2)=C1,CC(C)(C)/N=C(N(C)C)/N(C)C,ClC1=NC=CC=C1,26.83,Cc1ccc(Nc2ccccn2)cc1
BTMG,CC(C)C(C=C(C(C)C)C=C1C(C)C)=C1C2=C(P([C@@]3(C[C@@H]4C5)C[C@H](C4)C[C@H]5C3)[C@]6(C7)C[C@@H](C[C@@H]7C8)C[C@@H]8C6)C(OC)=CC=C2OC,O=C(OC)C1=NOC(C2=CC=CO2)=C1,CC(C)(C)/N=C(N(C)C)/N(C)C,BrC1=NC=CC=C1,36.1,Cc1ccc(Nc2ccccn2)cc1
BTMG,CC(C)C(C=C(C(C)C)C=C1C(C)C)=C1C2=C(P([C@@]3(C[C@@H]4C5)C[C@H](C4)C[C@H]5C3)[C@]6(C7)C[C@@H](C[C@@H]7C8)C[C@@H]8C6)C(OC)=CC=C2OC,O=C(OC)C1=NOC(C2=CC=CO2)=C1,CC(C)(C)/N=C(N(C)C)/N(C)C,IC1=NC=CC=C1,46.53,Cc1ccc(Nc2ccccn2)cc1
BTMG,CC(C)C(C=C(C(C)C)C=C1C(C)C)=C1C2=C(P([C@@]3(C[C@@H]4C5)C[C@H](C4)C[C@H]5C3)[C@]6(C7)C[C@@H](C[C@@H]7C8)C[C@@H]8C6)C(OC)=CC=C2OC,O=C(OC)C1=NOC(C2=CC=CO2)=C1,CC(C)(C)/N=C(N(C)C)/N(C)C,ClC1=CN=CC=C1,1.47,Cc1ccc(Nc2cccnc2)cc1
BTMG,CC(C)C(C=C(C(C)C)C=C1C(C)C)=C1C2=C(P([C@@]3(C[C@@H]4C5)C[C@H](C4)C[C@H]5C3)[C@]6(C7)C[C@@H](C[C@@H]7C8)C[C@@H]8C6)C(OC)=CC=C2OC,O=C(OC)C1=NOC(C2=CC=CO2)=C1,CC(C)(C)/N=C(N(C)C)/N(C)C,BrC1=CN=CC=C1,0.0,Cc1ccc(Nc2cccnc2)cc1
BTMG,CC(C)C(C=C(C(C)C)C=C1C(C)C)=C1C2=C(P([C@@]3(C[C@@H]4C5)C[C@H](C4)C[C@H]5C3)[C@]6(C7)C[C@@H](C[C@@H]7C8)C[C@@H]8C6)C(OC)=CC=C2OC,O=C(OC)C1=NOC(C2=CC=CO2)=C1,CC(C)(C)/N=C(N(C)C)/N(C)C,IC1=CN=CC=C1,57.25,Cc1ccc(Nc2cccnc2)cc1
MTBD,CC(C)C(C=C(C(C)C)C=C1C(C)C)=C1C2=C(P([C@@]3(C[C@@H]4C5)C[C@H](C4)C[C@H]5C3)[C@]6(C7)C[C@@H](C[C@@H]7C8)C[C@@H]8C6)C(OC)=CC=C2OC,O=C(OC)C1=NOC(C2=CC=CO2)=C1,CN1CCCN2C1=NCCC2,ClC1=CC=C(C(F)(F)F)C=C1,2.1,Cc1ccc(Nc2ccc(C(F)(F)F)cc2)cc1
MTBD,CC(C)C(C=C(C(C)C)C=C1C(C)C)=C1C2=C(P([C@@]3(C[C@@H]4C5)C[C@H](C4)C[C@H]5C3)[C@]6(C7)C[C@@H](C[C@@H]7C8)C[C@@H]8C6)C(OC)=CC=C2OC,O=C(OC)C1=NOC(C2=CC=CO2)=C1,CN1CCCN2C1=NCCC2,BrC1=CC=C(C(F)(F)F)C=C1,29.63,Cc1ccc(Nc2ccc(C(F)(F)F)cc2)cc1
MTBD,CC(C)C(C=C(C(C)C)C=C1C(C)C)=C1C2=C(P([C@@]3(C[C@@H]4C5)C[C@H](C4)C[C@H]5C3)[C@]6(C7)C[C@@H](C[C@@H]7C8)C[C@@H]8C6)C(OC)=CC=C2OC,O=C(OC)C1=NOC(C2=CC=CO2)=C1,CN1CCCN2C1=NCCC2,IC1=CC=C(C(F)(F)F)C=C1,40.21,Cc1ccc(Nc2ccc(C(F)(F)F)cc2)cc1
MTBD,CC(C)C(C=C(C(C)C)C=C1C(C)C)=C1C2=C(P([C@@]3(C[C@@H]4C5)C[C@H](C4)C[C@H]5C3)[C@]6(C7)C[C@@H](C[C@@H]7C8)C[C@@H]8C6)C(OC)=CC=C2OC,O=C(OC)C1=NOC(C2=CC=CO2)=C1,CN1CCCN2C1=NCCC2,ClC1=CC=C(OC)C=C1,0.0,COc1ccc(Nc2ccc(C)cc2)cc1
MTBD,CC(C)C(C=C(C(C)C)C=C1C(C)C)=C1C2=C(P([C@@]3(C[C@@H]4C5)C[C@H](C4)C[C@H]5C3)[C@]6(C7)C[C@@H](C[C@@H]7C8)C[C@@H]8C6)C(OC)=CC=C2OC,O=C(OC)C1=NOC(C2=CC=CO2)=C1,CN1CCCN2C1=NCCC2,BrC1=CC=C(OC)C=C1,23.92,COc1ccc(Nc2ccc(C)cc2)cc1
MTBD,CC(C)C(C=C(C(C)C)C=C1C(C)C)=C1C2=C(P([C@@]3(C[C@@H]4C5)C[C@H](C4)C[C@H]5C3)[C@]6(C7)C[C@@H](C[C@@H]7C8)C[C@@H]8C6)C(OC)=CC=C2OC,O=C(OC)C1=NOC(C2=CC=CO2)=C1,CN1CCCN2C1=NCCC2,IC1=CC=C(OC)C=C1,44.45,COc1ccc(Nc2ccc(C)cc2)cc1
MTBD,CC(C)C(C=C(C(C)C)C=C1C(C)C)=C1C2=C(P([C@@]3(C[C@@H]4C5)C[C@H](C4)C[C@H]5C3)[C@]6(C7)C[C@@H](C[C@@H]7C8)C[C@@H]8C6)C(OC)=CC=C2OC,O=C(OC)C1=NOC(C2=CC=CO2)=C1,CN1CCCN2C1=NCCC2,ClC1=CC=C(CC)C=C1,0.49,CCc1ccc(Nc2ccc(C)cc2)cc1
MTBD,CC(C)C(C=C(C(C)C)C=C1C(C)C)=C1C2=C(P([C@@]3(C[C@@H]4C5)C[C@H](C4)C[C@H]5C3)[C@]6(C7)C[C@@H](C[C@@H]7C8)C[C@@H]8C6)C(OC)=CC=C2OC,O=C(OC)C1=NOC(C2=CC=CO2)=C1,CN1CCCN2C1=NCCC2,BrC1=CC=C(CC)C=C1,39.52,CCc1ccc(Nc2ccc(C)cc2)cc1
MTBD,CC(C)C(C=C(C(C)C)C=C1C(C)C)=C1C2=C(P([C@@]3(C[C@@H]4C5)C[C@H](C4)C[C@H]5C3)[C@]6(C7)C[C@@H](C[C@@H]7C8)C[C@@H]8C6)C(OC)=CC=C2OC,O=C(OC)C1=NOC(C2=CC=CO2)=C1,CN1CCCN2C1=NCCC2,IC1=CC=C(CC)C=C1,69.72,CCc1ccc(Nc2ccc(C)cc2)cc1
MTBD,CC(C)C(C=C(C(C)C)C=C1C(C)C)=C1C2=C(P([C@@]3(C[C@@H]4C5)C[C@H](C4)C[C@H]5C3)[C@]6(C7)C[C@@H](C[C@@H]7C8)C[C@@H]8C6)C(OC)=CC=C2OC,O=C(OC)C1=NOC(C2=CC=CO2)=C1,CN1CCCN2C1=NCCC2,ClC1=NC=CC=C1,47.18,Cc1ccc(Nc2ccccn2)cc1
MTBD,CC(C)C(C=C(C(C)C)C=C1C(C)C)=C1C2=C(P([C@@]3(C[C@@H]4C5)C[C@H](C4)C[C@H]5C3)[C@]6(C7)C[C@@H](C[C@@H]7C8)C[C@@H]8C6)C(OC)=CC=C2OC,O=C(OC)C1=NOC(C2=CC=CO2)=C1,CN1CCCN2C1=NCCC2,BrC1=NC=CC=C1,65.99,Cc1ccc(Nc2ccccn2)cc1
MTBD,CC(C)C(C=C(C(C)C)C=C1C(C)C)=C1C2=C(P([C@@]3(C[C@@H]4C5)C[C@H](C4)C[C@H]5C3)[C@]6(C7)C[C@@H](C[C@@H]7C8)C[C@@H]8C6)C(OC)=CC=C2OC,O=C(OC)C1=NOC(C2=CC=CO2)=C1,CN1CCCN2C1=NCCC2,IC1=NC=CC=C1,87.94,Cc1ccc(Nc2ccccn2)cc1
MTBD,CC(C)C(C=C(C(C)C)C=C1C(C)C)=C1C2=C(P([C@@]3(C[C@@H]4C5)C[C@H](C4)C[C@H]5C3)[C@]6(C7)C[C@@H](C[C@@H]7C8)C[C@@H]8C6)C(OC)=CC=C2OC,O=C(OC)C1=NOC(C2=CC=CO2)=C1,CN1CCCN2C1=NCCC2,ClC1=CN=CC=C1,1.57,Cc1ccc(Nc2cccnc2)cc1
MTBD,CC(C)C(C=C(C(C)C)C=C1C(C)C)=C1C2=C(P([C@@]3(C[C@@H]4C5)C[C@H](C4)C[C@H]5C3)[C@]6(C7)C[C@@H](C[C@@H]7C8)C[C@@H]8C6)C(OC)=CC=C2OC,O=C(OC)C1=NOC(C2=CC=CO2)=C1,CN1CCCN2C1=NCCC2,BrC1=CN=CC=C1,61.5,Cc1ccc(Nc2cccnc2)cc1
MTBD,CC(C)C(C=C(C(C)C)C=C1C(C)C)=C1C2=C(P([C@@]3(C[C@@H]4C5)C[C@H](C4)C[C@H]5C3)[C@]6(C7)C[C@@H](C[C@@H]7C8)C[C@@H]8C6)C(OC)=CC=C2OC,O=C(OC)C1=NOC(C2=CC=CO2)=C1,CN1CCCN2C1=NCCC2,IC1=CN=CC=C1,83.96,Cc1ccc(Nc2cccnc2)cc1
P2Et,CC(C)C(C=C(C(C)C)C=C1C(C)C)=C1C2=C(P(C3CCCCC3)C4CCCCC4)C=CC=C2,FC(C=CC=C1F)=C1C2=CC=NO2,CN(C)P(N(C)C)(N(C)C)=NP(N(C)C)(N(C)C)=NCC,ClC1=CC=C(C(F)(F)F)C=C1,13.96,Cc1ccc(Nc2ccc(C(F)(F)F)cc2)cc1
P2Et,CC(C)C(C=C(C(C)C)C=C1C(C)C)=C1C2=C(P(C3CCCCC3)C4CCCCC4)C=CC=C2,FC(C=CC=C1F)=C1C2=CC=NO2,CN(C)P(N(C)C)(N(C)C)=NP(N(C)C)(N(C)C)=NCC,BrC1=CC=C(C(F)(F)F)C=C1,15.09,Cc1ccc(Nc2ccc(C(F)(F)F)cc2)cc1
P2Et,CC(C)C(C=C(C(C)C)C=C1C(C)C)=C1C2=C(P(C3CCCCC3)C4CCCCC4)C=CC=C2,FC(C=CC=C1F)=C1C2=CC=NO2,CN(C)P(N(C)C)(N(C)C)=NP(N(C)C)(N(C)C)=NCC,IC1=CC=C(C(F)(F)F)C=C1,15.92,Cc1ccc(Nc2ccc(C(F)(F)F)cc2)cc1
P2Et,CC(C)C(C=C(C(C)C)C=C1C(C)C)=C1C2=C(P(C3CCCCC3)C4CCCCC4)C=CC=C2,FC(C=CC=C1F)=C1C2=CC=NO2,CN(C)P(N(C)C)(N(C)C)=NP(N(C)C)(N(C)C)=NCC,ClC1=CC=C(OC)C=C1,2.55,COc1ccc(Nc2ccc(C)cc2)cc1
P2Et,CC(C)C(C=C(C(C)C)C=C1C(C)C)=C1C2=C(P(C3CCCCC3)C4CCCCC4)C=CC=C2,FC(C=CC=C1F)=C1C2=CC=NO2,CN(C)P(N(C)C)(N(C)C)=NP(N(C)C)(N(C)C)=NCC,BrC1=CC=C(OC)C=C1,8.64,COc1ccc(Nc2ccc(C)cc2)cc1
P2Et,CC(C)C(C=C(C(C)C)C=C1C(C)C)=C1C2=C(P(C3CCCCC3)C4CCCCC4)C=CC=C2,FC(C=CC=C1F)=C1C2=CC=NO2,CN(C)P(N(C)C)(N(C)C)=NP(N(C)C)(N(C)C)=NCC,IC1=CC=C(OC)C=C1,6.65,COc1ccc(Nc2ccc(C)cc2)cc1
P2Et,CC(C)C(C=C(C(C)C)C=C1C(C)C)=C1C2=C(P(C3CCCCC3)C4CCCCC4)C=CC=C2,FC(C=CC=C1F)=C1C2=CC=NO2,CN(C)P(N(C)C)(N(C)C)=NP(N(C)C)(N(C)C)=NCC,ClC1=CC=C(CC)C=C1,7.71,CCc1ccc(Nc2ccc(C)cc2)cc1
P2Et,CC(C)C(C=C(C(C)C)C=C1C(C)C)=C1C2=C(P(C3CCCCC3)C4CCCCC4)C=CC=C2,FC(C=CC=C1F)=C1C2=CC=NO2,CN(C)P(N(C)C)(N(C)C)=NP(N(C)C)(N(C)C)=NCC,BrC1=CC=C(CC)C=C1,14.76,CCc1ccc(Nc2ccc(C)cc2)cc1
P2Et,CC(C)C(C=C(C(C)C)C=C1C(C)C)=C1C2=C(P(C3CCCCC3)C4CCCCC4)C=CC=C2,FC(C=CC=C1F)=C1C2=CC=NO2,CN(C)P(N(C)C)(N(C)C)=NP(N(C)C)(N(C)C)=NCC,IC1=CC=C(CC)C=C1,16.71,CCc1ccc(Nc2ccc(C)cc2)cc1
P2Et,CC(C)C(C=C(C(C)C)C=C1C(C)C)=C1C2=C(P(C3CCCCC3)C4CCCCC4)C=CC=C2,FC(C=CC=C1F)=C1C2=CC=NO2,CN(C)P(N(C)C)(N(C)C)=NP(N(C)C)(N(C)C)=NCC,ClC1=NC=CC=C1,12.25,Cc1ccc(Nc2ccccn2)cc1
P2Et,CC(C)C(C=C(C(C)C)C=C1C(C)C)=C1C2=C(P(C3CCCCC3)C4CCCCC4)C=CC=C2,FC(C=CC=C1F)=C1C2=CC=NO2,CN(C)P(N(C)C)(N(C)C)=NP(N(C)C)(N(C)C)=NCC,BrC1=NC=CC=C1,16.44,Cc1ccc(Nc2ccccn2)cc1
P2Et,CC(C)C(C=C(C(C)C)C=C1C(C)C)=C1C2=C(P(C3CCCCC3)C4CCCCC4)C=CC=C2,FC(C=CC=C1F)=C1C2=CC=NO2,CN(C)P(N(C)C)(N(C)C)=NP(N(C)C)(N(C)C)=NCC,IC1=NC=CC=C1,17.06,Cc1ccc(Nc2ccccn2)cc1
P2Et,CC(C)C(C=C(C(C)C)C=C1C(C)C)=C1C2=C(P(C3CCCCC3)C4CCCCC4)C=CC=C2,FC(C=CC=C1F)=C1C2=CC=NO2,CN(C)P(N(C)C)(N(C)C)=NP(N(C)C)(N(C)C)=NCC,ClC1=CN=CC=C1,12.14,Cc1ccc(Nc2cccnc2)cc1
P2Et,CC(C)C(C=C(C(C)C)C=C1C(C)C)=C1C2=C(P(C3CCCCC3)C4CCCCC4)C=CC=C2,FC(C=CC=C1F)=C1C2=CC=NO2,CN(C)P(N(C)C)(N(C)C)=NP(N(C)C)(N(C)C)=NCC,BrC1=CN=CC=C1,10.08,Cc1ccc(Nc2cccnc2)cc1
P2Et,CC(C)C(C=C(C(C)C)C=C1C(C)C)=C1C2=C(P(C3CCCCC3)C4CCCCC4)C=CC=C2,FC(C=CC=C1F)=C1C2=CC=NO2,CN(C)P(N(C)C)(N(C)C)=NP(N(C)C)(N(C)C)=NCC,IC1=CN=CC=C1,12.79,Cc1ccc(Nc2cccnc2)cc1
BTMG,CC(C)C(C=C(C(C)C)C=C1C(C)C)=C1C2=C(P(C3CCCCC3)C4CCCCC4)C=CC=C2,FC(C=CC=C1F)=C1C2=CC=NO2,CC(C)(C)/N=C(N(C)C)/N(C)C,ClC1=CC=C(C(F)(F)F)C=C1,11.32,Cc1ccc(Nc2ccc(C(F)(F)F)cc2)cc1
BTMG,CC(C)C(C=C(C(C)C)C=C1C(C)C)=C1C2=C(P(C3CCCCC3)C4CCCCC4)C=CC=C2,FC(C=CC=C1F)=C1C2=CC=NO2,CC(C)(C)/N=C(N(C)C)/N(C)C,BrC1=CC=C(C(F)(F)F)C=C1,22.31,Cc1ccc(Nc2ccc(C(F)(F)F)cc2)cc1
BTMG,CC(C)C(C=C(C(C)C)C=C1C(C)C)=C1C2=C(P(C3CCCCC3)C4CCCCC4)C=CC=C2,FC(C=CC=C1F)=C1C2=CC=NO2,CC(C)(C)/N=C(N(C)C)/N(C)C,IC1=CC=C(C(F)(F)F)C=C1,25.46,Cc1ccc(Nc2ccc(C(F)(F)F)cc2)cc1
BTMG,CC(C)C(C=C(C(C)C)C=C1C(C)C)=C1C2=C(P(C3CCCCC3)C4CCCCC4)C=CC=C2,FC(C=CC=C1F)=C1C2=CC=NO2,CC(C)(C)/N=C(N(C)C)/N(C)C,ClC1=CC=C(OC)C=C1,0.0,COc1ccc(Nc2ccc(C)cc2)cc1
BTMG,CC(C)C(C=C(C(C)C)C=C1C(C)C)=C1C2=C(P(C3CCCCC3)C4CCCCC4)C=CC=C2,FC(C=CC=C1F)=C1C2=CC=NO2,CC(C)(C)/N=C(N(C)C)/N(C)C,BrC1=CC=C(OC)C=C1,2.84,COc1ccc(Nc2ccc(C)cc2)cc1
BTMG,CC(C)C(C=C(C(C)C)C=C1C(C)C)=C1C2=C(P(C3CCCCC3)C4CCCCC4)C=CC=C2,FC(C=CC=C1F)=C1C2=CC=NO2,CC(C)(C)/N=C(N(C)C)/N(C)C,IC1=CC=C(OC)C=C1,4.3,COc1ccc(Nc2ccc(C)cc2)cc1
BTMG,CC(C)C(C=C(C(C)C)C=C1C(C)C)=C1C2=C(P(C3CCCCC3)C4CCCCC4)C=CC=C2,FC(C=CC=C1F)=C1C2=CC=NO2,CC(C)(C)/N=C(N(C)C)/N(C)C,ClC1=CC=C(CC)C=C1,1.9,CCc1ccc(Nc2ccc(C)cc2)cc1
BTMG,CC(C)C(C=C(C(C)C)C=C1C(C)C)=C1C2=C(P(C3CCCCC3)C4CCCCC4)C=CC=C2,FC(C=CC=C1F)=C1C2=CC=NO2,CC(C)(C)/N=C(N(C)C)/N(C)C,BrC1=CC=C(CC)C=C1,9.25,CCc1ccc(Nc2ccc(C)cc2)cc1
BTMG,CC(C)C(C=C(C(C)C)C=C1C(C)C)=C1C2=C(P(C3CCCCC3)C4CCCCC4)C=CC=C2,FC(C=CC=C1F)=C1C2=CC=NO2,CC(C)(C)/N=C(N(C)C)/N(C)C,IC1=CC=C(CC)C=C1,13.02,CCc1ccc(Nc2ccc(C)cc2)cc1
BTMG,CC(C)C(C=C(C(C)C)C=C1C(C)C)=C1C2=C(P(C3CCCCC3)C4CCCCC4)C=CC=C2,FC(C=CC=C1F)=C1C2=CC=NO2,CC(C)(C)/N=C(N(C)C)/N(C)C,ClC1=NC=CC=C1,15.1,Cc1ccc(Nc2ccccn2)cc1
BTMG,CC(C)C(C=C(C(C)C)C=C1C(C)C)=C1C2=C(P(C3CCCCC3)C4CCCCC4)C=CC=C2,FC(C=CC=C1F)=C1C2=CC=NO2,CC(C)(C)/N=C(N(C)C)/N(C)C,BrC1=NC=CC=C1,24.44,Cc1ccc(Nc2ccccn2)cc1
BTMG,CC(C)C(C=C(C(C)C)C=C1C(C)C)=C1C2=C(P(C3CCCCC3)C4CCCCC4)C=CC=C2,FC(C=CC=C1F)=C1C2=CC=NO2,CC(C)(C)/N=C(N(C)C)/N(C)C,IC1=NC=CC=C1,26.61,Cc1ccc(Nc2ccccn2)cc1
BTMG,CC(C)C(C=C(C(C)C)C=C1C(C)C)=C1C2=C(P(C3CCCCC3)C4CCCCC4)C=CC=C2,FC(C=CC=C1F)=C1C2=CC=NO2,CC(C)(C)/N=C(N(C)C)/N(C)C,ClC1=CN=CC=C1,2.42,Cc1ccc(Nc2cccnc2)cc1
BTMG,CC(C)C(C=C(C(C)C)C=C1C(C)C)=C1C2=C(P(C3CCCCC3)C4CCCCC4)C=CC=C2,FC(C=CC=C1F)=C1C2=CC=NO2,CC(C)(C)/N=C(N(C)C)/N(C)C,BrC1=CN=CC=C1,6.25,Cc1ccc(Nc2cccnc2)cc1
BTMG,CC(C)C(C=C(C(C)C)C=C1C(C)C)=C1C2=C(P(C3CCCCC3)C4CCCCC4)C=CC=C2,FC(C=CC=C1F)=C1C2=CC=NO2,CC(C)(C)/N=C(N(C)C)/N(C)C,IC1=CN=CC=C1,12.75,Cc1ccc(Nc2cccnc2)cc1
MTBD,CC(C)C(C=C(C(C)C)C=C1C(C)C)=C1C2=C(P(C3CCCCC3)C4CCCCC4)C=CC=C2,FC(C=CC=C1F)=C1C2=CC=NO2,CN1CCCN2C1=NCCC2,ClC1=CC=C(C(F)(F)F)C=C1,13.18,Cc1ccc(Nc2ccc(C(F)(F)F)cc2)cc1
MTBD,CC(C)C(C=C(C(C)C)C=C1C(C)C)=C1C2=C(P(C3CCCCC3)C4CCCCC4)C=CC=C2,FC(C=CC=C1F)=C1C2=CC=NO2,CN1CCCN2C1=NCCC2,BrC1=CC=C(C(F)(F)F)C=C1,22.68,Cc1ccc(Nc2ccc(C(F)(F)F)cc2)cc1
MTBD,CC(C)C(C=C(C(C)C)C=C1C(C)C)=C1C2=C(P(C3CCCCC3)C4CCCCC4)C=CC=C2,FC(C=CC=C1F)=C1C2=CC=NO2,CN1CCCN2C1=NCCC2,IC1=CC=C(C(F)(F)F)C=C1,24.06,Cc1ccc(Nc2ccc(C(F)(F)F)cc2)cc1
MTBD,CC(C)C(C=C(C(C)C)C=C1C(C)C)=C1C2=C(P(C3CCCCC3)C4CCCCC4)C=CC=C2,FC(C=CC=C1F)=C1C2=CC=NO2,CN1CCCN2C1=NCCC2,ClC1=CC=C(OC)C=C1,0.0,COc1ccc(Nc2ccc(C)cc2)cc1
MTBD,CC(C)C(C=C(C(C)C)C=C1C(C)C)=C1C2=C(P(C3CCCCC3)C4CCCCC4)C=CC=C2,FC(C=CC=C1F)=C1C2=CC=NO2,CN1CCCN2C1=NCCC2,BrC1=CC=C(OC)C=C1,2.37,COc1ccc(Nc2ccc(C)cc2)cc1
MTBD,CC(C)C(C=C(C(C)C)C=C1C(C)C)=C1C2=C(P(C3CCCCC3)C4CCCCC4)C=CC=C2,FC(C=CC=C1F)=C1C2=CC=NO2,CN1CCCN2C1=NCCC2,IC1=CC=C(OC)C=C1,5.37,COc1ccc(Nc2ccc(C)cc2)cc1
MTBD,CC(C)C(C=C(C(C)C)C=C1C(C)C)=C1C2=C(P(C3CCCCC3)C4CCCCC4)C=CC=C2,FC(C=CC=C1F)=C1C2=CC=NO2,CN1CCCN2C1=NCCC2,ClC1=CC=C(CC)C=C1,2.07,CCc1ccc(Nc2ccc(C)cc2)cc1
MTBD,CC(C)C(C=C(C(C)C)C=C1C(C)C)=C1C2=C(P(C3CCCCC3)C4CCCCC4)C=CC=C2,FC(C=CC=C1F)=C1C2=CC=NO2,CN1CCCN2C1=NCCC2,BrC1=CC=C(CC)C=C1,9.24,CCc1ccc(Nc2ccc(C)cc2)cc1
MTBD,CC(C)C(C=C(C(C)C)C=C1C(C)C)=C1C2=C(P(C3CCCCC3)C4CCCCC4)C=CC=C2,FC(C=CC=C1F)=C1C2=CC=NO2,CN1CCCN2C1=NCCC2,IC1=CC=C(CC)C=C1,20.36,CCc1ccc(Nc2ccc(C)cc2)cc1
MTBD,CC(C)C(C=C(C(C)C)C=C1C(C)C)=C1C2=C(P(C3CCCCC3)C4CCCCC4)C=CC=C2,FC(C=CC=C1F)=C1C2=CC=NO2,CN1CCCN2C1=NCCC2,ClC1=NC=CC=C1,14.61,Cc1ccc(Nc2ccccn2)cc1
MTBD,CC(C)C(C=C(C(C)C)C=C1C(C)C)=C1C2=C(P(C3CCCCC3)C4CCCCC4)C=CC=C2,FC(C=CC=C1F)=C1C2=CC=NO2,CN1CCCN2C1=NCCC2,BrC1=NC=CC=C1,28.76,Cc1ccc(Nc2ccccn2)cc1
MTBD,CC(C)C(C=C(C(C)C)C=C1C(C)C)=C1C2=C(P(C3CCCCC3)C4CCCCC4)C=CC=C2,FC(C=CC=C1F)=C1C2=CC=NO2,CN1CCCN2C1=NCCC2,IC1=NC=CC=C1,23.21,Cc1ccc(Nc2ccccn2)cc1
MTBD,CC(C)C(C=C(C(C)C)C=C1C(C)C)=C1C2=C(P(C3CCCCC3)C4CCCCC4)C=CC=C2,FC(C=CC=C1F)=C1C2=CC=NO2,CN1CCCN2C1=NCCC2,ClC1=CN=CC=C1,3.34,Cc1ccc(Nc2cccnc2)cc1
MTBD,CC(C)C(C=C(C(C)C)C=C1C(C)C)=C1C2=C(P(C3CCCCC3)C4CCCCC4)C=CC=C2,FC(C=CC=C1F)=C1C2=CC=NO2,CN1CCCN2C1=NCCC2,BrC1=CN=CC=C1,11.08,Cc1ccc(Nc2cccnc2)cc1
MTBD,CC(C)C(C=C(C(C)C)C=C1C(C)C)=C1C2=C(P(C3CCCCC3)C4CCCCC4)C=CC=C2,FC(C=CC=C1F)=C1C2=CC=NO2,CN1CCCN2C1=NCCC2,IC1=CN=CC=C1,16.38,Cc1ccc(Nc2cccnc2)cc1
P2Et,CC(C)C(C=C(C(C)C)C=C1C(C)C)=C1C2=C(P(C3CCCCC3)C4CCCCC4)C=CC=C2,C1(N(CC2=CC=CC=C2)CC3=CC=CC=C3)=CC=NO1,CN(C)P(N(C)C)(N(C)C)=NP(N(C)C)(N(C)C)=NCC,ClC1=CC=C(C(F)(F)F)C=C1,8.6,Cc1ccc(Nc2ccc(C(F)(F)F)cc2)cc1
P2Et,CC(C)C(C=C(C(C)C)C=C1C(C)C)=C1C2=C(P(C3CCCCC3)C4CCCCC4)C=CC=C2,C1(N(CC2=CC=CC=C2)CC3=CC=CC=C3)=CC=NO1,CN(C)P(N(C)C)(N(C)C)=NP(N(C)C)(N(C)C)=NCC,BrC1=CC=C(C(F)(F)F)C=C1,8.07,Cc1ccc(Nc2ccc(C(F)(F)F)cc2)cc1
P2Et,CC(C)C(C=C(C(C)C)C=C1C(C)C)=C1C2=C(P(C3CCCCC3)C4CCCCC4)C=CC=C2,C1(N(CC2=CC=CC=C2)CC3=CC=CC=C3)=CC=NO1,CN(C)P(N(C)C)(N(C)C)=NP(N(C)C)(N(C)C)=NCC,IC1=CC=C(C(F)(F)F)C=C1,8.37,Cc1ccc(Nc2ccc(C(F)(F)F)cc2)cc1
P2Et,CC(C)C(C=C(C(C)C)C=C1C(C)C)=C1C2=C(P(C3CCCCC3)C4CCCCC4)C=CC=C2,C1(N(CC2=CC=CC=C2)CC3=CC=CC=C3)=CC=NO1,CN(C)P(N(C)C)(N(C)C)=NP(N(C)C)(N(C)C)=NCC,ClC1=CC=C(OC)C=C1,2.09,COc1ccc(Nc2ccc(C)cc2)cc1
P2Et,CC(C)C(C=C(C(C)C)C=C1C(C)C)=C1C2=C(P(C3CCCCC3)C4CCCCC4)C=CC=C2,C1(N(CC2=CC=CC=C2)CC3=CC=CC=C3)=CC=NO1,CN(C)P(N(C)C)(N(C)C)=NP(N(C)C)(N(C)C)=NCC,BrC1=CC=C(OC)C=C1,3.9,COc1ccc(Nc2ccc(C)cc2)cc1
P2Et,CC(C)C(C=C(C(C)C)C=C1C(C)C)=C1C2=C(P(C3CCCCC3)C4CCCCC4)C=CC=C2,C1(N(CC2=CC=CC=C2)CC3=CC=CC=C3)=CC=NO1,CN(C)P(N(C)C)(N(C)C)=NP(N(C)C)(N(C)C)=NCC,IC1=CC=C(OC)C=C1,2.82,COc1ccc(Nc2ccc(C)cc2)cc1
P2Et,CC(C)C(C=C(C(C)C)C=C1C(C)C)=C1C2=C(P(C3CCCCC3)C4CCCCC4)C=CC=C2,C1(N(CC2=CC=CC=C2)CC3=CC=CC=C3)=CC=NO1,CN(C)P(N(C)C)(N(C)C)=NP(N(C)C)(N(C)C)=NCC,ClC1=CC=C(CC)C=C1,9.73,CCc1ccc(Nc2ccc(C)cc2)cc1
P2Et,CC(C)C(C=C(C(C)C)C=C1C(C)C)=C1C2=C(P(C3CCCCC3)C4CCCCC4)C=CC=C2,C1(N(CC2=CC=CC=C2)CC3=CC=CC=C3)=CC=NO1,CN(C)P(N(C)C)(N(C)C)=NP(N(C)C)(N(C)C)=NCC,BrC1=CC=C(CC)C=C1,14.02,CCc1ccc(Nc2ccc(C)cc2)cc1
P2Et,CC(C)C(C=C(C(C)C)C=C1C(C)C)=C1C2=C(P(C3CCCCC3)C4CCCCC4)C=CC=C2,C1(N(CC2=CC=CC=C2)CC3=CC=CC=C3)=CC=NO1,CN(C)P(N(C)C)(N(C)C)=NP(N(C)C)(N(C)C)=NCC,IC1=CC=C(CC)C=C1,13.3,CCc1ccc(Nc2ccc(C)cc2)cc1
P2Et,CC(C)C(C=C(C(C)C)C=C1C(C)C)=C1C2=C(P(C3CCCCC3)C4CCCCC4)C=CC=C2,C1(N(CC2=CC=CC=C2)CC3=CC=CC=C3)=CC=NO1,CN(C)P(N(C)C)(N(C)C)=NP(N(C)C)(N(C)C)=NCC,ClC1=NC=CC=C1,11.85,Cc1ccc(Nc2ccccn2)cc1
P2Et,CC(C)C(C=C(C(C)C)C=C1C(C)C)=C1C2=C(P(C3CCCCC3)C4CCCCC4)C=CC=C2,C1(N(CC2=CC=CC=C2)CC3=CC=CC=C3)=CC=NO1,CN(C)P(N(C)C)(N(C)C)=NP(N(C)C)(N(C)C)=NCC,BrC1=NC=CC=C1,12.49,Cc1ccc(Nc2ccccn2)cc1
P2Et,CC(C)C(C=C(C(C)C)C=C1C(C)C)=C1C2=C(P(C3CCCCC3)C4CCCCC4)C=CC=C2,C1(N(CC2=CC=CC=C2)CC3=CC=CC=C3)=CC=NO1,CN(C)P(N(C)C)(N(C)C)=NP(N(C)C)(N(C)C)=NCC,IC1=NC=CC=C1,13.26,Cc1ccc(Nc2ccccn2)cc1
P2Et,CC(C)C(C=C(C(C)C)C=C1C(C)C)=C1C2=C(P(C3CCCCC3)C4CCCCC4)C=CC=C2,C1(N(CC2=CC=CC=C2)CC3=CC=CC=C3)=CC=NO1,CN(C)P(N(C)C)(N(C)C)=NP(N(C)C)(N(C)C)=NCC,ClC1=CN=CC=C1,7.01,Cc1ccc(Nc2cccnc2)cc1
P2Et,CC(C)C(C=C(C(C)C)C=C1C(C)C)=C1C2=C(P(C3CCCCC3)C4CCCCC4)C=CC=C2,C1(N(CC2=CC=CC=C2)CC3=CC=CC=C3)=CC=NO1,CN(C)P(N(C)C)(N(C)C)=NP(N(C)C)(N(C)C)=NCC,BrC1=CN=CC=C1,3.8,Cc1ccc(Nc2cccnc2)cc1
P2Et,CC(C)C(C=C(C(C)C)C=C1C(C)C)=C1C2=C(P(C3CCCCC3)C4CCCCC4)C=CC=C2,C1(N(CC2=CC=CC=C2)CC3=CC=CC=C3)=CC=NO1,CN(C)P(N(C)C)(N(C)C)=NP(N(C)C)(N(C)C)=NCC,IC1=CN=CC=C1,9.34,Cc1ccc(Nc2cccnc2)cc1
BTMG,CC(C)C(C=C(C(C)C)C=C1C(C)C)=C1C2=C(P(C3CCCCC3)C4CCCCC4)C=CC=C2,C1(N(CC2=CC=CC=C2)CC3=CC=CC=C3)=CC=NO1,CC(C)(C)/N=C(N(C)C)/N(C)C,ClC1=CC=C(C(F)(F)F)C=C1,2.83,Cc1ccc(Nc2ccc(C(F)(F)F)cc2)cc1
BTMG,CC(C)C(C=C(C(C)C)C=C1C(C)C)=C1C2=C(P(C3CCCCC3)C4CCCCC4)C=CC=C2,C1(N(CC2=CC=CC=C2)CC3=CC=CC=C3)=CC=NO1,CC(C)(C)/N=C(N(C)C)/N(C)C,BrC1=CC=C(C(F)(F)F)C=C1,11.73,Cc1ccc(Nc2ccc(C(F)(F)F)cc2)cc1
BTMG,CC(C)C(C=C(C(C)C)C=C1C(C)C)=C1C2=C(P(C3CCCCC3)C4CCCCC4)C=CC=C2,C1(N(CC2=CC=CC=C2)CC3=CC=CC=C3)=CC=NO1,CC(C)(C)/N=C(N(C)C)/N(C)C,IC1=CC=C(C(F)(F)F)C=C1,32.01,Cc1ccc(Nc2ccc(C(F)(F)F)cc2)cc1
BTMG,CC(C)C(C=C(C(C)C)C=C1C(C)C)=C1C2=C(P(C3CCCCC3)C4CCCCC4)C=CC=C2,C1(N(CC2=CC=CC=C2)CC3=CC=CC=C3)=CC=NO1,CC(C)(C)/N=C(N(C)C)/N(C)C,ClC1=CC=C(OC)C=C1,0.0,COc1ccc(Nc2ccc(C)cc2)cc1
BTMG,CC(C)C(C=C(C(C)C)C=C1C(C)C)=C1C2=C(P(C3CCCCC3)C4CCCCC4)C=CC=C2,C1(N(CC2=CC=CC=C2)CC3=CC=CC=C3)=CC=NO1,CC(C)(C)/N=C(N(C)C)/N(C)C,BrC1=CC=C(OC)C=C1,0.6,COc1ccc(Nc2ccc(C)cc2)cc1
BTMG,CC(C)C(C=C(C(C)C)C=C1C(C)C)=C1C2=C(P(C3CCCCC3)C4CCCCC4)C=CC=C2,C1(N(CC2=CC=CC=C2)CC3=CC=CC=C3)=CC=NO1,CC(C)(C)/N=C(N(C)C)/N(C)C,IC1=CC=C(OC)C=C1,1.62,COc1ccc(Nc2ccc(C)cc2)cc1
BTMG,CC(C)C(C=C(C(C)C)C=C1C(C)C)=C1C2=C(P(C3CCCCC3)C4CCCCC4)C=CC=C2,C1(N(CC2=CC=CC=C2)CC3=CC=CC=C3)=CC=NO1,CC(C)(C)/N=C(N(C)C)/N(C)C,ClC1=CC=C(CC)C=C1,1.38,CCc1ccc(Nc2ccc(C)cc2)cc1
BTMG,CC(C)C(C=C(C(C)C)C=C1C(C)C)=C1C2=C(P(C3CCCCC3)C4CCCCC4)C=CC=C2,C1(N(CC2=CC=CC=C2)CC3=CC=CC=C3)=CC=NO1,CC(C)(C)/N=C(N(C)C)/N(C)C,BrC1=CC=C(CC)C=C1,5.75,CCc1ccc(Nc2ccc(C)cc2)cc1
BTMG,CC(C)C(C=C(C(C)C)C=C1C(C)C)=C1C2=C(P(C3CCCCC3)C4CCCCC4)C=CC=C2,C1(N(CC2=CC=CC=C2)CC3=CC=CC=C3)=CC=NO1,CC(C)(C)/N=C(N(C)C)/N(C)C,IC1=CC=C(CC)C=C1,15.88,CCc1ccc(Nc2ccc(C)cc2)cc1
BTMG,CC(C)C(C=C(C(C)C)C=C1C(C)C)=C1C2=C(P(C3CCCCC3)C4CCCCC4)C=CC=C2,C1(N(CC2=CC=CC=C2)CC3=CC=CC=C3)=CC=NO1,CC(C)(C)/N=C(N(C)C)/N(C)C,ClC1=NC=CC=C1,15.03,Cc1ccc(Nc2ccccn2)cc1
BTMG,CC(C)C(C=C(C(C)C)C=C1C(C)C)=C1C2=C(P(C3CCCCC3)C4CCCCC4)C=CC=C2,C1(N(CC2=CC=CC=C2)CC3=CC=CC=C3)=CC=NO1,CC(C)(C)/N=C(N(C)C)/N(C)C,BrC1=NC=CC=C1,36.25,Cc1ccc(Nc2ccccn2)cc1
BTMG,CC(C)C(C=C(C(C)C)C=C1C(C)C)=C1C2=C(P(C3CCCCC3)C4CCCCC4)C=CC=C2,C1(N(CC2=CC=CC=C2)CC3=CC=CC=C3)=CC=NO1,CC(C)(C)/N=C(N(C)C)/N(C)C,IC1=NC=CC=C1,40.84,Cc1ccc(Nc2ccccn2)cc1
BTMG,CC(C)C(C=C(C(C)C)C=C1C(C)C)=C1C2=C(P(C3CCCCC3)C4CCCCC4)C=CC=C2,C1(N(CC2=CC=CC=C2)CC3=CC=CC=C3)=CC=NO1,CC(C)(C)/N=C(N(C)C)/N(C)C,ClC1=CN=CC=C1,0.0,Cc1ccc(Nc2cccnc2)cc1
BTMG,CC(C)C(C=C(C(C)C)C=C1C(C)C)=C1C2=C(P(C3CCCCC3)C4CCCCC4)C=CC=C2,C1(N(CC2=CC=CC=C2)CC3=CC=CC=C3)=CC=NO1,CC(C)(C)/N=C(N(C)C)/N(C)C,BrC1=CN=CC=C1,3.38,Cc1ccc(Nc2cccnc2)cc1
BTMG,CC(C)C(C=C(C(C)C)C=C1C(C)C)=C1C2=C(P(C3CCCCC3)C4CCCCC4)C=CC=C2,C1(N(CC2=CC=CC=C2)CC3=CC=CC=C3)=CC=NO1,CC(C)(C)/N=C(N(C)C)/N(C)C,IC1=CN=CC=C1,9.09,Cc1ccc(Nc2cccnc2)cc1
MTBD,CC(C)C(C=C(C(C)C)C=C1C(C)C)=C1C2=C(P(C3CCCCC3)C4CCCCC4)C=CC=C2,C1(N(CC2=CC=CC=C2)CC3=CC=CC=C3)=CC=NO1,CN1CCCN2C1=NCCC2,ClC1=CC=C(C(F)(F)F)C=C1,1.25,Cc1ccc(Nc2ccc(C(F)(F)F)cc2)cc1
MTBD,CC(C)C(C=C(C(C)C)C=C1C(C)C)=C1C2=C(P(C3CCCCC3)C4CCCCC4)C=CC=C2,C1(N(CC2=CC=CC=C2)CC3=CC=CC=C3)=CC=NO1,CN1CCCN2C1=NCCC2,BrC1=CC=C(C(F)(F)F)C=C1,7.59,Cc1ccc(Nc2ccc(C(F)(F)F)cc2)cc1
MTBD,CC(C)C(C=C(C(C)C)C=C1C(C)C)=C1C2=C(P(C3CCCCC3)C4CCCCC4)C=CC=C2,C1(N(CC2=CC=CC=C2)CC3=CC=CC=C3)=CC=NO1,CN1CCCN2C1=NCCC2,IC1=CC=C(C(F)(F)F)C=C1,23.19,Cc1ccc(Nc2ccc(C(F)(F)F)cc2)cc1
MTBD,CC(C)C(C=C(C(C)C)C=C1C(C)C)=C1C2=C(P(C3CCCCC3)C4CCCCC4)C=CC=C2,C1(N(CC2=CC=CC=C2)CC3=CC=CC=C3)=CC=NO1,CN1CCCN2C1=NCCC2,ClC1=CC=C(OC)C=C1,0.0,COc1ccc(Nc2ccc(C)cc2)cc1
MTBD,CC(C)C(C=C(C(C)C)C=C1C(C)C)=C1C2=C(P(C3CCCCC3)C4CCCCC4)C=CC=C2,C1(N(CC2=CC=CC=C2)CC3=CC=CC=C3)=CC=NO1,CN1CCCN2C1=NCCC2,BrC1=CC=C(OC)C=C1,0.0,COc1ccc(Nc2ccc(C)cc2)cc1
MTBD,CC(C)C(C=C(C(C)C)C=C1C(C)C)=C1C2=C(P(C3CCCCC3)C4CCCCC4)C=CC=C2,C1(N(CC2=CC=CC=C2)CC3=CC=CC=C3)=CC=NO1,CN1CCCN2C1=NCCC2,IC1=CC=C(OC)C=C1,0.0,COc1ccc(Nc2ccc(C)cc2)cc1
MTBD,CC(C)C(C=C(C(C)C)C=C1C(C)C)=C1C2=C(P(C3CCCCC3)C4CCCCC4)C=CC=C2,C1(N(CC2=CC=CC=C2)CC3=CC=CC=C3)=CC=NO1,CN1CCCN2C1=NCCC2,ClC1=CC=C(CC)C=C1,0.0,CCc1ccc(Nc2ccc(C)cc2)cc1
MTBD,CC(C)C(C=C(C(C)C)C=C1C(C)C)=C1C2=C(P(C3CCCCC3)C4CCCCC4)C=CC=C2,C1(N(CC2=CC=CC=C2)CC3=CC=CC=C3)=CC=NO1,CN1CCCN2C1=NCCC2,BrC1=CC=C(CC)C=C1,3.3,CCc1ccc(Nc2ccc(C)cc2)cc1
MTBD,CC(C)C(C=C(C(C)C)C=C1C(C)C)=C1C2=C(P(C3CCCCC3)C4CCCCC4)C=CC=C2,C1(N(CC2=CC=CC=C2)CC3=CC=CC=C3)=CC=NO1,CN1CCCN2C1=NCCC2,IC1=CC=C(CC)C=C1,4.97,CCc1ccc(Nc2ccc(C)cc2)cc1
MTBD,CC(C)C(C=C(C(C)C)C=C1C(C)C)=C1C2=C(P(C3CCCCC3)C4CCCCC4)C=CC=C2,C1(N(CC2=CC=CC=C2)CC3=CC=CC=C3)=CC=NO1,CN1CCCN2C1=NCCC2,ClC1=NC=CC=C1,11.65,Cc1ccc(Nc2ccccn2)cc1
MTBD,CC(C)C(C=C(C(C)C)C=C1C(C)C)=C1C2=C(P(C3CCCCC3)C4CCCCC4)C=CC=C2,C1(N(CC2=CC=CC=C2)CC3=CC=CC=C3)=CC=NO1,CN1CCCN2C1=NCCC2,BrC1=NC=CC=C1,23.14,Cc1ccc(Nc2ccccn2)cc1
MTBD,CC(C)C(C=C(C(C)C)C=C1C(C)C)=C1C2=C(P(C3CCCCC3)C4CCCCC4)C=CC=C2,C1(N(CC2=CC=CC=C2)CC3=CC=CC=C3)=CC=NO1,CN1CCCN2C1=NCCC2,IC1=NC=CC=C1,30.73,Cc1ccc(Nc2ccccn2)cc1
MTBD,CC(C)C(C=C(C(C)C)C=C1C(C)C)=C1C2=C(P(C3CCCCC3)C4CCCCC4)C=CC=C2,C1(N(CC2=CC=CC=C2)CC3=CC=CC=C3)=CC=NO1,CN1CCCN2C1=NCCC2,ClC1=CN=CC=C1,0.0,Cc1ccc(Nc2cccnc2)cc1
MTBD,CC(C)C(C=C(C(C)C)C=C1C(C)C)=C1C2=C(P(C3CCCCC3)C4CCCCC4)C=CC=C2,C1(N(CC2=CC=CC=C2)CC3=CC=CC=C3)=CC=NO1,CN1CCCN2C1=NCCC2,BrC1=CN=CC=C1,0.0,Cc1ccc(Nc2cccnc2)cc1
MTBD,CC(C)C(C=C(C(C)C)C=C1C(C)C)=C1C2=C(P(C3CCCCC3)C4CCCCC4)C=CC=C2,C1(N(CC2=CC=CC=C2)CC3=CC=CC=C3)=CC=NO1,CN1CCCN2C1=NCCC2,IC1=CN=CC=C1,0.0,Cc1ccc(Nc2cccnc2)cc1
P2Et,CC(C)C(C=C(C(C)C)C=C1C(C)C)=C1C2=C(P(C3CCCCC3)C4CCCCC4)C=CC=C2,CC1=CC(N2C=CC=C2)=NO1,CN(C)P(N(C)C)(N(C)C)=NP(N(C)C)(N(C)C)=NCC,ClC1=CC=C(C(F)(F)F)C=C1,25.79,Cc1ccc(Nc2ccc(C(F)(F)F)cc2)cc1
P2Et,CC(C)C(C=C(C(C)C)C=C1C(C)C)=C1C2=C(P(C3CCCCC3)C4CCCCC4)C=CC=C2,CC1=CC(N2C=CC=C2)=NO1,CN(C)P(N(C)C)(N(C)C)=NP(N(C)C)(N(C)C)=NCC,BrC1=CC=C(C(F)(F)F)C=C1,21.19,Cc1ccc(Nc2ccc(C(F)(F)F)cc2)cc1
P2Et,CC(C)C(C=C(C(C)C)C=C1C(C)C)=C1C2=C(P(C3CCCCC3)C4CCCCC4)C=CC=C2,CC1=CC(N2C=CC=C2)=NO1,CN(C)P(N(C)C)(N(C)C)=NP(N(C)C)(N(C)C)=NCC,IC1=CC=C(C(F)(F)F)C=C1,41.01,Cc1ccc(Nc2ccc(C(F)(F)F)cc2)cc1
P2Et,CC(C)C(C=C(C(C)C)C=C1C(C)C)=C1C2=C(P(C3CCCCC3)C4CCCCC4)C=CC=C2,CC1=CC(N2C=CC=C2)=NO1,CN(C)P(N(C)C)(N(C)C)=NP(N(C)C)(N(C)C)=NCC,ClC1=CC=C(OC)C=C1,1.43,COc1ccc(Nc2ccc(C)cc2)cc1
P2Et,CC(C)C(C=C(C(C)C)C=C1C(C)C)=C1C2=C(P(C3CCCCC3)C4CCCCC4)C=CC=C2,CC1=CC(N2C=CC=C2)=NO1,CN(C)P(N(C)C)(N(C)C)=NP(N(C)C)(N(C)C)=NCC,BrC1=CC=C(OC)C=C1,41.23,COc1ccc(Nc2ccc(C)cc2)cc1
P2Et,CC(C)C(C=C(C(C)C)C=C1C(C)C)=C1C2=C(P(C3CCCCC3)C4CCCCC4)C=CC=C2,CC1=CC(N2C=CC=C2)=NO1,CN(C)P(N(C)C)(N(C)C)=NP(N(C)C)(N(C)C)=NCC,IC1=CC=C(OC)C=C1,47.38,COc1ccc(Nc2ccc(C)cc2)cc1
P2Et,CC(C)C(C=C(C(C)C)C=C1C(C)C)=C1C2=C(P(C3CCCCC3)C4CCCCC4)C=CC=C2,CC1=CC(N2C=CC=C2)=NO1,CN(C)P(N(C)C)(N(C)C)=NP(N(C)C)(N(C)C)=NCC,ClC1=CC=C(CC)C=C1,11.25,CCc1ccc(Nc2ccc(C)cc2)cc1
P2Et,CC(C)C(C=C(C(C)C)C=C1C(C)C)=C1C2=C(P(C3CCCCC3)C4CCCCC4)C=CC=C2,CC1=CC(N2C=CC=C2)=NO1,CN(C)P(N(C)C)(N(C)C)=NP(N(C)C)(N(C)C)=NCC,BrC1=CC=C(CC)C=C1,66.85,CCc1ccc(Nc2ccc(C)cc2)cc1
P2Et,CC(C)C(C=C(C(C)C)C=C1C(C)C)=C1C2=C(P(C3CCCCC3)C4CCCCC4)C=CC=C2,CC1=CC(N2C=CC=C2)=NO1,CN(C)P(N(C)C)(N(C)C)=NP(N(C)C)(N(C)C)=NCC,IC1=CC=C(CC)C=C1,67.7,CCc1ccc(Nc2ccc(C)cc2)cc1
P2Et,CC(C)C(C=C(C(C)C)C=C1C(C)C)=C1C2=C(P(C3CCCCC3)C4CCCCC4)C=CC=C2,CC1=CC(N2C=CC=C2)=NO1,CN(C)P(N(C)C)(N(C)C)=NP(N(C)C)(N(C)C)=NCC,ClC1=NC=CC=C1,18.58,Cc1ccc(Nc2ccccn2)cc1
P2Et,CC(C)C(C=C(C(C)C)C=C1C(C)C)=C1C2=C(P(C3CCCCC3)C4CCCCC4)C=CC=C2,CC1=CC(N2C=CC=C2)=NO1,CN(C)P(N(C)C)(N(C)C)=NP(N(C)C)(N(C)C)=NCC,BrC1=NC=CC=C1,22.2,Cc1ccc(Nc2ccccn2)cc1
P2Et,CC(C)C(C=C(C(C)C)C=C1C(C)C)=C1C2=C(P(C3CCCCC3)C4CCCCC4)C=CC=C2,CC1=CC(N2C=CC=C2)=NO1,CN(C)P(N(C)C)(N(C)C)=NP(N(C)C)(N(C)C)=NCC,IC1=NC=CC=C1,22.36,Cc1ccc(Nc2ccccn2)cc1
P2Et,CC(C)C(C=C(C(C)C)C=C1C(C)C)=C1C2=C(P(C3CCCCC3)C4CCCCC4)C=CC=C2,CC1=CC(N2C=CC=C2)=NO1,CN(C)P(N(C)C)(N(C)C)=NP(N(C)C)(N(C)C)=NCC,ClC1=CN=CC=C1,38.75,Cc1ccc(Nc2cccnc2)cc1
P2Et,CC(C)C(C=C(C(C)C)C=C1C(C)C)=C1C2=C(P(C3CCCCC3)C4CCCCC4)C=CC=C2,CC1=CC(N2C=CC=C2)=NO1,CN(C)P(N(C)C)(N(C)C)=NP(N(C)C)(N(C)C)=NCC,BrC1=CN=CC=C1,24.97,Cc1ccc(Nc2cccnc2)cc1
P2Et,CC(C)C(C=C(C(C)C)C=C1C(C)C)=C1C2=C(P(C3CCCCC3)C4CCCCC4)C=CC=C2,CC1=CC(N2C=CC=C2)=NO1,CN(C)P(N(C)C)(N(C)C)=NP(N(C)C)(N(C)C)=NCC,IC1=CN=CC=C1,75.12,Cc1ccc(Nc2cccnc2)cc1
BTMG,CC(C)C(C=C(C(C)C)C=C1C(C)C)=C1C2=C(P(C3CCCCC3)C4CCCCC4)C=CC=C2,CC1=CC(N2C=CC=C2)=NO1,CC(C)(C)/N=C(N(C)C)/N(C)C,ClC1=CC=C(C(F)(F)F)C=C1,19.42,Cc1ccc(Nc2ccc(C(F)(F)F)cc2)cc1
BTMG,CC(C)C(C=C(C(C)C)C=C1C(C)C)=C1C2=C(P(C3CCCCC3)C4CCCCC4)C=CC=C2,CC1=CC(N2C=CC=C2)=NO1,CC(C)(C)/N=C(N(C)C)/N(C)C,BrC1=CC=C(C(F)(F)F)C=C1,32.08,Cc1ccc(Nc2ccc(C(F)(F)F)cc2)cc1
BTMG,CC(C)C(C=C(C(C)C)C=C1C(C)C)=C1C2=C(P(C3CCCCC3)C4CCCCC4)C=CC=C2,CC1=CC(N2C=CC=C2)=NO1,CC(C)(C)/N=C(N(C)C)/N(C)C,IC1=CC=C(C(F)(F)F)C=C1,34.52,Cc1ccc(Nc2ccc(C(F)(F)F)cc2)cc1
BTMG,CC(C)C(C=C(C(C)C)C=C1C(C)C)=C1C2=C(P(C3CCCCC3)C4CCCCC4)C=CC=C2,CC1=CC(N2C=CC=C2)=NO1,CC(C)(C)/N=C(N(C)C)/N(C)C,ClC1=CC=C(OC)C=C1,2.07,COc1ccc(Nc2ccc(C)cc2)cc1
BTMG,CC(C)C(C=C(C(C)C)C=C1C(C)C)=C1C2=C(P(C3CCCCC3)C4CCCCC4)C=CC=C2,CC1=CC(N2C=CC=C2)=NO1,CC(C)(C)/N=C(N(C)C)/N(C)C,BrC1=CC=C(OC)C=C1,14.42,COc1ccc(Nc2ccc(C)cc2)cc1
BTMG,CC(C)C(C=C(C(C)C)C=C1C(C)C)=C1C2=C(P(C3CCCCC3)C4CCCCC4)C=CC=C2,CC1=CC(N2C=CC=C2)=NO1,CC(C)(C)/N=C(N(C)C)/N(C)C,IC1=CC=C(OC)C=C1,22.93,COc1ccc(Nc2ccc(C)cc2)cc1
BTMG,CC(C)C(C=C(C(C)C)C=C1C(C)C)=C1C2=C(P(C3CCCCC3)C4CCCCC4)C=CC=C2,CC1=CC(N2C=CC=C2)=NO1,CC(C)(C)/N=C(N(C)C)/N(C)C,ClC1=CC=C(CC)C=C1,5.82,CCc1ccc(Nc2ccc(C)cc2)cc1
BTMG,CC(C)C(C=C(C(C)C)C=C1C(C)C)=C1C2=C(P(C3CCCCC3)C4CCCCC4)C=CC=C2,CC1=CC(N2C=CC=C2)=NO1,CC(C)(C)/N=C(N(C)C)/N(C)C,BrC1=CC=C(CC)C=C1,33.79,CCc1ccc(Nc2ccc(C)cc2)cc1
BTMG,CC(C)C(C=C(C(C)C)C=C1C(C)C)=C1C2=C(P(C3CCCCC3)C4CCCCC4)C=CC=C2,CC1=CC(N2C=CC=C2)=NO1,CC(C)(C)/N=C(N(C)C)/N(C)C,IC1=CC=C(CC)C=C1,37.4,CCc1ccc(Nc2ccc(C)cc2)cc1
BTMG,CC(C)C(C=C(C(C)C)C=C1C(C)C)=C1C2=C(P(C3CCCCC3)C4CCCCC4)C=CC=C2,CC1=CC(N2C=CC=C2)=NO1,CC(C)(C)/N=C(N(C)C)/N(C)C,ClC1=NC=CC=C1,26.66,Cc1ccc(Nc2ccccn2)cc1
BTMG,CC(C)C(C=C(C(C)C)C=C1C(C)C)=C1C2=C(P(C3CCCCC3)C4CCCCC4)C=CC=C2,CC1=CC(N2C=CC=C2)=NO1,CC(C)(C)/N=C(N(C)C)/N(C)C,BrC1=NC=CC=C1,44.3,Cc1ccc(Nc2ccccn2)cc1
BTMG,CC(C)C(C=C(C(C)C)C=C1C(C)C)=C1C2=C(P(C3CCCCC3)C4CCCCC4)C=CC=C2,CC1=CC(N2C=CC=C2)=NO1,CC(C)(C)/N=C(N(C)C)/N(C)C,IC1=NC=CC=C1,44.76,Cc1ccc(Nc2ccccn2)cc1
BTMG,CC(C)C(C=C(C(C)C)C=C1C(C)C)=C1C2=C(P(C3CCCCC3)C4CCCCC4)C=CC=C2,CC1=CC(N2C=CC=C2)=NO1,CC(C)(C)/N=C(N(C)C)/N(C)C,ClC1=CN=CC=C1,12.64,Cc1ccc(Nc2cccnc2)cc1
BTMG,CC(C)C(C=C(C(C)C)C=C1C(C)C)=C1C2=C(P(C3CCCCC3)C4CCCCC4)C=CC=C2,CC1=CC(N2C=CC=C2)=NO1,CC(C)(C)/N=C(N(C)C)/N(C)C,BrC1=CN=CC=C1,32.89,Cc1ccc(Nc2cccnc2)cc1
BTMG,CC(C)C(C=C(C(C)C)C=C1C(C)C)=C1C2=C(P(C3CCCCC3)C4CCCCC4)C=CC=C2,CC1=CC(N2C=CC=C2)=NO1,CC(C)(C)/N=C(N(C)C)/N(C)C,IC1=CN=CC=C1,41.0,Cc1ccc(Nc2cccnc2)cc1
MTBD,CC(C)C(C=C(C(C)C)C=C1C(C)C)=C1C2=C(P(C3CCCCC3)C4CCCCC4)C=CC=C2,CC1=CC(N2C=CC=C2)=NO1,CN1CCCN2C1=NCCC2,ClC1=CC=C(C(F)(F)F)C=C1,19.39,Cc1ccc(Nc2ccc(C(F)(F)F)cc2)cc1
MTBD,CC(C)C(C=C(C(C)C)C=C1C(C)C)=C1C2=C(P(C3CCCCC3)C4CCCCC4)C=CC=C2,CC1=CC(N2C=CC=C2)=NO1,CN1CCCN2C1=NCCC2,BrC1=CC=C(C(F)(F)F)C=C1,31.16,Cc1ccc(Nc2ccc(C(F)(F)F)cc2)cc1
MTBD,CC(C)C(C=C(C(C)C)C=C1C(C)C)=C1C2=C(P(C3CCCCC3)C4CCCCC4)C=CC=C2,CC1=CC(N2C=CC=C2)=NO1,CN1CCCN2C1=NCCC2,IC1=CC=C(C(F)(F)F)C=C1,38.75,Cc1ccc(Nc2ccc(C(F)(F)F)cc2)cc1
MTBD,CC(C)C(C=C(C(C)C)C=C1C(C)C)=C1C2=C(P(C3CCCCC3)C4CCCCC4)C=CC=C2,CC1=CC(N2C=CC=C2)=NO1,CN1CCCN2C1=NCCC2,ClC1=CC=C(OC)C=C1,1.8,COc1ccc(Nc2ccc(C)cc2)cc1
MTBD,CC(C)C(C=C(C(C)C)C=C1C(C)C)=C1C2=C(P(C3CCCCC3)C4CCCCC4)C=CC=C2,CC1=CC(N2C=CC=C2)=NO1,CN1CCCN2C1=NCCC2,BrC1=CC=C(OC)C=C1,9.51,COc1ccc(Nc2ccc(C)cc2)cc1
MTBD,CC(C)C(C=C(C(C)C)C=C1C(C)C)=C1C2=C(P(C3CCCCC3)C4CCCCC4)C=CC=C2,CC1=CC(N2C=CC=C2)=NO1,CN1CCCN2C1=NCCC2,IC1=CC=C(OC)C=C1,17.34,COc1ccc(Nc2ccc(C)cc2)cc1
MTBD,CC(C)C(C=C(C(C)C)C=C1C(C)C)=C1C2=C(P(C3CCCCC3)C4CCCCC4)C=CC=C2,CC1=CC(N2C=CC=C2)=NO1,CN1CCCN2C1=NCCC2,ClC1=CC=C(CC)C=C1,5.24,CCc1ccc(Nc2ccc(C)cc2)cc1
MTBD,CC(C)C(C=C(C(C)C)C=C1C(C)C)=C1C2=C(P(C3CCCCC3)C4CCCCC4)C=CC=C2,CC1=CC(N2C=CC=C2)=NO1,CN1CCCN2C1=NCCC2,BrC1=CC=C(CC)C=C1,28.74,CCc1ccc(Nc2ccc(C)cc2)cc1
MTBD,CC(C)C(C=C(C(C)C)C=C1C(C)C)=C1C2=C(P(C3CCCCC3)C4CCCCC4)C=CC=C2,CC1=CC(N2C=CC=C2)=NO1,CN1CCCN2C1=NCCC2,IC1=CC=C(CC)C=C1,53.89,CCc1ccc(Nc2ccc(C)cc2)cc1
MTBD,CC(C)C(C=C(C(C)C)C=C1C(C)C)=C1C2=C(P(C3CCCCC3)C4CCCCC4)C=CC=C2,CC1=CC(N2C=CC=C2)=NO1,CN1CCCN2C1=NCCC2,ClC1=NC=CC=C1,27.33,Cc1ccc(Nc2ccccn2)cc1
MTBD,CC(C)C(C=C(C(C)C)C=C1C(C)C)=C1C2=C(P(C3CCCCC3)C4CCCCC4)C=CC=C2,CC1=CC(N2C=CC=C2)=NO1,CN1CCCN2C1=NCCC2,BrC1=NC=CC=C1,52.36,Cc1ccc(Nc2ccccn2)cc1
MTBD,CC(C)C(C=C(C(C)C)C=C1C(C)C)=C1C2=C(P(C3CCCCC3)C4CCCCC4)C=CC=C2,CC1=CC(N2C=CC=C2)=NO1,CN1CCCN2C1=NCCC2,IC1=NC=CC=C1,62.64,Cc1ccc(Nc2ccccn2)cc1
MTBD,CC(C)C(C=C(C(C)C)C=C1C(C)C)=C1C2=C(P(C3CCCCC3)C4CCCCC4)C=CC=C2,CC1=CC(N2C=CC=C2)=NO1,CN1CCCN2C1=NCCC2,ClC1=CN=CC=C1,7.71,Cc1ccc(Nc2cccnc2)cc1
MTBD,CC(C)C(C=C(C(C)C)C=C1C(C)C)=C1C2=C(P(C3CCCCC3)C4CCCCC4)C=CC=C2,CC1=CC(N2C=CC=C2)=NO1,CN1CCCN2C1=NCCC2,BrC1=CN=CC=C1,25.62,Cc1ccc(Nc2cccnc2)cc1
MTBD,CC(C)C(C=C(C(C)C)C=C1C(C)C)=C1C2=C(P(C3CCCCC3)C4CCCCC4)C=CC=C2,CC1=CC(N2C=CC=C2)=NO1,CN1CCCN2C1=NCCC2,IC1=CN=CC=C1,43.31,Cc1ccc(Nc2cccnc2)cc1
P2Et,CC(C)C(C=C(C(C)C)C=C1C(C)C)=C1C2=C(P(C3CCCCC3)C4CCCCC4)C=CC=C2,O=C(OC)C1=NOC(C2=CC=CS2)=C1,CN(C)P(N(C)C)(N(C)C)=NP(N(C)C)(N(C)C)=NCC,ClC1=CC=C(C(F)(F)F)C=C1,6.7,Cc1ccc(Nc2ccc(C(F)(F)F)cc2)cc1
P2Et,CC(C)C(C=C(C(C)C)C=C1C(C)C)=C1C2=C(P(C3CCCCC3)C4CCCCC4)C=CC=C2,O=C(OC)C1=NOC(C2=CC=CS2)=C1,CN(C)P(N(C)C)(N(C)C)=NP(N(C)C)(N(C)C)=NCC,BrC1=CC=C(C(F)(F)F)C=C1,15.72,Cc1ccc(Nc2ccc(C(F)(F)F)cc2)cc1
P2Et,CC(C)C(C=C(C(C)C)C=C1C(C)C)=C1C2=C(P(C3CCCCC3)C4CCCCC4)C=CC=C2,O=C(OC)C1=NOC(C2=CC=CS2)=C1,CN(C)P(N(C)C)(N(C)C)=NP(N(C)C)(N(C)C)=NCC,IC1=CC=C(C(F)(F)F)C=C1,32.04,Cc1ccc(Nc2ccc(C(F)(F)F)cc2)cc1
P2Et,CC(C)C(C=C(C(C)C)C=C1C(C)C)=C1C2=C(P(C3CCCCC3)C4CCCCC4)C=CC=C2,O=C(OC)C1=NOC(C2=CC=CS2)=C1,CN(C)P(N(C)C)(N(C)C)=NP(N(C)C)(N(C)C)=NCC,ClC1=CC=C(OC)C=C1,0.0,COc1ccc(Nc2ccc(C)cc2)cc1
P2Et,CC(C)C(C=C(C(C)C)C=C1C(C)C)=C1C2=C(P(C3CCCCC3)C4CCCCC4)C=CC=C2,O=C(OC)C1=NOC(C2=CC=CS2)=C1,CN(C)P(N(C)C)(N(C)C)=NP(N(C)C)(N(C)C)=NCC,BrC1=CC=C(OC)C=C1,5.53,COc1ccc(Nc2ccc(C)cc2)cc1
P2Et,CC(C)C(C=C(C(C)C)C=C1C(C)C)=C1C2=C(P(C3CCCCC3)C4CCCCC4)C=CC=C2,O=C(OC)C1=NOC(C2=CC=CS2)=C1,CN(C)P(N(C)C)(N(C)C)=NP(N(C)C)(N(C)C)=NCC,IC1=CC=C(OC)C=C1,6.84,COc1ccc(Nc2ccc(C)cc2)cc1
P2Et,CC(C)C(C=C(C(C)C)C=C1C(C)C)=C1C2=C(P(C3CCCCC3)C4CCCCC4)C=CC=C2,O=C(OC)C1=NOC(C2=CC=CS2)=C1,CN(C)P(N(C)C)(N(C)C)=NP(N(C)C)(N(C)C)=NCC,ClC1=CC=C(CC)C=C1,0.57,CCc1ccc(Nc2ccc(C)cc2)cc1
P2Et,CC(C)C(C=C(C(C)C)C=C1C(C)C)=C1C2=C(P(C3CCCCC3)C4CCCCC4)C=CC=C2,O=C(OC)C1=NOC(C2=CC=CS2)=C1,CN(C)P(N(C)C)(N(C)C)=NP(N(C)C)(N(C)C)=NCC,BrC1=CC=C(CC)C=C1,22.16,CCc1ccc(Nc2ccc(C)cc2)cc1
P2Et,CC(C)C(C=C(C(C)C)C=C1C(C)C)=C1C2=C(P(C3CCCCC3)C4CCCCC4)C=CC=C2,O=C(OC)C1=NOC(C2=CC=CS2)=C1,CN(C)P(N(C)C)(N(C)C)=NP(N(C)C)(N(C)C)=NCC,IC1=CC=C(CC)C=C1,31.42,CCc1ccc(Nc2ccc(C)cc2)cc1
P2Et,CC(C)C(C=C(C(C)C)C=C1C(C)C)=C1C2=C(P(C3CCCCC3)C4CCCCC4)C=CC=C2,O=C(OC)C1=NOC(C2=CC=CS2)=C1,CN(C)P(N(C)C)(N(C)C)=NP(N(C)C)(N(C)C)=NCC,ClC1=NC=CC=C1,22.29,Cc1ccc(Nc2ccccn2)cc1
P2Et,CC(C)C(C=C(C(C)C)C=C1C(C)C)=C1C2=C(P(C3CCCCC3)C4CCCCC4)C=CC=C2,O=C(OC)C1=NOC(C2=CC=CS2)=C1,CN(C)P(N(C)C)(N(C)C)=NP(N(C)C)(N(C)C)=NCC,BrC1=NC=CC=C1,31.23,Cc1ccc(Nc2ccccn2)cc1
P2Et,CC(C)C(C=C(C(C)C)C=C1C(C)C)=C1C2=C(P(C3CCCCC3)C4CCCCC4)C=CC=C2,O=C(OC)C1=NOC(C2=CC=CS2)=C1,CN(C)P(N(C)C)(N(C)C)=NP(N(C)C)(N(C)C)=NCC,IC1=NC=CC=C1,31.18,Cc1ccc(Nc2ccccn2)cc1
P2Et,CC(C)C(C=C(C(C)C)C=C1C(C)C)=C1C2=C(P(C3CCCCC3)C4CCCCC4)C=CC=C2,O=C(OC)C1=NOC(C2=CC=CS2)=C1,CN(C)P(N(C)C)(N(C)C)=NP(N(C)C)(N(C)C)=NCC,ClC1=CN=CC=C1,3.04,Cc1ccc(Nc2cccnc2)cc1
P2Et,CC(C)C(C=C(C(C)C)C=C1C(C)C)=C1C2=C(P(C3CCCCC3)C4CCCCC4)C=CC=C2,O=C(OC)C1=NOC(C2=CC=CS2)=C1,CN(C)P(N(C)C)(N(C)C)=NP(N(C)C)(N(C)C)=NCC,BrC1=CN=CC=C1,13.64,Cc1ccc(Nc2cccnc2)cc1
P2Et,CC(C)C(C=C(C(C)C)C=C1C(C)C)=C1C2=C(P(C3CCCCC3)C4CCCCC4)C=CC=C2,O=C(OC)C1=NOC(C2=CC=CS2)=C1,CN(C)P(N(C)C)(N(C)C)=NP(N(C)C)(N(C)C)=NCC,IC1=CN=CC=C1,21.33,Cc1ccc(Nc2cccnc2)cc1
BTMG,CC(C)C(C=C(C(C)C)C=C1C(C)C)=C1C2=C(P(C3CCCCC3)C4CCCCC4)C=CC=C2,O=C(OC)C1=NOC(C2=CC=CS2)=C1,CC(C)(C)/N=C(N(C)C)/N(C)C,ClC1=CC=C(C(F)(F)F)C=C1,10.49,Cc1ccc(Nc2ccc(C(F)(F)F)cc2)cc1
BTMG,CC(C)C(C=C(C(C)C)C=C1C(C)C)=C1C2=C(P(C3CCCCC3)C4CCCCC4)C=CC=C2,O=C(OC)C1=NOC(C2=CC=CS2)=C1,CC(C)(C)/N=C(N(C)C)/N(C)C,BrC1=CC=C(C(F)(F)F)C=C1,26.3,Cc1ccc(Nc2ccc(C(F)(F)F)cc2)cc1
BTMG,CC(C)C(C=C(C(C)C)C=C1C(C)C)=C1C2=C(P(C3CCCCC3)C4CCCCC4)C=CC=C2,O=C(OC)C1=NOC(C2=CC=CS2)=C1,CC(C)(C)/N=C(N(C)C)/N(C)C,IC1=CC=C(C(F)(F)F)C=C1,23.69,Cc1ccc(Nc2ccc(C(F)(F)F)cc2)cc1
BTMG,CC(C)C(C=C(C(C)C)C=C1C(C)C)=C1C2=C(P(C3CCCCC3)C4CCCCC4)C=CC=C2,O=C(OC)C1=NOC(C2=CC=CS2)=C1,CC(C)(C)/N=C(N(C)C)/N(C)C,ClC1=CC=C(OC)C=C1,0.0,COc1ccc(Nc2ccc(C)cc2)cc1
BTMG,CC(C)C(C=C(C(C)C)C=C1C(C)C)=C1C2=C(P(C3CCCCC3)C4CCCCC4)C=CC=C2,O=C(OC)C1=NOC(C2=CC=CS2)=C1,CC(C)(C)/N=C(N(C)C)/N(C)C,BrC1=CC=C(OC)C=C1,6.73,COc1ccc(Nc2ccc(C)cc2)cc1
BTMG,CC(C)C(C=C(C(C)C)C=C1C(C)C)=C1C2=C(P(C3CCCCC3)C4CCCCC4)C=CC=C2,O=C(OC)C1=NOC(C2=CC=CS2)=C1,CC(C)(C)/N=C(N(C)C)/N(C)C,IC1=CC=C(OC)C=C1,13.42,COc1ccc(Nc2ccc(C)cc2)cc1
BTMG,CC(C)C(C=C(C(C)C)C=C1C(C)C)=C1C2=C(P(C3CCCCC3)C4CCCCC4)C=CC=C2,O=C(OC)C1=NOC(C2=CC=CS2)=C1,CC(C)(C)/N=C(N(C)C)/N(C)C,ClC1=CC=C(CC)C=C1,1.04,CCc1ccc(Nc2ccc(C)cc2)cc1
BTMG,CC(C)C(C=C(C(C)C)C=C1C(C)C)=C1C2=C(P(C3CCCCC3)C4CCCCC4)C=CC=C2,O=C(OC)C1=NOC(C2=CC=CS2)=C1,CC(C)(C)/N=C(N(C)C)/N(C)C,BrC1=CC=C(CC)C=C1,23.0,CCc1ccc(Nc2ccc(C)cc2)cc1
BTMG,CC(C)C(C=C(C(C)C)C=C1C(C)C)=C1C2=C(P(C3CCCCC3)C4CCCCC4)C=CC=C2,O=C(OC)C1=NOC(C2=CC=CS2)=C1,CC(C)(C)/N=C(N(C)C)/N(C)C,IC1=CC=C(CC)C=C1,37.02,CCc1ccc(Nc2ccc(C)cc2)cc1
BTMG,CC(C)C(C=C(C(C)C)C=C1C(C)C)=C1C2=C(P(C3CCCCC3)C4CCCCC4)C=CC=C2,O=C(OC)C1=NOC(C2=CC=CS2)=C1,CC(C)(C)/N=C(N(C)C)/N(C)C,ClC1=NC=CC=C1,22.7,Cc1ccc(Nc2ccccn2)cc1
BTMG,CC(C)C(C=C(C(C)C)C=C1C(C)C)=C1C2=C(P(C3CCCCC3)C4CCCCC4)C=CC=C2,O=C(OC)C1=NOC(C2=CC=CS2)=C1,CC(C)(C)/N=C(N(C)C)/N(C)C,BrC1=NC=CC=C1,37.46,Cc1ccc(Nc2ccccn2)cc1
BTMG,CC(C)C(C=C(C(C)C)C=C1C(C)C)=C1C2=C(P(C3CCCCC3)C4CCCCC4)C=CC=C2,O=C(OC)C1=NOC(C2=CC=CS2)=C1,CC(C)(C)/N=C(N(C)C)/N(C)C,IC1=NC=CC=C1,39.39,Cc1ccc(Nc2ccccn2)cc1
BTMG,CC(C)C(C=C(C(C)C)C=C1C(C)C)=C1C2=C(P(C3CCCCC3)C4CCCCC4)C=CC=C2,O=C(OC)C1=NOC(C2=CC=CS2)=C1,CC(C)(C)/N=C(N(C)C)/N(C)C,ClC1=CN=CC=C1,4.58,Cc1ccc(Nc2cccnc2)cc1
BTMG,CC(C)C(C=C(C(C)C)C=C1C(C)C)=C1C2=C(P(C3CCCCC3)C4CCCCC4)C=CC=C2,O=C(OC)C1=NOC(C2=CC=CS2)=C1,CC(C)(C)/N=C(N(C)C)/N(C)C,BrC1=CN=CC=C1,22.71,Cc1ccc(Nc2cccnc2)cc1
BTMG,CC(C)C(C=C(C(C)C)C=C1C(C)C)=C1C2=C(P(C3CCCCC3)C4CCCCC4)C=CC=C2,O=C(OC)C1=NOC(C2=CC=CS2)=C1,CC(C)(C)/N=C(N(C)C)/N(C)C,IC1=CN=CC=C1,33.32,Cc1ccc(Nc2cccnc2)cc1
MTBD,CC(C)C(C=C(C(C)C)C=C1C(C)C)=C1C2=C(P(C3CCCCC3)C4CCCCC4)C=CC=C2,O=C(OC)C1=NOC(C2=CC=CS2)=C1,CN1CCCN2C1=NCCC2,ClC1=CC=C(C(F)(F)F)C=C1,7.34,Cc1ccc(Nc2ccc(C(F)(F)F)cc2)cc1
MTBD,CC(C)C(C=C(C(C)C)C=C1C(C)C)=C1C2=C(P(C3CCCCC3)C4CCCCC4)C=CC=C2,O=C(OC)C1=NOC(C2=CC=CS2)=C1,CN1CCCN2C1=NCCC2,BrC1=CC=C(C(F)(F)F)C=C1,26.03,Cc1ccc(Nc2ccc(C(F)(F)F)cc2)cc1
MTBD,CC(C)C(C=C(C(C)C)C=C1C(C)C)=C1C2=C(P(C3CCCCC3)C4CCCCC4)C=CC=C2,O=C(OC)C1=NOC(C2=CC=CS2)=C1,CN1CCCN2C1=NCCC2,IC1=CC=C(C(F)(F)F)C=C1,36.25,Cc1ccc(Nc2ccc(C(F)(F)F)cc2)cc1
MTBD,CC(C)C(C=C(C(C)C)C=C1C(C)C)=C1C2=C(P(C3CCCCC3)C4CCCCC4)C=CC=C2,O=C(OC)C1=NOC(C2=CC=CS2)=C1,CN1CCCN2C1=NCCC2,ClC1=CC=C(OC)C=C1,0.0,COc1ccc(Nc2ccc(C)cc2)cc1
MTBD,CC(C)C(C=C(C(C)C)C=C1C(C)C)=C1C2=C(P(C3CCCCC3)C4CCCCC4)C=CC=C2,O=C(OC)C1=NOC(C2=CC=CS2)=C1,CN1CCCN2C1=NCCC2,BrC1=CC=C(OC)C=C1,4.19,COc1ccc(Nc2ccc(C)cc2)cc1
MTBD,CC(C)C(C=C(C(C)C)C=C1C(C)C)=C1C2=C(P(C3CCCCC3)C4CCCCC4)C=CC=C2,O=C(OC)C1=NOC(C2=CC=CS2)=C1,CN1CCCN2C1=NCCC2,IC1=CC=C(OC)C=C1,6.11,COc1ccc(Nc2ccc(C)cc2)cc1
MTBD,CC(C)C(C=C(C(C)C)C=C1C(C)C)=C1C2=C(P(C3CCCCC3)C4CCCCC4)C=CC=C2,O=C(OC)C1=NOC(C2=CC=CS2)=C1,CN1CCCN2C1=NCCC2,ClC1=CC=C(CC)C=C1,0.88,CCc1ccc(Nc2ccc(C)cc2)cc1
MTBD,CC(C)C(C=C(C(C)C)C=C1C(C)C)=C1C2=C(P(C3CCCCC3)C4CCCCC4)C=CC=C2,O=C(OC)C1=NOC(C2=CC=CS2)=C1,CN1CCCN2C1=NCCC2,BrC1=CC=C(CC)C=C1,16.69,CCc1ccc(Nc2ccc(C)cc2)cc1
MTBD,CC(C)C(C=C(C(C)C)C=C1C(C)C)=C1C2=C(P(C3CCCCC3)C4CCCCC4)C=CC=C2,O=C(OC)C1=NOC(C2=CC=CS2)=C1,CN1CCCN2C1=NCCC2,IC1=CC=C(CC)C=C1,31.27,CCc1ccc(Nc2ccc(C)cc2)cc1
MTBD,CC(C)C(C=C(C(C)C)C=C1C(C)C)=C1C2=C(P(C3CCCCC3)C4CCCCC4)C=CC=C2,O=C(OC)C1=NOC(C2=CC=CS2)=C1,CN1CCCN2C1=NCCC2,ClC1=NC=CC=C1,24.66,Cc1ccc(Nc2ccccn2)cc1
MTBD,CC(C)C(C=C(C(C)C)C=C1C(C)C)=C1C2=C(P(C3CCCCC3)C4CCCCC4)C=CC=C2,O=C(OC)C1=NOC(C2=CC=CS2)=C1,CN1CCCN2C1=NCCC2,BrC1=NC=CC=C1,45.98,Cc1ccc(Nc2ccccn2)cc1
MTBD,CC(C)C(C=C(C(C)C)C=C1C(C)C)=C1C2=C(P(C3CCCCC3)C4CCCCC4)C=CC=C2,O=C(OC)C1=NOC(C2=CC=CS2)=C1,CN1CCCN2C1=NCCC2,IC1=NC=CC=C1,52.56,Cc1ccc(Nc2ccccn2)cc1
MTBD,CC(C)C(C=C(C(C)C)C=C1C(C)C)=C1C2=C(P(C3CCCCC3)C4CCCCC4)C=CC=C2,O=C(OC)C1=NOC(C2=CC=CS2)=C1,CN1CCCN2C1=NCCC2,ClC1=CN=CC=C1,3.35,Cc1ccc(Nc2cccnc2)cc1
MTBD,CC(C)C(C=C(C(C)C)C=C1C(C)C)=C1C2=C(P(C3CCCCC3)C4CCCCC4)C=CC=C2,O=C(OC)C1=NOC(C2=CC=CS2)=C1,CN1CCCN2C1=NCCC2,BrC1=CN=CC=C1,15.36,Cc1ccc(Nc2cccnc2)cc1
MTBD,CC(C)C(C=C(C(C)C)C=C1C(C)C)=C1C2=C(P(C3CCCCC3)C4CCCCC4)C=CC=C2,O=C(OC)C1=NOC(C2=CC=CS2)=C1,CN1CCCN2C1=NCCC2,IC1=CN=CC=C1,29.92,Cc1ccc(Nc2cccnc2)cc1
P2Et,CC(C)C(C=C(C(C)C)C=C1C(C)C)=C1C2=C(P(C(C)(C)C)C(C)(C)C)C=CC=C2,FC(C=CC=C1F)=C1C2=CC=NO2,CN(C)P(N(C)C)(N(C)C)=NP(N(C)C)(N(C)C)=NCC,ClC1=CC=C(C(F)(F)F)C=C1,13.17,Cc1ccc(Nc2ccc(C(F)(F)F)cc2)cc1
P2Et,CC(C)C(C=C(C(C)C)C=C1C(C)C)=C1C2=C(P(C(C)(C)C)C(C)(C)C)C=CC=C2,FC(C=CC=C1F)=C1C2=CC=NO2,CN(C)P(N(C)C)(N(C)C)=NP(N(C)C)(N(C)C)=NCC,BrC1=CC=C(C(F)(F)F)C=C1,16.79,Cc1ccc(Nc2ccc(C(F)(F)F)cc2)cc1
P2Et,CC(C)C(C=C(C(C)C)C=C1C(C)C)=C1C2=C(P(C(C)(C)C)C(C)(C)C)C=CC=C2,FC(C=CC=C1F)=C1C2=CC=NO2,CN(C)P(N(C)C)(N(C)C)=NP(N(C)C)(N(C)C)=NCC,IC1=CC=C(C(F)(F)F)C=C1,16.25,Cc1ccc(Nc2ccc(C(F)(F)F)cc2)cc1
P2Et,CC(C)C(C=C(C(C)C)C=C1C(C)C)=C1C2=C(P(C(C)(C)C)C(C)(C)C)C=CC=C2,FC(C=CC=C1F)=C1C2=CC=NO2,CN(C)P(N(C)C)(N(C)C)=NP(N(C)C)(N(C)C)=NCC,ClC1=CC=C(OC)C=C1,2.12,COc1ccc(Nc2ccc(C)cc2)cc1
P2Et,CC(C)C(C=C(C(C)C)C=C1C(C)C)=C1C2=C(P(C(C)(C)C)C(C)(C)C)C=CC=C2,FC(C=CC=C1F)=C1C2=CC=NO2,CN(C)P(N(C)C)(N(C)C)=NP(N(C)C)(N(C)C)=NCC,BrC1=CC=C(OC)C=C1,15.86,COc1ccc(Nc2ccc(C)cc2)cc1
P2Et,CC(C)C(C=C(C(C)C)C=C1C(C)C)=C1C2=C(P(C(C)(C)C)C(C)(C)C)C=CC=C2,FC(C=CC=C1F)=C1C2=CC=NO2,CN(C)P(N(C)C)(N(C)C)=NP(N(C)C)(N(C)C)=NCC,IC1=CC=C(OC)C=C1,15.95,COc1ccc(Nc2ccc(C)cc2)cc1
P2Et,CC(C)C(C=C(C(C)C)C=C1C(C)C)=C1C2=C(P(C(C)(C)C)C(C)(C)C)C=CC=C2,FC(C=CC=C1F)=C1C2=CC=NO2,CN(C)P(N(C)C)(N(C)C)=NP(N(C)C)(N(C)C)=NCC,ClC1=CC=C(CC)C=C1,7.11,CCc1ccc(Nc2ccc(C)cc2)cc1
P2Et,CC(C)C(C=C(C(C)C)C=C1C(C)C)=C1C2=C(P(C(C)(C)C)C(C)(C)C)C=CC=C2,FC(C=CC=C1F)=C1C2=CC=NO2,CN(C)P(N(C)C)(N(C)C)=NP(N(C)C)(N(C)C)=NCC,BrC1=CC=C(CC)C=C1,24.76,CCc1ccc(Nc2ccc(C)cc2)cc1
P2Et,CC(C)C(C=C(C(C)C)C=C1C(C)C)=C1C2=C(P(C(C)(C)C)C(C)(C)C)C=CC=C2,FC(C=CC=C1F)=C1C2=CC=NO2,CN(C)P(N(C)C)(N(C)C)=NP(N(C)C)(N(C)C)=NCC,IC1=CC=C(CC)C=C1,28.11,CCc1ccc(Nc2ccc(C)cc2)cc1
P2Et,CC(C)C(C=C(C(C)C)C=C1C(C)C)=C1C2=C(P(C(C)(C)C)C(C)(C)C)C=CC=C2,FC(C=CC=C1F)=C1C2=CC=NO2,CN(C)P(N(C)C)(N(C)C)=NP(N(C)C)(N(C)C)=NCC,ClC1=NC=CC=C1,27.25,Cc1ccc(Nc2ccccn2)cc1
P2Et,CC(C)C(C=C(C(C)C)C=C1C(C)C)=C1C2=C(P(C(C)(C)C)C(C)(C)C)C=CC=C2,FC(C=CC=C1F)=C1C2=CC=NO2,CN(C)P(N(C)C)(N(C)C)=NP(N(C)C)(N(C)C)=NCC,BrC1=NC=CC=C1,31.77,Cc1ccc(Nc2ccccn2)cc1
P2Et,CC(C)C(C=C(C(C)C)C=C1C(C)C)=C1C2=C(P(C(C)(C)C)C(C)(C)C)C=CC=C2,FC(C=CC=C1F)=C1C2=CC=NO2,CN(C)P(N(C)C)(N(C)C)=NP(N(C)C)(N(C)C)=NCC,IC1=NC=CC=C1,37.3,Cc1ccc(Nc2ccccn2)cc1
P2Et,CC(C)C(C=C(C(C)C)C=C1C(C)C)=C1C2=C(P(C(C)(C)C)C(C)(C)C)C=CC=C2,FC(C=CC=C1F)=C1C2=CC=NO2,CN(C)P(N(C)C)(N(C)C)=NP(N(C)C)(N(C)C)=NCC,ClC1=CN=CC=C1,16.88,Cc1ccc(Nc2cccnc2)cc1
P2Et,CC(C)C(C=C(C(C)C)C=C1C(C)C)=C1C2=C(P(C(C)(C)C)C(C)(C)C)C=CC=C2,FC(C=CC=C1F)=C1C2=CC=NO2,CN(C)P(N(C)C)(N(C)C)=NP(N(C)C)(N(C)C)=NCC,BrC1=CN=CC=C1,22.42,Cc1ccc(Nc2cccnc2)cc1
P2Et,CC(C)C(C=C(C(C)C)C=C1C(C)C)=C1C2=C(P(C(C)(C)C)C(C)(C)C)C=CC=C2,FC(C=CC=C1F)=C1C2=CC=NO2,CN(C)P(N(C)C)(N(C)C)=NP(N(C)C)(N(C)C)=NCC,IC1=CN=CC=C1,23.46,Cc1ccc(Nc2cccnc2)cc1
BTMG,CC(C)C(C=C(C(C)C)C=C1C(C)C)=C1C2=C(P(C(C)(C)C)C(C)(C)C)C=CC=C2,FC(C=CC=C1F)=C1C2=CC=NO2,CC(C)(C)/N=C(N(C)C)/N(C)C,ClC1=CC=C(C(F)(F)F)C=C1,9.3,Cc1ccc(Nc2ccc(C(F)(F)F)cc2)cc1
BTMG,CC(C)C(C=C(C(C)C)C=C1C(C)C)=C1C2=C(P(C(C)(C)C)C(C)(C)C)C=CC=C2,FC(C=CC=C1F)=C1C2=CC=NO2,CC(C)(C)/N=C(N(C)C)/N(C)C,BrC1=CC=C(C(F)(F)F)C=C1,35.05,Cc1ccc(Nc2ccc(C(F)(F)F)cc2)cc1
BTMG,CC(C)C(C=C(C(C)C)C=C1C(C)C)=C1C2=C(P(C(C)(C)C)C(C)(C)C)C=CC=C2,FC(C=CC=C1F)=C1C2=CC=NO2,CC(C)(C)/N=C(N(C)C)/N(C)C,IC1=CC=C(C(F)(F)F)C=C1,35.4,Cc1ccc(Nc2ccc(C(F)(F)F)cc2)cc1
BTMG,CC(C)C(C=C(C(C)C)C=C1C(C)C)=C1C2=C(P(C(C)(C)C)C(C)(C)C)C=CC=C2,FC(C=CC=C1F)=C1C2=CC=NO2,CC(C)(C)/N=C(N(C)C)/N(C)C,ClC1=CC=C(OC)C=C1,0.0,COc1ccc(Nc2ccc(C)cc2)cc1
BTMG,CC(C)C(C=C(C(C)C)C=C1C(C)C)=C1C2=C(P(C(C)(C)C)C(C)(C)C)C=CC=C2,FC(C=CC=C1F)=C1C2=CC=NO2,CC(C)(C)/N=C(N(C)C)/N(C)C,BrC1=CC=C(OC)C=C1,34.89,COc1ccc(Nc2ccc(C)cc2)cc1
BTMG,CC(C)C(C=C(C(C)C)C=C1C(C)C)=C1C2=C(P(C(C)(C)C)C(C)(C)C)C=CC=C2,FC(C=CC=C1F)=C1C2=CC=NO2,CC(C)(C)/N=C(N(C)C)/N(C)C,IC1=CC=C(OC)C=C1,35.69,COc1ccc(Nc2ccc(C)cc2)cc1
BTMG,CC(C)C(C=C(C(C)C)C=C1C(C)C)=C1C2=C(P(C(C)(C)C)C(C)(C)C)C=CC=C2,FC(C=CC=C1F)=C1C2=CC=NO2,CC(C)(C)/N=C(N(C)C)/N(C)C,ClC1=CC=C(CC)C=C1,1.26,CCc1ccc(Nc2ccc(C)cc2)cc1
BTMG,CC(C)C(C=C(C(C)C)C=C1C(C)C)=C1C2=C(P(C(C)(C)C)C(C)(C)C)C=CC=C2,FC(C=CC=C1F)=C1C2=CC=NO2,CC(C)(C)/N=C(N(C)C)/N(C)C,BrC1=CC=C(CC)C=C1,55.96,CCc1ccc(Nc2ccc(C)cc2)cc1
BTMG,CC(C)C(C=C(C(C)C)C=C1C(C)C)=C1C2=C(P(C(C)(C)C)C(C)(C)C)C=CC=C2,FC(C=CC=C1F)=C1C2=CC=NO2,CC(C)(C)/N=C(N(C)C)/N(C)C,IC1=CC=C(CC)C=C1,59.93,CCc1ccc(Nc2ccc(C)cc2)cc1
BTMG,CC(C)C(C=C(C(C)C)C=C1C(C)C)=C1C2=C(P(C(C)(C)C)C(C)(C)C)C=CC=C2,FC(C=CC=C1F)=C1C2=CC=NO2,CC(C)(C)/N=C(N(C)C)/N(C)C,ClC1=NC=CC=C1,56.99,Cc1ccc(Nc2ccccn2)cc1
BTMG,CC(C)C(C=C(C(C)C)C=C1C(C)C)=C1C2=C(P(C(C)(C)C)C(C)(C)C)C=CC=C2,FC(C=CC=C1F)=C1C2=CC=NO2,CC(C)(C)/N=C(N(C)C)/N(C)C,BrC1=NC=CC=C1,63.01,Cc1ccc(Nc2ccccn2)cc1
BTMG,CC(C)C(C=C(C(C)C)C=C1C(C)C)=C1C2=C(P(C(C)(C)C)C(C)(C)C)C=CC=C2,FC(C=CC=C1F)=C1C2=CC=NO2,CC(C)(C)/N=C(N(C)C)/N(C)C,IC1=NC=CC=C1,59.18,Cc1ccc(Nc2ccccn2)cc1
BTMG,CC(C)C(C=C(C(C)C)C=C1C(C)C)=C1C2=C(P(C(C)(C)C)C(C)(C)C)C=CC=C2,FC(C=CC=C1F)=C1C2=CC=NO2,CC(C)(C)/N=C(N(C)C)/N(C)C,ClC1=CN=CC=C1,7.67,Cc1ccc(Nc2cccnc2)cc1
BTMG,CC(C)C(C=C(C(C)C)C=C1C(C)C)=C1C2=C(P(C(C)(C)C)C(C)(C)C)C=CC=C2,FC(C=CC=C1F)=C1C2=CC=NO2,CC(C)(C)/N=C(N(C)C)/N(C)C,BrC1=CN=CC=C1,54.77,Cc1ccc(Nc2cccnc2)cc1
BTMG,CC(C)C(C=C(C(C)C)C=C1C(C)C)=C1C2=C(P(C(C)(C)C)C(C)(C)C)C=CC=C2,FC(C=CC=C1F)=C1C2=CC=NO2,CC(C)(C)/N=C(N(C)C)/N(C)C,IC1=CN=CC=C1,62.18,Cc1ccc(Nc2cccnc2)cc1
MTBD,CC(C)C(C=C(C(C)C)C=C1C(C)C)=C1C2=C(P(C(C)(C)C)C(C)(C)C)C=CC=C2,FC(C=CC=C1F)=C1C2=CC=NO2,CN1CCCN2C1=NCCC2,ClC1=CC=C(C(F)(F)F)C=C1,17.84,Cc1ccc(Nc2ccc(C(F)(F)F)cc2)cc1
MTBD,CC(C)C(C=C(C(C)C)C=C1C(C)C)=C1C2=C(P(C(C)(C)C)C(C)(C)C)C=CC=C2,FC(C=CC=C1F)=C1C2=CC=NO2,CN1CCCN2C1=NCCC2,BrC1=CC=C(C(F)(F)F)C=C1,40.14,Cc1ccc(Nc2ccc(C(F)(F)F)cc2)cc1
MTBD,CC(C)C(C=C(C(C)C)C=C1C(C)C)=C1C2=C(P(C(C)(C)C)C(C)(C)C)C=CC=C2,FC(C=CC=C1F)=C1C2=CC=NO2,CN1CCCN2C1=NCCC2,IC1=CC=C(C(F)(F)F)C=C1,46.25,Cc1ccc(Nc2ccc(C(F)(F)F)cc2)cc1
MTBD,CC(C)C(C=C(C(C)C)C=C1C(C)C)=C1C2=C(P(C(C)(C)C)C(C)(C)C)C=CC=C2,FC(C=CC=C1F)=C1C2=CC=NO2,CN1CCCN2C1=NCCC2,ClC1=CC=C(OC)C=C1,2.89,COc1ccc(Nc2ccc(C)cc2)cc1
MTBD,CC(C)C(C=C(C(C)C)C=C1C(C)C)=C1C2=C(P(C(C)(C)C)C(C)(C)C)C=CC=C2,FC(C=CC=C1F)=C1C2=CC=NO2,CN1CCCN2C1=NCCC2,BrC1=CC=C(OC)C=C1,45.52,COc1ccc(Nc2ccc(C)cc2)cc1
MTBD,CC(C)C(C=C(C(C)C)C=C1C(C)C)=C1C2=C(P(C(C)(C)C)C(C)(C)C)C=CC=C2,FC(C=CC=C1F)=C1C2=CC=NO2,CN1CCCN2C1=NCCC2,IC1=CC=C(OC)C=C1,47.91,COc1ccc(Nc2ccc(C)cc2)cc1
MTBD,CC(C)C(C=C(C(C)C)C=C1C(C)C)=C1C2=C(P(C(C)(C)C)C(C)(C)C)C=CC=C2,FC(C=CC=C1F)=C1C2=CC=NO2,CN1CCCN2C1=NCCC2,ClC1=CC=C(CC)C=C1,11.26,CCc1ccc(Nc2ccc(C)cc2)cc1
MTBD,CC(C)C(C=C(C(C)C)C=C1C(C)C)=C1C2=C(P(C(C)(C)C)C(C)(C)C)C=CC=C2,FC(C=CC=C1F)=C1C2=CC=NO2,CN1CCCN2C1=NCCC2,BrC1=CC=C(CC)C=C1,71.71,CCc1ccc(Nc2ccc(C)cc2)cc1
MTBD,CC(C)C(C=C(C(C)C)C=C1C(C)C)=C1C2=C(P(C(C)(C)C)C(C)(C)C)C=CC=C2,FC(C=CC=C1F)=C1C2=CC=NO2,CN1CCCN2C1=NCCC2,IC1=CC=C(CC)C=C1,72.14,CCc1ccc(Nc2ccc(C)cc2)cc1
MTBD,CC(C)C(C=C(C(C)C)C=C1C(C)C)=C1C2=C(P(C(C)(C)C)C(C)(C)C)C=CC=C2,FC(C=CC=C1F)=C1C2=CC=NO2,CN1CCCN2C1=NCCC2,ClC1=NC=CC=C1,79.78,Cc1ccc(Nc2ccccn2)cc1
MTBD,CC(C)C(C=C(C(C)C)C=C1C(C)C)=C1C2=C(P(C(C)(C)C)C(C)(C)C)C=CC=C2,FC(C=CC=C1F)=C1C2=CC=NO2,CN1CCCN2C1=NCCC2,BrC1=NC=CC=C1,79.63,Cc1ccc(Nc2ccccn2)cc1
MTBD,CC(C)C(C=C(C(C)C)C=C1C(C)C)=C1C2=C(P(C(C)(C)C)C(C)(C)C)C=CC=C2,FC(C=CC=C1F)=C1C2=CC=NO2,CN1CCCN2C1=NCCC2,IC1=NC=CC=C1,82.21,Cc1ccc(Nc2ccccn2)cc1
MTBD,CC(C)C(C=C(C(C)C)C=C1C(C)C)=C1C2=C(P(C(C)(C)C)C(C)(C)C)C=CC=C2,FC(C=CC=C1F)=C1C2=CC=NO2,CN1CCCN2C1=NCCC2,ClC1=CN=CC=C1,33.51,Cc1ccc(Nc2cccnc2)cc1
MTBD,CC(C)C(C=C(C(C)C)C=C1C(C)C)=C1C2=C(P(C(C)(C)C)C(C)(C)C)C=CC=C2,FC(C=CC=C1F)=C1C2=CC=NO2,CN1CCCN2C1=NCCC2,BrC1=CN=CC=C1,78.67,Cc1ccc(Nc2cccnc2)cc1
MTBD,CC(C)C(C=C(C(C)C)C=C1C(C)C)=C1C2=C(P(C(C)(C)C)C(C)(C)C)C=CC=C2,FC(C=CC=C1F)=C1C2=CC=NO2,CN1CCCN2C1=NCCC2,IC1=CN=CC=C1,79.17,Cc1ccc(Nc2cccnc2)cc1
P2Et,CC(C)C(C=C(C(C)C)C=C1C(C)C)=C1C2=C(P(C(C)(C)C)C(C)(C)C)C=CC=C2,C1(N(CC2=CC=CC=C2)CC3=CC=CC=C3)=CC=NO1,CN(C)P(N(C)C)(N(C)C)=NP(N(C)C)(N(C)C)=NCC,ClC1=CC=C(C(F)(F)F)C=C1,10.16,Cc1ccc(Nc2ccc(C(F)(F)F)cc2)cc1
P2Et,CC(C)C(C=C(C(C)C)C=C1C(C)C)=C1C2=C(P(C(C)(C)C)C(C)(C)C)C=CC=C2,C1(N(CC2=CC=CC=C2)CC3=CC=CC=C3)=CC=NO1,CN(C)P(N(C)C)(N(C)C)=NP(N(C)C)(N(C)C)=NCC,BrC1=CC=C(C(F)(F)F)C=C1,10.73,Cc1ccc(Nc2ccc(C(F)(F)F)cc2)cc1
P2Et,CC(C)C(C=C(C(C)C)C=C1C(C)C)=C1C2=C(P(C(C)(C)C)C(C)(C)C)C=CC=C2,C1(N(CC2=CC=CC=C2)CC3=CC=CC=C3)=CC=NO1,CN(C)P(N(C)C)(N(C)C)=NP(N(C)C)(N(C)C)=NCC,IC1=CC=C(C(F)(F)F)C=C1,11.57,Cc1ccc(Nc2ccc(C(F)(F)F)cc2)cc1
P2Et,CC(C)C(C=C(C(C)C)C=C1C(C)C)=C1C2=C(P(C(C)(C)C)C(C)(C)C)C=CC=C2,C1(N(CC2=CC=CC=C2)CC3=CC=CC=C3)=CC=NO1,CN(C)P(N(C)C)(N(C)C)=NP(N(C)C)(N(C)C)=NCC,ClC1=CC=C(OC)C=C1,1.92,COc1ccc(Nc2ccc(C)cc2)cc1
P2Et,CC(C)C(C=C(C(C)C)C=C1C(C)C)=C1C2=C(P(C(C)(C)C)C(C)(C)C)C=CC=C2,C1(N(CC2=CC=CC=C2)CC3=CC=CC=C3)=CC=NO1,CN(C)P(N(C)C)(N(C)C)=NP(N(C)C)(N(C)C)=NCC,BrC1=CC=C(OC)C=C1,9.63,COc1ccc(Nc2ccc(C)cc2)cc1
P2Et,CC(C)C(C=C(C(C)C)C=C1C(C)C)=C1C2=C(P(C(C)(C)C)C(C)(C)C)C=CC=C2,C1(N(CC2=CC=CC=C2)CC3=CC=CC=C3)=CC=NO1,CN(C)P(N(C)C)(N(C)C)=NP(N(C)C)(N(C)C)=NCC,IC1=CC=C(OC)C=C1,11.1,COc1ccc(Nc2ccc(C)cc2)cc1
P2Et,CC(C)C(C=C(C(C)C)C=C1C(C)C)=C1C2=C(P(C(C)(C)C)C(C)(C)C)C=CC=C2,C1(N(CC2=CC=CC=C2)CC3=CC=CC=C3)=CC=NO1,CN(C)P(N(C)C)(N(C)C)=NP(N(C)C)(N(C)C)=NCC,ClC1=CC=C(CC)C=C1,6.58,CCc1ccc(Nc2ccc(C)cc2)cc1
P2Et,CC(C)C(C=C(C(C)C)C=C1C(C)C)=C1C2=C(P(C(C)(C)C)C(C)(C)C)C=CC=C2,C1(N(CC2=CC=CC=C2)CC3=CC=CC=C3)=CC=NO1,CN(C)P(N(C)C)(N(C)C)=NP(N(C)C)(N(C)C)=NCC,BrC1=CC=C(CC)C=C1,16.83,CCc1ccc(Nc2ccc(C)cc2)cc1
P2Et,CC(C)C(C=C(C(C)C)C=C1C(C)C)=C1C2=C(P(C(C)(C)C)C(C)(C)C)C=CC=C2,C1(N(CC2=CC=CC=C2)CC3=CC=CC=C3)=CC=NO1,CN(C)P(N(C)C)(N(C)C)=NP(N(C)C)(N(C)C)=NCC,IC1=CC=C(CC)C=C1,21.4,CCc1ccc(Nc2ccc(C)cc2)cc1
P2Et,CC(C)C(C=C(C(C)C)C=C1C(C)C)=C1C2=C(P(C(C)(C)C)C(C)(C)C)C=CC=C2,C1(N(CC2=CC=CC=C2)CC3=CC=CC=C3)=CC=NO1,CN(C)P(N(C)C)(N(C)C)=NP(N(C)C)(N(C)C)=NCC,ClC1=NC=CC=C1,42.78,Cc1ccc(Nc2ccccn2)cc1
P2Et,CC(C)C(C=C(C(C)C)C=C1C(C)C)=C1C2=C(P(C(C)(C)C)C(C)(C)C)C=CC=C2,C1(N(CC2=CC=CC=C2)CC3=CC=CC=C3)=CC=NO1,CN(C)P(N(C)C)(N(C)C)=NP(N(C)C)(N(C)C)=NCC,BrC1=NC=CC=C1,53.5,Cc1ccc(Nc2ccccn2)cc1
P2Et,CC(C)C(C=C(C(C)C)C=C1C(C)C)=C1C2=C(P(C(C)(C)C)C(C)(C)C)C=CC=C2,C1(N(CC2=CC=CC=C2)CC3=CC=CC=C3)=CC=NO1,CN(C)P(N(C)C)(N(C)C)=NP(N(C)C)(N(C)C)=NCC,IC1=NC=CC=C1,60.64,Cc1ccc(Nc2ccccn2)cc1
P2Et,CC(C)C(C=C(C(C)C)C=C1C(C)C)=C1C2=C(P(C(C)(C)C)C(C)(C)C)C=CC=C2,C1(N(CC2=CC=CC=C2)CC3=CC=CC=C3)=CC=NO1,CN(C)P(N(C)C)(N(C)C)=NP(N(C)C)(N(C)C)=NCC,ClC1=CN=CC=C1,13.25,Cc1ccc(Nc2cccnc2)cc1
P2Et,CC(C)C(C=C(C(C)C)C=C1C(C)C)=C1C2=C(P(C(C)(C)C)C(C)(C)C)C=CC=C2,C1(N(CC2=CC=CC=C2)CC3=CC=CC=C3)=CC=NO1,CN(C)P(N(C)C)(N(C)C)=NP(N(C)C)(N(C)C)=NCC,BrC1=CN=CC=C1,18.48,Cc1ccc(Nc2cccnc2)cc1
P2Et,CC(C)C(C=C(C(C)C)C=C1C(C)C)=C1C2=C(P(C(C)(C)C)C(C)(C)C)C=CC=C2,C1(N(CC2=CC=CC=C2)CC3=CC=CC=C3)=CC=NO1,CN(C)P(N(C)C)(N(C)C)=NP(N(C)C)(N(C)C)=NCC,IC1=CN=CC=C1,20.61,Cc1ccc(Nc2cccnc2)cc1
BTMG,CC(C)C(C=C(C(C)C)C=C1C(C)C)=C1C2=C(P(C(C)(C)C)C(C)(C)C)C=CC=C2,C1(N(CC2=CC=CC=C2)CC3=CC=CC=C3)=CC=NO1,CC(C)(C)/N=C(N(C)C)/N(C)C,ClC1=CC=C(C(F)(F)F)C=C1,1.71,Cc1ccc(Nc2ccc(C(F)(F)F)cc2)cc1
BTMG,CC(C)C(C=C(C(C)C)C=C1C(C)C)=C1C2=C(P(C(C)(C)C)C(C)(C)C)C=CC=C2,C1(N(CC2=CC=CC=C2)CC3=CC=CC=C3)=CC=NO1,CC(C)(C)/N=C(N(C)C)/N(C)C,BrC1=CC=C(C(F)(F)F)C=C1,7.32,Cc1ccc(Nc2ccc(C(F)(F)F)cc2)cc1
BTMG,CC(C)C(C=C(C(C)C)C=C1C(C)C)=C1C2=C(P(C(C)(C)C)C(C)(C)C)C=CC=C2,C1(N(CC2=CC=CC=C2)CC3=CC=CC=C3)=CC=NO1,CC(C)(C)/N=C(N(C)C)/N(C)C,IC1=CC=C(C(F)(F)F)C=C1,34.91,Cc1ccc(Nc2ccc(C(F)(F)F)cc2)cc1
BTMG,CC(C)C(C=C(C(C)C)C=C1C(C)C)=C1C2=C(P(C(C)(C)C)C(C)(C)C)C=CC=C2,C1(N(CC2=CC=CC=C2)CC3=CC=CC=C3)=CC=NO1,CC(C)(C)/N=C(N(C)C)/N(C)C,ClC1=CC=C(OC)C=C1,0.0,COc1ccc(Nc2ccc(C)cc2)cc1
BTMG,CC(C)C(C=C(C(C)C)C=C1C(C)C)=C1C2=C(P(C(C)(C)C)C(C)(C)C)C=CC=C2,C1(N(CC2=CC=CC=C2)CC3=CC=CC=C3)=CC=NO1,CC(C)(C)/N=C(N(C)C)/N(C)C,BrC1=CC=C(OC)C=C1,5.94,COc1ccc(Nc2ccc(C)cc2)cc1
BTMG,CC(C)C(C=C(C(C)C)C=C1C(C)C)=C1C2=C(P(C(C)(C)C)C(C)(C)C)C=CC=C2,C1(N(CC2=CC=CC=C2)CC3=CC=CC=C3)=CC=NO1,CC(C)(C)/N=C(N(C)C)/N(C)C,IC1=CC=C(OC)C=C1,58.02,COc1ccc(Nc2ccc(C)cc2)cc1
BTMG,CC(C)C(C=C(C(C)C)C=C1C(C)C)=C1C2=C(P(C(C)(C)C)C(C)(C)C)C=CC=C2,C1(N(CC2=CC=CC=C2)CC3=CC=CC=C3)=CC=NO1,CC(C)(C)/N=C(N(C)C)/N(C)C,ClC1=CC=C(CC)C=C1,1.78,CCc1ccc(Nc2ccc(C)cc2)cc1
BTMG,CC(C)C(C=C(C(C)C)C=C1C(C)C)=C1C2=C(P(C(C)(C)C)C(C)(C)C)C=CC=C2,C1(N(CC2=CC=CC=C2)CC3=CC=CC=C3)=CC=NO1,CC(C)(C)/N=C(N(C)C)/N(C)C,BrC1=CC=C(CC)C=C1,22.74,CCc1ccc(Nc2ccc(C)cc2)cc1
BTMG,CC(C)C(C=C(C(C)C)C=C1C(C)C)=C1C2=C(P(C(C)(C)C)C(C)(C)C)C=CC=C2,C1(N(CC2=CC=CC=C2)CC3=CC=CC=C3)=CC=NO1,CC(C)(C)/N=C(N(C)C)/N(C)C,IC1=CC=C(CC)C=C1,57.01,CCc1ccc(Nc2ccc(C)cc2)cc1
BTMG,CC(C)C(C=C(C(C)C)C=C1C(C)C)=C1C2=C(P(C(C)(C)C)C(C)(C)C)C=CC=C2,C1(N(CC2=CC=CC=C2)CC3=CC=CC=C3)=CC=NO1,CC(C)(C)/N=C(N(C)C)/N(C)C,ClC1=NC=CC=C1,33.66,Cc1ccc(Nc2ccccn2)cc1
BTMG,CC(C)C(C=C(C(C)C)C=C1C(C)C)=C1C2=C(P(C(C)(C)C)C(C)(C)C)C=CC=C2,C1(N(CC2=CC=CC=C2)CC3=CC=CC=C3)=CC=NO1,CC(C)(C)/N=C(N(C)C)/N(C)C,BrC1=NC=CC=C1,51.21,Cc1ccc(Nc2ccccn2)cc1
BTMG,CC(C)C(C=C(C(C)C)C=C1C(C)C)=C1C2=C(P(C(C)(C)C)C(C)(C)C)C=CC=C2,C1(N(CC2=CC=CC=C2)CC3=CC=CC=C3)=CC=NO1,CC(C)(C)/N=C(N(C)C)/N(C)C,IC1=NC=CC=C1,60.14,Cc1ccc(Nc2ccccn2)cc1
BTMG,CC(C)C(C=C(C(C)C)C=C1C(C)C)=C1C2=C(P(C(C)(C)C)C(C)(C)C)C=CC=C2,C1(N(CC2=CC=CC=C2)CC3=CC=CC=C3)=CC=NO1,CC(C)(C)/N=C(N(C)C)/N(C)C,ClC1=CN=CC=C1,2.25,Cc1ccc(Nc2cccnc2)cc1
BTMG,CC(C)C(C=C(C(C)C)C=C1C(C)C)=C1C2=C(P(C(C)(C)C)C(C)(C)C)C=CC=C2,C1(N(CC2=CC=CC=C2)CC3=CC=CC=C3)=CC=NO1,CC(C)(C)/N=C(N(C)C)/N(C)C,BrC1=CN=CC=C1,41.73,Cc1ccc(Nc2cccnc2)cc1
BTMG,CC(C)C(C=C(C(C)C)C=C1C(C)C)=C1C2=C(P(C(C)(C)C)C(C)(C)C)C=CC=C2,C1(N(CC2=CC=CC=C2)CC3=CC=CC=C3)=CC=NO1,CC(C)(C)/N=C(N(C)C)/N(C)C,IC1=CN=CC=C1,60.46,Cc1ccc(Nc2cccnc2)cc1
MTBD,CC(C)C(C=C(C(C)C)C=C1C(C)C)=C1C2=C(P(C(C)(C)C)C(C)(C)C)C=CC=C2,C1(N(CC2=CC=CC=C2)CC3=CC=CC=C3)=CC=NO1,CN1CCCN2C1=NCCC2,ClC1=CC=C(C(F)(F)F)C=C1,16.48,Cc1ccc(Nc2ccc(C(F)(F)F)cc2)cc1
MTBD,CC(C)C(C=C(C(C)C)C=C1C(C)C)=C1C2=C(P(C(C)(C)C)C(C)(C)C)C=CC=C2,C1(N(CC2=CC=CC=C2)CC3=CC=CC=C3)=CC=NO1,CN1CCCN2C1=NCCC2,BrC1=CC=C(C(F)(F)F)C=C1,27.37,Cc1ccc(Nc2ccc(C(F)(F)F)cc2)cc1
MTBD,CC(C)C(C=C(C(C)C)C=C1C(C)C)=C1C2=C(P(C(C)(C)C)C(C)(C)C)C=CC=C2,C1(N(CC2=CC=CC=C2)CC3=CC=CC=C3)=CC=NO1,CN1CCCN2C1=NCCC2,IC1=CC=C(C(F)(F)F)C=C1,39.36,Cc1ccc(Nc2ccc(C(F)(F)F)cc2)cc1
MTBD,CC(C)C(C=C(C(C)C)C=C1C(C)C)=C1C2=C(P(C(C)(C)C)C(C)(C)C)C=CC=C2,C1(N(CC2=CC=CC=C2)CC3=CC=CC=C3)=CC=NO1,CN1CCCN2C1=NCCC2,ClC1=CC=C(OC)C=C1,0.71,COc1ccc(Nc2ccc(C)cc2)cc1
MTBD,CC(C)C(C=C(C(C)C)C=C1C(C)C)=C1C2=C(P(C(C)(C)C)C(C)(C)C)C=CC=C2,C1(N(CC2=CC=CC=C2)CC3=CC=CC=C3)=CC=NO1,CN1CCCN2C1=NCCC2,BrC1=CC=C(OC)C=C1,8.97,COc1ccc(Nc2ccc(C)cc2)cc1
MTBD,CC(C)C(C=C(C(C)C)C=C1C(C)C)=C1C2=C(P(C(C)(C)C)C(C)(C)C)C=CC=C2,C1(N(CC2=CC=CC=C2)CC3=CC=CC=C3)=CC=NO1,CN1CCCN2C1=NCCC2,IC1=CC=C(OC)C=C1,44.46,COc1ccc(Nc2ccc(C)cc2)cc1
MTBD,CC(C)C(C=C(C(C)C)C=C1C(C)C)=C1C2=C(P(C(C)(C)C)C(C)(C)C)C=CC=C2,C1(N(CC2=CC=CC=C2)CC3=CC=CC=C3)=CC=NO1,CN1CCCN2C1=NCCC2,ClC1=CC=C(CC)C=C1,4.28,CCc1ccc(Nc2ccc(C)cc2)cc1
MTBD,CC(C)C(C=C(C(C)C)C=C1C(C)C)=C1C2=C(P(C(C)(C)C)C(C)(C)C)C=CC=C2,C1(N(CC2=CC=CC=C2)CC3=CC=CC=C3)=CC=NO1,CN1CCCN2C1=NCCC2,BrC1=CC=C(CC)C=C1,39.55,CCc1ccc(Nc2ccc(C)cc2)cc1
MTBD,CC(C)C(C=C(C(C)C)C=C1C(C)C)=C1C2=C(P(C(C)(C)C)C(C)(C)C)C=CC=C2,C1(N(CC2=CC=CC=C2)CC3=CC=CC=C3)=CC=NO1,CN1CCCN2C1=NCCC2,IC1=CC=C(CC)C=C1,63.93,CCc1ccc(Nc2ccc(C)cc2)cc1
MTBD,CC(C)C(C=C(C(C)C)C=C1C(C)C)=C1C2=C(P(C(C)(C)C)C(C)(C)C)C=CC=C2,C1(N(CC2=CC=CC=C2)CC3=CC=CC=C3)=CC=NO1,CN1CCCN2C1=NCCC2,ClC1=NC=CC=C1,79.04,Cc1ccc(Nc2ccccn2)cc1
MTBD,CC(C)C(C=C(C(C)C)C=C1C(C)C)=C1C2=C(P(C(C)(C)C)C(C)(C)C)C=CC=C2,C1(N(CC2=CC=CC=C2)CC3=CC=CC=C3)=CC=NO1,CN1CCCN2C1=NCCC2,BrC1=NC=CC=C1,78.71,Cc1ccc(Nc2ccccn2)cc1
MTBD,CC(C)C(C=C(C(C)C)C=C1C(C)C)=C1C2=C(P(C(C)(C)C)C(C)(C)C)C=CC=C2,C1(N(CC2=CC=CC=C2)CC3=CC=CC=C3)=CC=NO1,CN1CCCN2C1=NCCC2,IC1=NC=CC=C1,84.1,Cc1ccc(Nc2ccccn2)cc1
MTBD,CC(C)C(C=C(C(C)C)C=C1C(C)C)=C1C2=C(P(C(C)(C)C)C(C)(C)C)C=CC=C2,C1(N(CC2=CC=CC=C2)CC3=CC=CC=C3)=CC=NO1,CN1CCCN2C1=NCCC2,ClC1=CN=CC=C1,12.67,Cc1ccc(Nc2cccnc2)cc1
MTBD,CC(C)C(C=C(C(C)C)C=C1C(C)C)=C1C2=C(P(C(C)(C)C)C(C)(C)C)C=CC=C2,C1(N(CC2=CC=CC=C2)CC3=CC=CC=C3)=CC=NO1,CN1CCCN2C1=NCCC2,BrC1=CN=CC=C1,55.95,Cc1ccc(Nc2cccnc2)cc1
MTBD,CC(C)C(C=C(C(C)C)C=C1C(C)C)=C1C2=C(P(C(C)(C)C)C(C)(C)C)C=CC=C2,C1(N(CC2=CC=CC=C2)CC3=CC=CC=C3)=CC=NO1,CN1CCCN2C1=NCCC2,IC1=CN=CC=C1,80.68,Cc1ccc(Nc2cccnc2)cc1
P2Et,CC(C)C(C=C(C(C)C)C=C1C(C)C)=C1C2=C(P(C(C)(C)C)C(C)(C)C)C=CC=C2,CC1=CC(N2C=CC=C2)=NO1,CN(C)P(N(C)C)(N(C)C)=NP(N(C)C)(N(C)C)=NCC,ClC1=CC=C(C(F)(F)F)C=C1,30.6,Cc1ccc(Nc2ccc(C(F)(F)F)cc2)cc1
P2Et,CC(C)C(C=C(C(C)C)C=C1C(C)C)=C1C2=C(P(C(C)(C)C)C(C)(C)C)C=CC=C2,CC1=CC(N2C=CC=C2)=NO1,CN(C)P(N(C)C)(N(C)C)=NP(N(C)C)(N(C)C)=NCC,BrC1=CC=C(C(F)(F)F)C=C1,33.91,Cc1ccc(Nc2ccc(C(F)(F)F)cc2)cc1
P2Et,CC(C)C(C=C(C(C)C)C=C1C(C)C)=C1C2=C(P(C(C)(C)C)C(C)(C)C)C=CC=C2,CC1=CC(N2C=CC=C2)=NO1,CN(C)P(N(C)C)(N(C)C)=NP(N(C)C)(N(C)C)=NCC,IC1=CC=C(C(F)(F)F)C=C1,36.8,Cc1ccc(Nc2ccc(C(F)(F)F)cc2)cc1
P2Et,CC(C)C(C=C(C(C)C)C=C1C(C)C)=C1C2=C(P(C(C)(C)C)C(C)(C)C)C=CC=C2,CC1=CC(N2C=CC=C2)=NO1,CN(C)P(N(C)C)(N(C)C)=NP(N(C)C)(N(C)C)=NCC,ClC1=CC=C(OC)C=C1,2.5,COc1ccc(Nc2ccc(C)cc2)cc1
P2Et,CC(C)C(C=C(C(C)C)C=C1C(C)C)=C1C2=C(P(C(C)(C)C)C(C)(C)C)C=CC=C2,CC1=CC(N2C=CC=C2)=NO1,CN(C)P(N(C)C)(N(C)C)=NP(N(C)C)(N(C)C)=NCC,BrC1=CC=C(OC)C=C1,47.28,COc1ccc(Nc2ccc(C)cc2)cc1
P2Et,CC(C)C(C=C(C(C)C)C=C1C(C)C)=C1C2=C(P(C(C)(C)C)C(C)(C)C)C=CC=C2,CC1=CC(N2C=CC=C2)=NO1,CN(C)P(N(C)C)(N(C)C)=NP(N(C)C)(N(C)C)=NCC,IC1=CC=C(OC)C=C1,44.44,COc1ccc(Nc2ccc(C)cc2)cc1
P2Et,CC(C)C(C=C(C(C)C)C=C1C(C)C)=C1C2=C(P(C(C)(C)C)C(C)(C)C)C=CC=C2,CC1=CC(N2C=CC=C2)=NO1,CN(C)P(N(C)C)(N(C)C)=NP(N(C)C)(N(C)C)=NCC,ClC1=CC=C(CC)C=C1,12.51,CCc1ccc(Nc2ccc(C)cc2)cc1
P2Et,CC(C)C(C=C(C(C)C)C=C1C(C)C)=C1C2=C(P(C(C)(C)C)C(C)(C)C)C=CC=C2,CC1=CC(N2C=CC=C2)=NO1,CN(C)P(N(C)C)(N(C)C)=NP(N(C)C)(N(C)C)=NCC,BrC1=CC=C(CC)C=C1,66.11,CCc1ccc(Nc2ccc(C)cc2)cc1
P2Et,CC(C)C(C=C(C(C)C)C=C1C(C)C)=C1C2=C(P(C(C)(C)C)C(C)(C)C)C=CC=C2,CC1=CC(N2C=CC=C2)=NO1,CN(C)P(N(C)C)(N(C)C)=NP(N(C)C)(N(C)C)=NCC,IC1=CC=C(CC)C=C1,63.54,CCc1ccc(Nc2ccc(C)cc2)cc1
P2Et,CC(C)C(C=C(C(C)C)C=C1C(C)C)=C1C2=C(P(C(C)(C)C)C(C)(C)C)C=CC=C2,CC1=CC(N2C=CC=C2)=NO1,CN(C)P(N(C)C)(N(C)C)=NP(N(C)C)(N(C)C)=NCC,ClC1=NC=CC=C1,53.38,Cc1ccc(Nc2ccccn2)cc1
P2Et,CC(C)C(C=C(C(C)C)C=C1C(C)C)=C1C2=C(P(C(C)(C)C)C(C)(C)C)C=CC=C2,CC1=CC(N2C=CC=C2)=NO1,CN(C)P(N(C)C)(N(C)C)=NP(N(C)C)(N(C)C)=NCC,BrC1=NC=CC=C1,62.99,Cc1ccc(Nc2ccccn2)cc1
P2Et,CC(C)C(C=C(C(C)C)C=C1C(C)C)=C1C2=C(P(C(C)(C)C)C(C)(C)C)C=CC=C2,CC1=CC(N2C=CC=C2)=NO1,CN(C)P(N(C)C)(N(C)C)=NP(N(C)C)(N(C)C)=NCC,IC1=NC=CC=C1,63.44,Cc1ccc(Nc2ccccn2)cc1
P2Et,CC(C)C(C=C(C(C)C)C=C1C(C)C)=C1C2=C(P(C(C)(C)C)C(C)(C)C)C=CC=C2,CC1=CC(N2C=CC=C2)=NO1,CN(C)P(N(C)C)(N(C)C)=NP(N(C)C)(N(C)C)=NCC,ClC1=CN=CC=C1,52.55,Cc1ccc(Nc2cccnc2)cc1
P2Et,CC(C)C(C=C(C(C)C)C=C1C(C)C)=C1C2=C(P(C(C)(C)C)C(C)(C)C)C=CC=C2,CC1=CC(N2C=CC=C2)=NO1,CN(C)P(N(C)C)(N(C)C)=NP(N(C)C)(N(C)C)=NCC,BrC1=CN=CC=C1,68.74,Cc1ccc(Nc2cccnc2)cc1
P2Et,CC(C)C(C=C(C(C)C)C=C1C(C)C)=C1C2=C(P(C(C)(C)C)C(C)(C)C)C=CC=C2,CC1=CC(N2C=CC=C2)=NO1,CN(C)P(N(C)C)(N(C)C)=NP(N(C)C)(N(C)C)=NCC,IC1=CN=CC=C1,77.67,Cc1ccc(Nc2cccnc2)cc1
BTMG,CC(C)C(C=C(C(C)C)C=C1C(C)C)=C1C2=C(P(C(C)(C)C)C(C)(C)C)C=CC=C2,CC1=CC(N2C=CC=C2)=NO1,CC(C)(C)/N=C(N(C)C)/N(C)C,ClC1=CC=C(C(F)(F)F)C=C1,34.08,Cc1ccc(Nc2ccc(C(F)(F)F)cc2)cc1
BTMG,CC(C)C(C=C(C(C)C)C=C1C(C)C)=C1C2=C(P(C(C)(C)C)C(C)(C)C)C=CC=C2,CC1=CC(N2C=CC=C2)=NO1,CC(C)(C)/N=C(N(C)C)/N(C)C,BrC1=CC=C(C(F)(F)F)C=C1,38.12,Cc1ccc(Nc2ccc(C(F)(F)F)cc2)cc1
BTMG,CC(C)C(C=C(C(C)C)C=C1C(C)C)=C1C2=C(P(C(C)(C)C)C(C)(C)C)C=CC=C2,CC1=CC(N2C=CC=C2)=NO1,CC(C)(C)/N=C(N(C)C)/N(C)C,IC1=CC=C(C(F)(F)F)C=C1,39.91,Cc1ccc(Nc2ccc(C(F)(F)F)cc2)cc1
BTMG,CC(C)C(C=C(C(C)C)C=C1C(C)C)=C1C2=C(P(C(C)(C)C)C(C)(C)C)C=CC=C2,CC1=CC(N2C=CC=C2)=NO1,CC(C)(C)/N=C(N(C)C)/N(C)C,ClC1=CC=C(OC)C=C1,1.03,COc1ccc(Nc2ccc(C)cc2)cc1
BTMG,CC(C)C(C=C(C(C)C)C=C1C(C)C)=C1C2=C(P(C(C)(C)C)C(C)(C)C)C=CC=C2,CC1=CC(N2C=CC=C2)=NO1,CC(C)(C)/N=C(N(C)C)/N(C)C,BrC1=CC=C(OC)C=C1,39.21,COc1ccc(Nc2ccc(C)cc2)cc1
BTMG,CC(C)C(C=C(C(C)C)C=C1C(C)C)=C1C2=C(P(C(C)(C)C)C(C)(C)C)C=CC=C2,CC1=CC(N2C=CC=C2)=NO1,CC(C)(C)/N=C(N(C)C)/N(C)C,IC1=CC=C(OC)C=C1,35.22,COc1ccc(Nc2ccc(C)cc2)cc1
BTMG,CC(C)C(C=C(C(C)C)C=C1C(C)C)=C1C2=C(P(C(C)(C)C)C(C)(C)C)C=CC=C2,CC1=CC(N2C=CC=C2)=NO1,CC(C)(C)/N=C(N(C)C)/N(C)C,ClC1=CC=C(CC)C=C1,3.31,CCc1ccc(Nc2ccc(C)cc2)cc1
BTMG,CC(C)C(C=C(C(C)C)C=C1C(C)C)=C1C2=C(P(C(C)(C)C)C(C)(C)C)C=CC=C2,CC1=CC(N2C=CC=C2)=NO1,CC(C)(C)/N=C(N(C)C)/N(C)C,BrC1=CC=C(CC)C=C1,57.74,CCc1ccc(Nc2ccc(C)cc2)cc1
BTMG,CC(C)C(C=C(C(C)C)C=C1C(C)C)=C1C2=C(P(C(C)(C)C)C(C)(C)C)C=CC=C2,CC1=CC(N2C=CC=C2)=NO1,CC(C)(C)/N=C(N(C)C)/N(C)C,IC1=CC=C(CC)C=C1,59.49,CCc1ccc(Nc2ccc(C)cc2)cc1
BTMG,CC(C)C(C=C(C(C)C)C=C1C(C)C)=C1C2=C(P(C(C)(C)C)C(C)(C)C)C=CC=C2,CC1=CC(N2C=CC=C2)=NO1,CC(C)(C)/N=C(N(C)C)/N(C)C,ClC1=NC=CC=C1,64.6,Cc1ccc(Nc2ccccn2)cc1
BTMG,CC(C)C(C=C(C(C)C)C=C1C(C)C)=C1C2=C(P(C(C)(C)C)C(C)(C)C)C=CC=C2,CC1=CC(N2C=CC=C2)=NO1,CC(C)(C)/N=C(N(C)C)/N(C)C,BrC1=NC=CC=C1,61.26,Cc1ccc(Nc2ccccn2)cc1
BTMG,CC(C)C(C=C(C(C)C)C=C1C(C)C)=C1C2=C(P(C(C)(C)C)C(C)(C)C)C=CC=C2,CC1=CC(N2C=CC=C2)=NO1,CC(C)(C)/N=C(N(C)C)/N(C)C,IC1=NC=CC=C1,62.35,Cc1ccc(Nc2ccccn2)cc1
BTMG,CC(C)C(C=C(C(C)C)C=C1C(C)C)=C1C2=C(P(C(C)(C)C)C(C)(C)C)C=CC=C2,CC1=CC(N2C=CC=C2)=NO1,CC(C)(C)/N=C(N(C)C)/N(C)C,ClC1=CN=CC=C1,36.3,Cc1ccc(Nc2cccnc2)cc1
BTMG,CC(C)C(C=C(C(C)C)C=C1C(C)C)=C1C2=C(P(C(C)(C)C)C(C)(C)C)C=CC=C2,CC1=CC(N2C=CC=C2)=NO1,CC(C)(C)/N=C(N(C)C)/N(C)C,BrC1=CN=CC=C1,63.06,Cc1ccc(Nc2cccnc2)cc1
BTMG,CC(C)C(C=C(C(C)C)C=C1C(C)C)=C1C2=C(P(C(C)(C)C)C(C)(C)C)C=CC=C2,CC1=CC(N2C=CC=C2)=NO1,CC(C)(C)/N=C(N(C)C)/N(C)C,IC1=CN=CC=C1,62.66,Cc1ccc(Nc2cccnc2)cc1
MTBD,CC(C)C(C=C(C(C)C)C=C1C(C)C)=C1C2=C(P(C(C)(C)C)C(C)(C)C)C=CC=C2,CC1=CC(N2C=CC=C2)=NO1,CN1CCCN2C1=NCCC2,ClC1=CC=C(C(F)(F)F)C=C1,33.04,Cc1ccc(Nc2ccc(C(F)(F)F)cc2)cc1
MTBD,CC(C)C(C=C(C(C)C)C=C1C(C)C)=C1C2=C(P(C(C)(C)C)C(C)(C)C)C=CC=C2,CC1=CC(N2C=CC=C2)=NO1,CN1CCCN2C1=NCCC2,BrC1=CC=C(C(F)(F)F)C=C1,39.21,Cc1ccc(Nc2ccc(C(F)(F)F)cc2)cc1
MTBD,CC(C)C(C=C(C(C)C)C=C1C(C)C)=C1C2=C(P(C(C)(C)C)C(C)(C)C)C=CC=C2,CC1=CC(N2C=CC=C2)=NO1,CN1CCCN2C1=NCCC2,IC1=CC=C(C(F)(F)F)C=C1,41.26,Cc1ccc(Nc2ccc(C(F)(F)F)cc2)cc1
MTBD,CC(C)C(C=C(C(C)C)C=C1C(C)C)=C1C2=C(P(C(C)(C)C)C(C)(C)C)C=CC=C2,CC1=CC(N2C=CC=C2)=NO1,CN1CCCN2C1=NCCC2,ClC1=CC=C(OC)C=C1,1.73,COc1ccc(Nc2ccc(C)cc2)cc1
MTBD,CC(C)C(C=C(C(C)C)C=C1C(C)C)=C1C2=C(P(C(C)(C)C)C(C)(C)C)C=CC=C2,CC1=CC(N2C=CC=C2)=NO1,CN1CCCN2C1=NCCC2,BrC1=CC=C(OC)C=C1,49.69,COc1ccc(Nc2ccc(C)cc2)cc1
MTBD,CC(C)C(C=C(C(C)C)C=C1C(C)C)=C1C2=C(P(C(C)(C)C)C(C)(C)C)C=CC=C2,CC1=CC(N2C=CC=C2)=NO1,CN1CCCN2C1=NCCC2,IC1=CC=C(OC)C=C1,41.81,COc1ccc(Nc2ccc(C)cc2)cc1
MTBD,CC(C)C(C=C(C(C)C)C=C1C(C)C)=C1C2=C(P(C(C)(C)C)C(C)(C)C)C=CC=C2,CC1=CC(N2C=CC=C2)=NO1,CN1CCCN2C1=NCCC2,ClC1=CC=C(CC)C=C1,3.52,CCc1ccc(Nc2ccc(C)cc2)cc1
MTBD,CC(C)C(C=C(C(C)C)C=C1C(C)C)=C1C2=C(P(C(C)(C)C)C(C)(C)C)C=CC=C2,CC1=CC(N2C=CC=C2)=NO1,CN1CCCN2C1=NCCC2,BrC1=CC=C(CC)C=C1,71.55,CCc1ccc(Nc2ccc(C)cc2)cc1
MTBD,CC(C)C(C=C(C(C)C)C=C1C(C)C)=C1C2=C(P(C(C)(C)C)C(C)(C)C)C=CC=C2,CC1=CC(N2C=CC=C2)=NO1,CN1CCCN2C1=NCCC2,IC1=CC=C(CC)C=C1,72.58,CCc1ccc(Nc2ccc(C)cc2)cc1
MTBD,CC(C)C(C=C(C(C)C)C=C1C(C)C)=C1C2=C(P(C(C)(C)C)C(C)(C)C)C=CC=C2,CC1=CC(N2C=CC=C2)=NO1,CN1CCCN2C1=NCCC2,ClC1=NC=CC=C1,83.76,Cc1ccc(Nc2ccccn2)cc1
MTBD,CC(C)C(C=C(C(C)C)C=C1C(C)C)=C1C2=C(P(C(C)(C)C)C(C)(C)C)C=CC=C2,CC1=CC(N2C=CC=C2)=NO1,CN1CCCN2C1=NCCC2,BrC1=NC=CC=C1,82.77,Cc1ccc(Nc2ccccn2)cc1
MTBD,CC(C)C(C=C(C(C)C)C=C1C(C)C)=C1C2=C(P(C(C)(C)C)C(C)(C)C)C=CC=C2,CC1=CC(N2C=CC=C2)=NO1,CN1CCCN2C1=NCCC2,IC1=NC=CC=C1,80.16,Cc1ccc(Nc2ccccn2)cc1
MTBD,CC(C)C(C=C(C(C)C)C=C1C(C)C)=C1C2=C(P(C(C)(C)C)C(C)(C)C)C=CC=C2,CC1=CC(N2C=CC=C2)=NO1,CN1CCCN2C1=NCCC2,ClC1=CN=CC=C1,44.57,Cc1ccc(Nc2cccnc2)cc1
MTBD,CC(C)C(C=C(C(C)C)C=C1C(C)C)=C1C2=C(P(C(C)(C)C)C(C)(C)C)C=CC=C2,CC1=CC(N2C=CC=C2)=NO1,CN1CCCN2C1=NCCC2,BrC1=CN=CC=C1,80.07,Cc1ccc(Nc2cccnc2)cc1
MTBD,CC(C)C(C=C(C(C)C)C=C1C(C)C)=C1C2=C(P(C(C)(C)C)C(C)(C)C)C=CC=C2,CC1=CC(N2C=CC=C2)=NO1,CN1CCCN2C1=NCCC2,IC1=CN=CC=C1,81.28,Cc1ccc(Nc2cccnc2)cc1
P2Et,CC(C)C(C=C(C(C)C)C=C1C(C)C)=C1C2=C(P(C(C)(C)C)C(C)(C)C)C=CC=C2,O=C(OC)C1=NOC(C2=CC=CS2)=C1,CN(C)P(N(C)C)(N(C)C)=NP(N(C)C)(N(C)C)=NCC,ClC1=CC=C(C(F)(F)F)C=C1,15.76,Cc1ccc(Nc2ccc(C(F)(F)F)cc2)cc1
P2Et,CC(C)C(C=C(C(C)C)C=C1C(C)C)=C1C2=C(P(C(C)(C)C)C(C)(C)C)C=CC=C2,O=C(OC)C1=NOC(C2=CC=CS2)=C1,CN(C)P(N(C)C)(N(C)C)=NP(N(C)C)(N(C)C)=NCC,BrC1=CC=C(C(F)(F)F)C=C1,40.53,Cc1ccc(Nc2ccc(C(F)(F)F)cc2)cc1
P2Et,CC(C)C(C=C(C(C)C)C=C1C(C)C)=C1C2=C(P(C(C)(C)C)C(C)(C)C)C=CC=C2,O=C(OC)C1=NOC(C2=CC=CS2)=C1,CN(C)P(N(C)C)(N(C)C)=NP(N(C)C)(N(C)C)=NCC,IC1=CC=C(C(F)(F)F)C=C1,38.17,Cc1ccc(Nc2ccc(C(F)(F)F)cc2)cc1
P2Et,CC(C)C(C=C(C(C)C)C=C1C(C)C)=C1C2=C(P(C(C)(C)C)C(C)(C)C)C=CC=C2,O=C(OC)C1=NOC(C2=CC=CS2)=C1,CN(C)P(N(C)C)(N(C)C)=NP(N(C)C)(N(C)C)=NCC,ClC1=CC=C(OC)C=C1,0.39,COc1ccc(Nc2ccc(C)cc2)cc1
P2Et,CC(C)C(C=C(C(C)C)C=C1C(C)C)=C1C2=C(P(C(C)(C)C)C(C)(C)C)C=CC=C2,O=C(OC)C1=NOC(C2=CC=CS2)=C1,CN(C)P(N(C)C)(N(C)C)=NP(N(C)C)(N(C)C)=NCC,BrC1=CC=C(OC)C=C1,45.78,COc1ccc(Nc2ccc(C)cc2)cc1
P2Et,CC(C)C(C=C(C(C)C)C=C1C(C)C)=C1C2=C(P(C(C)(C)C)C(C)(C)C)C=CC=C2,O=C(OC)C1=NOC(C2=CC=CS2)=C1,CN(C)P(N(C)C)(N(C)C)=NP(N(C)C)(N(C)C)=NCC,IC1=CC=C(OC)C=C1,41.37,COc1ccc(Nc2ccc(C)cc2)cc1
P2Et,CC(C)C(C=C(C(C)C)C=C1C(C)C)=C1C2=C(P(C(C)(C)C)C(C)(C)C)C=CC=C2,O=C(OC)C1=NOC(C2=CC=CS2)=C1,CN(C)P(N(C)C)(N(C)C)=NP(N(C)C)(N(C)C)=NCC,ClC1=CC=C(CC)C=C1,0.86,CCc1ccc(Nc2ccc(C)cc2)cc1
P2Et,CC(C)C(C=C(C(C)C)C=C1C(C)C)=C1C2=C(P(C(C)(C)C)C(C)(C)C)C=CC=C2,O=C(OC)C1=NOC(C2=CC=CS2)=C1,CN(C)P(N(C)C)(N(C)C)=NP(N(C)C)(N(C)C)=NCC,BrC1=CC=C(CC)C=C1,63.7,CCc1ccc(Nc2ccc(C)cc2)cc1
P2Et,CC(C)C(C=C(C(C)C)C=C1C(C)C)=C1C2=C(P(C(C)(C)C)C(C)(C)C)C=CC=C2,O=C(OC)C1=NOC(C2=CC=CS2)=C1,CN(C)P(N(C)C)(N(C)C)=NP(N(C)C)(N(C)C)=NCC,IC1=CC=C(CC)C=C1,64.24,CCc1ccc(Nc2ccc(C)cc2)cc1
P2Et,CC(C)C(C=C(C(C)C)C=C1C(C)C)=C1C2=C(P(C(C)(C)C)C(C)(C)C)C=CC=C2,O=C(OC)C1=NOC(C2=CC=CS2)=C1,CN(C)P(N(C)C)(N(C)C)=NP(N(C)C)(N(C)C)=NCC,ClC1=NC=CC=C1,63.65,Cc1ccc(Nc2ccccn2)cc1
P2Et,CC(C)C(C=C(C(C)C)C=C1C(C)C)=C1C2=C(P(C(C)(C)C)C(C)(C)C)C=CC=C2,O=C(OC)C1=NOC(C2=CC=CS2)=C1,CN(C)P(N(C)C)(N(C)C)=NP(N(C)C)(N(C)C)=NCC,BrC1=NC=CC=C1,73.27,Cc1ccc(Nc2ccccn2)cc1
P2Et,CC(C)C(C=C(C(C)C)C=C1C(C)C)=C1C2=C(P(C(C)(C)C)C(C)(C)C)C=CC=C2,O=C(OC)C1=NOC(C2=CC=CS2)=C1,CN(C)P(N(C)C)(N(C)C)=NP(N(C)C)(N(C)C)=NCC,IC1=NC=CC=C1,70.29,Cc1ccc(Nc2ccccn2)cc1
P2Et,CC(C)C(C=C(C(C)C)C=C1C(C)C)=C1C2=C(P(C(C)(C)C)C(C)(C)C)C=CC=C2,O=C(OC)C1=NOC(C2=CC=CS2)=C1,CN(C)P(N(C)C)(N(C)C)=NP(N(C)C)(N(C)C)=NCC,ClC1=CN=CC=C1,8.47,Cc1ccc(Nc2cccnc2)cc1
P2Et,CC(C)C(C=C(C(C)C)C=C1C(C)C)=C1C2=C(P(C(C)(C)C)C(C)(C)C)C=CC=C2,O=C(OC)C1=NOC(C2=CC=CS2)=C1,CN(C)P(N(C)C)(N(C)C)=NP(N(C)C)(N(C)C)=NCC,BrC1=CN=CC=C1,70.27,Cc1ccc(Nc2cccnc2)cc1
P2Et,CC(C)C(C=C(C(C)C)C=C1C(C)C)=C1C2=C(P(C(C)(C)C)C(C)(C)C)C=CC=C2,O=C(OC)C1=NOC(C2=CC=CS2)=C1,CN(C)P(N(C)C)(N(C)C)=NP(N(C)C)(N(C)C)=NCC,IC1=CN=CC=C1,75.9,Cc1ccc(Nc2cccnc2)cc1
BTMG,CC(C)C(C=C(C(C)C)C=C1C(C)C)=C1C2=C(P(C(C)(C)C)C(C)(C)C)C=CC=C2,O=C(OC)C1=NOC(C2=CC=CS2)=C1,CC(C)(C)/N=C(N(C)C)/N(C)C,ClC1=CC=C(C(F)(F)F)C=C1,12.89,Cc1ccc(Nc2ccc(C(F)(F)F)cc2)cc1
BTMG,CC(C)C(C=C(C(C)C)C=C1C(C)C)=C1C2=C(P(C(C)(C)C)C(C)(C)C)C=CC=C2,O=C(OC)C1=NOC(C2=CC=CS2)=C1,CC(C)(C)/N=C(N(C)C)/N(C)C,BrC1=CC=C(C(F)(F)F)C=C1,36.29,Cc1ccc(Nc2ccc(C(F)(F)F)cc2)cc1
BTMG,CC(C)C(C=C(C(C)C)C=C1C(C)C)=C1C2=C(P(C(C)(C)C)C(C)(C)C)C=CC=C2,O=C(OC)C1=NOC(C2=CC=CS2)=C1,CC(C)(C)/N=C(N(C)C)/N(C)C,IC1=CC=C(C(F)(F)F)C=C1,37.38,Cc1ccc(Nc2ccc(C(F)(F)F)cc2)cc1
BTMG,CC(C)C(C=C(C(C)C)C=C1C(C)C)=C1C2=C(P(C(C)(C)C)C(C)(C)C)C=CC=C2,O=C(OC)C1=NOC(C2=CC=CS2)=C1,CC(C)(C)/N=C(N(C)C)/N(C)C,ClC1=CC=C(OC)C=C1,0.25,COc1ccc(Nc2ccc(C)cc2)cc1
BTMG,CC(C)C(C=C(C(C)C)C=C1C(C)C)=C1C2=C(P(C(C)(C)C)C(C)(C)C)C=CC=C2,O=C(OC)C1=NOC(C2=CC=CS2)=C1,CC(C)(C)/N=C(N(C)C)/N(C)C,BrC1=CC=C(OC)C=C1,37.14,COc1ccc(Nc2ccc(C)cc2)cc1
BTMG,CC(C)C(C=C(C(C)C)C=C1C(C)C)=C1C2=C(P(C(C)(C)C)C(C)(C)C)C=CC=C2,O=C(OC)C1=NOC(C2=CC=CS2)=C1,CC(C)(C)/N=C(N(C)C)/N(C)C,IC1=CC=C(OC)C=C1,32.81,COc1ccc(Nc2ccc(C)cc2)cc1
BTMG,CC(C)C(C=C(C(C)C)C=C1C(C)C)=C1C2=C(P(C(C)(C)C)C(C)(C)C)C=CC=C2,O=C(OC)C1=NOC(C2=CC=CS2)=C1,CC(C)(C)/N=C(N(C)C)/N(C)C,ClC1=CC=C(CC)C=C1,0.83,CCc1ccc(Nc2ccc(C)cc2)cc1
BTMG,CC(C)C(C=C(C(C)C)C=C1C(C)C)=C1C2=C(P(C(C)(C)C)C(C)(C)C)C=CC=C2,O=C(OC)C1=NOC(C2=CC=CS2)=C1,CC(C)(C)/N=C(N(C)C)/N(C)C,BrC1=CC=C(CC)C=C1,55.18,CCc1ccc(Nc2ccc(C)cc2)cc1
BTMG,CC(C)C(C=C(C(C)C)C=C1C(C)C)=C1C2=C(P(C(C)(C)C)C(C)(C)C)C=CC=C2,O=C(OC)C1=NOC(C2=CC=CS2)=C1,CC(C)(C)/N=C(N(C)C)/N(C)C,IC1=CC=C(CC)C=C1,57.51,CCc1ccc(Nc2ccc(C)cc2)cc1
BTMG,CC(C)C(C=C(C(C)C)C=C1C(C)C)=C1C2=C(P(C(C)(C)C)C(C)(C)C)C=CC=C2,O=C(OC)C1=NOC(C2=CC=CS2)=C1,CC(C)(C)/N=C(N(C)C)/N(C)C,ClC1=NC=CC=C1,66.07,Cc1ccc(Nc2ccccn2)cc1
BTMG,CC(C)C(C=C(C(C)C)C=C1C(C)C)=C1C2=C(P(C(C)(C)C)C(C)(C)C)C=CC=C2,O=C(OC)C1=NOC(C2=CC=CS2)=C1,CC(C)(C)/N=C(N(C)C)/N(C)C,BrC1=NC=CC=C1,64.68,Cc1ccc(Nc2ccccn2)cc1
BTMG,CC(C)C(C=C(C(C)C)C=C1C(C)C)=C1C2=C(P(C(C)(C)C)C(C)(C)C)C=CC=C2,O=C(OC)C1=NOC(C2=CC=CS2)=C1,CC(C)(C)/N=C(N(C)C)/N(C)C,IC1=NC=CC=C1,60.93,Cc1ccc(Nc2ccccn2)cc1
BTMG,CC(C)C(C=C(C(C)C)C=C1C(C)C)=C1C2=C(P(C(C)(C)C)C(C)(C)C)C=CC=C2,O=C(OC)C1=NOC(C2=CC=CS2)=C1,CC(C)(C)/N=C(N(C)C)/N(C)C,ClC1=CN=CC=C1,6.68,Cc1ccc(Nc2cccnc2)cc1
BTMG,CC(C)C(C=C(C(C)C)C=C1C(C)C)=C1C2=C(P(C(C)(C)C)C(C)(C)C)C=CC=C2,O=C(OC)C1=NOC(C2=CC=CS2)=C1,CC(C)(C)/N=C(N(C)C)/N(C)C,BrC1=CN=CC=C1,63.13,Cc1ccc(Nc2cccnc2)cc1
BTMG,CC(C)C(C=C(C(C)C)C=C1C(C)C)=C1C2=C(P(C(C)(C)C)C(C)(C)C)C=CC=C2,O=C(OC)C1=NOC(C2=CC=CS2)=C1,CC(C)(C)/N=C(N(C)C)/N(C)C,IC1=CN=CC=C1,65.08,Cc1ccc(Nc2cccnc2)cc1
MTBD,CC(C)C(C=C(C(C)C)C=C1C(C)C)=C1C2=C(P(C(C)(C)C)C(C)(C)C)C=CC=C2,O=C(OC)C1=NOC(C2=CC=CS2)=C1,CN1CCCN2C1=NCCC2,ClC1=CC=C(C(F)(F)F)C=C1,11.91,Cc1ccc(Nc2ccc(C(F)(F)F)cc2)cc1
MTBD,CC(C)C(C=C(C(C)C)C=C1C(C)C)=C1C2=C(P(C(C)(C)C)C(C)(C)C)C=CC=C2,O=C(OC)C1=NOC(C2=CC=CS2)=C1,CN1CCCN2C1=NCCC2,BrC1=CC=C(C(F)(F)F)C=C1,39.35,Cc1ccc(Nc2ccc(C(F)(F)F)cc2)cc1
MTBD,CC(C)C(C=C(C(C)C)C=C1C(C)C)=C1C2=C(P(C(C)(C)C)C(C)(C)C)C=CC=C2,O=C(OC)C1=NOC(C2=CC=CS2)=C1,CN1CCCN2C1=NCCC2,IC1=CC=C(C(F)(F)F)C=C1,43.83,Cc1ccc(Nc2ccc(C(F)(F)F)cc2)cc1
MTBD,CC(C)C(C=C(C(C)C)C=C1C(C)C)=C1C2=C(P(C(C)(C)C)C(C)(C)C)C=CC=C2,O=C(OC)C1=NOC(C2=CC=CS2)=C1,CN1CCCN2C1=NCCC2,ClC1=CC=C(OC)C=C1,0.38,COc1ccc(Nc2ccc(C)cc2)cc1
MTBD,CC(C)C(C=C(C(C)C)C=C1C(C)C)=C1C2=C(P(C(C)(C)C)C(C)(C)C)C=CC=C2,O=C(OC)C1=NOC(C2=CC=CS2)=C1,CN1CCCN2C1=NCCC2,BrC1=CC=C(OC)C=C1,49.02,COc1ccc(Nc2ccc(C)cc2)cc1
MTBD,CC(C)C(C=C(C(C)C)C=C1C(C)C)=C1C2=C(P(C(C)(C)C)C(C)(C)C)C=CC=C2,O=C(OC)C1=NOC(C2=CC=CS2)=C1,CN1CCCN2C1=NCCC2,IC1=CC=C(OC)C=C1,42.68,COc1ccc(Nc2ccc(C)cc2)cc1
MTBD,CC(C)C(C=C(C(C)C)C=C1C(C)C)=C1C2=C(P(C(C)(C)C)C(C)(C)C)C=CC=C2,O=C(OC)C1=NOC(C2=CC=CS2)=C1,CN1CCCN2C1=NCCC2,ClC1=CC=C(CC)C=C1,0.75,CCc1ccc(Nc2ccc(C)cc2)cc1
MTBD,CC(C)C(C=C(C(C)C)C=C1C(C)C)=C1C2=C(P(C(C)(C)C)C(C)(C)C)C=CC=C2,O=C(OC)C1=NOC(C2=CC=CS2)=C1,CN1CCCN2C1=NCCC2,BrC1=CC=C(CC)C=C1,69.58,CCc1ccc(Nc2ccc(C)cc2)cc1
MTBD,CC(C)C(C=C(C(C)C)C=C1C(C)C)=C1C2=C(P(C(C)(C)C)C(C)(C)C)C=CC=C2,O=C(OC)C1=NOC(C2=CC=CS2)=C1,CN1CCCN2C1=NCCC2,IC1=CC=C(CC)C=C1,71.48,CCc1ccc(Nc2ccc(C)cc2)cc1
MTBD,CC(C)C(C=C(C(C)C)C=C1C(C)C)=C1C2=C(P(C(C)(C)C)C(C)(C)C)C=CC=C2,O=C(OC)C1=NOC(C2=CC=CS2)=C1,CN1CCCN2C1=NCCC2,ClC1=NC=CC=C1,82.32,Cc1ccc(Nc2ccccn2)cc1
MTBD,CC(C)C(C=C(C(C)C)C=C1C(C)C)=C1C2=C(P(C(C)(C)C)C(C)(C)C)C=CC=C2,O=C(OC)C1=NOC(C2=CC=CS2)=C1,CN1CCCN2C1=NCCC2,BrC1=NC=CC=C1,81.3,Cc1ccc(Nc2ccccn2)cc1
MTBD,CC(C)C(C=C(C(C)C)C=C1C(C)C)=C1C2=C(P(C(C)(C)C)C(C)(C)C)C=CC=C2,O=C(OC)C1=NOC(C2=CC=CS2)=C1,CN1CCCN2C1=NCCC2,IC1=NC=CC=C1,82.34,Cc1ccc(Nc2ccccn2)cc1
MTBD,CC(C)C(C=C(C(C)C)C=C1C(C)C)=C1C2=C(P(C(C)(C)C)C(C)(C)C)C=CC=C2,O=C(OC)C1=NOC(C2=CC=CS2)=C1,CN1CCCN2C1=NCCC2,ClC1=CN=CC=C1,7.18,Cc1ccc(Nc2cccnc2)cc1
MTBD,CC(C)C(C=C(C(C)C)C=C1C(C)C)=C1C2=C(P(C(C)(C)C)C(C)(C)C)C=CC=C2,O=C(OC)C1=NOC(C2=CC=CS2)=C1,CN1CCCN2C1=NCCC2,BrC1=CN=CC=C1,75.99,Cc1ccc(Nc2cccnc2)cc1
MTBD,CC(C)C(C=C(C(C)C)C=C1C(C)C)=C1C2=C(P(C(C)(C)C)C(C)(C)C)C=CC=C2,O=C(OC)C1=NOC(C2=CC=CS2)=C1,CN1CCCN2C1=NCCC2,IC1=CN=CC=C1,82.4,Cc1ccc(Nc2cccnc2)cc1
P2Et,CC(C)C(C=C(C(C)C)C=C1C(C)C)=C1C2=C(P(C(C)(C)C)C(C)(C)C)C(OC)=CC=C2OC,FC(C=CC=C1F)=C1C2=CC=NO2,CN(C)P(N(C)C)(N(C)C)=NP(N(C)C)(N(C)C)=NCC,ClC1=CC=C(C(F)(F)F)C=C1,9.97,Cc1ccc(Nc2ccc(C(F)(F)F)cc2)cc1
P2Et,CC(C)C(C=C(C(C)C)C=C1C(C)C)=C1C2=C(P(C(C)(C)C)C(C)(C)C)C(OC)=CC=C2OC,FC(C=CC=C1F)=C1C2=CC=NO2,CN(C)P(N(C)C)(N(C)C)=NP(N(C)C)(N(C)C)=NCC,BrC1=CC=C(C(F)(F)F)C=C1,12.39,Cc1ccc(Nc2ccc(C(F)(F)F)cc2)cc1
P2Et,CC(C)C(C=C(C(C)C)C=C1C(C)C)=C1C2=C(P(C(C)(C)C)C(C)(C)C)C(OC)=CC=C2OC,FC(C=CC=C1F)=C1C2=CC=NO2,CN(C)P(N(C)C)(N(C)C)=NP(N(C)C)(N(C)C)=NCC,IC1=CC=C(C(F)(F)F)C=C1,12.8,Cc1ccc(Nc2ccc(C(F)(F)F)cc2)cc1
P2Et,CC(C)C(C=C(C(C)C)C=C1C(C)C)=C1C2=C(P(C(C)(C)C)C(C)(C)C)C(OC)=CC=C2OC,FC(C=CC=C1F)=C1C2=CC=NO2,CN(C)P(N(C)C)(N(C)C)=NP(N(C)C)(N(C)C)=NCC,ClC1=CC=C(OC)C=C1,0.75,COc1ccc(Nc2ccc(C)cc2)cc1
P2Et,CC(C)C(C=C(C(C)C)C=C1C(C)C)=C1C2=C(P(C(C)(C)C)C(C)(C)C)C(OC)=CC=C2OC,FC(C=CC=C1F)=C1C2=CC=NO2,CN(C)P(N(C)C)(N(C)C)=NP(N(C)C)(N(C)C)=NCC,BrC1=CC=C(OC)C=C1,12.59,COc1ccc(Nc2ccc(C)cc2)cc1
P2Et,CC(C)C(C=C(C(C)C)C=C1C(C)C)=C1C2=C(P(C(C)(C)C)C(C)(C)C)C(OC)=CC=C2OC,FC(C=CC=C1F)=C1C2=CC=NO2,CN(C)P(N(C)C)(N(C)C)=NP(N(C)C)(N(C)C)=NCC,IC1=CC=C(OC)C=C1,14.73,COc1ccc(Nc2ccc(C)cc2)cc1
P2Et,CC(C)C(C=C(C(C)C)C=C1C(C)C)=C1C2=C(P(C(C)(C)C)C(C)(C)C)C(OC)=CC=C2OC,FC(C=CC=C1F)=C1C2=CC=NO2,CN(C)P(N(C)C)(N(C)C)=NP(N(C)C)(N(C)C)=NCC,ClC1=CC=C(CC)C=C1,12.28,CCc1ccc(Nc2ccc(C)cc2)cc1
P2Et,CC(C)C(C=C(C(C)C)C=C1C(C)C)=C1C2=C(P(C(C)(C)C)C(C)(C)C)C(OC)=CC=C2OC,FC(C=CC=C1F)=C1C2=CC=NO2,CN(C)P(N(C)C)(N(C)C)=NP(N(C)C)(N(C)C)=NCC,BrC1=CC=C(CC)C=C1,24.42,CCc1ccc(Nc2ccc(C)cc2)cc1
P2Et,CC(C)C(C=C(C(C)C)C=C1C(C)C)=C1C2=C(P(C(C)(C)C)C(C)(C)C)C(OC)=CC=C2OC,FC(C=CC=C1F)=C1C2=CC=NO2,CN(C)P(N(C)C)(N(C)C)=NP(N(C)C)(N(C)C)=NCC,IC1=CC=C(CC)C=C1,26.5,CCc1ccc(Nc2ccc(C)cc2)cc1
P2Et,CC(C)C(C=C(C(C)C)C=C1C(C)C)=C1C2=C(P(C(C)(C)C)C(C)(C)C)C(OC)=CC=C2OC,FC(C=CC=C1F)=C1C2=CC=NO2,CN(C)P(N(C)C)(N(C)C)=NP(N(C)C)(N(C)C)=NCC,ClC1=NC=CC=C1,24.72,Cc1ccc(Nc2ccccn2)cc1
P2Et,CC(C)C(C=C(C(C)C)C=C1C(C)C)=C1C2=C(P(C(C)(C)C)C(C)(C)C)C(OC)=CC=C2OC,FC(C=CC=C1F)=C1C2=CC=NO2,CN(C)P(N(C)C)(N(C)C)=NP(N(C)C)(N(C)C)=NCC,BrC1=NC=CC=C1,27.99,Cc1ccc(Nc2ccccn2)cc1
P2Et,CC(C)C(C=C(C(C)C)C=C1C(C)C)=C1C2=C(P(C(C)(C)C)C(C)(C)C)C(OC)=CC=C2OC,FC(C=CC=C1F)=C1C2=CC=NO2,CN(C)P(N(C)C)(N(C)C)=NP(N(C)C)(N(C)C)=NCC,IC1=NC=CC=C1,32.33,Cc1ccc(Nc2ccccn2)cc1
P2Et,CC(C)C(C=C(C(C)C)C=C1C(C)C)=C1C2=C(P(C(C)(C)C)C(C)(C)C)C(OC)=CC=C2OC,FC(C=CC=C1F)=C1C2=CC=NO2,CN(C)P(N(C)C)(N(C)C)=NP(N(C)C)(N(C)C)=NCC,ClC1=CN=CC=C1,8.5,Cc1ccc(Nc2cccnc2)cc1
P2Et,CC(C)C(C=C(C(C)C)C=C1C(C)C)=C1C2=C(P(C(C)(C)C)C(C)(C)C)C(OC)=CC=C2OC,FC(C=CC=C1F)=C1C2=CC=NO2,CN(C)P(N(C)C)(N(C)C)=NP(N(C)C)(N(C)C)=NCC,BrC1=CN=CC=C1,15.43,Cc1ccc(Nc2cccnc2)cc1
P2Et,CC(C)C(C=C(C(C)C)C=C1C(C)C)=C1C2=C(P(C(C)(C)C)C(C)(C)C)C(OC)=CC=C2OC,FC(C=CC=C1F)=C1C2=CC=NO2,CN(C)P(N(C)C)(N(C)C)=NP(N(C)C)(N(C)C)=NCC,IC1=CN=CC=C1,19.91,Cc1ccc(Nc2cccnc2)cc1
BTMG,CC(C)C(C=C(C(C)C)C=C1C(C)C)=C1C2=C(P(C(C)(C)C)C(C)(C)C)C(OC)=CC=C2OC,FC(C=CC=C1F)=C1C2=CC=NO2,CC(C)(C)/N=C(N(C)C)/N(C)C,ClC1=CC=C(C(F)(F)F)C=C1,2.74,Cc1ccc(Nc2ccc(C(F)(F)F)cc2)cc1
BTMG,CC(C)C(C=C(C(C)C)C=C1C(C)C)=C1C2=C(P(C(C)(C)C)C(C)(C)C)C(OC)=CC=C2OC,FC(C=CC=C1F)=C1C2=CC=NO2,CC(C)(C)/N=C(N(C)C)/N(C)C,BrC1=CC=C(C(F)(F)F)C=C1,20.08,Cc1ccc(Nc2ccc(C(F)(F)F)cc2)cc1
BTMG,CC(C)C(C=C(C(C)C)C=C1C(C)C)=C1C2=C(P(C(C)(C)C)C(C)(C)C)C(OC)=CC=C2OC,FC(C=CC=C1F)=C1C2=CC=NO2,CC(C)(C)/N=C(N(C)C)/N(C)C,IC1=CC=C(C(F)(F)F)C=C1,33.64,Cc1ccc(Nc2ccc(C(F)(F)F)cc2)cc1
BTMG,CC(C)C(C=C(C(C)C)C=C1C(C)C)=C1C2=C(P(C(C)(C)C)C(C)(C)C)C(OC)=CC=C2OC,FC(C=CC=C1F)=C1C2=CC=NO2,CC(C)(C)/N=C(N(C)C)/N(C)C,ClC1=CC=C(OC)C=C1,0.33,COc1ccc(Nc2ccc(C)cc2)cc1
BTMG,CC(C)C(C=C(C(C)C)C=C1C(C)C)=C1C2=C(P(C(C)(C)C)C(C)(C)C)C(OC)=CC=C2OC,FC(C=CC=C1F)=C1C2=CC=NO2,CC(C)(C)/N=C(N(C)C)/N(C)C,BrC1=CC=C(OC)C=C1,12.21,COc1ccc(Nc2ccc(C)cc2)cc1
BTMG,CC(C)C(C=C(C(C)C)C=C1C(C)C)=C1C2=C(P(C(C)(C)C)C(C)(C)C)C(OC)=CC=C2OC,FC(C=CC=C1F)=C1C2=CC=NO2,CC(C)(C)/N=C(N(C)C)/N(C)C,IC1=CC=C(OC)C=C1,33.67,COc1ccc(Nc2ccc(C)cc2)cc1
BTMG,CC(C)C(C=C(C(C)C)C=C1C(C)C)=C1C2=C(P(C(C)(C)C)C(C)(C)C)C(OC)=CC=C2OC,FC(C=CC=C1F)=C1C2=CC=NO2,CC(C)(C)/N=C(N(C)C)/N(C)C,ClC1=CC=C(CC)C=C1,1.99,CCc1ccc(Nc2ccc(C)cc2)cc1
BTMG,CC(C)C(C=C(C(C)C)C=C1C(C)C)=C1C2=C(P(C(C)(C)C)C(C)(C)C)C(OC)=CC=C2OC,FC(C=CC=C1F)=C1C2=CC=NO2,CC(C)(C)/N=C(N(C)C)/N(C)C,BrC1=CC=C(CC)C=C1,24.97,CCc1ccc(Nc2ccc(C)cc2)cc1
BTMG,CC(C)C(C=C(C(C)C)C=C1C(C)C)=C1C2=C(P(C(C)(C)C)C(C)(C)C)C(OC)=CC=C2OC,FC(C=CC=C1F)=C1C2=CC=NO2,CC(C)(C)/N=C(N(C)C)/N(C)C,IC1=CC=C(CC)C=C1,59.57,CCc1ccc(Nc2ccc(C)cc2)cc1
BTMG,CC(C)C(C=C(C(C)C)C=C1C(C)C)=C1C2=C(P(C(C)(C)C)C(C)(C)C)C(OC)=CC=C2OC,FC(C=CC=C1F)=C1C2=CC=NO2,CC(C)(C)/N=C(N(C)C)/N(C)C,ClC1=NC=CC=C1,32.58,Cc1ccc(Nc2ccccn2)cc1
BTMG,CC(C)C(C=C(C(C)C)C=C1C(C)C)=C1C2=C(P(C(C)(C)C)C(C)(C)C)C(OC)=CC=C2OC,FC(C=CC=C1F)=C1C2=CC=NO2,CC(C)(C)/N=C(N(C)C)/N(C)C,BrC1=NC=CC=C1,44.24,Cc1ccc(Nc2ccccn2)cc1
BTMG,CC(C)C(C=C(C(C)C)C=C1C(C)C)=C1C2=C(P(C(C)(C)C)C(C)(C)C)C(OC)=CC=C2OC,FC(C=CC=C1F)=C1C2=CC=NO2,CC(C)(C)/N=C(N(C)C)/N(C)C,IC1=NC=CC=C1,61.38,Cc1ccc(Nc2ccccn2)cc1
BTMG,CC(C)C(C=C(C(C)C)C=C1C(C)C)=C1C2=C(P(C(C)(C)C)C(C)(C)C)C(OC)=CC=C2OC,FC(C=CC=C1F)=C1C2=CC=NO2,CC(C)(C)/N=C(N(C)C)/N(C)C,ClC1=CN=CC=C1,1.61,Cc1ccc(Nc2cccnc2)cc1
BTMG,CC(C)C(C=C(C(C)C)C=C1C(C)C)=C1C2=C(P(C(C)(C)C)C(C)(C)C)C(OC)=CC=C2OC,FC(C=CC=C1F)=C1C2=CC=NO2,CC(C)(C)/N=C(N(C)C)/N(C)C,BrC1=CN=CC=C1,42.13,Cc1ccc(Nc2cccnc2)cc1
BTMG,CC(C)C(C=C(C(C)C)C=C1C(C)C)=C1C2=C(P(C(C)(C)C)C(C)(C)C)C(OC)=CC=C2OC,FC(C=CC=C1F)=C1C2=CC=NO2,CC(C)(C)/N=C(N(C)C)/N(C)C,IC1=CN=CC=C1,55.13,Cc1ccc(Nc2cccnc2)cc1
MTBD,CC(C)C(C=C(C(C)C)C=C1C(C)C)=C1C2=C(P(C(C)(C)C)C(C)(C)C)C(OC)=CC=C2OC,FC(C=CC=C1F)=C1C2=CC=NO2,CN1CCCN2C1=NCCC2,ClC1=CC=C(C(F)(F)F)C=C1,13.51,Cc1ccc(Nc2ccc(C(F)(F)F)cc2)cc1
MTBD,CC(C)C(C=C(C(C)C)C=C1C(C)C)=C1C2=C(P(C(C)(C)C)C(C)(C)C)C(OC)=CC=C2OC,FC(C=CC=C1F)=C1C2=CC=NO2,CN1CCCN2C1=NCCC2,BrC1=CC=C(C(F)(F)F)C=C1,36.28,Cc1ccc(Nc2ccc(C(F)(F)F)cc2)cc1
MTBD,CC(C)C(C=C(C(C)C)C=C1C(C)C)=C1C2=C(P(C(C)(C)C)C(C)(C)C)C(OC)=CC=C2OC,FC(C=CC=C1F)=C1C2=CC=NO2,CN1CCCN2C1=NCCC2,IC1=CC=C(C(F)(F)F)C=C1,43.31,Cc1ccc(Nc2ccc(C(F)(F)F)cc2)cc1
MTBD,CC(C)C(C=C(C(C)C)C=C1C(C)C)=C1C2=C(P(C(C)(C)C)C(C)(C)C)C(OC)=CC=C2OC,FC(C=CC=C1F)=C1C2=CC=NO2,CN1CCCN2C1=NCCC2,ClC1=CC=C(OC)C=C1,0.57,COc1ccc(Nc2ccc(C)cc2)cc1
MTBD,CC(C)C(C=C(C(C)C)C=C1C(C)C)=C1C2=C(P(C(C)(C)C)C(C)(C)C)C(OC)=CC=C2OC,FC(C=CC=C1F)=C1C2=CC=NO2,CN1CCCN2C1=NCCC2,BrC1=CC=C(OC)C=C1,31.1,COc1ccc(Nc2ccc(C)cc2)cc1
MTBD,CC(C)C(C=C(C(C)C)C=C1C(C)C)=C1C2=C(P(C(C)(C)C)C(C)(C)C)C(OC)=CC=C2OC,FC(C=CC=C1F)=C1C2=CC=NO2,CN1CCCN2C1=NCCC2,IC1=CC=C(OC)C=C1,44.42,COc1ccc(Nc2ccc(C)cc2)cc1
MTBD,CC(C)C(C=C(C(C)C)C=C1C(C)C)=C1C2=C(P(C(C)(C)C)C(C)(C)C)C(OC)=CC=C2OC,FC(C=CC=C1F)=C1C2=CC=NO2,CN1CCCN2C1=NCCC2,ClC1=CC=C(CC)C=C1,6.6,CCc1ccc(Nc2ccc(C)cc2)cc1
MTBD,CC(C)C(C=C(C(C)C)C=C1C(C)C)=C1C2=C(P(C(C)(C)C)C(C)(C)C)C(OC)=CC=C2OC,FC(C=CC=C1F)=C1C2=CC=NO2,CN1CCCN2C1=NCCC2,BrC1=CC=C(CC)C=C1,53.31,CCc1ccc(Nc2ccc(C)cc2)cc1
MTBD,CC(C)C(C=C(C(C)C)C=C1C(C)C)=C1C2=C(P(C(C)(C)C)C(C)(C)C)C(OC)=CC=C2OC,FC(C=CC=C1F)=C1C2=CC=NO2,CN1CCCN2C1=NCCC2,IC1=CC=C(CC)C=C1,73.95,CCc1ccc(Nc2ccc(C)cc2)cc1
MTBD,CC(C)C(C=C(C(C)C)C=C1C(C)C)=C1C2=C(P(C(C)(C)C)C(C)(C)C)C(OC)=CC=C2OC,FC(C=CC=C1F)=C1C2=CC=NO2,CN1CCCN2C1=NCCC2,ClC1=NC=CC=C1,64.98,Cc1ccc(Nc2ccccn2)cc1
MTBD,CC(C)C(C=C(C(C)C)C=C1C(C)C)=C1C2=C(P(C(C)(C)C)C(C)(C)C)C(OC)=CC=C2OC,FC(C=CC=C1F)=C1C2=CC=NO2,CN1CCCN2C1=NCCC2,BrC1=NC=CC=C1,71.05,Cc1ccc(Nc2ccccn2)cc1
MTBD,CC(C)C(C=C(C(C)C)C=C1C(C)C)=C1C2=C(P(C(C)(C)C)C(C)(C)C)C(OC)=CC=C2OC,FC(C=CC=C1F)=C1C2=CC=NO2,CN1CCCN2C1=NCCC2,IC1=NC=CC=C1,83.94,Cc1ccc(Nc2ccccn2)cc1
MTBD,CC(C)C(C=C(C(C)C)C=C1C(C)C)=C1C2=C(P(C(C)(C)C)C(C)(C)C)C(OC)=CC=C2OC,FC(C=CC=C1F)=C1C2=CC=NO2,CN1CCCN2C1=NCCC2,ClC1=CN=CC=C1,2.02,Cc1ccc(Nc2cccnc2)cc1
MTBD,CC(C)C(C=C(C(C)C)C=C1C(C)C)=C1C2=C(P(C(C)(C)C)C(C)(C)C)C(OC)=CC=C2OC,FC(C=CC=C1F)=C1C2=CC=NO2,CN1CCCN2C1=NCCC2,BrC1=CN=CC=C1,55.99,Cc1ccc(Nc2cccnc2)cc1
MTBD,CC(C)C(C=C(C(C)C)C=C1C(C)C)=C1C2=C(P(C(C)(C)C)C(C)(C)C)C(OC)=CC=C2OC,FC(C=CC=C1F)=C1C2=CC=NO2,CN1CCCN2C1=NCCC2,IC1=CN=CC=C1,83.04,Cc1ccc(Nc2cccnc2)cc1
P2Et,CC(C)C(C=C(C(C)C)C=C1C(C)C)=C1C2=C(P(C(C)(C)C)C(C)(C)C)C(OC)=CC=C2OC,C1(N(CC2=CC=CC=C2)CC3=CC=CC=C3)=CC=NO1,CN(C)P(N(C)C)(N(C)C)=NP(N(C)C)(N(C)C)=NCC,ClC1=CC=C(C(F)(F)F)C=C1,17.35,Cc1ccc(Nc2ccc(C(F)(F)F)cc2)cc1
P2Et,CC(C)C(C=C(C(C)C)C=C1C(C)C)=C1C2=C(P(C(C)(C)C)C(C)(C)C)C(OC)=CC=C2OC,C1(N(CC2=CC=CC=C2)CC3=CC=CC=C3)=CC=NO1,CN(C)P(N(C)C)(N(C)C)=NP(N(C)C)(N(C)C)=NCC,BrC1=CC=C(C(F)(F)F)C=C1,28.93,Cc1ccc(Nc2ccc(C(F)(F)F)cc2)cc1
P2Et,CC(C)C(C=C(C(C)C)C=C1C(C)C)=C1C2=C(P(C(C)(C)C)C(C)(C)C)C(OC)=CC=C2OC,C1(N(CC2=CC=CC=C2)CC3=CC=CC=C3)=CC=NO1,CN(C)P(N(C)C)(N(C)C)=NP(N(C)C)(N(C)C)=NCC,IC1=CC=C(C(F)(F)F)C=C1,34.71,Cc1ccc(Nc2ccc(C(F)(F)F)cc2)cc1
P2Et,CC(C)C(C=C(C(C)C)C=C1C(C)C)=C1C2=C(P(C(C)(C)C)C(C)(C)C)C(OC)=CC=C2OC,C1(N(CC2=CC=CC=C2)CC3=CC=CC=C3)=CC=NO1,CN(C)P(N(C)C)(N(C)C)=NP(N(C)C)(N(C)C)=NCC,ClC1=CC=C(OC)C=C1,0.57,COc1ccc(Nc2ccc(C)cc2)cc1
P2Et,CC(C)C(C=C(C(C)C)C=C1C(C)C)=C1C2=C(P(C(C)(C)C)C(C)(C)C)C(OC)=CC=C2OC,C1(N(CC2=CC=CC=C2)CC3=CC=CC=C3)=CC=NO1,CN(C)P(N(C)C)(N(C)C)=NP(N(C)C)(N(C)C)=NCC,BrC1=CC=C(OC)C=C1,38.02,COc1ccc(Nc2ccc(C)cc2)cc1
P2Et,CC(C)C(C=C(C(C)C)C=C1C(C)C)=C1C2=C(P(C(C)(C)C)C(C)(C)C)C(OC)=CC=C2OC,C1(N(CC2=CC=CC=C2)CC3=CC=CC=C3)=CC=NO1,CN(C)P(N(C)C)(N(C)C)=NP(N(C)C)(N(C)C)=NCC,IC1=CC=C(OC)C=C1,38.77,COc1ccc(Nc2ccc(C)cc2)cc1
P2Et,CC(C)C(C=C(C(C)C)C=C1C(C)C)=C1C2=C(P(C(C)(C)C)C(C)(C)C)C(OC)=CC=C2OC,C1(N(CC2=CC=CC=C2)CC3=CC=CC=C3)=CC=NO1,CN(C)P(N(C)C)(N(C)C)=NP(N(C)C)(N(C)C)=NCC,ClC1=CC=C(CC)C=C1,13.96,CCc1ccc(Nc2ccc(C)cc2)cc1
P2Et,CC(C)C(C=C(C(C)C)C=C1C(C)C)=C1C2=C(P(C(C)(C)C)C(C)(C)C)C(OC)=CC=C2OC,C1(N(CC2=CC=CC=C2)CC3=CC=CC=C3)=CC=NO1,CN(C)P(N(C)C)(N(C)C)=NP(N(C)C)(N(C)C)=NCC,BrC1=CC=C(CC)C=C1,60.55,CCc1ccc(Nc2ccc(C)cc2)cc1
P2Et,CC(C)C(C=C(C(C)C)C=C1C(C)C)=C1C2=C(P(C(C)(C)C)C(C)(C)C)C(OC)=CC=C2OC,C1(N(CC2=CC=CC=C2)CC3=CC=CC=C3)=CC=NO1,CN(C)P(N(C)C)(N(C)C)=NP(N(C)C)(N(C)C)=NCC,IC1=CC=C(CC)C=C1,63.14,CCc1ccc(Nc2ccc(C)cc2)cc1
P2Et,CC(C)C(C=C(C(C)C)C=C1C(C)C)=C1C2=C(P(C(C)(C)C)C(C)(C)C)C(OC)=CC=C2OC,C1(N(CC2=CC=CC=C2)CC3=CC=CC=C3)=CC=NO1,CN(C)P(N(C)C)(N(C)C)=NP(N(C)C)(N(C)C)=NCC,ClC1=NC=CC=C1,41.14,Cc1ccc(Nc2ccccn2)cc1
P2Et,CC(C)C(C=C(C(C)C)C=C1C(C)C)=C1C2=C(P(C(C)(C)C)C(C)(C)C)C(OC)=CC=C2OC,C1(N(CC2=CC=CC=C2)CC3=CC=CC=C3)=CC=NO1,CN(C)P(N(C)C)(N(C)C)=NP(N(C)C)(N(C)C)=NCC,BrC1=NC=CC=C1,47.21,Cc1ccc(Nc2ccccn2)cc1
P2Et,CC(C)C(C=C(C(C)C)C=C1C(C)C)=C1C2=C(P(C(C)(C)C)C(C)(C)C)C(OC)=CC=C2OC,C1(N(CC2=CC=CC=C2)CC3=CC=CC=C3)=CC=NO1,CN(C)P(N(C)C)(N(C)C)=NP(N(C)C)(N(C)C)=NCC,IC1=NC=CC=C1,58.17,Cc1ccc(Nc2ccccn2)cc1
P2Et,CC(C)C(C=C(C(C)C)C=C1C(C)C)=C1C2=C(P(C(C)(C)C)C(C)(C)C)C(OC)=CC=C2OC,C1(N(CC2=CC=CC=C2)CC3=CC=CC=C3)=CC=NO1,CN(C)P(N(C)C)(N(C)C)=NP(N(C)C)(N(C)C)=NCC,ClC1=CN=CC=C1,13.53,Cc1ccc(Nc2cccnc2)cc1
P2Et,CC(C)C(C=C(C(C)C)C=C1C(C)C)=C1C2=C(P(C(C)(C)C)C(C)(C)C)C(OC)=CC=C2OC,C1(N(CC2=CC=CC=C2)CC3=CC=CC=C3)=CC=NO1,CN(C)P(N(C)C)(N(C)C)=NP(N(C)C)(N(C)C)=NCC,BrC1=CN=CC=C1,53.6,Cc1ccc(Nc2cccnc2)cc1
P2Et,CC(C)C(C=C(C(C)C)C=C1C(C)C)=C1C2=C(P(C(C)(C)C)C(C)(C)C)C(OC)=CC=C2OC,C1(N(CC2=CC=CC=C2)CC3=CC=CC=C3)=CC=NO1,CN(C)P(N(C)C)(N(C)C)=NP(N(C)C)(N(C)C)=NCC,IC1=CN=CC=C1,58.46,Cc1ccc(Nc2cccnc2)cc1
BTMG,CC(C)C(C=C(C(C)C)C=C1C(C)C)=C1C2=C(P(C(C)(C)C)C(C)(C)C)C(OC)=CC=C2OC,C1(N(CC2=CC=CC=C2)CC3=CC=CC=C3)=CC=NO1,CC(C)(C)/N=C(N(C)C)/N(C)C,ClC1=CC=C(C(F)(F)F)C=C1,5.49,Cc1ccc(Nc2ccc(C(F)(F)F)cc2)cc1
BTMG,CC(C)C(C=C(C(C)C)C=C1C(C)C)=C1C2=C(P(C(C)(C)C)C(C)(C)C)C(OC)=CC=C2OC,C1(N(CC2=CC=CC=C2)CC3=CC=CC=C3)=CC=NO1,CC(C)(C)/N=C(N(C)C)/N(C)C,BrC1=CC=C(C(F)(F)F)C=C1,30.48,Cc1ccc(Nc2ccc(C(F)(F)F)cc2)cc1
BTMG,CC(C)C(C=C(C(C)C)C=C1C(C)C)=C1C2=C(P(C(C)(C)C)C(C)(C)C)C(OC)=CC=C2OC,C1(N(CC2=CC=CC=C2)CC3=CC=CC=C3)=CC=NO1,CC(C)(C)/N=C(N(C)C)/N(C)C,IC1=CC=C(C(F)(F)F)C=C1,38.19,Cc1ccc(Nc2ccc(C(F)(F)F)cc2)cc1
BTMG,CC(C)C(C=C(C(C)C)C=C1C(C)C)=C1C2=C(P(C(C)(C)C)C(C)(C)C)C(OC)=CC=C2OC,C1(N(CC2=CC=CC=C2)CC3=CC=CC=C3)=CC=NO1,CC(C)(C)/N=C(N(C)C)/N(C)C,ClC1=CC=C(OC)C=C1,0.0,COc1ccc(Nc2ccc(C)cc2)cc1
BTMG,CC(C)C(C=C(C(C)C)C=C1C(C)C)=C1C2=C(P(C(C)(C)C)C(C)(C)C)C(OC)=CC=C2OC,C1(N(CC2=CC=CC=C2)CC3=CC=CC=C3)=CC=NO1,CC(C)(C)/N=C(N(C)C)/N(C)C,BrC1=CC=C(OC)C=C1,21.09,COc1ccc(Nc2ccc(C)cc2)cc1
BTMG,CC(C)C(C=C(C(C)C)C=C1C(C)C)=C1C2=C(P(C(C)(C)C)C(C)(C)C)C(OC)=CC=C2OC,C1(N(CC2=CC=CC=C2)CC3=CC=CC=C3)=CC=NO1,CC(C)(C)/N=C(N(C)C)/N(C)C,IC1=CC=C(OC)C=C1,57.71,COc1ccc(Nc2ccc(C)cc2)cc1
BTMG,CC(C)C(C=C(C(C)C)C=C1C(C)C)=C1C2=C(P(C(C)(C)C)C(C)(C)C)C(OC)=CC=C2OC,C1(N(CC2=CC=CC=C2)CC3=CC=CC=C3)=CC=NO1,CC(C)(C)/N=C(N(C)C)/N(C)C,ClC1=CC=C(CC)C=C1,6.31,CCc1ccc(Nc2ccc(C)cc2)cc1
BTMG,CC(C)C(C=C(C(C)C)C=C1C(C)C)=C1C2=C(P(C(C)(C)C)C(C)(C)C)C(OC)=CC=C2OC,C1(N(CC2=CC=CC=C2)CC3=CC=CC=C3)=CC=NO1,CC(C)(C)/N=C(N(C)C)/N(C)C,BrC1=CC=C(CC)C=C1,40.61,CCc1ccc(Nc2ccc(C)cc2)cc1
BTMG,CC(C)C(C=C(C(C)C)C=C1C(C)C)=C1C2=C(P(C(C)(C)C)C(C)(C)C)C(OC)=CC=C2OC,C1(N(CC2=CC=CC=C2)CC3=CC=CC=C3)=CC=NO1,CC(C)(C)/N=C(N(C)C)/N(C)C,IC1=CC=C(CC)C=C1,62.94,CCc1ccc(Nc2ccc(C)cc2)cc1
BTMG,CC(C)C(C=C(C(C)C)C=C1C(C)C)=C1C2=C(P(C(C)(C)C)C(C)(C)C)C(OC)=CC=C2OC,C1(N(CC2=CC=CC=C2)CC3=CC=CC=C3)=CC=NO1,CC(C)(C)/N=C(N(C)C)/N(C)C,ClC1=NC=CC=C1,29.74,Cc1ccc(Nc2ccccn2)cc1
BTMG,CC(C)C(C=C(C(C)C)C=C1C(C)C)=C1C2=C(P(C(C)(C)C)C(C)(C)C)C(OC)=CC=C2OC,C1(N(CC2=CC=CC=C2)CC3=CC=CC=C3)=CC=NO1,CC(C)(C)/N=C(N(C)C)/N(C)C,BrC1=NC=CC=C1,38.07,Cc1ccc(Nc2ccccn2)cc1
BTMG,CC(C)C(C=C(C(C)C)C=C1C(C)C)=C1C2=C(P(C(C)(C)C)C(C)(C)C)C(OC)=CC=C2OC,C1(N(CC2=CC=CC=C2)CC3=CC=CC=C3)=CC=NO1,CC(C)(C)/N=C(N(C)C)/N(C)C,IC1=NC=CC=C1,64.15,Cc1ccc(Nc2ccccn2)cc1
BTMG,CC(C)C(C=C(C(C)C)C=C1C(C)C)=C1C2=C(P(C(C)(C)C)C(C)(C)C)C(OC)=CC=C2OC,C1(N(CC2=CC=CC=C2)CC3=CC=CC=C3)=CC=NO1,CC(C)(C)/N=C(N(C)C)/N(C)C,ClC1=CN=CC=C1,4.07,Cc1ccc(Nc2cccnc2)cc1
BTMG,CC(C)C(C=C(C(C)C)C=C1C(C)C)=C1C2=C(P(C(C)(C)C)C(C)(C)C)C(OC)=CC=C2OC,C1(N(CC2=CC=CC=C2)CC3=CC=CC=C3)=CC=NO1,CC(C)(C)/N=C(N(C)C)/N(C)C,BrC1=CN=CC=C1,49.17,Cc1ccc(Nc2cccnc2)cc1
BTMG,CC(C)C(C=C(C(C)C)C=C1C(C)C)=C1C2=C(P(C(C)(C)C)C(C)(C)C)C(OC)=CC=C2OC,C1(N(CC2=CC=CC=C2)CC3=CC=CC=C3)=CC=NO1,CC(C)(C)/N=C(N(C)C)/N(C)C,IC1=CN=CC=C1,57.53,Cc1ccc(Nc2cccnc2)cc1
MTBD,CC(C)C(C=C(C(C)C)C=C1C(C)C)=C1C2=C(P(C(C)(C)C)C(C)(C)C)C(OC)=CC=C2OC,C1(N(CC2=CC=CC=C2)CC3=CC=CC=C3)=CC=NO1,CN1CCCN2C1=NCCC2,ClC1=CC=C(C(F)(F)F)C=C1,12.79,Cc1ccc(Nc2ccc(C(F)(F)F)cc2)cc1
MTBD,CC(C)C(C=C(C(C)C)C=C1C(C)C)=C1C2=C(P(C(C)(C)C)C(C)(C)C)C(OC)=CC=C2OC,C1(N(CC2=CC=CC=C2)CC3=CC=CC=C3)=CC=NO1,CN1CCCN2C1=NCCC2,BrC1=CC=C(C(F)(F)F)C=C1,31.89,Cc1ccc(Nc2ccc(C(F)(F)F)cc2)cc1
MTBD,CC(C)C(C=C(C(C)C)C=C1C(C)C)=C1C2=C(P(C(C)(C)C)C(C)(C)C)C(OC)=CC=C2OC,C1(N(CC2=CC=CC=C2)CC3=CC=CC=C3)=CC=NO1,CN1CCCN2C1=NCCC2,IC1=CC=C(C(F)(F)F)C=C1,41.17,Cc1ccc(Nc2ccc(C(F)(F)F)cc2)cc1
MTBD,CC(C)C(C=C(C(C)C)C=C1C(C)C)=C1C2=C(P(C(C)(C)C)C(C)(C)C)C(OC)=CC=C2OC,C1(N(CC2=CC=CC=C2)CC3=CC=CC=C3)=CC=NO1,CN1CCCN2C1=NCCC2,ClC1=CC=C(OC)C=C1,0.0,COc1ccc(Nc2ccc(C)cc2)cc1
MTBD,CC(C)C(C=C(C(C)C)C=C1C(C)C)=C1C2=C(P(C(C)(C)C)C(C)(C)C)C(OC)=CC=C2OC,C1(N(CC2=CC=CC=C2)CC3=CC=CC=C3)=CC=NO1,CN1CCCN2C1=NCCC2,BrC1=CC=C(OC)C=C1,36.45,COc1ccc(Nc2ccc(C)cc2)cc1
MTBD,CC(C)C(C=C(C(C)C)C=C1C(C)C)=C1C2=C(P(C(C)(C)C)C(C)(C)C)C(OC)=CC=C2OC,C1(N(CC2=CC=CC=C2)CC3=CC=CC=C3)=CC=NO1,CN1CCCN2C1=NCCC2,IC1=CC=C(OC)C=C1,47.12,COc1ccc(Nc2ccc(C)cc2)cc1
MTBD,CC(C)C(C=C(C(C)C)C=C1C(C)C)=C1C2=C(P(C(C)(C)C)C(C)(C)C)C(OC)=CC=C2OC,C1(N(CC2=CC=CC=C2)CC3=CC=CC=C3)=CC=NO1,CN1CCCN2C1=NCCC2,ClC1=CC=C(CC)C=C1,6.88,CCc1ccc(Nc2ccc(C)cc2)cc1
MTBD,CC(C)C(C=C(C(C)C)C=C1C(C)C)=C1C2=C(P(C(C)(C)C)C(C)(C)C)C(OC)=CC=C2OC,C1(N(CC2=CC=CC=C2)CC3=CC=CC=C3)=CC=NO1,CN1CCCN2C1=NCCC2,BrC1=CC=C(CC)C=C1,62.87,CCc1ccc(Nc2ccc(C)cc2)cc1
MTBD,CC(C)C(C=C(C(C)C)C=C1C(C)C)=C1C2=C(P(C(C)(C)C)C(C)(C)C)C(OC)=CC=C2OC,C1(N(CC2=CC=CC=C2)CC3=CC=CC=C3)=CC=NO1,CN1CCCN2C1=NCCC2,IC1=CC=C(CC)C=C1,72.35,CCc1ccc(Nc2ccc(C)cc2)cc1
MTBD,CC(C)C(C=C(C(C)C)C=C1C(C)C)=C1C2=C(P(C(C)(C)C)C(C)(C)C)C(OC)=CC=C2OC,C1(N(CC2=CC=CC=C2)CC3=CC=CC=C3)=CC=NO1,CN1CCCN2C1=NCCC2,ClC1=NC=CC=C1,72.24,Cc1ccc(Nc2ccccn2)cc1
MTBD,CC(C)C(C=C(C(C)C)C=C1C(C)C)=C1C2=C(P(C(C)(C)C)C(C)(C)C)C(OC)=CC=C2OC,C1(N(CC2=CC=CC=C2)CC3=CC=CC=C3)=CC=NO1,CN1CCCN2C1=NCCC2,BrC1=NC=CC=C1,73.5,Cc1ccc(Nc2ccccn2)cc1
MTBD,CC(C)C(C=C(C(C)C)C=C1C(C)C)=C1C2=C(P(C(C)(C)C)C(C)(C)C)C(OC)=CC=C2OC,C1(N(CC2=CC=CC=C2)CC3=CC=CC=C3)=CC=NO1,CN1CCCN2C1=NCCC2,IC1=NC=CC=C1,86.32,Cc1ccc(Nc2ccccn2)cc1
MTBD,CC(C)C(C=C(C(C)C)C=C1C(C)C)=C1C2=C(P(C(C)(C)C)C(C)(C)C)C(OC)=CC=C2OC,C1(N(CC2=CC=CC=C2)CC3=CC=CC=C3)=CC=NO1,CN1CCCN2C1=NCCC2,ClC1=CN=CC=C1,2.39,Cc1ccc(Nc2cccnc2)cc1
MTBD,CC(C)C(C=C(C(C)C)C=C1C(C)C)=C1C2=C(P(C(C)(C)C)C(C)(C)C)C(OC)=CC=C2OC,C1(N(CC2=CC=CC=C2)CC3=CC=CC=C3)=CC=NO1,CN1CCCN2C1=NCCC2,BrC1=CN=CC=C1,47.69,Cc1ccc(Nc2cccnc2)cc1
MTBD,CC(C)C(C=C(C(C)C)C=C1C(C)C)=C1C2=C(P(C(C)(C)C)C(C)(C)C)C(OC)=CC=C2OC,C1(N(CC2=CC=CC=C2)CC3=CC=CC=C3)=CC=NO1,CN1CCCN2C1=NCCC2,IC1=CN=CC=C1,81.56,Cc1ccc(Nc2cccnc2)cc1
P2Et,CC(C)C(C=C(C(C)C)C=C1C(C)C)=C1C2=C(P(C(C)(C)C)C(C)(C)C)C(OC)=CC=C2OC,CC1=CC(N2C=CC=C2)=NO1,CN(C)P(N(C)C)(N(C)C)=NP(N(C)C)(N(C)C)=NCC,ClC1=CC=C(C(F)(F)F)C=C1,11.04,Cc1ccc(Nc2ccc(C(F)(F)F)cc2)cc1
P2Et,CC(C)C(C=C(C(C)C)C=C1C(C)C)=C1C2=C(P(C(C)(C)C)C(C)(C)C)C(OC)=CC=C2OC,CC1=CC(N2C=CC=C2)=NO1,CN(C)P(N(C)C)(N(C)C)=NP(N(C)C)(N(C)C)=NCC,BrC1=CC=C(C(F)(F)F)C=C1,24.23,Cc1ccc(Nc2ccc(C(F)(F)F)cc2)cc1
P2Et,CC(C)C(C=C(C(C)C)C=C1C(C)C)=C1C2=C(P(C(C)(C)C)C(C)(C)C)C(OC)=CC=C2OC,CC1=CC(N2C=CC=C2)=NO1,CN(C)P(N(C)C)(N(C)C)=NP(N(C)C)(N(C)C)=NCC,IC1=CC=C(C(F)(F)F)C=C1,31.3,Cc1ccc(Nc2ccc(C(F)(F)F)cc2)cc1
P2Et,CC(C)C(C=C(C(C)C)C=C1C(C)C)=C1C2=C(P(C(C)(C)C)C(C)(C)C)C(OC)=CC=C2OC,CC1=CC(N2C=CC=C2)=NO1,CN(C)P(N(C)C)(N(C)C)=NP(N(C)C)(N(C)C)=NCC,ClC1=CC=C(OC)C=C1,0.34,COc1ccc(Nc2ccc(C)cc2)cc1
P2Et,CC(C)C(C=C(C(C)C)C=C1C(C)C)=C1C2=C(P(C(C)(C)C)C(C)(C)C)C(OC)=CC=C2OC,CC1=CC(N2C=CC=C2)=NO1,CN(C)P(N(C)C)(N(C)C)=NP(N(C)C)(N(C)C)=NCC,BrC1=CC=C(OC)C=C1,46.65,COc1ccc(Nc2ccc(C)cc2)cc1
P2Et,CC(C)C(C=C(C(C)C)C=C1C(C)C)=C1C2=C(P(C(C)(C)C)C(C)(C)C)C(OC)=CC=C2OC,CC1=CC(N2C=CC=C2)=NO1,CN(C)P(N(C)C)(N(C)C)=NP(N(C)C)(N(C)C)=NCC,IC1=CC=C(OC)C=C1,45.17,COc1ccc(Nc2ccc(C)cc2)cc1
P2Et,CC(C)C(C=C(C(C)C)C=C1C(C)C)=C1C2=C(P(C(C)(C)C)C(C)(C)C)C(OC)=CC=C2OC,CC1=CC(N2C=CC=C2)=NO1,CN(C)P(N(C)C)(N(C)C)=NP(N(C)C)(N(C)C)=NCC,ClC1=CC=C(CC)C=C1,9.99,CCc1ccc(Nc2ccc(C)cc2)cc1
P2Et,CC(C)C(C=C(C(C)C)C=C1C(C)C)=C1C2=C(P(C(C)(C)C)C(C)(C)C)C(OC)=CC=C2OC,CC1=CC(N2C=CC=C2)=NO1,CN(C)P(N(C)C)(N(C)C)=NP(N(C)C)(N(C)C)=NCC,BrC1=CC=C(CC)C=C1,68.92,CCc1ccc(Nc2ccc(C)cc2)cc1
P2Et,CC(C)C(C=C(C(C)C)C=C1C(C)C)=C1C2=C(P(C(C)(C)C)C(C)(C)C)C(OC)=CC=C2OC,CC1=CC(N2C=CC=C2)=NO1,CN(C)P(N(C)C)(N(C)C)=NP(N(C)C)(N(C)C)=NCC,IC1=CC=C(CC)C=C1,69.28,CCc1ccc(Nc2ccc(C)cc2)cc1
P2Et,CC(C)C(C=C(C(C)C)C=C1C(C)C)=C1C2=C(P(C(C)(C)C)C(C)(C)C)C(OC)=CC=C2OC,CC1=CC(N2C=CC=C2)=NO1,CN(C)P(N(C)C)(N(C)C)=NP(N(C)C)(N(C)C)=NCC,ClC1=NC=CC=C1,78.77,Cc1ccc(Nc2ccccn2)cc1
P2Et,CC(C)C(C=C(C(C)C)C=C1C(C)C)=C1C2=C(P(C(C)(C)C)C(C)(C)C)C(OC)=CC=C2OC,CC1=CC(N2C=CC=C2)=NO1,CN(C)P(N(C)C)(N(C)C)=NP(N(C)C)(N(C)C)=NCC,BrC1=NC=CC=C1,76.11,Cc1ccc(Nc2ccccn2)cc1
P2Et,CC(C)C(C=C(C(C)C)C=C1C(C)C)=C1C2=C(P(C(C)(C)C)C(C)(C)C)C(OC)=CC=C2OC,CC1=CC(N2C=CC=C2)=NO1,CN(C)P(N(C)C)(N(C)C)=NP(N(C)C)(N(C)C)=NCC,IC1=NC=CC=C1,81.79,Cc1ccc(Nc2ccccn2)cc1
P2Et,CC(C)C(C=C(C(C)C)C=C1C(C)C)=C1C2=C(P(C(C)(C)C)C(C)(C)C)C(OC)=CC=C2OC,CC1=CC(N2C=CC=C2)=NO1,CN(C)P(N(C)C)(N(C)C)=NP(N(C)C)(N(C)C)=NCC,ClC1=CN=CC=C1,3.72,Cc1ccc(Nc2cccnc2)cc1
P2Et,CC(C)C(C=C(C(C)C)C=C1C(C)C)=C1C2=C(P(C(C)(C)C)C(C)(C)C)C(OC)=CC=C2OC,CC1=CC(N2C=CC=C2)=NO1,CN(C)P(N(C)C)(N(C)C)=NP(N(C)C)(N(C)C)=NCC,BrC1=CN=CC=C1,17.8,Cc1ccc(Nc2cccnc2)cc1
P2Et,CC(C)C(C=C(C(C)C)C=C1C(C)C)=C1C2=C(P(C(C)(C)C)C(C)(C)C)C(OC)=CC=C2OC,CC1=CC(N2C=CC=C2)=NO1,CN(C)P(N(C)C)(N(C)C)=NP(N(C)C)(N(C)C)=NCC,IC1=CN=CC=C1,62.0,Cc1ccc(Nc2cccnc2)cc1
BTMG,CC(C)C(C=C(C(C)C)C=C1C(C)C)=C1C2=C(P(C(C)(C)C)C(C)(C)C)C(OC)=CC=C2OC,CC1=CC(N2C=CC=C2)=NO1,CC(C)(C)/N=C(N(C)C)/N(C)C,ClC1=CC=C(C(F)(F)F)C=C1,27.21,Cc1ccc(Nc2ccc(C(F)(F)F)cc2)cc1
BTMG,CC(C)C(C=C(C(C)C)C=C1C(C)C)=C1C2=C(P(C(C)(C)C)C(C)(C)C)C(OC)=CC=C2OC,CC1=CC(N2C=CC=C2)=NO1,CC(C)(C)/N=C(N(C)C)/N(C)C,BrC1=CC=C(C(F)(F)F)C=C1,38.14,Cc1ccc(Nc2ccc(C(F)(F)F)cc2)cc1
BTMG,CC(C)C(C=C(C(C)C)C=C1C(C)C)=C1C2=C(P(C(C)(C)C)C(C)(C)C)C(OC)=CC=C2OC,CC1=CC(N2C=CC=C2)=NO1,CC(C)(C)/N=C(N(C)C)/N(C)C,IC1=CC=C(C(F)(F)F)C=C1,36.43,Cc1ccc(Nc2ccc(C(F)(F)F)cc2)cc1
BTMG,CC(C)C(C=C(C(C)C)C=C1C(C)C)=C1C2=C(P(C(C)(C)C)C(C)(C)C)C(OC)=CC=C2OC,CC1=CC(N2C=CC=C2)=NO1,CC(C)(C)/N=C(N(C)C)/N(C)C,ClC1=CC=C(OC)C=C1,1.09,COc1ccc(Nc2ccc(C)cc2)cc1
BTMG,CC(C)C(C=C(C(C)C)C=C1C(C)C)=C1C2=C(P(C(C)(C)C)C(C)(C)C)C(OC)=CC=C2OC,CC1=CC(N2C=CC=C2)=NO1,CC(C)(C)/N=C(N(C)C)/N(C)C,BrC1=CC=C(OC)C=C1,37.86,COc1ccc(Nc2ccc(C)cc2)cc1
BTMG,CC(C)C(C=C(C(C)C)C=C1C(C)C)=C1C2=C(P(C(C)(C)C)C(C)(C)C)C(OC)=CC=C2OC,CC1=CC(N2C=CC=C2)=NO1,CC(C)(C)/N=C(N(C)C)/N(C)C,IC1=CC=C(OC)C=C1,41.07,COc1ccc(Nc2ccc(C)cc2)cc1
BTMG,CC(C)C(C=C(C(C)C)C=C1C(C)C)=C1C2=C(P(C(C)(C)C)C(C)(C)C)C(OC)=CC=C2OC,CC1=CC(N2C=CC=C2)=NO1,CC(C)(C)/N=C(N(C)C)/N(C)C,ClC1=CC=C(CC)C=C1,8.96,CCc1ccc(Nc2ccc(C)cc2)cc1
BTMG,CC(C)C(C=C(C(C)C)C=C1C(C)C)=C1C2=C(P(C(C)(C)C)C(C)(C)C)C(OC)=CC=C2OC,CC1=CC(N2C=CC=C2)=NO1,CC(C)(C)/N=C(N(C)C)/N(C)C,BrC1=CC=C(CC)C=C1,59.1,CCc1ccc(Nc2ccc(C)cc2)cc1
BTMG,CC(C)C(C=C(C(C)C)C=C1C(C)C)=C1C2=C(P(C(C)(C)C)C(C)(C)C)C(OC)=CC=C2OC,CC1=CC(N2C=CC=C2)=NO1,CC(C)(C)/N=C(N(C)C)/N(C)C,IC1=CC=C(CC)C=C1,65.48,CCc1ccc(Nc2ccc(C)cc2)cc1
BTMG,CC(C)C(C=C(C(C)C)C=C1C(C)C)=C1C2=C(P(C(C)(C)C)C(C)(C)C)C(OC)=CC=C2OC,CC1=CC(N2C=CC=C2)=NO1,CC(C)(C)/N=C(N(C)C)/N(C)C,ClC1=NC=CC=C1,62.8,Cc1ccc(Nc2ccccn2)cc1
BTMG,CC(C)C(C=C(C(C)C)C=C1C(C)C)=C1C2=C(P(C(C)(C)C)C(C)(C)C)C(OC)=CC=C2OC,CC1=CC(N2C=CC=C2)=NO1,CC(C)(C)/N=C(N(C)C)/N(C)C,BrC1=NC=CC=C1,65.86,Cc1ccc(Nc2ccccn2)cc1
BTMG,CC(C)C(C=C(C(C)C)C=C1C(C)C)=C1C2=C(P(C(C)(C)C)C(C)(C)C)C(OC)=CC=C2OC,CC1=CC(N2C=CC=C2)=NO1,CC(C)(C)/N=C(N(C)C)/N(C)C,IC1=NC=CC=C1,64.68,Cc1ccc(Nc2ccccn2)cc1
BTMG,CC(C)C(C=C(C(C)C)C=C1C(C)C)=C1C2=C(P(C(C)(C)C)C(C)(C)C)C(OC)=CC=C2OC,CC1=CC(N2C=CC=C2)=NO1,CC(C)(C)/N=C(N(C)C)/N(C)C,ClC1=CN=CC=C1,25.61,Cc1ccc(Nc2cccnc2)cc1
BTMG,CC(C)C(C=C(C(C)C)C=C1C(C)C)=C1C2=C(P(C(C)(C)C)C(C)(C)C)C(OC)=CC=C2OC,CC1=CC(N2C=CC=C2)=NO1,CC(C)(C)/N=C(N(C)C)/N(C)C,BrC1=CN=CC=C1,56.48,Cc1ccc(Nc2cccnc2)cc1
BTMG,CC(C)C(C=C(C(C)C)C=C1C(C)C)=C1C2=C(P(C(C)(C)C)C(C)(C)C)C(OC)=CC=C2OC,CC1=CC(N2C=CC=C2)=NO1,CC(C)(C)/N=C(N(C)C)/N(C)C,IC1=CN=CC=C1,60.53,Cc1ccc(Nc2cccnc2)cc1
MTBD,CC(C)C(C=C(C(C)C)C=C1C(C)C)=C1C2=C(P(C(C)(C)C)C(C)(C)C)C(OC)=CC=C2OC,CC1=CC(N2C=CC=C2)=NO1,CN1CCCN2C1=NCCC2,ClC1=CC=C(C(F)(F)F)C=C1,28.57,Cc1ccc(Nc2ccc(C(F)(F)F)cc2)cc1
MTBD,CC(C)C(C=C(C(C)C)C=C1C(C)C)=C1C2=C(P(C(C)(C)C)C(C)(C)C)C(OC)=CC=C2OC,CC1=CC(N2C=CC=C2)=NO1,CN1CCCN2C1=NCCC2,BrC1=CC=C(C(F)(F)F)C=C1,38.2,Cc1ccc(Nc2ccc(C(F)(F)F)cc2)cc1
MTBD,CC(C)C(C=C(C(C)C)C=C1C(C)C)=C1C2=C(P(C(C)(C)C)C(C)(C)C)C(OC)=CC=C2OC,CC1=CC(N2C=CC=C2)=NO1,CN1CCCN2C1=NCCC2,IC1=CC=C(C(F)(F)F)C=C1,41.63,Cc1ccc(Nc2ccc(C(F)(F)F)cc2)cc1
MTBD,CC(C)C(C=C(C(C)C)C=C1C(C)C)=C1C2=C(P(C(C)(C)C)C(C)(C)C)C(OC)=CC=C2OC,CC1=CC(N2C=CC=C2)=NO1,CN1CCCN2C1=NCCC2,ClC1=CC=C(OC)C=C1,1.23,COc1ccc(Nc2ccc(C)cc2)cc1
MTBD,CC(C)C(C=C(C(C)C)C=C1C(C)C)=C1C2=C(P(C(C)(C)C)C(C)(C)C)C(OC)=CC=C2OC,CC1=CC(N2C=CC=C2)=NO1,CN1CCCN2C1=NCCC2,BrC1=CC=C(OC)C=C1,47.16,COc1ccc(Nc2ccc(C)cc2)cc1
MTBD,CC(C)C(C=C(C(C)C)C=C1C(C)C)=C1C2=C(P(C(C)(C)C)C(C)(C)C)C(OC)=CC=C2OC,CC1=CC(N2C=CC=C2)=NO1,CN1CCCN2C1=NCCC2,IC1=CC=C(OC)C=C1,49.15,COc1ccc(Nc2ccc(C)cc2)cc1
MTBD,CC(C)C(C=C(C(C)C)C=C1C(C)C)=C1C2=C(P(C(C)(C)C)C(C)(C)C)C(OC)=CC=C2OC,CC1=CC(N2C=CC=C2)=NO1,CN1CCCN2C1=NCCC2,ClC1=CC=C(CC)C=C1,9.29,CCc1ccc(Nc2ccc(C)cc2)cc1
MTBD,CC(C)C(C=C(C(C)C)C=C1C(C)C)=C1C2=C(P(C(C)(C)C)C(C)(C)C)C(OC)=CC=C2OC,CC1=CC(N2C=CC=C2)=NO1,CN1CCCN2C1=NCCC2,BrC1=CC=C(CC)C=C1,74.97,CCc1ccc(Nc2ccc(C)cc2)cc1
MTBD,CC(C)C(C=C(C(C)C)C=C1C(C)C)=C1C2=C(P(C(C)(C)C)C(C)(C)C)C(OC)=CC=C2OC,CC1=CC(N2C=CC=C2)=NO1,CN1CCCN2C1=NCCC2,IC1=CC=C(CC)C=C1,75.97,CCc1ccc(Nc2ccc(C)cc2)cc1
MTBD,CC(C)C(C=C(C(C)C)C=C1C(C)C)=C1C2=C(P(C(C)(C)C)C(C)(C)C)C(OC)=CC=C2OC,CC1=CC(N2C=CC=C2)=NO1,CN1CCCN2C1=NCCC2,ClC1=NC=CC=C1,85.53,Cc1ccc(Nc2ccccn2)cc1
MTBD,CC(C)C(C=C(C(C)C)C=C1C(C)C)=C1C2=C(P(C(C)(C)C)C(C)(C)C)C(OC)=CC=C2OC,CC1=CC(N2C=CC=C2)=NO1,CN1CCCN2C1=NCCC2,BrC1=NC=CC=C1,80.8,Cc1ccc(Nc2ccccn2)cc1
MTBD,CC(C)C(C=C(C(C)C)C=C1C(C)C)=C1C2=C(P(C(C)(C)C)C(C)(C)C)C(OC)=CC=C2OC,CC1=CC(N2C=CC=C2)=NO1,CN1CCCN2C1=NCCC2,IC1=NC=CC=C1,85.65,Cc1ccc(Nc2ccccn2)cc1
MTBD,CC(C)C(C=C(C(C)C)C=C1C(C)C)=C1C2=C(P(C(C)(C)C)C(C)(C)C)C(OC)=CC=C2OC,CC1=CC(N2C=CC=C2)=NO1,CN1CCCN2C1=NCCC2,ClC1=CN=CC=C1,21.7,Cc1ccc(Nc2cccnc2)cc1
MTBD,CC(C)C(C=C(C(C)C)C=C1C(C)C)=C1C2=C(P(C(C)(C)C)C(C)(C)C)C(OC)=CC=C2OC,CC1=CC(N2C=CC=C2)=NO1,CN1CCCN2C1=NCCC2,BrC1=CN=CC=C1,76.95,Cc1ccc(Nc2cccnc2)cc1
MTBD,CC(C)C(C=C(C(C)C)C=C1C(C)C)=C1C2=C(P(C(C)(C)C)C(C)(C)C)C(OC)=CC=C2OC,CC1=CC(N2C=CC=C2)=NO1,CN1CCCN2C1=NCCC2,IC1=CN=CC=C1,80.8,Cc1ccc(Nc2cccnc2)cc1
P2Et,CC(C)C(C=C(C(C)C)C=C1C(C)C)=C1C2=C(P(C(C)(C)C)C(C)(C)C)C(OC)=CC=C2OC,O=C(OC)C1=NOC(C2=CC=CS2)=C1,CN(C)P(N(C)C)(N(C)C)=NP(N(C)C)(N(C)C)=NCC,ClC1=CC=C(C(F)(F)F)C=C1,2.01,Cc1ccc(Nc2ccc(C(F)(F)F)cc2)cc1
P2Et,CC(C)C(C=C(C(C)C)C=C1C(C)C)=C1C2=C(P(C(C)(C)C)C(C)(C)C)C(OC)=CC=C2OC,O=C(OC)C1=NOC(C2=CC=CS2)=C1,CN(C)P(N(C)C)(N(C)C)=NP(N(C)C)(N(C)C)=NCC,BrC1=CC=C(C(F)(F)F)C=C1,25.57,Cc1ccc(Nc2ccc(C(F)(F)F)cc2)cc1
P2Et,CC(C)C(C=C(C(C)C)C=C1C(C)C)=C1C2=C(P(C(C)(C)C)C(C)(C)C)C(OC)=CC=C2OC,O=C(OC)C1=NOC(C2=CC=CS2)=C1,CN(C)P(N(C)C)(N(C)C)=NP(N(C)C)(N(C)C)=NCC,IC1=CC=C(C(F)(F)F)C=C1,32.36,Cc1ccc(Nc2ccc(C(F)(F)F)cc2)cc1
P2Et,CC(C)C(C=C(C(C)C)C=C1C(C)C)=C1C2=C(P(C(C)(C)C)C(C)(C)C)C(OC)=CC=C2OC,O=C(OC)C1=NOC(C2=CC=CS2)=C1,CN(C)P(N(C)C)(N(C)C)=NP(N(C)C)(N(C)C)=NCC,ClC1=CC=C(OC)C=C1,0.0,COc1ccc(Nc2ccc(C)cc2)cc1
P2Et,CC(C)C(C=C(C(C)C)C=C1C(C)C)=C1C2=C(P(C(C)(C)C)C(C)(C)C)C(OC)=CC=C2OC,O=C(OC)C1=NOC(C2=CC=CS2)=C1,CN(C)P(N(C)C)(N(C)C)=NP(N(C)C)(N(C)C)=NCC,BrC1=CC=C(OC)C=C1,41.63,COc1ccc(Nc2ccc(C)cc2)cc1
P2Et,CC(C)C(C=C(C(C)C)C=C1C(C)C)=C1C2=C(P(C(C)(C)C)C(C)(C)C)C(OC)=CC=C2OC,O=C(OC)C1=NOC(C2=CC=CS2)=C1,CN(C)P(N(C)C)(N(C)C)=NP(N(C)C)(N(C)C)=NCC,IC1=CC=C(OC)C=C1,41.54,COc1ccc(Nc2ccc(C)cc2)cc1
P2Et,CC(C)C(C=C(C(C)C)C=C1C(C)C)=C1C2=C(P(C(C)(C)C)C(C)(C)C)C(OC)=CC=C2OC,O=C(OC)C1=NOC(C2=CC=CS2)=C1,CN(C)P(N(C)C)(N(C)C)=NP(N(C)C)(N(C)C)=NCC,ClC1=CC=C(CC)C=C1,5.76,CCc1ccc(Nc2ccc(C)cc2)cc1
P2Et,CC(C)C(C=C(C(C)C)C=C1C(C)C)=C1C2=C(P(C(C)(C)C)C(C)(C)C)C(OC)=CC=C2OC,O=C(OC)C1=NOC(C2=CC=CS2)=C1,CN(C)P(N(C)C)(N(C)C)=NP(N(C)C)(N(C)C)=NCC,BrC1=CC=C(CC)C=C1,63.23,CCc1ccc(Nc2ccc(C)cc2)cc1
P2Et,CC(C)C(C=C(C(C)C)C=C1C(C)C)=C1C2=C(P(C(C)(C)C)C(C)(C)C)C(OC)=CC=C2OC,O=C(OC)C1=NOC(C2=CC=CS2)=C1,CN(C)P(N(C)C)(N(C)C)=NP(N(C)C)(N(C)C)=NCC,IC1=CC=C(CC)C=C1,66.89,CCc1ccc(Nc2ccc(C)cc2)cc1
P2Et,CC(C)C(C=C(C(C)C)C=C1C(C)C)=C1C2=C(P(C(C)(C)C)C(C)(C)C)C(OC)=CC=C2OC,O=C(OC)C1=NOC(C2=CC=CS2)=C1,CN(C)P(N(C)C)(N(C)C)=NP(N(C)C)(N(C)C)=NCC,ClC1=NC=CC=C1,72.61,Cc1ccc(Nc2ccccn2)cc1
P2Et,CC(C)C(C=C(C(C)C)C=C1C(C)C)=C1C2=C(P(C(C)(C)C)C(C)(C)C)C(OC)=CC=C2OC,O=C(OC)C1=NOC(C2=CC=CS2)=C1,CN(C)P(N(C)C)(N(C)C)=NP(N(C)C)(N(C)C)=NCC,BrC1=NC=CC=C1,78.22,Cc1ccc(Nc2ccccn2)cc1
P2Et,CC(C)C(C=C(C(C)C)C=C1C(C)C)=C1C2=C(P(C(C)(C)C)C(C)(C)C)C(OC)=CC=C2OC,O=C(OC)C1=NOC(C2=CC=CS2)=C1,CN(C)P(N(C)C)(N(C)C)=NP(N(C)C)(N(C)C)=NCC,IC1=NC=CC=C1,70.14,Cc1ccc(Nc2ccccn2)cc1
P2Et,CC(C)C(C=C(C(C)C)C=C1C(C)C)=C1C2=C(P(C(C)(C)C)C(C)(C)C)C(OC)=CC=C2OC,O=C(OC)C1=NOC(C2=CC=CS2)=C1,CN(C)P(N(C)C)(N(C)C)=NP(N(C)C)(N(C)C)=NCC,ClC1=CN=CC=C1,0.81,Cc1ccc(Nc2cccnc2)cc1
P2Et,CC(C)C(C=C(C(C)C)C=C1C(C)C)=C1C2=C(P(C(C)(C)C)C(C)(C)C)C(OC)=CC=C2OC,O=C(OC)C1=NOC(C2=CC=CS2)=C1,CN(C)P(N(C)C)(N(C)C)=NP(N(C)C)(N(C)C)=NCC,BrC1=CN=CC=C1,48.97,Cc1ccc(Nc2cccnc2)cc1
P2Et,CC(C)C(C=C(C(C)C)C=C1C(C)C)=C1C2=C(P(C(C)(C)C)C(C)(C)C)C(OC)=CC=C2OC,O=C(OC)C1=NOC(C2=CC=CS2)=C1,CN(C)P(N(C)C)(N(C)C)=NP(N(C)C)(N(C)C)=NCC,IC1=CN=CC=C1,50.4,Cc1ccc(Nc2cccnc2)cc1
BTMG,CC(C)C(C=C(C(C)C)C=C1C(C)C)=C1C2=C(P(C(C)(C)C)C(C)(C)C)C(OC)=CC=C2OC,O=C(OC)C1=NOC(C2=CC=CS2)=C1,CC(C)(C)/N=C(N(C)C)/N(C)C,ClC1=CC=C(C(F)(F)F)C=C1,6.09,Cc1ccc(Nc2ccc(C(F)(F)F)cc2)cc1
BTMG,CC(C)C(C=C(C(C)C)C=C1C(C)C)=C1C2=C(P(C(C)(C)C)C(C)(C)C)C(OC)=CC=C2OC,O=C(OC)C1=NOC(C2=CC=CS2)=C1,CC(C)(C)/N=C(N(C)C)/N(C)C,BrC1=CC=C(C(F)(F)F)C=C1,38.9,Cc1ccc(Nc2ccc(C(F)(F)F)cc2)cc1
BTMG,CC(C)C(C=C(C(C)C)C=C1C(C)C)=C1C2=C(P(C(C)(C)C)C(C)(C)C)C(OC)=CC=C2OC,O=C(OC)C1=NOC(C2=CC=CS2)=C1,CC(C)(C)/N=C(N(C)C)/N(C)C,IC1=CC=C(C(F)(F)F)C=C1,37.47,Cc1ccc(Nc2ccc(C(F)(F)F)cc2)cc1
BTMG,CC(C)C(C=C(C(C)C)C=C1C(C)C)=C1C2=C(P(C(C)(C)C)C(C)(C)C)C(OC)=CC=C2OC,O=C(OC)C1=NOC(C2=CC=CS2)=C1,CC(C)(C)/N=C(N(C)C)/N(C)C,ClC1=CC=C(OC)C=C1,0.0,COc1ccc(Nc2ccc(C)cc2)cc1
BTMG,CC(C)C(C=C(C(C)C)C=C1C(C)C)=C1C2=C(P(C(C)(C)C)C(C)(C)C)C(OC)=CC=C2OC,O=C(OC)C1=NOC(C2=CC=CS2)=C1,CC(C)(C)/N=C(N(C)C)/N(C)C,BrC1=CC=C(OC)C=C1,35.15,COc1ccc(Nc2ccc(C)cc2)cc1
BTMG,CC(C)C(C=C(C(C)C)C=C1C(C)C)=C1C2=C(P(C(C)(C)C)C(C)(C)C)C(OC)=CC=C2OC,O=C(OC)C1=NOC(C2=CC=CS2)=C1,CC(C)(C)/N=C(N(C)C)/N(C)C,IC1=CC=C(OC)C=C1,41.08,COc1ccc(Nc2ccc(C)cc2)cc1
BTMG,CC(C)C(C=C(C(C)C)C=C1C(C)C)=C1C2=C(P(C(C)(C)C)C(C)(C)C)C(OC)=CC=C2OC,O=C(OC)C1=NOC(C2=CC=CS2)=C1,CC(C)(C)/N=C(N(C)C)/N(C)C,ClC1=CC=C(CC)C=C1,4.13,CCc1ccc(Nc2ccc(C)cc2)cc1
BTMG,CC(C)C(C=C(C(C)C)C=C1C(C)C)=C1C2=C(P(C(C)(C)C)C(C)(C)C)C(OC)=CC=C2OC,O=C(OC)C1=NOC(C2=CC=CS2)=C1,CC(C)(C)/N=C(N(C)C)/N(C)C,BrC1=CC=C(CC)C=C1,56.83,CCc1ccc(Nc2ccc(C)cc2)cc1
BTMG,CC(C)C(C=C(C(C)C)C=C1C(C)C)=C1C2=C(P(C(C)(C)C)C(C)(C)C)C(OC)=CC=C2OC,O=C(OC)C1=NOC(C2=CC=CS2)=C1,CC(C)(C)/N=C(N(C)C)/N(C)C,IC1=CC=C(CC)C=C1,65.45,CCc1ccc(Nc2ccc(C)cc2)cc1
BTMG,CC(C)C(C=C(C(C)C)C=C1C(C)C)=C1C2=C(P(C(C)(C)C)C(C)(C)C)C(OC)=CC=C2OC,O=C(OC)C1=NOC(C2=CC=CS2)=C1,CC(C)(C)/N=C(N(C)C)/N(C)C,ClC1=NC=CC=C1,58.01,Cc1ccc(Nc2ccccn2)cc1
BTMG,CC(C)C(C=C(C(C)C)C=C1C(C)C)=C1C2=C(P(C(C)(C)C)C(C)(C)C)C(OC)=CC=C2OC,O=C(OC)C1=NOC(C2=CC=CS2)=C1,CC(C)(C)/N=C(N(C)C)/N(C)C,BrC1=NC=CC=C1,63.17,Cc1ccc(Nc2ccccn2)cc1
BTMG,CC(C)C(C=C(C(C)C)C=C1C(C)C)=C1C2=C(P(C(C)(C)C)C(C)(C)C)C(OC)=CC=C2OC,O=C(OC)C1=NOC(C2=CC=CS2)=C1,CC(C)(C)/N=C(N(C)C)/N(C)C,IC1=NC=CC=C1,66.65,Cc1ccc(Nc2ccccn2)cc1
BTMG,CC(C)C(C=C(C(C)C)C=C1C(C)C)=C1C2=C(P(C(C)(C)C)C(C)(C)C)C(OC)=CC=C2OC,O=C(OC)C1=NOC(C2=CC=CS2)=C1,CC(C)(C)/N=C(N(C)C)/N(C)C,ClC1=CN=CC=C1,2.68,Cc1ccc(Nc2cccnc2)cc1
BTMG,CC(C)C(C=C(C(C)C)C=C1C(C)C)=C1C2=C(P(C(C)(C)C)C(C)(C)C)C(OC)=CC=C2OC,O=C(OC)C1=NOC(C2=CC=CS2)=C1,CC(C)(C)/N=C(N(C)C)/N(C)C,BrC1=CN=CC=C1,58.35,Cc1ccc(Nc2cccnc2)cc1
BTMG,CC(C)C(C=C(C(C)C)C=C1C(C)C)=C1C2=C(P(C(C)(C)C)C(C)(C)C)C(OC)=CC=C2OC,O=C(OC)C1=NOC(C2=CC=CS2)=C1,CC(C)(C)/N=C(N(C)C)/N(C)C,IC1=CN=CC=C1,61.04,Cc1ccc(Nc2cccnc2)cc1
MTBD,CC(C)C(C=C(C(C)C)C=C1C(C)C)=C1C2=C(P(C(C)(C)C)C(C)(C)C)C(OC)=CC=C2OC,O=C(OC)C1=NOC(C2=CC=CS2)=C1,CN1CCCN2C1=NCCC2,ClC1=CC=C(C(F)(F)F)C=C1,6.03,Cc1ccc(Nc2ccc(C(F)(F)F)cc2)cc1
MTBD,CC(C)C(C=C(C(C)C)C=C1C(C)C)=C1C2=C(P(C(C)(C)C)C(C)(C)C)C(OC)=CC=C2OC,O=C(OC)C1=NOC(C2=CC=CS2)=C1,CN1CCCN2C1=NCCC2,BrC1=CC=C(C(F)(F)F)C=C1,38.16,Cc1ccc(Nc2ccc(C(F)(F)F)cc2)cc1
MTBD,CC(C)C(C=C(C(C)C)C=C1C(C)C)=C1C2=C(P(C(C)(C)C)C(C)(C)C)C(OC)=CC=C2OC,O=C(OC)C1=NOC(C2=CC=CS2)=C1,CN1CCCN2C1=NCCC2,IC1=CC=C(C(F)(F)F)C=C1,45.16,Cc1ccc(Nc2ccc(C(F)(F)F)cc2)cc1
MTBD,CC(C)C(C=C(C(C)C)C=C1C(C)C)=C1C2=C(P(C(C)(C)C)C(C)(C)C)C(OC)=CC=C2OC,O=C(OC)C1=NOC(C2=CC=CS2)=C1,CN1CCCN2C1=NCCC2,ClC1=CC=C(OC)C=C1,0.0,COc1ccc(Nc2ccc(C)cc2)cc1
MTBD,CC(C)C(C=C(C(C)C)C=C1C(C)C)=C1C2=C(P(C(C)(C)C)C(C)(C)C)C(OC)=CC=C2OC,O=C(OC)C1=NOC(C2=CC=CS2)=C1,CN1CCCN2C1=NCCC2,BrC1=CC=C(OC)C=C1,36.99,COc1ccc(Nc2ccc(C)cc2)cc1
MTBD,CC(C)C(C=C(C(C)C)C=C1C(C)C)=C1C2=C(P(C(C)(C)C)C(C)(C)C)C(OC)=CC=C2OC,O=C(OC)C1=NOC(C2=CC=CS2)=C1,CN1CCCN2C1=NCCC2,IC1=CC=C(OC)C=C1,44.34,COc1ccc(Nc2ccc(C)cc2)cc1
MTBD,CC(C)C(C=C(C(C)C)C=C1C(C)C)=C1C2=C(P(C(C)(C)C)C(C)(C)C)C(OC)=CC=C2OC,O=C(OC)C1=NOC(C2=CC=CS2)=C1,CN1CCCN2C1=NCCC2,ClC1=CC=C(CC)C=C1,4.23,CCc1ccc(Nc2ccc(C)cc2)cc1
MTBD,CC(C)C(C=C(C(C)C)C=C1C(C)C)=C1C2=C(P(C(C)(C)C)C(C)(C)C)C(OC)=CC=C2OC,O=C(OC)C1=NOC(C2=CC=CS2)=C1,CN1CCCN2C1=NCCC2,BrC1=CC=C(CC)C=C1,59.22,CCc1ccc(Nc2ccc(C)cc2)cc1
MTBD,CC(C)C(C=C(C(C)C)C=C1C(C)C)=C1C2=C(P(C(C)(C)C)C(C)(C)C)C(OC)=CC=C2OC,O=C(OC)C1=NOC(C2=CC=CS2)=C1,CN1CCCN2C1=NCCC2,IC1=CC=C(CC)C=C1,74.6,CCc1ccc(Nc2ccc(C)cc2)cc1
MTBD,CC(C)C(C=C(C(C)C)C=C1C(C)C)=C1C2=C(P(C(C)(C)C)C(C)(C)C)C(OC)=CC=C2OC,O=C(OC)C1=NOC(C2=CC=CS2)=C1,CN1CCCN2C1=NCCC2,ClC1=NC=CC=C1,78.02,Cc1ccc(Nc2ccccn2)cc1
MTBD,CC(C)C(C=C(C(C)C)C=C1C(C)C)=C1C2=C(P(C(C)(C)C)C(C)(C)C)C(OC)=CC=C2OC,O=C(OC)C1=NOC(C2=CC=CS2)=C1,CN1CCCN2C1=NCCC2,BrC1=NC=CC=C1,80.74,Cc1ccc(Nc2ccccn2)cc1
MTBD,CC(C)C(C=C(C(C)C)C=C1C(C)C)=C1C2=C(P(C(C)(C)C)C(C)(C)C)C(OC)=CC=C2OC,O=C(OC)C1=NOC(C2=CC=CS2)=C1,CN1CCCN2C1=NCCC2,IC1=NC=CC=C1,88.25,Cc1ccc(Nc2ccccn2)cc1
MTBD,CC(C)C(C=C(C(C)C)C=C1C(C)C)=C1C2=C(P(C(C)(C)C)C(C)(C)C)C(OC)=CC=C2OC,O=C(OC)C1=NOC(C2=CC=CS2)=C1,CN1CCCN2C1=NCCC2,ClC1=CN=CC=C1,1.96,Cc1ccc(Nc2cccnc2)cc1
MTBD,CC(C)C(C=C(C(C)C)C=C1C(C)C)=C1C2=C(P(C(C)(C)C)C(C)(C)C)C(OC)=CC=C2OC,O=C(OC)C1=NOC(C2=CC=CS2)=C1,CN1CCCN2C1=NCCC2,BrC1=CN=CC=C1,65.74,Cc1ccc(Nc2cccnc2)cc1
MTBD,CC(C)C(C=C(C(C)C)C=C1C(C)C)=C1C2=C(P(C(C)(C)C)C(C)(C)C)C(OC)=CC=C2OC,O=C(OC)C1=NOC(C2=CC=CS2)=C1,CN1CCCN2C1=NCCC2,IC1=CN=CC=C1,83.84,Cc1ccc(Nc2cccnc2)cc1
P2Et,CC(C)C(C=C(C(C)C)C=C1C(C)C)=C1C2=C(P([C@@]3(C[C@@H]4C5)C[C@H](C4)C[C@H]5C3)[C@]6(C7)C[C@@H](C[C@@H]7C8)C[C@@H]8C6)C(OC)=CC=C2OC,FC(C=CC=C1F)=C1C2=CC=NO2,CN(C)P(N(C)C)(N(C)C)=NP(N(C)C)(N(C)C)=NCC,ClC1=CC=C(C(F)(F)F)C=C1,10.47,Cc1ccc(Nc2ccc(C(F)(F)F)cc2)cc1
P2Et,CC(C)C(C=C(C(C)C)C=C1C(C)C)=C1C2=C(P([C@@]3(C[C@@H]4C5)C[C@H](C4)C[C@H]5C3)[C@]6(C7)C[C@@H](C[C@@H]7C8)C[C@@H]8C6)C(OC)=CC=C2OC,FC(C=CC=C1F)=C1C2=CC=NO2,CN(C)P(N(C)C)(N(C)C)=NP(N(C)C)(N(C)C)=NCC,BrC1=CC=C(C(F)(F)F)C=C1,12.16,Cc1ccc(Nc2ccc(C(F)(F)F)cc2)cc1
P2Et,CC(C)C(C=C(C(C)C)C=C1C(C)C)=C1C2=C(P([C@@]3(C[C@@H]4C5)C[C@H](C4)C[C@H]5C3)[C@]6(C7)C[C@@H](C[C@@H]7C8)C[C@@H]8C6)C(OC)=CC=C2OC,FC(C=CC=C1F)=C1C2=CC=NO2,CN(C)P(N(C)C)(N(C)C)=NP(N(C)C)(N(C)C)=NCC,IC1=CC=C(C(F)(F)F)C=C1,10.79,Cc1ccc(Nc2ccc(C(F)(F)F)cc2)cc1
P2Et,CC(C)C(C=C(C(C)C)C=C1C(C)C)=C1C2=C(P([C@@]3(C[C@@H]4C5)C[C@H](C4)C[C@H]5C3)[C@]6(C7)C[C@@H](C[C@@H]7C8)C[C@@H]8C6)C(OC)=CC=C2OC,FC(C=CC=C1F)=C1C2=CC=NO2,CN(C)P(N(C)C)(N(C)C)=NP(N(C)C)(N(C)C)=NCC,ClC1=CC=C(OC)C=C1,1.15,COc1ccc(Nc2ccc(C)cc2)cc1
P2Et,CC(C)C(C=C(C(C)C)C=C1C(C)C)=C1C2=C(P([C@@]3(C[C@@H]4C5)C[C@H](C4)C[C@H]5C3)[C@]6(C7)C[C@@H](C[C@@H]7C8)C[C@@H]8C6)C(OC)=CC=C2OC,FC(C=CC=C1F)=C1C2=CC=NO2,CN(C)P(N(C)C)(N(C)C)=NP(N(C)C)(N(C)C)=NCC,BrC1=CC=C(OC)C=C1,14.9,COc1ccc(Nc2ccc(C)cc2)cc1
P2Et,CC(C)C(C=C(C(C)C)C=C1C(C)C)=C1C2=C(P([C@@]3(C[C@@H]4C5)C[C@H](C4)C[C@H]5C3)[C@]6(C7)C[C@@H](C[C@@H]7C8)C[C@@H]8C6)C(OC)=CC=C2OC,FC(C=CC=C1F)=C1C2=CC=NO2,CN(C)P(N(C)C)(N(C)C)=NP(N(C)C)(N(C)C)=NCC,IC1=CC=C(OC)C=C1,16.27,COc1ccc(Nc2ccc(C)cc2)cc1
P2Et,CC(C)C(C=C(C(C)C)C=C1C(C)C)=C1C2=C(P([C@@]3(C[C@@H]4C5)C[C@H](C4)C[C@H]5C3)[C@]6(C7)C[C@@H](C[C@@H]7C8)C[C@@H]8C6)C(OC)=CC=C2OC,FC(C=CC=C1F)=C1C2=CC=NO2,CN(C)P(N(C)C)(N(C)C)=NP(N(C)C)(N(C)C)=NCC,ClC1=CC=C(CC)C=C1,4.66,CCc1ccc(Nc2ccc(C)cc2)cc1
P2Et,CC(C)C(C=C(C(C)C)C=C1C(C)C)=C1C2=C(P([C@@]3(C[C@@H]4C5)C[C@H](C4)C[C@H]5C3)[C@]6(C7)C[C@@H](C[C@@H]7C8)C[C@@H]8C6)C(OC)=CC=C2OC,FC(C=CC=C1F)=C1C2=CC=NO2,CN(C)P(N(C)C)(N(C)C)=NP(N(C)C)(N(C)C)=NCC,BrC1=CC=C(CC)C=C1,21.21,CCc1ccc(Nc2ccc(C)cc2)cc1
P2Et,CC(C)C(C=C(C(C)C)C=C1C(C)C)=C1C2=C(P([C@@]3(C[C@@H]4C5)C[C@H](C4)C[C@H]5C3)[C@]6(C7)C[C@@H](C[C@@H]7C8)C[C@@H]8C6)C(OC)=CC=C2OC,FC(C=CC=C1F)=C1C2=CC=NO2,CN(C)P(N(C)C)(N(C)C)=NP(N(C)C)(N(C)C)=NCC,IC1=CC=C(CC)C=C1,27.69,CCc1ccc(Nc2ccc(C)cc2)cc1
P2Et,CC(C)C(C=C(C(C)C)C=C1C(C)C)=C1C2=C(P([C@@]3(C[C@@H]4C5)C[C@H](C4)C[C@H]5C3)[C@]6(C7)C[C@@H](C[C@@H]7C8)C[C@@H]8C6)C(OC)=CC=C2OC,FC(C=CC=C1F)=C1C2=CC=NO2,CN(C)P(N(C)C)(N(C)C)=NP(N(C)C)(N(C)C)=NCC,ClC1=NC=CC=C1,21.5,Cc1ccc(Nc2ccccn2)cc1
P2Et,CC(C)C(C=C(C(C)C)C=C1C(C)C)=C1C2=C(P([C@@]3(C[C@@H]4C5)C[C@H](C4)C[C@H]5C3)[C@]6(C7)C[C@@H](C[C@@H]7C8)C[C@@H]8C6)C(OC)=CC=C2OC,FC(C=CC=C1F)=C1C2=CC=NO2,CN(C)P(N(C)C)(N(C)C)=NP(N(C)C)(N(C)C)=NCC,BrC1=NC=CC=C1,25.91,Cc1ccc(Nc2ccccn2)cc1
P2Et,CC(C)C(C=C(C(C)C)C=C1C(C)C)=C1C2=C(P([C@@]3(C[C@@H]4C5)C[C@H](C4)C[C@H]5C3)[C@]6(C7)C[C@@H](C[C@@H]7C8)C[C@@H]8C6)C(OC)=CC=C2OC,FC(C=CC=C1F)=C1C2=CC=NO2,CN(C)P(N(C)C)(N(C)C)=NP(N(C)C)(N(C)C)=NCC,IC1=NC=CC=C1,28.3,Cc1ccc(Nc2ccccn2)cc1
P2Et,CC(C)C(C=C(C(C)C)C=C1C(C)C)=C1C2=C(P([C@@]3(C[C@@H]4C5)C[C@H](C4)C[C@H]5C3)[C@]6(C7)C[C@@H](C[C@@H]7C8)C[C@@H]8C6)C(OC)=CC=C2OC,FC(C=CC=C1F)=C1C2=CC=NO2,CN(C)P(N(C)C)(N(C)C)=NP(N(C)C)(N(C)C)=NCC,ClC1=CN=CC=C1,14.75,Cc1ccc(Nc2cccnc2)cc1
P2Et,CC(C)C(C=C(C(C)C)C=C1C(C)C)=C1C2=C(P([C@@]3(C[C@@H]4C5)C[C@H](C4)C[C@H]5C3)[C@]6(C7)C[C@@H](C[C@@H]7C8)C[C@@H]8C6)C(OC)=CC=C2OC,FC(C=CC=C1F)=C1C2=CC=NO2,CN(C)P(N(C)C)(N(C)C)=NP(N(C)C)(N(C)C)=NCC,BrC1=CN=CC=C1,17.66,Cc1ccc(Nc2cccnc2)cc1
P2Et,CC(C)C(C=C(C(C)C)C=C1C(C)C)=C1C2=C(P([C@@]3(C[C@@H]4C5)C[C@H](C4)C[C@H]5C3)[C@]6(C7)C[C@@H](C[C@@H]7C8)C[C@@H]8C6)C(OC)=CC=C2OC,FC(C=CC=C1F)=C1C2=CC=NO2,CN(C)P(N(C)C)(N(C)C)=NP(N(C)C)(N(C)C)=NCC,IC1=CN=CC=C1,19.96,Cc1ccc(Nc2cccnc2)cc1
BTMG,CC(C)C(C=C(C(C)C)C=C1C(C)C)=C1C2=C(P([C@@]3(C[C@@H]4C5)C[C@H](C4)C[C@H]5C3)[C@]6(C7)C[C@@H](C[C@@H]7C8)C[C@@H]8C6)C(OC)=CC=C2OC,FC(C=CC=C1F)=C1C2=CC=NO2,CC(C)(C)/N=C(N(C)C)/N(C)C,ClC1=CC=C(C(F)(F)F)C=C1,2.51,Cc1ccc(Nc2ccc(C(F)(F)F)cc2)cc1
BTMG,CC(C)C(C=C(C(C)C)C=C1C(C)C)=C1C2=C(P([C@@]3(C[C@@H]4C5)C[C@H](C4)C[C@H]5C3)[C@]6(C7)C[C@@H](C[C@@H]7C8)C[C@@H]8C6)C(OC)=CC=C2OC,FC(C=CC=C1F)=C1C2=CC=NO2,CC(C)(C)/N=C(N(C)C)/N(C)C,BrC1=CC=C(C(F)(F)F)C=C1,15.19,Cc1ccc(Nc2ccc(C(F)(F)F)cc2)cc1
BTMG,CC(C)C(C=C(C(C)C)C=C1C(C)C)=C1C2=C(P([C@@]3(C[C@@H]4C5)C[C@H](C4)C[C@H]5C3)[C@]6(C7)C[C@@H](C[C@@H]7C8)C[C@@H]8C6)C(OC)=CC=C2OC,FC(C=CC=C1F)=C1C2=CC=NO2,CC(C)(C)/N=C(N(C)C)/N(C)C,IC1=CC=C(C(F)(F)F)C=C1,34.18,Cc1ccc(Nc2ccc(C(F)(F)F)cc2)cc1
BTMG,CC(C)C(C=C(C(C)C)C=C1C(C)C)=C1C2=C(P([C@@]3(C[C@@H]4C5)C[C@H](C4)C[C@H]5C3)[C@]6(C7)C[C@@H](C[C@@H]7C8)C[C@@H]8C6)C(OC)=CC=C2OC,FC(C=CC=C1F)=C1C2=CC=NO2,CC(C)(C)/N=C(N(C)C)/N(C)C,ClC1=CC=C(OC)C=C1,0.47,COc1ccc(Nc2ccc(C)cc2)cc1
BTMG,CC(C)C(C=C(C(C)C)C=C1C(C)C)=C1C2=C(P([C@@]3(C[C@@H]4C5)C[C@H](C4)C[C@H]5C3)[C@]6(C7)C[C@@H](C[C@@H]7C8)C[C@@H]8C6)C(OC)=CC=C2OC,FC(C=CC=C1F)=C1C2=CC=NO2,CC(C)(C)/N=C(N(C)C)/N(C)C,BrC1=CC=C(OC)C=C1,14.99,COc1ccc(Nc2ccc(C)cc2)cc1
BTMG,CC(C)C(C=C(C(C)C)C=C1C(C)C)=C1C2=C(P([C@@]3(C[C@@H]4C5)C[C@H](C4)C[C@H]5C3)[C@]6(C7)C[C@@H](C[C@@H]7C8)C[C@@H]8C6)C(OC)=CC=C2OC,FC(C=CC=C1F)=C1C2=CC=NO2,CC(C)(C)/N=C(N(C)C)/N(C)C,IC1=CC=C(OC)C=C1,40.86,COc1ccc(Nc2ccc(C)cc2)cc1
BTMG,CC(C)C(C=C(C(C)C)C=C1C(C)C)=C1C2=C(P([C@@]3(C[C@@H]4C5)C[C@H](C4)C[C@H]5C3)[C@]6(C7)C[C@@H](C[C@@H]7C8)C[C@@H]8C6)C(OC)=CC=C2OC,FC(C=CC=C1F)=C1C2=CC=NO2,CC(C)(C)/N=C(N(C)C)/N(C)C,ClC1=CC=C(CC)C=C1,0.65,CCc1ccc(Nc2ccc(C)cc2)cc1
BTMG,CC(C)C(C=C(C(C)C)C=C1C(C)C)=C1C2=C(P([C@@]3(C[C@@H]4C5)C[C@H](C4)C[C@H]5C3)[C@]6(C7)C[C@@H](C[C@@H]7C8)C[C@@H]8C6)C(OC)=CC=C2OC,FC(C=CC=C1F)=C1C2=CC=NO2,CC(C)(C)/N=C(N(C)C)/N(C)C,BrC1=CC=C(CC)C=C1,24.05,CCc1ccc(Nc2ccc(C)cc2)cc1
BTMG,CC(C)C(C=C(C(C)C)C=C1C(C)C)=C1C2=C(P([C@@]3(C[C@@H]4C5)C[C@H](C4)C[C@H]5C3)[C@]6(C7)C[C@@H](C[C@@H]7C8)C[C@@H]8C6)C(OC)=CC=C2OC,FC(C=CC=C1F)=C1C2=CC=NO2,CC(C)(C)/N=C(N(C)C)/N(C)C,IC1=CC=C(CC)C=C1,60.87,CCc1ccc(Nc2ccc(C)cc2)cc1
BTMG,CC(C)C(C=C(C(C)C)C=C1C(C)C)=C1C2=C(P([C@@]3(C[C@@H]4C5)C[C@H](C4)C[C@H]5C3)[C@]6(C7)C[C@@H](C[C@@H]7C8)C[C@@H]8C6)C(OC)=CC=C2OC,FC(C=CC=C1F)=C1C2=CC=NO2,CC(C)(C)/N=C(N(C)C)/N(C)C,ClC1=NC=CC=C1,20.28,Cc1ccc(Nc2ccccn2)cc1
BTMG,CC(C)C(C=C(C(C)C)C=C1C(C)C)=C1C2=C(P([C@@]3(C[C@@H]4C5)C[C@H](C4)C[C@H]5C3)[C@]6(C7)C[C@@H](C[C@@H]7C8)C[C@@H]8C6)C(OC)=CC=C2OC,FC(C=CC=C1F)=C1C2=CC=NO2,CC(C)(C)/N=C(N(C)C)/N(C)C,BrC1=NC=CC=C1,30.24,Cc1ccc(Nc2ccccn2)cc1
BTMG,CC(C)C(C=C(C(C)C)C=C1C(C)C)=C1C2=C(P([C@@]3(C[C@@H]4C5)C[C@H](C4)C[C@H]5C3)[C@]6(C7)C[C@@H](C[C@@H]7C8)C[C@@H]8C6)C(OC)=CC=C2OC,FC(C=CC=C1F)=C1C2=CC=NO2,CC(C)(C)/N=C(N(C)C)/N(C)C,IC1=NC=CC=C1,53.57,Cc1ccc(Nc2ccccn2)cc1
BTMG,CC(C)C(C=C(C(C)C)C=C1C(C)C)=C1C2=C(P([C@@]3(C[C@@H]4C5)C[C@H](C4)C[C@H]5C3)[C@]6(C7)C[C@@H](C[C@@H]7C8)C[C@@H]8C6)C(OC)=CC=C2OC,FC(C=CC=C1F)=C1C2=CC=NO2,CC(C)(C)/N=C(N(C)C)/N(C)C,ClC1=CN=CC=C1,1.73,Cc1ccc(Nc2cccnc2)cc1
BTMG,CC(C)C(C=C(C(C)C)C=C1C(C)C)=C1C2=C(P([C@@]3(C[C@@H]4C5)C[C@H](C4)C[C@H]5C3)[C@]6(C7)C[C@@H](C[C@@H]7C8)C[C@@H]8C6)C(OC)=CC=C2OC,FC(C=CC=C1F)=C1C2=CC=NO2,CC(C)(C)/N=C(N(C)C)/N(C)C,BrC1=CN=CC=C1,36.93,Cc1ccc(Nc2cccnc2)cc1
BTMG,CC(C)C(C=C(C(C)C)C=C1C(C)C)=C1C2=C(P([C@@]3(C[C@@H]4C5)C[C@H](C4)C[C@H]5C3)[C@]6(C7)C[C@@H](C[C@@H]7C8)C[C@@H]8C6)C(OC)=CC=C2OC,FC(C=CC=C1F)=C1C2=CC=NO2,CC(C)(C)/N=C(N(C)C)/N(C)C,IC1=CN=CC=C1,56.57,Cc1ccc(Nc2cccnc2)cc1
MTBD,CC(C)C(C=C(C(C)C)C=C1C(C)C)=C1C2=C(P([C@@]3(C[C@@H]4C5)C[C@H](C4)C[C@H]5C3)[C@]6(C7)C[C@@H](C[C@@H]7C8)C[C@@H]8C6)C(OC)=CC=C2OC,FC(C=CC=C1F)=C1C2=CC=NO2,CN1CCCN2C1=NCCC2,ClC1=CC=C(C(F)(F)F)C=C1,7.95,Cc1ccc(Nc2ccc(C(F)(F)F)cc2)cc1
MTBD,CC(C)C(C=C(C(C)C)C=C1C(C)C)=C1C2=C(P([C@@]3(C[C@@H]4C5)C[C@H](C4)C[C@H]5C3)[C@]6(C7)C[C@@H](C[C@@H]7C8)C[C@@H]8C6)C(OC)=CC=C2OC,FC(C=CC=C1F)=C1C2=CC=NO2,CN1CCCN2C1=NCCC2,BrC1=CC=C(C(F)(F)F)C=C1,30.31,Cc1ccc(Nc2ccc(C(F)(F)F)cc2)cc1
MTBD,CC(C)C(C=C(C(C)C)C=C1C(C)C)=C1C2=C(P([C@@]3(C[C@@H]4C5)C[C@H](C4)C[C@H]5C3)[C@]6(C7)C[C@@H](C[C@@H]7C8)C[C@@H]8C6)C(OC)=CC=C2OC,FC(C=CC=C1F)=C1C2=CC=NO2,CN1CCCN2C1=NCCC2,IC1=CC=C(C(F)(F)F)C=C1,47.11,Cc1ccc(Nc2ccc(C(F)(F)F)cc2)cc1
MTBD,CC(C)C(C=C(C(C)C)C=C1C(C)C)=C1C2=C(P([C@@]3(C[C@@H]4C5)C[C@H](C4)C[C@H]5C3)[C@]6(C7)C[C@@H](C[C@@H]7C8)C[C@@H]8C6)C(OC)=CC=C2OC,FC(C=CC=C1F)=C1C2=CC=NO2,CN1CCCN2C1=NCCC2,ClC1=CC=C(OC)C=C1,0.26,COc1ccc(Nc2ccc(C)cc2)cc1
MTBD,CC(C)C(C=C(C(C)C)C=C1C(C)C)=C1C2=C(P([C@@]3(C[C@@H]4C5)C[C@H](C4)C[C@H]5C3)[C@]6(C7)C[C@@H](C[C@@H]7C8)C[C@@H]8C6)C(OC)=CC=C2OC,FC(C=CC=C1F)=C1C2=CC=NO2,CN1CCCN2C1=NCCC2,BrC1=CC=C(OC)C=C1,26.96,COc1ccc(Nc2ccc(C)cc2)cc1
MTBD,CC(C)C(C=C(C(C)C)C=C1C(C)C)=C1C2=C(P([C@@]3(C[C@@H]4C5)C[C@H](C4)C[C@H]5C3)[C@]6(C7)C[C@@H](C[C@@H]7C8)C[C@@H]8C6)C(OC)=CC=C2OC,FC(C=CC=C1F)=C1C2=CC=NO2,CN1CCCN2C1=NCCC2,IC1=CC=C(OC)C=C1,49.01,COc1ccc(Nc2ccc(C)cc2)cc1
MTBD,CC(C)C(C=C(C(C)C)C=C1C(C)C)=C1C2=C(P([C@@]3(C[C@@H]4C5)C[C@H](C4)C[C@H]5C3)[C@]6(C7)C[C@@H](C[C@@H]7C8)C[C@@H]8C6)C(OC)=CC=C2OC,FC(C=CC=C1F)=C1C2=CC=NO2,CN1CCCN2C1=NCCC2,ClC1=CC=C(CC)C=C1,0.73,CCc1ccc(Nc2ccc(C)cc2)cc1
MTBD,CC(C)C(C=C(C(C)C)C=C1C(C)C)=C1C2=C(P([C@@]3(C[C@@H]4C5)C[C@H](C4)C[C@H]5C3)[C@]6(C7)C[C@@H](C[C@@H]7C8)C[C@@H]8C6)C(OC)=CC=C2OC,FC(C=CC=C1F)=C1C2=CC=NO2,CN1CCCN2C1=NCCC2,BrC1=CC=C(CC)C=C1,34.67,CCc1ccc(Nc2ccc(C)cc2)cc1
MTBD,CC(C)C(C=C(C(C)C)C=C1C(C)C)=C1C2=C(P([C@@]3(C[C@@H]4C5)C[C@H](C4)C[C@H]5C3)[C@]6(C7)C[C@@H](C[C@@H]7C8)C[C@@H]8C6)C(OC)=CC=C2OC,FC(C=CC=C1F)=C1C2=CC=NO2,CN1CCCN2C1=NCCC2,IC1=CC=C(CC)C=C1,73.39,CCc1ccc(Nc2ccc(C)cc2)cc1
MTBD,CC(C)C(C=C(C(C)C)C=C1C(C)C)=C1C2=C(P([C@@]3(C[C@@H]4C5)C[C@H](C4)C[C@H]5C3)[C@]6(C7)C[C@@H](C[C@@H]7C8)C[C@@H]8C6)C(OC)=CC=C2OC,FC(C=CC=C1F)=C1C2=CC=NO2,CN1CCCN2C1=NCCC2,ClC1=NC=CC=C1,29.56,Cc1ccc(Nc2ccccn2)cc1
MTBD,CC(C)C(C=C(C(C)C)C=C1C(C)C)=C1C2=C(P([C@@]3(C[C@@H]4C5)C[C@H](C4)C[C@H]5C3)[C@]6(C7)C[C@@H](C[C@@H]7C8)C[C@@H]8C6)C(OC)=CC=C2OC,FC(C=CC=C1F)=C1C2=CC=NO2,CN1CCCN2C1=NCCC2,BrC1=NC=CC=C1,41.06,Cc1ccc(Nc2ccccn2)cc1
MTBD,CC(C)C(C=C(C(C)C)C=C1C(C)C)=C1C2=C(P([C@@]3(C[C@@H]4C5)C[C@H](C4)C[C@H]5C3)[C@]6(C7)C[C@@H](C[C@@H]7C8)C[C@@H]8C6)C(OC)=CC=C2OC,FC(C=CC=C1F)=C1C2=CC=NO2,CN1CCCN2C1=NCCC2,IC1=NC=CC=C1,86.43,Cc1ccc(Nc2ccccn2)cc1
MTBD,CC(C)C(C=C(C(C)C)C=C1C(C)C)=C1C2=C(P([C@@]3(C[C@@H]4C5)C[C@H](C4)C[C@H]5C3)[C@]6(C7)C[C@@H](C[C@@H]7C8)C[C@@H]8C6)C(OC)=CC=C2OC,FC(C=CC=C1F)=C1C2=CC=NO2,CN1CCCN2C1=NCCC2,ClC1=CN=CC=C1,0.0,Cc1ccc(Nc2cccnc2)cc1
MTBD,CC(C)C(C=C(C(C)C)C=C1C(C)C)=C1C2=C(P([C@@]3(C[C@@H]4C5)C[C@H](C4)C[C@H]5C3)[C@]6(C7)C[C@@H](C[C@@H]7C8)C[C@@H]8C6)C(OC)=CC=C2OC,FC(C=CC=C1F)=C1C2=CC=NO2,CN1CCCN2C1=NCCC2,BrC1=CN=CC=C1,27.34,Cc1ccc(Nc2cccnc2)cc1
MTBD,CC(C)C(C=C(C(C)C)C=C1C(C)C)=C1C2=C(P([C@@]3(C[C@@H]4C5)C[C@H](C4)C[C@H]5C3)[C@]6(C7)C[C@@H](C[C@@H]7C8)C[C@@H]8C6)C(OC)=CC=C2OC,FC(C=CC=C1F)=C1C2=CC=NO2,CN1CCCN2C1=NCCC2,IC1=CN=CC=C1,76.74,Cc1ccc(Nc2cccnc2)cc1
P2Et,CC(C)C(C=C(C(C)C)C=C1C(C)C)=C1C2=C(P([C@@]3(C[C@@H]4C5)C[C@H](C4)C[C@H]5C3)[C@]6(C7)C[C@@H](C[C@@H]7C8)C[C@@H]8C6)C(OC)=CC=C2OC,C1(N(CC2=CC=CC=C2)CC3=CC=CC=C3)=CC=NO1,CN(C)P(N(C)C)(N(C)C)=NP(N(C)C)(N(C)C)=NCC,ClC1=CC=C(C(F)(F)F)C=C1,15.56,Cc1ccc(Nc2ccc(C(F)(F)F)cc2)cc1
P2Et,CC(C)C(C=C(C(C)C)C=C1C(C)C)=C1C2=C(P([C@@]3(C[C@@H]4C5)C[C@H](C4)C[C@H]5C3)[C@]6(C7)C[C@@H](C[C@@H]7C8)C[C@@H]8C6)C(OC)=CC=C2OC,C1(N(CC2=CC=CC=C2)CC3=CC=CC=C3)=CC=NO1,CN(C)P(N(C)C)(N(C)C)=NP(N(C)C)(N(C)C)=NCC,BrC1=CC=C(C(F)(F)F)C=C1,24.36,Cc1ccc(Nc2ccc(C(F)(F)F)cc2)cc1
P2Et,CC(C)C(C=C(C(C)C)C=C1C(C)C)=C1C2=C(P([C@@]3(C[C@@H]4C5)C[C@H](C4)C[C@H]5C3)[C@]6(C7)C[C@@H](C[C@@H]7C8)C[C@@H]8C6)C(OC)=CC=C2OC,C1(N(CC2=CC=CC=C2)CC3=CC=CC=C3)=CC=NO1,CN(C)P(N(C)C)(N(C)C)=NP(N(C)C)(N(C)C)=NCC,IC1=CC=C(C(F)(F)F)C=C1,28.85,Cc1ccc(Nc2ccc(C(F)(F)F)cc2)cc1
P2Et,CC(C)C(C=C(C(C)C)C=C1C(C)C)=C1C2=C(P([C@@]3(C[C@@H]4C5)C[C@H](C4)C[C@H]5C3)[C@]6(C7)C[C@@H](C[C@@H]7C8)C[C@@H]8C6)C(OC)=CC=C2OC,C1(N(CC2=CC=CC=C2)CC3=CC=CC=C3)=CC=NO1,CN(C)P(N(C)C)(N(C)C)=NP(N(C)C)(N(C)C)=NCC,ClC1=CC=C(OC)C=C1,0.98,COc1ccc(Nc2ccc(C)cc2)cc1
P2Et,CC(C)C(C=C(C(C)C)C=C1C(C)C)=C1C2=C(P([C@@]3(C[C@@H]4C5)C[C@H](C4)C[C@H]5C3)[C@]6(C7)C[C@@H](C[C@@H]7C8)C[C@@H]8C6)C(OC)=CC=C2OC,C1(N(CC2=CC=CC=C2)CC3=CC=CC=C3)=CC=NO1,CN(C)P(N(C)C)(N(C)C)=NP(N(C)C)(N(C)C)=NCC,BrC1=CC=C(OC)C=C1,29.01,COc1ccc(Nc2ccc(C)cc2)cc1
P2Et,CC(C)C(C=C(C(C)C)C=C1C(C)C)=C1C2=C(P([C@@]3(C[C@@H]4C5)C[C@H](C4)C[C@H]5C3)[C@]6(C7)C[C@@H](C[C@@H]7C8)C[C@@H]8C6)C(OC)=CC=C2OC,C1(N(CC2=CC=CC=C2)CC3=CC=CC=C3)=CC=NO1,CN(C)P(N(C)C)(N(C)C)=NP(N(C)C)(N(C)C)=NCC,IC1=CC=C(OC)C=C1,33.21,COc1ccc(Nc2ccc(C)cc2)cc1
P2Et,CC(C)C(C=C(C(C)C)C=C1C(C)C)=C1C2=C(P([C@@]3(C[C@@H]4C5)C[C@H](C4)C[C@H]5C3)[C@]6(C7)C[C@@H](C[C@@H]7C8)C[C@@H]8C6)C(OC)=CC=C2OC,C1(N(CC2=CC=CC=C2)CC3=CC=CC=C3)=CC=NO1,CN(C)P(N(C)C)(N(C)C)=NP(N(C)C)(N(C)C)=NCC,ClC1=CC=C(CC)C=C1,4.08,CCc1ccc(Nc2ccc(C)cc2)cc1
P2Et,CC(C)C(C=C(C(C)C)C=C1C(C)C)=C1C2=C(P([C@@]3(C[C@@H]4C5)C[C@H](C4)C[C@H]5C3)[C@]6(C7)C[C@@H](C[C@@H]7C8)C[C@@H]8C6)C(OC)=CC=C2OC,C1(N(CC2=CC=CC=C2)CC3=CC=CC=C3)=CC=NO1,CN(C)P(N(C)C)(N(C)C)=NP(N(C)C)(N(C)C)=NCC,BrC1=CC=C(CC)C=C1,46.71,CCc1ccc(Nc2ccc(C)cc2)cc1
P2Et,CC(C)C(C=C(C(C)C)C=C1C(C)C)=C1C2=C(P([C@@]3(C[C@@H]4C5)C[C@H](C4)C[C@H]5C3)[C@]6(C7)C[C@@H](C[C@@H]7C8)C[C@@H]8C6)C(OC)=CC=C2OC,C1(N(CC2=CC=CC=C2)CC3=CC=CC=C3)=CC=NO1,CN(C)P(N(C)C)(N(C)C)=NP(N(C)C)(N(C)C)=NCC,IC1=CC=C(CC)C=C1,49.29,CCc1ccc(Nc2ccc(C)cc2)cc1
P2Et,CC(C)C(C=C(C(C)C)C=C1C(C)C)=C1C2=C(P([C@@]3(C[C@@H]4C5)C[C@H](C4)C[C@H]5C3)[C@]6(C7)C[C@@H](C[C@@H]7C8)C[C@@H]8C6)C(OC)=CC=C2OC,C1(N(CC2=CC=CC=C2)CC3=CC=CC=C3)=CC=NO1,CN(C)P(N(C)C)(N(C)C)=NP(N(C)C)(N(C)C)=NCC,ClC1=NC=CC=C1,31.37,Cc1ccc(Nc2ccccn2)cc1
P2Et,CC(C)C(C=C(C(C)C)C=C1C(C)C)=C1C2=C(P([C@@]3(C[C@@H]4C5)C[C@H](C4)C[C@H]5C3)[C@]6(C7)C[C@@H](C[C@@H]7C8)C[C@@H]8C6)C(OC)=CC=C2OC,C1(N(CC2=CC=CC=C2)CC3=CC=CC=C3)=CC=NO1,CN(C)P(N(C)C)(N(C)C)=NP(N(C)C)(N(C)C)=NCC,BrC1=NC=CC=C1,37.12,Cc1ccc(Nc2ccccn2)cc1
P2Et,CC(C)C(C=C(C(C)C)C=C1C(C)C)=C1C2=C(P([C@@]3(C[C@@H]4C5)C[C@H](C4)C[C@H]5C3)[C@]6(C7)C[C@@H](C[C@@H]7C8)C[C@@H]8C6)C(OC)=CC=C2OC,C1(N(CC2=CC=CC=C2)CC3=CC=CC=C3)=CC=NO1,CN(C)P(N(C)C)(N(C)C)=NP(N(C)C)(N(C)C)=NCC,IC1=NC=CC=C1,42.7,Cc1ccc(Nc2ccccn2)cc1
P2Et,CC(C)C(C=C(C(C)C)C=C1C(C)C)=C1C2=C(P([C@@]3(C[C@@H]4C5)C[C@H](C4)C[C@H]5C3)[C@]6(C7)C[C@@H](C[C@@H]7C8)C[C@@H]8C6)C(OC)=CC=C2OC,C1(N(CC2=CC=CC=C2)CC3=CC=CC=C3)=CC=NO1,CN(C)P(N(C)C)(N(C)C)=NP(N(C)C)(N(C)C)=NCC,ClC1=CN=CC=C1,16.75,Cc1ccc(Nc2cccnc2)cc1
P2Et,CC(C)C(C=C(C(C)C)C=C1C(C)C)=C1C2=C(P([C@@]3(C[C@@H]4C5)C[C@H](C4)C[C@H]5C3)[C@]6(C7)C[C@@H](C[C@@H]7C8)C[C@@H]8C6)C(OC)=CC=C2OC,C1(N(CC2=CC=CC=C2)CC3=CC=CC=C3)=CC=NO1,CN(C)P(N(C)C)(N(C)C)=NP(N(C)C)(N(C)C)=NCC,BrC1=CN=CC=C1,52.2,Cc1ccc(Nc2cccnc2)cc1
P2Et,CC(C)C(C=C(C(C)C)C=C1C(C)C)=C1C2=C(P([C@@]3(C[C@@H]4C5)C[C@H](C4)C[C@H]5C3)[C@]6(C7)C[C@@H](C[C@@H]7C8)C[C@@H]8C6)C(OC)=CC=C2OC,C1(N(CC2=CC=CC=C2)CC3=CC=CC=C3)=CC=NO1,CN(C)P(N(C)C)(N(C)C)=NP(N(C)C)(N(C)C)=NCC,IC1=CN=CC=C1,56.42,Cc1ccc(Nc2cccnc2)cc1
BTMG,CC(C)C(C=C(C(C)C)C=C1C(C)C)=C1C2=C(P([C@@]3(C[C@@H]4C5)C[C@H](C4)C[C@H]5C3)[C@]6(C7)C[C@@H](C[C@@H]7C8)C[C@@H]8C6)C(OC)=CC=C2OC,C1(N(CC2=CC=CC=C2)CC3=CC=CC=C3)=CC=NO1,CC(C)(C)/N=C(N(C)C)/N(C)C,ClC1=CC=C(C(F)(F)F)C=C1,3.43,Cc1ccc(Nc2ccc(C(F)(F)F)cc2)cc1
BTMG,CC(C)C(C=C(C(C)C)C=C1C(C)C)=C1C2=C(P([C@@]3(C[C@@H]4C5)C[C@H](C4)C[C@H]5C3)[C@]6(C7)C[C@@H](C[C@@H]7C8)C[C@@H]8C6)C(OC)=CC=C2OC,C1(N(CC2=CC=CC=C2)CC3=CC=CC=C3)=CC=NO1,CC(C)(C)/N=C(N(C)C)/N(C)C,BrC1=CC=C(C(F)(F)F)C=C1,26.32,Cc1ccc(Nc2ccc(C(F)(F)F)cc2)cc1
BTMG,CC(C)C(C=C(C(C)C)C=C1C(C)C)=C1C2=C(P([C@@]3(C[C@@H]4C5)C[C@H](C4)C[C@H]5C3)[C@]6(C7)C[C@@H](C[C@@H]7C8)C[C@@H]8C6)C(OC)=CC=C2OC,C1(N(CC2=CC=CC=C2)CC3=CC=CC=C3)=CC=NO1,CC(C)(C)/N=C(N(C)C)/N(C)C,IC1=CC=C(C(F)(F)F)C=C1,36.15,Cc1ccc(Nc2ccc(C(F)(F)F)cc2)cc1
BTMG,CC(C)C(C=C(C(C)C)C=C1C(C)C)=C1C2=C(P([C@@]3(C[C@@H]4C5)C[C@H](C4)C[C@H]5C3)[C@]6(C7)C[C@@H](C[C@@H]7C8)C[C@@H]8C6)C(OC)=CC=C2OC,C1(N(CC2=CC=CC=C2)CC3=CC=CC=C3)=CC=NO1,CC(C)(C)/N=C(N(C)C)/N(C)C,ClC1=CC=C(OC)C=C1,0.0,COc1ccc(Nc2ccc(C)cc2)cc1
BTMG,CC(C)C(C=C(C(C)C)C=C1C(C)C)=C1C2=C(P([C@@]3(C[C@@H]4C5)C[C@H](C4)C[C@H]5C3)[C@]6(C7)C[C@@H](C[C@@H]7C8)C[C@@H]8C6)C(OC)=CC=C2OC,C1(N(CC2=CC=CC=C2)CC3=CC=CC=C3)=CC=NO1,CC(C)(C)/N=C(N(C)C)/N(C)C,BrC1=CC=C(OC)C=C1,16.73,COc1ccc(Nc2ccc(C)cc2)cc1
BTMG,CC(C)C(C=C(C(C)C)C=C1C(C)C)=C1C2=C(P([C@@]3(C[C@@H]4C5)C[C@H](C4)C[C@H]5C3)[C@]6(C7)C[C@@H](C[C@@H]7C8)C[C@@H]8C6)C(OC)=CC=C2OC,C1(N(CC2=CC=CC=C2)CC3=CC=CC=C3)=CC=NO1,CC(C)(C)/N=C(N(C)C)/N(C)C,IC1=CC=C(OC)C=C1,49.99,COc1ccc(Nc2ccc(C)cc2)cc1
BTMG,CC(C)C(C=C(C(C)C)C=C1C(C)C)=C1C2=C(P([C@@]3(C[C@@H]4C5)C[C@H](C4)C[C@H]5C3)[C@]6(C7)C[C@@H](C[C@@H]7C8)C[C@@H]8C6)C(OC)=CC=C2OC,C1(N(CC2=CC=CC=C2)CC3=CC=CC=C3)=CC=NO1,CC(C)(C)/N=C(N(C)C)/N(C)C,ClC1=CC=C(CC)C=C1,1.0,CCc1ccc(Nc2ccc(C)cc2)cc1
BTMG,CC(C)C(C=C(C(C)C)C=C1C(C)C)=C1C2=C(P([C@@]3(C[C@@H]4C5)C[C@H](C4)C[C@H]5C3)[C@]6(C7)C[C@@H](C[C@@H]7C8)C[C@@H]8C6)C(OC)=CC=C2OC,C1(N(CC2=CC=CC=C2)CC3=CC=CC=C3)=CC=NO1,CC(C)(C)/N=C(N(C)C)/N(C)C,BrC1=CC=C(CC)C=C1,30.17,CCc1ccc(Nc2ccc(C)cc2)cc1
BTMG,CC(C)C(C=C(C(C)C)C=C1C(C)C)=C1C2=C(P([C@@]3(C[C@@H]4C5)C[C@H](C4)C[C@H]5C3)[C@]6(C7)C[C@@H](C[C@@H]7C8)C[C@@H]8C6)C(OC)=CC=C2OC,C1(N(CC2=CC=CC=C2)CC3=CC=CC=C3)=CC=NO1,CC(C)(C)/N=C(N(C)C)/N(C)C,IC1=CC=C(CC)C=C1,59.32,CCc1ccc(Nc2ccc(C)cc2)cc1
BTMG,CC(C)C(C=C(C(C)C)C=C1C(C)C)=C1C2=C(P([C@@]3(C[C@@H]4C5)C[C@H](C4)C[C@H]5C3)[C@]6(C7)C[C@@H](C[C@@H]7C8)C[C@@H]8C6)C(OC)=CC=C2OC,C1(N(CC2=CC=CC=C2)CC3=CC=CC=C3)=CC=NO1,CC(C)(C)/N=C(N(C)C)/N(C)C,ClC1=NC=CC=C1,20.5,Cc1ccc(Nc2ccccn2)cc1
BTMG,CC(C)C(C=C(C(C)C)C=C1C(C)C)=C1C2=C(P([C@@]3(C[C@@H]4C5)C[C@H](C4)C[C@H]5C3)[C@]6(C7)C[C@@H](C[C@@H]7C8)C[C@@H]8C6)C(OC)=CC=C2OC,C1(N(CC2=CC=CC=C2)CC3=CC=CC=C3)=CC=NO1,CC(C)(C)/N=C(N(C)C)/N(C)C,BrC1=NC=CC=C1,31.02,Cc1ccc(Nc2ccccn2)cc1
BTMG,CC(C)C(C=C(C(C)C)C=C1C(C)C)=C1C2=C(P([C@@]3(C[C@@H]4C5)C[C@H](C4)C[C@H]5C3)[C@]6(C7)C[C@@H](C[C@@H]7C8)C[C@@H]8C6)C(OC)=CC=C2OC,C1(N(CC2=CC=CC=C2)CC3=CC=CC=C3)=CC=NO1,CC(C)(C)/N=C(N(C)C)/N(C)C,IC1=NC=CC=C1,56.04,Cc1ccc(Nc2ccccn2)cc1
BTMG,CC(C)C(C=C(C(C)C)C=C1C(C)C)=C1C2=C(P([C@@]3(C[C@@H]4C5)C[C@H](C4)C[C@H]5C3)[C@]6(C7)C[C@@H](C[C@@H]7C8)C[C@@H]8C6)C(OC)=CC=C2OC,C1(N(CC2=CC=CC=C2)CC3=CC=CC=C3)=CC=NO1,CC(C)(C)/N=C(N(C)C)/N(C)C,ClC1=CN=CC=C1,2.04,Cc1ccc(Nc2cccnc2)cc1
BTMG,CC(C)C(C=C(C(C)C)C=C1C(C)C)=C1C2=C(P([C@@]3(C[C@@H]4C5)C[C@H](C4)C[C@H]5C3)[C@]6(C7)C[C@@H](C[C@@H]7C8)C[C@@H]8C6)C(OC)=CC=C2OC,C1(N(CC2=CC=CC=C2)CC3=CC=CC=C3)=CC=NO1,CC(C)(C)/N=C(N(C)C)/N(C)C,BrC1=CN=CC=C1,47.55,Cc1ccc(Nc2cccnc2)cc1
BTMG,CC(C)C(C=C(C(C)C)C=C1C(C)C)=C1C2=C(P([C@@]3(C[C@@H]4C5)C[C@H](C4)C[C@H]5C3)[C@]6(C7)C[C@@H](C[C@@H]7C8)C[C@@H]8C6)C(OC)=CC=C2OC,C1(N(CC2=CC=CC=C2)CC3=CC=CC=C3)=CC=NO1,CC(C)(C)/N=C(N(C)C)/N(C)C,IC1=CN=CC=C1,59.16,Cc1ccc(Nc2cccnc2)cc1
MTBD,CC(C)C(C=C(C(C)C)C=C1C(C)C)=C1C2=C(P([C@@]3(C[C@@H]4C5)C[C@H](C4)C[C@H]5C3)[C@]6(C7)C[C@@H](C[C@@H]7C8)C[C@@H]8C6)C(OC)=CC=C2OC,C1(N(CC2=CC=CC=C2)CC3=CC=CC=C3)=CC=NO1,CN1CCCN2C1=NCCC2,ClC1=CC=C(C(F)(F)F)C=C1,5.07,Cc1ccc(Nc2ccc(C(F)(F)F)cc2)cc1
MTBD,CC(C)C(C=C(C(C)C)C=C1C(C)C)=C1C2=C(P([C@@]3(C[C@@H]4C5)C[C@H](C4)C[C@H]5C3)[C@]6(C7)C[C@@H](C[C@@H]7C8)C[C@@H]8C6)C(OC)=CC=C2OC,C1(N(CC2=CC=CC=C2)CC3=CC=CC=C3)=CC=NO1,CN1CCCN2C1=NCCC2,BrC1=CC=C(C(F)(F)F)C=C1,31.61,Cc1ccc(Nc2ccc(C(F)(F)F)cc2)cc1
MTBD,CC(C)C(C=C(C(C)C)C=C1C(C)C)=C1C2=C(P([C@@]3(C[C@@H]4C5)C[C@H](C4)C[C@H]5C3)[C@]6(C7)C[C@@H](C[C@@H]7C8)C[C@@H]8C6)C(OC)=CC=C2OC,C1(N(CC2=CC=CC=C2)CC3=CC=CC=C3)=CC=NO1,CN1CCCN2C1=NCCC2,IC1=CC=C(C(F)(F)F)C=C1,41.6,Cc1ccc(Nc2ccc(C(F)(F)F)cc2)cc1
MTBD,CC(C)C(C=C(C(C)C)C=C1C(C)C)=C1C2=C(P([C@@]3(C[C@@H]4C5)C[C@H](C4)C[C@H]5C3)[C@]6(C7)C[C@@H](C[C@@H]7C8)C[C@@H]8C6)C(OC)=CC=C2OC,C1(N(CC2=CC=CC=C2)CC3=CC=CC=C3)=CC=NO1,CN1CCCN2C1=NCCC2,ClC1=CC=C(OC)C=C1,0.0,COc1ccc(Nc2ccc(C)cc2)cc1
MTBD,CC(C)C(C=C(C(C)C)C=C1C(C)C)=C1C2=C(P([C@@]3(C[C@@H]4C5)C[C@H](C4)C[C@H]5C3)[C@]6(C7)C[C@@H](C[C@@H]7C8)C[C@@H]8C6)C(OC)=CC=C2OC,C1(N(CC2=CC=CC=C2)CC3=CC=CC=C3)=CC=NO1,CN1CCCN2C1=NCCC2,BrC1=CC=C(OC)C=C1,20.45,COc1ccc(Nc2ccc(C)cc2)cc1
MTBD,CC(C)C(C=C(C(C)C)C=C1C(C)C)=C1C2=C(P([C@@]3(C[C@@H]4C5)C[C@H](C4)C[C@H]5C3)[C@]6(C7)C[C@@H](C[C@@H]7C8)C[C@@H]8C6)C(OC)=CC=C2OC,C1(N(CC2=CC=CC=C2)CC3=CC=CC=C3)=CC=NO1,CN1CCCN2C1=NCCC2,IC1=CC=C(OC)C=C1,46.3,COc1ccc(Nc2ccc(C)cc2)cc1
MTBD,CC(C)C(C=C(C(C)C)C=C1C(C)C)=C1C2=C(P([C@@]3(C[C@@H]4C5)C[C@H](C4)C[C@H]5C3)[C@]6(C7)C[C@@H](C[C@@H]7C8)C[C@@H]8C6)C(OC)=CC=C2OC,C1(N(CC2=CC=CC=C2)CC3=CC=CC=C3)=CC=NO1,CN1CCCN2C1=NCCC2,ClC1=CC=C(CC)C=C1,1.01,CCc1ccc(Nc2ccc(C)cc2)cc1
MTBD,CC(C)C(C=C(C(C)C)C=C1C(C)C)=C1C2=C(P([C@@]3(C[C@@H]4C5)C[C@H](C4)C[C@H]5C3)[C@]6(C7)C[C@@H](C[C@@H]7C8)C[C@@H]8C6)C(OC)=CC=C2OC,C1(N(CC2=CC=CC=C2)CC3=CC=CC=C3)=CC=NO1,CN1CCCN2C1=NCCC2,BrC1=CC=C(CC)C=C1,34.47,CCc1ccc(Nc2ccc(C)cc2)cc1
MTBD,CC(C)C(C=C(C(C)C)C=C1C(C)C)=C1C2=C(P([C@@]3(C[C@@H]4C5)C[C@H](C4)C[C@H]5C3)[C@]6(C7)C[C@@H](C[C@@H]7C8)C[C@@H]8C6)C(OC)=CC=C2OC,C1(N(CC2=CC=CC=C2)CC3=CC=CC=C3)=CC=NO1,CN1CCCN2C1=NCCC2,IC1=CC=C(CC)C=C1,72.29,CCc1ccc(Nc2ccc(C)cc2)cc1
MTBD,CC(C)C(C=C(C(C)C)C=C1C(C)C)=C1C2=C(P([C@@]3(C[C@@H]4C5)C[C@H](C4)C[C@H]5C3)[C@]6(C7)C[C@@H](C[C@@H]7C8)C[C@@H]8C6)C(OC)=CC=C2OC,C1(N(CC2=CC=CC=C2)CC3=CC=CC=C3)=CC=NO1,CN1CCCN2C1=NCCC2,ClC1=NC=CC=C1,31.2,Cc1ccc(Nc2ccccn2)cc1
MTBD,CC(C)C(C=C(C(C)C)C=C1C(C)C)=C1C2=C(P([C@@]3(C[C@@H]4C5)C[C@H](C4)C[C@H]5C3)[C@]6(C7)C[C@@H](C[C@@H]7C8)C[C@@H]8C6)C(OC)=CC=C2OC,C1(N(CC2=CC=CC=C2)CC3=CC=CC=C3)=CC=NO1,CN1CCCN2C1=NCCC2,BrC1=NC=CC=C1,39.71,Cc1ccc(Nc2ccccn2)cc1
MTBD,CC(C)C(C=C(C(C)C)C=C1C(C)C)=C1C2=C(P([C@@]3(C[C@@H]4C5)C[C@H](C4)C[C@H]5C3)[C@]6(C7)C[C@@H](C[C@@H]7C8)C[C@@H]8C6)C(OC)=CC=C2OC,C1(N(CC2=CC=CC=C2)CC3=CC=CC=C3)=CC=NO1,CN1CCCN2C1=NCCC2,IC1=NC=CC=C1,83.5,Cc1ccc(Nc2ccccn2)cc1
MTBD,CC(C)C(C=C(C(C)C)C=C1C(C)C)=C1C2=C(P([C@@]3(C[C@@H]4C5)C[C@H](C4)C[C@H]5C3)[C@]6(C7)C[C@@H](C[C@@H]7C8)C[C@@H]8C6)C(OC)=CC=C2OC,C1(N(CC2=CC=CC=C2)CC3=CC=CC=C3)=CC=NO1,CN1CCCN2C1=NCCC2,ClC1=CN=CC=C1,0.0,Cc1ccc(Nc2cccnc2)cc1
MTBD,CC(C)C(C=C(C(C)C)C=C1C(C)C)=C1C2=C(P([C@@]3(C[C@@H]4C5)C[C@H](C4)C[C@H]5C3)[C@]6(C7)C[C@@H](C[C@@H]7C8)C[C@@H]8C6)C(OC)=CC=C2OC,C1(N(CC2=CC=CC=C2)CC3=CC=CC=C3)=CC=NO1,CN1CCCN2C1=NCCC2,BrC1=CN=CC=C1,27.16,Cc1ccc(Nc2cccnc2)cc1
MTBD,CC(C)C(C=C(C(C)C)C=C1C(C)C)=C1C2=C(P([C@@]3(C[C@@H]4C5)C[C@H](C4)C[C@H]5C3)[C@]6(C7)C[C@@H](C[C@@H]7C8)C[C@@H]8C6)C(OC)=CC=C2OC,C1(N(CC2=CC=CC=C2)CC3=CC=CC=C3)=CC=NO1,CN1CCCN2C1=NCCC2,IC1=CN=CC=C1,67.35,Cc1ccc(Nc2cccnc2)cc1
P2Et,CC(C)C(C=C(C(C)C)C=C1C(C)C)=C1C2=C(P([C@@]3(C[C@@H]4C5)C[C@H](C4)C[C@H]5C3)[C@]6(C7)C[C@@H](C[C@@H]7C8)C[C@@H]8C6)C(OC)=CC=C2OC,CC1=CC(N2C=CC=C2)=NO1,CN(C)P(N(C)C)(N(C)C)=NP(N(C)C)(N(C)C)=NCC,ClC1=CC=C(C(F)(F)F)C=C1,6.11,Cc1ccc(Nc2ccc(C(F)(F)F)cc2)cc1
P2Et,CC(C)C(C=C(C(C)C)C=C1C(C)C)=C1C2=C(P([C@@]3(C[C@@H]4C5)C[C@H](C4)C[C@H]5C3)[C@]6(C7)C[C@@H](C[C@@H]7C8)C[C@@H]8C6)C(OC)=CC=C2OC,CC1=CC(N2C=CC=C2)=NO1,CN(C)P(N(C)C)(N(C)C)=NP(N(C)C)(N(C)C)=NCC,BrC1=CC=C(C(F)(F)F)C=C1,19.12,Cc1ccc(Nc2ccc(C(F)(F)F)cc2)cc1
P2Et,CC(C)C(C=C(C(C)C)C=C1C(C)C)=C1C2=C(P([C@@]3(C[C@@H]4C5)C[C@H](C4)C[C@H]5C3)[C@]6(C7)C[C@@H](C[C@@H]7C8)C[C@@H]8C6)C(OC)=CC=C2OC,CC1=CC(N2C=CC=C2)=NO1,CN(C)P(N(C)C)(N(C)C)=NP(N(C)C)(N(C)C)=NCC,IC1=CC=C(C(F)(F)F)C=C1,29.76,Cc1ccc(Nc2ccc(C(F)(F)F)cc2)cc1
P2Et,CC(C)C(C=C(C(C)C)C=C1C(C)C)=C1C2=C(P([C@@]3(C[C@@H]4C5)C[C@H](C4)C[C@H]5C3)[C@]6(C7)C[C@@H](C[C@@H]7C8)C[C@@H]8C6)C(OC)=CC=C2OC,CC1=CC(N2C=CC=C2)=NO1,CN(C)P(N(C)C)(N(C)C)=NP(N(C)C)(N(C)C)=NCC,ClC1=CC=C(OC)C=C1,0.0,COc1ccc(Nc2ccc(C)cc2)cc1
P2Et,CC(C)C(C=C(C(C)C)C=C1C(C)C)=C1C2=C(P([C@@]3(C[C@@H]4C5)C[C@H](C4)C[C@H]5C3)[C@]6(C7)C[C@@H](C[C@@H]7C8)C[C@@H]8C6)C(OC)=CC=C2OC,CC1=CC(N2C=CC=C2)=NO1,CN(C)P(N(C)C)(N(C)C)=NP(N(C)C)(N(C)C)=NCC,BrC1=CC=C(OC)C=C1,49.2,COc1ccc(Nc2ccc(C)cc2)cc1
P2Et,CC(C)C(C=C(C(C)C)C=C1C(C)C)=C1C2=C(P([C@@]3(C[C@@H]4C5)C[C@H](C4)C[C@H]5C3)[C@]6(C7)C[C@@H](C[C@@H]7C8)C[C@@H]8C6)C(OC)=CC=C2OC,CC1=CC(N2C=CC=C2)=NO1,CN(C)P(N(C)C)(N(C)C)=NP(N(C)C)(N(C)C)=NCC,IC1=CC=C(OC)C=C1,49.51,COc1ccc(Nc2ccc(C)cc2)cc1
P2Et,CC(C)C(C=C(C(C)C)C=C1C(C)C)=C1C2=C(P([C@@]3(C[C@@H]4C5)C[C@H](C4)C[C@H]5C3)[C@]6(C7)C[C@@H](C[C@@H]7C8)C[C@@H]8C6)C(OC)=CC=C2OC,CC1=CC(N2C=CC=C2)=NO1,CN(C)P(N(C)C)(N(C)C)=NP(N(C)C)(N(C)C)=NCC,ClC1=CC=C(CC)C=C1,1.74,CCc1ccc(Nc2ccc(C)cc2)cc1
P2Et,CC(C)C(C=C(C(C)C)C=C1C(C)C)=C1C2=C(P([C@@]3(C[C@@H]4C5)C[C@H](C4)C[C@H]5C3)[C@]6(C7)C[C@@H](C[C@@H]7C8)C[C@@H]8C6)C(OC)=CC=C2OC,CC1=CC(N2C=CC=C2)=NO1,CN(C)P(N(C)C)(N(C)C)=NP(N(C)C)(N(C)C)=NCC,BrC1=CC=C(CC)C=C1,67.15,CCc1ccc(Nc2ccc(C)cc2)cc1
P2Et,CC(C)C(C=C(C(C)C)C=C1C(C)C)=C1C2=C(P([C@@]3(C[C@@H]4C5)C[C@H](C4)C[C@H]5C3)[C@]6(C7)C[C@@H](C[C@@H]7C8)C[C@@H]8C6)C(OC)=CC=C2OC,CC1=CC(N2C=CC=C2)=NO1,CN(C)P(N(C)C)(N(C)C)=NP(N(C)C)(N(C)C)=NCC,IC1=CC=C(CC)C=C1,68.2,CCc1ccc(Nc2ccc(C)cc2)cc1
P2Et,CC(C)C(C=C(C(C)C)C=C1C(C)C)=C1C2=C(P([C@@]3(C[C@@H]4C5)C[C@H](C4)C[C@H]5C3)[C@]6(C7)C[C@@H](C[C@@H]7C8)C[C@@H]8C6)C(OC)=CC=C2OC,CC1=CC(N2C=CC=C2)=NO1,CN(C)P(N(C)C)(N(C)C)=NP(N(C)C)(N(C)C)=NCC,ClC1=NC=CC=C1,74.2,Cc1ccc(Nc2ccccn2)cc1
P2Et,CC(C)C(C=C(C(C)C)C=C1C(C)C)=C1C2=C(P([C@@]3(C[C@@H]4C5)C[C@H](C4)C[C@H]5C3)[C@]6(C7)C[C@@H](C[C@@H]7C8)C[C@@H]8C6)C(OC)=CC=C2OC,CC1=CC(N2C=CC=C2)=NO1,CN(C)P(N(C)C)(N(C)C)=NP(N(C)C)(N(C)C)=NCC,BrC1=NC=CC=C1,74.5,Cc1ccc(Nc2ccccn2)cc1
P2Et,CC(C)C(C=C(C(C)C)C=C1C(C)C)=C1C2=C(P([C@@]3(C[C@@H]4C5)C[C@H](C4)C[C@H]5C3)[C@]6(C7)C[C@@H](C[C@@H]7C8)C[C@@H]8C6)C(OC)=CC=C2OC,CC1=CC(N2C=CC=C2)=NO1,CN(C)P(N(C)C)(N(C)C)=NP(N(C)C)(N(C)C)=NCC,IC1=NC=CC=C1,83.44,Cc1ccc(Nc2ccccn2)cc1
P2Et,CC(C)C(C=C(C(C)C)C=C1C(C)C)=C1C2=C(P([C@@]3(C[C@@H]4C5)C[C@H](C4)C[C@H]5C3)[C@]6(C7)C[C@@H](C[C@@H]7C8)C[C@@H]8C6)C(OC)=CC=C2OC,CC1=CC(N2C=CC=C2)=NO1,CN(C)P(N(C)C)(N(C)C)=NP(N(C)C)(N(C)C)=NCC,ClC1=CN=CC=C1,2.9,Cc1ccc(Nc2cccnc2)cc1
P2Et,CC(C)C(C=C(C(C)C)C=C1C(C)C)=C1C2=C(P([C@@]3(C[C@@H]4C5)C[C@H](C4)C[C@H]5C3)[C@]6(C7)C[C@@H](C[C@@H]7C8)C[C@@H]8C6)C(OC)=CC=C2OC,CC1=CC(N2C=CC=C2)=NO1,CN(C)P(N(C)C)(N(C)C)=NP(N(C)C)(N(C)C)=NCC,BrC1=CN=CC=C1,16.86,Cc1ccc(Nc2cccnc2)cc1
P2Et,CC(C)C(C=C(C(C)C)C=C1C(C)C)=C1C2=C(P([C@@]3(C[C@@H]4C5)C[C@H](C4)C[C@H]5C3)[C@]6(C7)C[C@@H](C[C@@H]7C8)C[C@@H]8C6)C(OC)=CC=C2OC,CC1=CC(N2C=CC=C2)=NO1,CN(C)P(N(C)C)(N(C)C)=NP(N(C)C)(N(C)C)=NCC,IC1=CN=CC=C1,65.68,Cc1ccc(Nc2cccnc2)cc1
BTMG,CC(C)C(C=C(C(C)C)C=C1C(C)C)=C1C2=C(P([C@@]3(C[C@@H]4C5)C[C@H](C4)C[C@H]5C3)[C@]6(C7)C[C@@H](C[C@@H]7C8)C[C@@H]8C6)C(OC)=CC=C2OC,CC1=CC(N2C=CC=C2)=NO1,CC(C)(C)/N=C(N(C)C)/N(C)C,ClC1=CC=C(C(F)(F)F)C=C1,17.44,Cc1ccc(Nc2ccc(C(F)(F)F)cc2)cc1
BTMG,CC(C)C(C=C(C(C)C)C=C1C(C)C)=C1C2=C(P([C@@]3(C[C@@H]4C5)C[C@H](C4)C[C@H]5C3)[C@]6(C7)C[C@@H](C[C@@H]7C8)C[C@@H]8C6)C(OC)=CC=C2OC,CC1=CC(N2C=CC=C2)=NO1,CC(C)(C)/N=C(N(C)C)/N(C)C,BrC1=CC=C(C(F)(F)F)C=C1,35.29,Cc1ccc(Nc2ccc(C(F)(F)F)cc2)cc1
BTMG,CC(C)C(C=C(C(C)C)C=C1C(C)C)=C1C2=C(P([C@@]3(C[C@@H]4C5)C[C@H](C4)C[C@H]5C3)[C@]6(C7)C[C@@H](C[C@@H]7C8)C[C@@H]8C6)C(OC)=CC=C2OC,CC1=CC(N2C=CC=C2)=NO1,CC(C)(C)/N=C(N(C)C)/N(C)C,IC1=CC=C(C(F)(F)F)C=C1,36.97,Cc1ccc(Nc2ccc(C(F)(F)F)cc2)cc1
BTMG,CC(C)C(C=C(C(C)C)C=C1C(C)C)=C1C2=C(P([C@@]3(C[C@@H]4C5)C[C@H](C4)C[C@H]5C3)[C@]6(C7)C[C@@H](C[C@@H]7C8)C[C@@H]8C6)C(OC)=CC=C2OC,CC1=CC(N2C=CC=C2)=NO1,CC(C)(C)/N=C(N(C)C)/N(C)C,ClC1=CC=C(OC)C=C1,0.93,COc1ccc(Nc2ccc(C)cc2)cc1
BTMG,CC(C)C(C=C(C(C)C)C=C1C(C)C)=C1C2=C(P([C@@]3(C[C@@H]4C5)C[C@H](C4)C[C@H]5C3)[C@]6(C7)C[C@@H](C[C@@H]7C8)C[C@@H]8C6)C(OC)=CC=C2OC,CC1=CC(N2C=CC=C2)=NO1,CC(C)(C)/N=C(N(C)C)/N(C)C,BrC1=CC=C(OC)C=C1,38.56,COc1ccc(Nc2ccc(C)cc2)cc1
BTMG,CC(C)C(C=C(C(C)C)C=C1C(C)C)=C1C2=C(P([C@@]3(C[C@@H]4C5)C[C@H](C4)C[C@H]5C3)[C@]6(C7)C[C@@H](C[C@@H]7C8)C[C@@H]8C6)C(OC)=CC=C2OC,CC1=CC(N2C=CC=C2)=NO1,CC(C)(C)/N=C(N(C)C)/N(C)C,IC1=CC=C(OC)C=C1,39.71,COc1ccc(Nc2ccc(C)cc2)cc1
BTMG,CC(C)C(C=C(C(C)C)C=C1C(C)C)=C1C2=C(P([C@@]3(C[C@@H]4C5)C[C@H](C4)C[C@H]5C3)[C@]6(C7)C[C@@H](C[C@@H]7C8)C[C@@H]8C6)C(OC)=CC=C2OC,CC1=CC(N2C=CC=C2)=NO1,CC(C)(C)/N=C(N(C)C)/N(C)C,ClC1=CC=C(CC)C=C1,1.67,CCc1ccc(Nc2ccc(C)cc2)cc1
BTMG,CC(C)C(C=C(C(C)C)C=C1C(C)C)=C1C2=C(P([C@@]3(C[C@@H]4C5)C[C@H](C4)C[C@H]5C3)[C@]6(C7)C[C@@H](C[C@@H]7C8)C[C@@H]8C6)C(OC)=CC=C2OC,CC1=CC(N2C=CC=C2)=NO1,CC(C)(C)/N=C(N(C)C)/N(C)C,BrC1=CC=C(CC)C=C1,57.56,CCc1ccc(Nc2ccc(C)cc2)cc1
BTMG,CC(C)C(C=C(C(C)C)C=C1C(C)C)=C1C2=C(P([C@@]3(C[C@@H]4C5)C[C@H](C4)C[C@H]5C3)[C@]6(C7)C[C@@H](C[C@@H]7C8)C[C@@H]8C6)C(OC)=CC=C2OC,CC1=CC(N2C=CC=C2)=NO1,CC(C)(C)/N=C(N(C)C)/N(C)C,IC1=CC=C(CC)C=C1,61.44,CCc1ccc(Nc2ccc(C)cc2)cc1
BTMG,CC(C)C(C=C(C(C)C)C=C1C(C)C)=C1C2=C(P([C@@]3(C[C@@H]4C5)C[C@H](C4)C[C@H]5C3)[C@]6(C7)C[C@@H](C[C@@H]7C8)C[C@@H]8C6)C(OC)=CC=C2OC,CC1=CC(N2C=CC=C2)=NO1,CC(C)(C)/N=C(N(C)C)/N(C)C,ClC1=NC=CC=C1,44.04,Cc1ccc(Nc2ccccn2)cc1
BTMG,CC(C)C(C=C(C(C)C)C=C1C(C)C)=C1C2=C(P([C@@]3(C[C@@H]4C5)C[C@H](C4)C[C@H]5C3)[C@]6(C7)C[C@@H](C[C@@H]7C8)C[C@@H]8C6)C(OC)=CC=C2OC,CC1=CC(N2C=CC=C2)=NO1,CC(C)(C)/N=C(N(C)C)/N(C)C,BrC1=NC=CC=C1,53.66,Cc1ccc(Nc2ccccn2)cc1
BTMG,CC(C)C(C=C(C(C)C)C=C1C(C)C)=C1C2=C(P([C@@]3(C[C@@H]4C5)C[C@H](C4)C[C@H]5C3)[C@]6(C7)C[C@@H](C[C@@H]7C8)C[C@@H]8C6)C(OC)=CC=C2OC,CC1=CC(N2C=CC=C2)=NO1,CC(C)(C)/N=C(N(C)C)/N(C)C,IC1=NC=CC=C1,58.27,Cc1ccc(Nc2ccccn2)cc1
BTMG,CC(C)C(C=C(C(C)C)C=C1C(C)C)=C1C2=C(P([C@@]3(C[C@@H]4C5)C[C@H](C4)C[C@H]5C3)[C@]6(C7)C[C@@H](C[C@@H]7C8)C[C@@H]8C6)C(OC)=CC=C2OC,CC1=CC(N2C=CC=C2)=NO1,CC(C)(C)/N=C(N(C)C)/N(C)C,ClC1=CN=CC=C1,15.29,Cc1ccc(Nc2cccnc2)cc1
BTMG,CC(C)C(C=C(C(C)C)C=C1C(C)C)=C1C2=C(P([C@@]3(C[C@@H]4C5)C[C@H](C4)C[C@H]5C3)[C@]6(C7)C[C@@H](C[C@@H]7C8)C[C@@H]8C6)C(OC)=CC=C2OC,CC1=CC(N2C=CC=C2)=NO1,CC(C)(C)/N=C(N(C)C)/N(C)C,BrC1=CN=CC=C1,59.26,Cc1ccc(Nc2cccnc2)cc1
BTMG,CC(C)C(C=C(C(C)C)C=C1C(C)C)=C1C2=C(P([C@@]3(C[C@@H]4C5)C[C@H](C4)C[C@H]5C3)[C@]6(C7)C[C@@H](C[C@@H]7C8)C[C@@H]8C6)C(OC)=CC=C2OC,CC1=CC(N2C=CC=C2)=NO1,CC(C)(C)/N=C(N(C)C)/N(C)C,IC1=CN=CC=C1,62.56,Cc1ccc(Nc2cccnc2)cc1
MTBD,CC(C)C(C=C(C(C)C)C=C1C(C)C)=C1C2=C(P([C@@]3(C[C@@H]4C5)C[C@H](C4)C[C@H]5C3)[C@]6(C7)C[C@@H](C[C@@H]7C8)C[C@@H]8C6)C(OC)=CC=C2OC,CC1=CC(N2C=CC=C2)=NO1,CN1CCCN2C1=NCCC2,ClC1=CC=C(C(F)(F)F)C=C1,15.22,Cc1ccc(Nc2ccc(C(F)(F)F)cc2)cc1
MTBD,CC(C)C(C=C(C(C)C)C=C1C(C)C)=C1C2=C(P([C@@]3(C[C@@H]4C5)C[C@H](C4)C[C@H]5C3)[C@]6(C7)C[C@@H](C[C@@H]7C8)C[C@@H]8C6)C(OC)=CC=C2OC,CC1=CC(N2C=CC=C2)=NO1,CN1CCCN2C1=NCCC2,BrC1=CC=C(C(F)(F)F)C=C1,37.41,Cc1ccc(Nc2ccc(C(F)(F)F)cc2)cc1
MTBD,CC(C)C(C=C(C(C)C)C=C1C(C)C)=C1C2=C(P([C@@]3(C[C@@H]4C5)C[C@H](C4)C[C@H]5C3)[C@]6(C7)C[C@@H](C[C@@H]7C8)C[C@@H]8C6)C(OC)=CC=C2OC,CC1=CC(N2C=CC=C2)=NO1,CN1CCCN2C1=NCCC2,IC1=CC=C(C(F)(F)F)C=C1,43.03,Cc1ccc(Nc2ccc(C(F)(F)F)cc2)cc1
MTBD,CC(C)C(C=C(C(C)C)C=C1C(C)C)=C1C2=C(P([C@@]3(C[C@@H]4C5)C[C@H](C4)C[C@H]5C3)[C@]6(C7)C[C@@H](C[C@@H]7C8)C[C@@H]8C6)C(OC)=CC=C2OC,CC1=CC(N2C=CC=C2)=NO1,CN1CCCN2C1=NCCC2,ClC1=CC=C(OC)C=C1,1.13,COc1ccc(Nc2ccc(C)cc2)cc1
MTBD,CC(C)C(C=C(C(C)C)C=C1C(C)C)=C1C2=C(P([C@@]3(C[C@@H]4C5)C[C@H](C4)C[C@H]5C3)[C@]6(C7)C[C@@H](C[C@@H]7C8)C[C@@H]8C6)C(OC)=CC=C2OC,CC1=CC(N2C=CC=C2)=NO1,CN1CCCN2C1=NCCC2,BrC1=CC=C(OC)C=C1,43.84,COc1ccc(Nc2ccc(C)cc2)cc1
MTBD,CC(C)C(C=C(C(C)C)C=C1C(C)C)=C1C2=C(P([C@@]3(C[C@@H]4C5)C[C@H](C4)C[C@H]5C3)[C@]6(C7)C[C@@H](C[C@@H]7C8)C[C@@H]8C6)C(OC)=CC=C2OC,CC1=CC(N2C=CC=C2)=NO1,CN1CCCN2C1=NCCC2,IC1=CC=C(OC)C=C1,48.45,COc1ccc(Nc2ccc(C)cc2)cc1
MTBD,CC(C)C(C=C(C(C)C)C=C1C(C)C)=C1C2=C(P([C@@]3(C[C@@H]4C5)C[C@H](C4)C[C@H]5C3)[C@]6(C7)C[C@@H](C[C@@H]7C8)C[C@@H]8C6)C(OC)=CC=C2OC,CC1=CC(N2C=CC=C2)=NO1,CN1CCCN2C1=NCCC2,ClC1=CC=C(CC)C=C1,1.34,CCc1ccc(Nc2ccc(C)cc2)cc1
MTBD,CC(C)C(C=C(C(C)C)C=C1C(C)C)=C1C2=C(P([C@@]3(C[C@@H]4C5)C[C@H](C4)C[C@H]5C3)[C@]6(C7)C[C@@H](C[C@@H]7C8)C[C@@H]8C6)C(OC)=CC=C2OC,CC1=CC(N2C=CC=C2)=NO1,CN1CCCN2C1=NCCC2,BrC1=CC=C(CC)C=C1,69.85,CCc1ccc(Nc2ccc(C)cc2)cc1
MTBD,CC(C)C(C=C(C(C)C)C=C1C(C)C)=C1C2=C(P([C@@]3(C[C@@H]4C5)C[C@H](C4)C[C@H]5C3)[C@]6(C7)C[C@@H](C[C@@H]7C8)C[C@@H]8C6)C(OC)=CC=C2OC,CC1=CC(N2C=CC=C2)=NO1,CN1CCCN2C1=NCCC2,IC1=CC=C(CC)C=C1,74.9,CCc1ccc(Nc2ccc(C)cc2)cc1
MTBD,CC(C)C(C=C(C(C)C)C=C1C(C)C)=C1C2=C(P([C@@]3(C[C@@H]4C5)C[C@H](C4)C[C@H]5C3)[C@]6(C7)C[C@@H](C[C@@H]7C8)C[C@@H]8C6)C(OC)=CC=C2OC,CC1=CC(N2C=CC=C2)=NO1,CN1CCCN2C1=NCCC2,ClC1=NC=CC=C1,78.41,Cc1ccc(Nc2ccccn2)cc1
MTBD,CC(C)C(C=C(C(C)C)C=C1C(C)C)=C1C2=C(P([C@@]3(C[C@@H]4C5)C[C@H](C4)C[C@H]5C3)[C@]6(C7)C[C@@H](C[C@@H]7C8)C[C@@H]8C6)C(OC)=CC=C2OC,CC1=CC(N2C=CC=C2)=NO1,CN1CCCN2C1=NCCC2,BrC1=NC=CC=C1,80.77,Cc1ccc(Nc2ccccn2)cc1
MTBD,CC(C)C(C=C(C(C)C)C=C1C(C)C)=C1C2=C(P([C@@]3(C[C@@H]4C5)C[C@H](C4)C[C@H]5C3)[C@]6(C7)C[C@@H](C[C@@H]7C8)C[C@@H]8C6)C(OC)=CC=C2OC,CC1=CC(N2C=CC=C2)=NO1,CN1CCCN2C1=NCCC2,IC1=NC=CC=C1,84.7,Cc1ccc(Nc2ccccn2)cc1
MTBD,CC(C)C(C=C(C(C)C)C=C1C(C)C)=C1C2=C(P([C@@]3(C[C@@H]4C5)C[C@H](C4)C[C@H]5C3)[C@]6(C7)C[C@@H](C[C@@H]7C8)C[C@@H]8C6)C(OC)=CC=C2OC,CC1=CC(N2C=CC=C2)=NO1,CN1CCCN2C1=NCCC2,ClC1=CN=CC=C1,9.54,Cc1ccc(Nc2cccnc2)cc1
MTBD,CC(C)C(C=C(C(C)C)C=C1C(C)C)=C1C2=C(P([C@@]3(C[C@@H]4C5)C[C@H](C4)C[C@H]5C3)[C@]6(C7)C[C@@H](C[C@@H]7C8)C[C@@H]8C6)C(OC)=CC=C2OC,CC1=CC(N2C=CC=C2)=NO1,CN1CCCN2C1=NCCC2,BrC1=CN=CC=C1,61.67,Cc1ccc(Nc2cccnc2)cc1
MTBD,CC(C)C(C=C(C(C)C)C=C1C(C)C)=C1C2=C(P([C@@]3(C[C@@H]4C5)C[C@H](C4)C[C@H]5C3)[C@]6(C7)C[C@@H](C[C@@H]7C8)C[C@@H]8C6)C(OC)=CC=C2OC,CC1=CC(N2C=CC=C2)=NO1,CN1CCCN2C1=NCCC2,IC1=CN=CC=C1,74.59,Cc1ccc(Nc2cccnc2)cc1
P2Et,CC(C)C(C=C(C(C)C)C=C1C(C)C)=C1C2=C(P([C@@]3(C[C@@H]4C5)C[C@H](C4)C[C@H]5C3)[C@]6(C7)C[C@@H](C[C@@H]7C8)C[C@@H]8C6)C(OC)=CC=C2OC,O=C(OC)C1=NOC(C2=CC=CS2)=C1,CN(C)P(N(C)C)(N(C)C)=NP(N(C)C)(N(C)C)=NCC,ClC1=CC=C(C(F)(F)F)C=C1,1.16,Cc1ccc(Nc2ccc(C(F)(F)F)cc2)cc1
P2Et,CC(C)C(C=C(C(C)C)C=C1C(C)C)=C1C2=C(P([C@@]3(C[C@@H]4C5)C[C@H](C4)C[C@H]5C3)[C@]6(C7)C[C@@H](C[C@@H]7C8)C[C@@H]8C6)C(OC)=CC=C2OC,O=C(OC)C1=NOC(C2=CC=CS2)=C1,CN(C)P(N(C)C)(N(C)C)=NP(N(C)C)(N(C)C)=NCC,BrC1=CC=C(C(F)(F)F)C=C1,19.78,Cc1ccc(Nc2ccc(C(F)(F)F)cc2)cc1
P2Et,CC(C)C(C=C(C(C)C)C=C1C(C)C)=C1C2=C(P([C@@]3(C[C@@H]4C5)C[C@H](C4)C[C@H]5C3)[C@]6(C7)C[C@@H](C[C@@H]7C8)C[C@@H]8C6)C(OC)=CC=C2OC,O=C(OC)C1=NOC(C2=CC=CS2)=C1,CN(C)P(N(C)C)(N(C)C)=NP(N(C)C)(N(C)C)=NCC,IC1=CC=C(C(F)(F)F)C=C1,27.26,Cc1ccc(Nc2ccc(C(F)(F)F)cc2)cc1
P2Et,CC(C)C(C=C(C(C)C)C=C1C(C)C)=C1C2=C(P([C@@]3(C[C@@H]4C5)C[C@H](C4)C[C@H]5C3)[C@]6(C7)C[C@@H](C[C@@H]7C8)C[C@@H]8C6)C(OC)=CC=C2OC,O=C(OC)C1=NOC(C2=CC=CS2)=C1,CN(C)P(N(C)C)(N(C)C)=NP(N(C)C)(N(C)C)=NCC,ClC1=CC=C(OC)C=C1,0.0,COc1ccc(Nc2ccc(C)cc2)cc1
P2Et,CC(C)C(C=C(C(C)C)C=C1C(C)C)=C1C2=C(P([C@@]3(C[C@@H]4C5)C[C@H](C4)C[C@H]5C3)[C@]6(C7)C[C@@H](C[C@@H]7C8)C[C@@H]8C6)C(OC)=CC=C2OC,O=C(OC)C1=NOC(C2=CC=CS2)=C1,CN(C)P(N(C)C)(N(C)C)=NP(N(C)C)(N(C)C)=NCC,BrC1=CC=C(OC)C=C1,27.62,COc1ccc(Nc2ccc(C)cc2)cc1
P2Et,CC(C)C(C=C(C(C)C)C=C1C(C)C)=C1C2=C(P([C@@]3(C[C@@H]4C5)C[C@H](C4)C[C@H]5C3)[C@]6(C7)C[C@@H](C[C@@H]7C8)C[C@@H]8C6)C(OC)=CC=C2OC,O=C(OC)C1=NOC(C2=CC=CS2)=C1,CN(C)P(N(C)C)(N(C)C)=NP(N(C)C)(N(C)C)=NCC,IC1=CC=C(OC)C=C1,44.94,COc1ccc(Nc2ccc(C)cc2)cc1
P2Et,CC(C)C(C=C(C(C)C)C=C1C(C)C)=C1C2=C(P([C@@]3(C[C@@H]4C5)C[C@H](C4)C[C@H]5C3)[C@]6(C7)C[C@@H](C[C@@H]7C8)C[C@@H]8C6)C(OC)=CC=C2OC,O=C(OC)C1=NOC(C2=CC=CS2)=C1,CN(C)P(N(C)C)(N(C)C)=NP(N(C)C)(N(C)C)=NCC,ClC1=CC=C(CC)C=C1,0.0,CCc1ccc(Nc2ccc(C)cc2)cc1
P2Et,CC(C)C(C=C(C(C)C)C=C1C(C)C)=C1C2=C(P([C@@]3(C[C@@H]4C5)C[C@H](C4)C[C@H]5C3)[C@]6(C7)C[C@@H](C[C@@H]7C8)C[C@@H]8C6)C(OC)=CC=C2OC,O=C(OC)C1=NOC(C2=CC=CS2)=C1,CN(C)P(N(C)C)(N(C)C)=NP(N(C)C)(N(C)C)=NCC,BrC1=CC=C(CC)C=C1,49.88,CCc1ccc(Nc2ccc(C)cc2)cc1
P2Et,CC(C)C(C=C(C(C)C)C=C1C(C)C)=C1C2=C(P([C@@]3(C[C@@H]4C5)C[C@H](C4)C[C@H]5C3)[C@]6(C7)C[C@@H](C[C@@H]7C8)C[C@@H]8C6)C(OC)=CC=C2OC,O=C(OC)C1=NOC(C2=CC=CS2)=C1,CN(C)P(N(C)C)(N(C)C)=NP(N(C)C)(N(C)C)=NCC,IC1=CC=C(CC)C=C1,61.84,CCc1ccc(Nc2ccc(C)cc2)cc1
P2Et,CC(C)C(C=C(C(C)C)C=C1C(C)C)=C1C2=C(P([C@@]3(C[C@@H]4C5)C[C@H](C4)C[C@H]5C3)[C@]6(C7)C[C@@H](C[C@@H]7C8)C[C@@H]8C6)C(OC)=CC=C2OC,O=C(OC)C1=NOC(C2=CC=CS2)=C1,CN(C)P(N(C)C)(N(C)C)=NP(N(C)C)(N(C)C)=NCC,ClC1=NC=CC=C1,54.7,Cc1ccc(Nc2ccccn2)cc1
P2Et,CC(C)C(C=C(C(C)C)C=C1C(C)C)=C1C2=C(P([C@@]3(C[C@@H]4C5)C[C@H](C4)C[C@H]5C3)[C@]6(C7)C[C@@H](C[C@@H]7C8)C[C@@H]8C6)C(OC)=CC=C2OC,O=C(OC)C1=NOC(C2=CC=CS2)=C1,CN(C)P(N(C)C)(N(C)C)=NP(N(C)C)(N(C)C)=NCC,BrC1=NC=CC=C1,66.43,Cc1ccc(Nc2ccccn2)cc1
P2Et,CC(C)C(C=C(C(C)C)C=C1C(C)C)=C1C2=C(P([C@@]3(C[C@@H]4C5)C[C@H](C4)C[C@H]5C3)[C@]6(C7)C[C@@H](C[C@@H]7C8)C[C@@H]8C6)C(OC)=CC=C2OC,O=C(OC)C1=NOC(C2=CC=CS2)=C1,CN(C)P(N(C)C)(N(C)C)=NP(N(C)C)(N(C)C)=NCC,IC1=NC=CC=C1,66.05,Cc1ccc(Nc2ccccn2)cc1
P2Et,CC(C)C(C=C(C(C)C)C=C1C(C)C)=C1C2=C(P([C@@]3(C[C@@H]4C5)C[C@H](C4)C[C@H]5C3)[C@]6(C7)C[C@@H](C[C@@H]7C8)C[C@@H]8C6)C(OC)=CC=C2OC,O=C(OC)C1=NOC(C2=CC=CS2)=C1,CN(C)P(N(C)C)(N(C)C)=NP(N(C)C)(N(C)C)=NCC,ClC1=CN=CC=C1,0.9,Cc1ccc(Nc2cccnc2)cc1
P2Et,CC(C)C(C=C(C(C)C)C=C1C(C)C)=C1C2=C(P([C@@]3(C[C@@H]4C5)C[C@H](C4)C[C@H]5C3)[C@]6(C7)C[C@@H](C[C@@H]7C8)C[C@@H]8C6)C(OC)=CC=C2OC,O=C(OC)C1=NOC(C2=CC=CS2)=C1,CN(C)P(N(C)C)(N(C)C)=NP(N(C)C)(N(C)C)=NCC,BrC1=CN=CC=C1,41.91,Cc1ccc(Nc2cccnc2)cc1
P2Et,CC(C)C(C=C(C(C)C)C=C1C(C)C)=C1C2=C(P([C@@]3(C[C@@H]4C5)C[C@H](C4)C[C@H]5C3)[C@]6(C7)C[C@@H](C[C@@H]7C8)C[C@@H]8C6)C(OC)=CC=C2OC,O=C(OC)C1=NOC(C2=CC=CS2)=C1,CN(C)P(N(C)C)(N(C)C)=NP(N(C)C)(N(C)C)=NCC,IC1=CN=CC=C1,45.77,Cc1ccc(Nc2cccnc2)cc1
BTMG,CC(C)C(C=C(C(C)C)C=C1C(C)C)=C1C2=C(P([C@@]3(C[C@@H]4C5)C[C@H](C4)C[C@H]5C3)[C@]6(C7)C[C@@H](C[C@@H]7C8)C[C@@H]8C6)C(OC)=CC=C2OC,O=C(OC)C1=NOC(C2=CC=CS2)=C1,CC(C)(C)/N=C(N(C)C)/N(C)C,ClC1=CC=C(C(F)(F)F)C=C1,2.75,Cc1ccc(Nc2ccc(C(F)(F)F)cc2)cc1
BTMG,CC(C)C(C=C(C(C)C)C=C1C(C)C)=C1C2=C(P([C@@]3(C[C@@H]4C5)C[C@H](C4)C[C@H]5C3)[C@]6(C7)C[C@@H](C[C@@H]7C8)C[C@@H]8C6)C(OC)=CC=C2OC,O=C(OC)C1=NOC(C2=CC=CS2)=C1,CC(C)(C)/N=C(N(C)C)/N(C)C,BrC1=CC=C(C(F)(F)F)C=C1,28.74,Cc1ccc(Nc2ccc(C(F)(F)F)cc2)cc1
BTMG,CC(C)C(C=C(C(C)C)C=C1C(C)C)=C1C2=C(P([C@@]3(C[C@@H]4C5)C[C@H](C4)C[C@H]5C3)[C@]6(C7)C[C@@H](C[C@@H]7C8)C[C@@H]8C6)C(OC)=CC=C2OC,O=C(OC)C1=NOC(C2=CC=CS2)=C1,CC(C)(C)/N=C(N(C)C)/N(C)C,IC1=CC=C(C(F)(F)F)C=C1,33.74,Cc1ccc(Nc2ccc(C(F)(F)F)cc2)cc1
BTMG,CC(C)C(C=C(C(C)C)C=C1C(C)C)=C1C2=C(P([C@@]3(C[C@@H]4C5)C[C@H](C4)C[C@H]5C3)[C@]6(C7)C[C@@H](C[C@@H]7C8)C[C@@H]8C6)C(OC)=CC=C2OC,O=C(OC)C1=NOC(C2=CC=CS2)=C1,CC(C)(C)/N=C(N(C)C)/N(C)C,ClC1=CC=C(OC)C=C1,0.0,COc1ccc(Nc2ccc(C)cc2)cc1
BTMG,CC(C)C(C=C(C(C)C)C=C1C(C)C)=C1C2=C(P([C@@]3(C[C@@H]4C5)C[C@H](C4)C[C@H]5C3)[C@]6(C7)C[C@@H](C[C@@H]7C8)C[C@@H]8C6)C(OC)=CC=C2OC,O=C(OC)C1=NOC(C2=CC=CS2)=C1,CC(C)(C)/N=C(N(C)C)/N(C)C,BrC1=CC=C(OC)C=C1,20.55,COc1ccc(Nc2ccc(C)cc2)cc1
BTMG,CC(C)C(C=C(C(C)C)C=C1C(C)C)=C1C2=C(P([C@@]3(C[C@@H]4C5)C[C@H](C4)C[C@H]5C3)[C@]6(C7)C[C@@H](C[C@@H]7C8)C[C@@H]8C6)C(OC)=CC=C2OC,O=C(OC)C1=NOC(C2=CC=CS2)=C1,CC(C)(C)/N=C(N(C)C)/N(C)C,IC1=CC=C(OC)C=C1,34.29,COc1ccc(Nc2ccc(C)cc2)cc1
BTMG,CC(C)C(C=C(C(C)C)C=C1C(C)C)=C1C2=C(P([C@@]3(C[C@@H]4C5)C[C@H](C4)C[C@H]5C3)[C@]6(C7)C[C@@H](C[C@@H]7C8)C[C@@H]8C6)C(OC)=CC=C2OC,O=C(OC)C1=NOC(C2=CC=CS2)=C1,CC(C)(C)/N=C(N(C)C)/N(C)C,ClC1=CC=C(CC)C=C1,0.53,CCc1ccc(Nc2ccc(C)cc2)cc1
BTMG,CC(C)C(C=C(C(C)C)C=C1C(C)C)=C1C2=C(P([C@@]3(C[C@@H]4C5)C[C@H](C4)C[C@H]5C3)[C@]6(C7)C[C@@H](C[C@@H]7C8)C[C@@H]8C6)C(OC)=CC=C2OC,O=C(OC)C1=NOC(C2=CC=CS2)=C1,CC(C)(C)/N=C(N(C)C)/N(C)C,BrC1=CC=C(CC)C=C1,35.2,CCc1ccc(Nc2ccc(C)cc2)cc1
BTMG,CC(C)C(C=C(C(C)C)C=C1C(C)C)=C1C2=C(P([C@@]3(C[C@@H]4C5)C[C@H](C4)C[C@H]5C3)[C@]6(C7)C[C@@H](C[C@@H]7C8)C[C@@H]8C6)C(OC)=CC=C2OC,O=C(OC)C1=NOC(C2=CC=CS2)=C1,CC(C)(C)/N=C(N(C)C)/N(C)C,IC1=CC=C(CC)C=C1,57.87,CCc1ccc(Nc2ccc(C)cc2)cc1
BTMG,CC(C)C(C=C(C(C)C)C=C1C(C)C)=C1C2=C(P([C@@]3(C[C@@H]4C5)C[C@H](C4)C[C@H]5C3)[C@]6(C7)C[C@@H](C[C@@H]7C8)C[C@@H]8C6)C(OC)=CC=C2OC,O=C(OC)C1=NOC(C2=CC=CS2)=C1,CC(C)(C)/N=C(N(C)C)/N(C)C,ClC1=NC=CC=C1,28.17,Cc1ccc(Nc2ccccn2)cc1
BTMG,CC(C)C(C=C(C(C)C)C=C1C(C)C)=C1C2=C(P([C@@]3(C[C@@H]4C5)C[C@H](C4)C[C@H]5C3)[C@]6(C7)C[C@@H](C[C@@H]7C8)C[C@@H]8C6)C(OC)=CC=C2OC,O=C(OC)C1=NOC(C2=CC=CS2)=C1,CC(C)(C)/N=C(N(C)C)/N(C)C,BrC1=NC=CC=C1,42.19,Cc1ccc(Nc2ccccn2)cc1
BTMG,CC(C)C(C=C(C(C)C)C=C1C(C)C)=C1C2=C(P([C@@]3(C[C@@H]4C5)C[C@H](C4)C[C@H]5C3)[C@]6(C7)C[C@@H](C[C@@H]7C8)C[C@@H]8C6)C(OC)=CC=C2OC,O=C(OC)C1=NOC(C2=CC=CS2)=C1,CC(C)(C)/N=C(N(C)C)/N(C)C,IC1=NC=CC=C1,54.86,Cc1ccc(Nc2ccccn2)cc1
BTMG,CC(C)C(C=C(C(C)C)C=C1C(C)C)=C1C2=C(P([C@@]3(C[C@@H]4C5)C[C@H](C4)C[C@H]5C3)[C@]6(C7)C[C@@H](C[C@@H]7C8)C[C@@H]8C6)C(OC)=CC=C2OC,O=C(OC)C1=NOC(C2=CC=CS2)=C1,CC(C)(C)/N=C(N(C)C)/N(C)C,ClC1=CN=CC=C1,1.72,Cc1ccc(Nc2cccnc2)cc1
BTMG,CC(C)C(C=C(C(C)C)C=C1C(C)C)=C1C2=C(P([C@@]3(C[C@@H]4C5)C[C@H](C4)C[C@H]5C3)[C@]6(C7)C[C@@H](C[C@@H]7C8)C[C@@H]8C6)C(OC)=CC=C2OC,O=C(OC)C1=NOC(C2=CC=CS2)=C1,CC(C)(C)/N=C(N(C)C)/N(C)C,BrC1=CN=CC=C1,52.96,Cc1ccc(Nc2cccnc2)cc1
BTMG,CC(C)C(C=C(C(C)C)C=C1C(C)C)=C1C2=C(P([C@@]3(C[C@@H]4C5)C[C@H](C4)C[C@H]5C3)[C@]6(C7)C[C@@H](C[C@@H]7C8)C[C@@H]8C6)C(OC)=CC=C2OC,O=C(OC)C1=NOC(C2=CC=CS2)=C1,CC(C)(C)/N=C(N(C)C)/N(C)C,IC1=CN=CC=C1,55.26,Cc1ccc(Nc2cccnc2)cc1
MTBD,CC(C)C(C=C(C(C)C)C=C1C(C)C)=C1C2=C(P([C@@]3(C[C@@H]4C5)C[C@H](C4)C[C@H]5C3)[C@]6(C7)C[C@@H](C[C@@H]7C8)C[C@@H]8C6)C(OC)=CC=C2OC,O=C(OC)C1=NOC(C2=CC=CS2)=C1,CN1CCCN2C1=NCCC2,ClC1=CC=C(C(F)(F)F)C=C1,2.57,Cc1ccc(Nc2ccc(C(F)(F)F)cc2)cc1
MTBD,CC(C)C(C=C(C(C)C)C=C1C(C)C)=C1C2=C(P([C@@]3(C[C@@H]4C5)C[C@H](C4)C[C@H]5C3)[C@]6(C7)C[C@@H](C[C@@H]7C8)C[C@@H]8C6)C(OC)=CC=C2OC,O=C(OC)C1=NOC(C2=CC=CS2)=C1,CN1CCCN2C1=NCCC2,BrC1=CC=C(C(F)(F)F)C=C1,25.67,Cc1ccc(Nc2ccc(C(F)(F)F)cc2)cc1
MTBD,CC(C)C(C=C(C(C)C)C=C1C(C)C)=C1C2=C(P([C@@]3(C[C@@H]4C5)C[C@H](C4)C[C@H]5C3)[C@]6(C7)C[C@@H](C[C@@H]7C8)C[C@@H]8C6)C(OC)=CC=C2OC,O=C(OC)C1=NOC(C2=CC=CS2)=C1,CN1CCCN2C1=NCCC2,IC1=CC=C(C(F)(F)F)C=C1,40.24,Cc1ccc(Nc2ccc(C(F)(F)F)cc2)cc1
MTBD,CC(C)C(C=C(C(C)C)C=C1C(C)C)=C1C2=C(P([C@@]3(C[C@@H]4C5)C[C@H](C4)C[C@H]5C3)[C@]6(C7)C[C@@H](C[C@@H]7C8)C[C@@H]8C6)C(OC)=CC=C2OC,O=C(OC)C1=NOC(C2=CC=CS2)=C1,CN1CCCN2C1=NCCC2,ClC1=CC=C(OC)C=C1,0.0,COc1ccc(Nc2ccc(C)cc2)cc1
MTBD,CC(C)C(C=C(C(C)C)C=C1C(C)C)=C1C2=C(P([C@@]3(C[C@@H]4C5)C[C@H](C4)C[C@H]5C3)[C@]6(C7)C[C@@H](C[C@@H]7C8)C[C@@H]8C6)C(OC)=CC=C2OC,O=C(OC)C1=NOC(C2=CC=CS2)=C1,CN1CCCN2C1=NCCC2,BrC1=CC=C(OC)C=C1,20.85,COc1ccc(Nc2ccc(C)cc2)cc1
MTBD,CC(C)C(C=C(C(C)C)C=C1C(C)C)=C1C2=C(P([C@@]3(C[C@@H]4C5)C[C@H](C4)C[C@H]5C3)[C@]6(C7)C[C@@H](C[C@@H]7C8)C[C@@H]8C6)C(OC)=CC=C2OC,O=C(OC)C1=NOC(C2=CC=CS2)=C1,CN1CCCN2C1=NCCC2,IC1=CC=C(OC)C=C1,46.31,COc1ccc(Nc2ccc(C)cc2)cc1
MTBD,CC(C)C(C=C(C(C)C)C=C1C(C)C)=C1C2=C(P([C@@]3(C[C@@H]4C5)C[C@H](C4)C[C@H]5C3)[C@]6(C7)C[C@@H](C[C@@H]7C8)C[C@@H]8C6)C(OC)=CC=C2OC,O=C(OC)C1=NOC(C2=CC=CS2)=C1,CN1CCCN2C1=NCCC2,ClC1=CC=C(CC)C=C1,0.55,CCc1ccc(Nc2ccc(C)cc2)cc1
MTBD,CC(C)C(C=C(C(C)C)C=C1C(C)C)=C1C2=C(P([C@@]3(C[C@@H]4C5)C[C@H](C4)C[C@H]5C3)[C@]6(C7)C[C@@H](C[C@@H]7C8)C[C@@H]8C6)C(OC)=CC=C2OC,O=C(OC)C1=NOC(C2=CC=CS2)=C1,CN1CCCN2C1=NCCC2,BrC1=CC=C(CC)C=C1,32.71,CCc1ccc(Nc2ccc(C)cc2)cc1
MTBD,CC(C)C(C=C(C(C)C)C=C1C(C)C)=C1C2=C(P([C@@]3(C[C@@H]4C5)C[C@H](C4)C[C@H]5C3)[C@]6(C7)C[C@@H](C[C@@H]7C8)C[C@@H]8C6)C(OC)=CC=C2OC,O=C(OC)C1=NOC(C2=CC=CS2)=C1,CN1CCCN2C1=NCCC2,IC1=CC=C(CC)C=C1,69.62,CCc1ccc(Nc2ccc(C)cc2)cc1
MTBD,CC(C)C(C=C(C(C)C)C=C1C(C)C)=C1C2=C(P([C@@]3(C[C@@H]4C5)C[C@H](C4)C[C@H]5C3)[C@]6(C7)C[C@@H](C[C@@H]7C8)C[C@@H]8C6)C(OC)=CC=C2OC,O=C(OC)C1=NOC(C2=CC=CS2)=C1,CN1CCCN2C1=NCCC2,ClC1=NC=CC=C1,38.4,Cc1ccc(Nc2ccccn2)cc1
MTBD,CC(C)C(C=C(C(C)C)C=C1C(C)C)=C1C2=C(P([C@@]3(C[C@@H]4C5)C[C@H](C4)C[C@H]5C3)[C@]6(C7)C[C@@H](C[C@@H]7C8)C[C@@H]8C6)C(OC)=CC=C2OC,O=C(OC)C1=NOC(C2=CC=CS2)=C1,CN1CCCN2C1=NCCC2,BrC1=NC=CC=C1,57.43,Cc1ccc(Nc2ccccn2)cc1
MTBD,CC(C)C(C=C(C(C)C)C=C1C(C)C)=C1C2=C(P([C@@]3(C[C@@H]4C5)C[C@H](C4)C[C@H]5C3)[C@]6(C7)C[C@@H](C[C@@H]7C8)C[C@@H]8C6)C(OC)=CC=C2OC,O=C(OC)C1=NOC(C2=CC=CS2)=C1,CN1CCCN2C1=NCCC2,IC1=NC=CC=C1,86.23,Cc1ccc(Nc2ccccn2)cc1
MTBD,CC(C)C(C=C(C(C)C)C=C1C(C)C)=C1C2=C(P([C@@]3(C[C@@H]4C5)C[C@H](C4)C[C@H]5C3)[C@]6(C7)C[C@@H](C[C@@H]7C8)C[C@@H]8C6)C(OC)=CC=C2OC,O=C(OC)C1=NOC(C2=CC=CS2)=C1,CN1CCCN2C1=NCCC2,ClC1=CN=CC=C1,1.44,Cc1ccc(Nc2cccnc2)cc1
MTBD,CC(C)C(C=C(C(C)C)C=C1C(C)C)=C1C2=C(P([C@@]3(C[C@@H]4C5)C[C@H](C4)C[C@H]5C3)[C@]6(C7)C[C@@H](C[C@@H]7C8)C[C@@H]8C6)C(OC)=CC=C2OC,O=C(OC)C1=NOC(C2=CC=CS2)=C1,CN1CCCN2C1=NCCC2,BrC1=CN=CC=C1,43.54,Cc1ccc(Nc2cccnc2)cc1
MTBD,CC(C)C(C=C(C(C)C)C=C1C(C)C)=C1C2=C(P([C@@]3(C[C@@H]4C5)C[C@H](C4)C[C@H]5C3)[C@]6(C7)C[C@@H](C[C@@H]7C8)C[C@@H]8C6)C(OC)=CC=C2OC,O=C(OC)C1=NOC(C2=CC=CS2)=C1,CN1CCCN2C1=NCCC2,IC1=CN=CC=C1,69.8,Cc1ccc(Nc2cccnc2)cc1
